estimate_id,study_id,construct,measurement,sampling,denom,denom_fine,breadth,ground_truth,id_method,topic,platform,p,n,events,value_pct
0,2-s2.0-85184824168,CONTENT,CONTENT_CODING,topical/curated,narrow,topical,false,classifier,classifier,covid19,Twitter/X,0.361,3619091,1306492,36.1
1,2-s2.0-85184824168,CONTENT,CONTENT_CODING,topical/curated,narrow,topical,false,classifier,classifier,covid19,Twitter/X,0.194,4455227,864314,19.4
2,2-s2.0-85184824168,CONTENT,CONTENT_CODING,topical/curated,narrow,topical,false,classifier,classifier,covid19,Twitter/X,0.261,1162016,303286,26.1
3,2-s2.0-84883291462,CONTENT,CONTENT_CODING,topical/curated,narrow,curated_sample,false,researcher_coding,researcher_claim,health_other,web_cross_platform,0.245,157,38,24.5
4,2-s2.0-85136023139,REACH,BEHAVIOURAL,representative,whole_diet,population,NA,classifier,classifier,politics_elections,Twitter/X,0.076,7324,557,7.6
5,2-s2.0-85107390682,CONTENT,CONTENT_CODING,topical/curated,narrow,topical,misleading,researcher_coding,researcher_claim,health_other,Facebook,0.05,523,26,5.0
6,2-s2.0-85191403735,CONTENT,CONTENT_CODING,topical/curated,narrow,topical,misleading,researcher_coding,researcher_claim,health_other,Instagram,0.682,500,341,68.2
7,2-s2.0-85159871316,CONTENT,CONTENT_CODING,topical/curated,narrow,topical,misleading,researcher_coding,researcher_claim,covid19,TikTok,0.28,166,46,28.0
8,2-s2.0-85173913530,CONTENT,CONTENT_CODING,topical/curated,narrow,topical,misleading,researcher_coding,researcher_claim,health_other,YouTube,0.236,144,34,23.6
9,2-s2.0-85159889148,CONTENT,CONTENT_CODING,topical/curated,narrow,curated_sample,misleading,researcher_coding,researcher_claim,health_other,YouTube,0.88,50,44,88.0
10,2-s2.0-85159889148,CONTENT,CONTENT_CODING,topical/curated,narrow,curated_sample,false,researcher_coding,researcher_claim,health_other,TikTok,1.0,50,50,100.0
11,2-s2.0-85135254144,CONTENT,CONTENT_CODING,topical/curated,narrow,topical,misleading,researcher_coding,researcher_claim,vaccines,Twitter/X,0.24,3876,930,24.0
13,2-s2.0-85054363956,CONTENT,CONTENT_CODING,representative,narrow,single_source,false,researcher_coding,researcher_claim,health_other,other,0.162,74,12,16.2
14,2-s2.0-85054363956,CONTENT,CONTENT_CODING,representative,narrow,single_source,false,researcher_coding,researcher_claim,health_other,other,0.063,337,21,6.3
15,2-s2.0-85099149423,CONTENT,CONTENT_CODING,topical/curated,narrow,curated_sample,misleading,researcher_coding,researcher_claim,covid19,multi_platform,0.135,97,13,13.5
16,2-s2.0-85163186108,SHARING,BEHAVIOURAL,topical/curated,whole_diet,political_news,false,fact_checker,factcheck_claim,politics_elections,WhatsApp,0.13,1600000,208000,13.0
17,2-s2.0-85191357340,CONTENT,CONTENT_CODING,topical/curated,narrow,curated_sample,false,researcher_coding,researcher_claim,health_other,multi_platform,0.102,118,12,10.2
18,2-s2.0-85195375481,CONTENT,CONTENT_CODING,topical/curated,narrow,curated_sample,false,researcher_coding,researcher_claim,vaccines,Facebook,0.41,138,57,41.0
19,2-s2.0-85169326292,RECALL,SELF_REPORT,survey,whole_diet,population,false,self_report,self_report,politics_elections,multi_platform,0.14,2001,280,14.0
21,2-s2.0-85143274147,RECALL,SELF_REPORT,topical/curated,whole_diet,population,false,self_report,self_report,covid19,multi_platform,0.912,295,269,91.2
22,2-s2.0-85143274147,RECALL,SELF_REPORT,topical/curated,whole_diet,population,NA,self_report,self_report,covid19,multi_platform,0.363,295,107,36.3
23,2-s2.0-85096102360,RECALL,SELF_REPORT,survey,whole_diet,population,false,self_report,self_report,covid19,other,0.6778,1049,711,67.78
24,2-s2.0-85145425628,CONTENT,CONTENT_CODING,topical/curated,narrow,topical,false,classifier,classifier,health_other,Reddit,0.0047,764179,3592,0.47
25,2-s2.0-85145425628,CONTENT,CONTENT_CODING,representative,narrow,topical,false,researcher_coding,researcher_claim,health_other,Reddit,0.04,2000,80,4.0
28,2-s2.0-85083041268,CONTENT,CONTENT_CODING,topical/curated,narrow,curated_sample,false,researcher_coding,researcher_claim,health_other,YouTube,0.868,159,138,86.8
29,2-s2.0-85095594211,CONTENT,CONTENT_CODING,topical/curated,narrow,topical,misleading,researcher_coding,researcher_claim,covid19,Facebook,0.2,30,6,20.0
30,2-s2.0-85095594211,SHARING,BEHAVIOURAL,topical/curated,narrow,topical,misleading,researcher_coding,researcher_claim,covid19,Facebook,0.36,4904160,1765498,36.0
31,2-s2.0-85190817518,CONTENT,CONTENT_CODING,topical/curated,narrow,topical,misleading,researcher_coding,researcher_claim,health_other,Reddit,0.36,411,148,36.0
32,2-s2.0-85086031086,RECALL,SELF_REPORT,survey,whole_diet,population,fabricated,self_report,self_report,general_news,Facebook,0.2594,1615,419,25.94
33,2-s2.0-85086031086,RECALL,SELF_REPORT,survey,whole_diet,population,fabricated,self_report,self_report,general_news,WhatsApp,0.2867,1615,463,28.67
34,2-s2.0-85086031086,RECALL,SELF_REPORT,survey,whole_diet,population,fabricated,self_report,self_report,general_news,Facebook,0.1319,1615,213,13.19
35,2-s2.0-85086031086,RECALL,SELF_REPORT,survey,whole_diet,population,fabricated,self_report,self_report,general_news,WhatsApp,0.1436,1615,232,14.36
36,2-s2.0-105032691304,CONTENT,CONTENT_CODING,topical/curated,narrow,topical,false,researcher_coding,researcher_claim,health_other,Instagram,0.233,103,24,23.3
37,2-s2.0-105031357857,CONTENT,CONTENT_CODING,topical/curated,narrow,curated_sample,false,researcher_coding,researcher_claim,health_other,TikTok,0.333,177,59,33.3
38,2-s2.0-105031357857,CONTENT,CONTENT_CODING,topical/curated,narrow,curated_sample,misleading,researcher_coding,researcher_claim,health_other,TikTok,0.181,177,32,18.1
39,2-s2.0-85124307830,RECALL,SELF_REPORT,survey,whole_diet,population,false,self_report,self_report,covid19,Facebook,0.842,18407,15499,84.2
40,2-s2.0-85124307830,RECALL,SELF_REPORT,survey,whole_diet,population,false,self_report,self_report,covid19,Facebook,0.771,18407,14192,77.1
41,2-s2.0-85124307830,RECALL,SELF_REPORT,survey,whole_diet,population,false,self_report,self_report,covid19,Facebook,0.607,18407,11173,60.7
42,2-s2.0-85124307830,RECALL,SELF_REPORT,survey,whole_diet,population,false,self_report,self_report,covid19,Facebook,0.576,18407,10602,57.6
43,2-s2.0-85124307830,RECALL,SELF_REPORT,survey,whole_diet,population,false,self_report,self_report,covid19,Facebook,0.557,18407,10253,55.7
44,2-s2.0-85124307830,RECALL,SELF_REPORT,survey,whole_diet,population,false,self_report,self_report,covid19,Facebook,0.274,18407,5044,27.4
45,2-s2.0-85083965254,CONTENT,CONTENT_CODING,representative,narrow,single_source,false,researcher_coding,researcher_claim,health_other,Facebook,0.28,500,140,28.0
46,2-s2.0-86000670842,CONTENT,CONTENT_CODING,topical/curated,narrow,topical,false,researcher_coding,researcher_claim,health_other,TikTok,0.19,250,48,19.0
47,2-s2.0-86000670842,CONTENT,CONTENT_CODING,topical/curated,narrow,topical,misleading,researcher_coding,researcher_claim,health_other,TikTok,0.55,250,138,55.0
48,2-s2.0-86000670842,CONTENT,CONTENT_CODING,topical/curated,narrow,topical,misleading,researcher_coding,researcher_claim,health_other,TikTok,0.75,250,188,75.0
49,2-s2.0-85197949220,CONTENT,CONTENT_CODING,topical/curated,narrow,topical,false,researcher_coding,researcher_claim,covid19,Twitter/X,0.299,11436,3419,29.9
50,2-s2.0-85197949220,CONTENT,CONTENT_CODING,topical/curated,narrow,topical,false,researcher_coding,researcher_claim,covid19,Twitter/X,0.451,5982,2698,45.1
51,2-s2.0-85167574647,CONTENT,CONTENT_CODING,topical/curated,narrow,curated_sample,misleading,researcher_coding,researcher_claim,health_other,YouTube,0.06,100,6,6.0
52,2-s2.0-85145956359,REACH,BEHAVIOURAL,representative,whole_diet,population,NA,domain_list,domain_list,politics_elections,Twitter/X,0.7,1496,1047,70.0
54,2-s2.0-85046831961,CONTENT,CONTENT_CODING,topical/curated,narrow,curated_sample,misleading,researcher_coding,researcher_claim,health_other,multi_platform,0.4,80,32,40.0
55,2-s2.0-85118260096,RECALL,SELF_REPORT,survey,whole_diet,population,false,self_report,self_report,covid19,multi_platform,0.19,1501,285,19.0
56,2-s2.0-85118260096,RECALL,SELF_REPORT,survey,whole_diet,population,false,self_report,self_report,covid19,multi_platform,0.17,1501,255,17.0
57,2-s2.0-105007777349,CONTENT,CONTENT_CODING,topical/curated,narrow,curated_sample,false,researcher_coding,researcher_claim,health_other,web_cross_platform,0.603,320,193,60.3
58,2-s2.0-85203845655,CONTENT,CONTENT_CODING,topical/curated,narrow,topical,false,researcher_coding,researcher_claim,science_other,web_cross_platform,0.051,78,4,5.1
59,2-s2.0-85125507154,CONTENT,CONTENT_CODING,topical/curated,narrow,curated_sample,misleading,researcher_coding,researcher_claim,health_other,TikTok,0.52,100,52,52.0
60,2-s2.0-85074596916,SHARING,BEHAVIOURAL,topical/curated,whole_diet,political_news,NA,researcher_coding,domain_list,politics_elections,Twitter/X,0.182,2792760,508282,18.2
61,2-s2.0-85074596916,SHARING,BEHAVIOURAL,topical/curated,whole_diet,political_news,NA,researcher_coding,domain_list,politics_elections,Twitter/X,0.182,116380,21181,18.2
62,2-s2.0-85134426953,CONTENT,CONTENT_CODING,topical/curated,narrow,topical,false,researcher_coding,researcher_claim,health_other,multi_platform,0.325,200,65,32.5
63,2-s2.0-85134426953,CONTENT,CONTENT_CODING,topical/curated,narrow,topical,NA,researcher_coding,researcher_claim,health_other,multi_platform,0.305,200,61,30.5
64,2-s2.0-85121971415,CONTENT,CONTENT_CODING,topical/curated,narrow,topical,false,classifier,classifier,health_other,Twitter/X,0.009,6365245,57287,0.9
65,2-s2.0-85121971415,CONTENT,CONTENT_CODING,topical/curated,narrow,topical,false,classifier,classifier,health_other,Reddit,0.004,13488968,53956,0.4
66,2-s2.0-85121971415,CONTENT,CONTENT_CODING,topical/curated,narrow,topical,false,classifier,classifier,health_other,YouTube,0.0058,99386,576,0.58
67,2-s2.0-85065015834,CONTENT,CONTENT_CODING,topical/curated,narrow,topical,false,researcher_coding,researcher_claim,health_other,YouTube,0.17,102,17,17.0
68,2-s2.0-85131270595,CONTENT,CONTENT_CODING,topical/curated,narrow,topical,false,classifier,classifier,covid19,other,0.032,1298054,41538,3.2
69,2-s2.0-85131270595,CONTENT,CONTENT_CODING,topical/curated,narrow,topical,false,researcher_coding,researcher_claim,covid19,other,0.001,1298054,1298,0.1
71,2-s2.0-78649725192,CONTENT,CONTENT_CODING,topical/curated,narrow,topical,false,researcher_coding,researcher_claim,health_other,Twitter/X,0.045,5395,243,4.5
72,2-s2.0-85086906408,CONTENT,CONTENT_CODING,topical/curated,narrow,topical,false,researcher_coding,researcher_claim,health_other,YouTube,0.28,92,26,28.0
73,2-s2.0-85128118104,RECALL,SELF_REPORT,survey,whole_diet,population,false,self_report,self_report,health_other,survey,0.836,3090,2583,83.6
74,2-s2.0-85200952814,CONTENT,CONTENT_CODING,topical/curated,narrow,topical,false,researcher_coding,researcher_claim,health_other,TikTok,0.347,144,50,34.7
75,2-s2.0-85145404443,CONTENT,CONTENT_CODING,topical/curated,narrow,topical,misleading,researcher_coding,researcher_claim,covid19,Twitter/X,0.018,7306,132,1.8
76,2-s2.0-85141666446,CONTENT,CONTENT_CODING,topical/curated,narrow,topical,false,researcher_coding,researcher_claim,covid19,multi_platform,0.02,500,10,2.0
77,2-s2.0-85129109345,CONTENT,CONTENT_CODING,topical/curated,narrow,curated_sample,misleading,researcher_coding,researcher_claim,covid19,YouTube,0.805,77,62,80.5
78,2-s2.0-105014807194,CONTENT,CONTENT_CODING,topical/curated,narrow,topical,false,researcher_coding,researcher_claim,health_other,TikTok,0.44,55,24,44.0
79,2-s2.0-85085201199,CONTENT,CONTENT_CODING,topical/curated,narrow,curated_sample,false,researcher_coding,researcher_claim,covid19,YouTube,0.275,69,19,27.5
80,2-s2.0-85085201199,CONTENT,CONTENT_CODING,topical/curated,narrow,curated_sample,false,researcher_coding,researcher_claim,covid19,YouTube,0.241,257804146,62130799,24.1
81,2-s2.0-85146384927,CONTENT,CONTENT_CODING,topical/curated,narrow,topical,false,researcher_coding,researcher_claim,health_other,TikTok,0.101,168,17,10.1
82,2-s2.0-85076877757,CONTENT,CONTENT_CODING,topical/curated,whole_diet,political_news,false,researcher_coding,researcher_claim,politics_elections,WhatsApp,0.6,472,283,60.0
83,2-s2.0-85076877757,CONTENT,CONTENT_CODING,topical/curated,whole_diet,political_news,false,researcher_coding,researcher_claim,politics_elections,WhatsApp,0.388,472,183,38.8
84,2-s2.0-105028851691,CONTENT,CONTENT_CODING,topical/curated,narrow,curated_sample,misleading,researcher_coding,researcher_claim,health_other,TikTok,0.89,98,87,89.0
85,2-s2.0-85217197547,CONTENT,CONTENT_CODING,topical/curated,narrow,topical,false,researcher_coding,researcher_claim,health_other,Instagram,0.887,71,63,88.7
86,2-s2.0-84964787366,CONTENT,CONTENT_CODING,topical/curated,narrow,topical,false,researcher_coding,researcher_claim,health_other,Twitter/X,0.02,332,7,2.0
87,2-s2.0-84964787366,CONTENT,CONTENT_CODING,topical/curated,narrow,topical,false,researcher_coding,researcher_claim,health_other,other,0.02,659,13,2.0
88,2-s2.0-85089627303,CONTENT,CONTENT_CODING,topical/curated,narrow,topical,misleading,researcher_coding,researcher_claim,health_other,multi_platform,0.44,52,23,44.0
89,2-s2.0-85148963619,CONTENT,CONTENT_CODING,topical/curated,narrow,topical,NA,domain_list,domain_list,covid19,Twitter/X,0.0131,294081599,3852469,1.31
92,2-s2.0-105032159703,CONTENT,CONTENT_CODING,topical/curated,narrow,topical,false,researcher_coding,researcher_claim,health_other,TikTok,0.36,100,36,36.0
93,2-s2.0-85168520853,CONTENT,CONTENT_CODING,topical/curated,narrow,single_source,misleading,researcher_coding,researcher_claim,health_other,Facebook,0.261,1534,400,26.1
94,2-s2.0-85089622030,SHARING,BEHAVIOURAL,topical/curated,narrow,topical,false,researcher_coding,researcher_claim,covid19,multi_platform,0.231,2102,486,23.1
95,2-s2.0-85140592237,CONTENT,CONTENT_CODING,topical/curated,narrow,curated_sample,misleading,researcher_coding,researcher_claim,health_other,YouTube,0.183,218,40,18.3
96,2-s2.0-85218245924,CONTENT,CONTENT_CODING,topical/curated,narrow,topical,false,researcher_coding,researcher_claim,health_other,TikTok,0.633,120,76,63.3
97,2-s2.0-85218245924,CONTENT,CONTENT_CODING,topical/curated,narrow,topical,false,researcher_coding,researcher_claim,health_other,TikTok,0.066,120,8,6.6
98,2-s2.0-85092013677,CONTENT,CONTENT_CODING,topical/curated,narrow,topical,misleading,researcher_coding,researcher_claim,health_other,YouTube,0.293,150,44,29.3
100,2-s2.0-85090430198,CONTENT,CONTENT_CODING,topical/curated,narrow,topical,misleading,researcher_coding,researcher_claim,covid19,TikTok,0.0066,300,2,0.66
101,W3035025978,CONTENT,CONTENT_CODING,topical/curated,narrow,topical,misleading,researcher_coding,researcher_claim,covid19,YouTube,0.1,240,24,10.0
102,W3011186656,CONTENT,CONTENT_CODING,topical/curated,narrow,topical,false,researcher_coding,researcher_claim,covid19,Twitter/X,0.248,673,167,24.8
103,W4407878374,CONTENT,CONTENT_CODING,topical/curated,narrow,topical,misleading,classifier,classifier,covid19,Twitter/X,0.0511,426262,21782,5.11
105,W4306964957,SHARING,BEHAVIOURAL,representative,whole_diet,political_news,false,fact_checker,factcheck_claim,politics_elections,Twitter/X,0.000104,4032907,419,0.01
106,W4306964957,SHARING,BEHAVIOURAL,representative,whole_diet,political_news,NA,domain_list,domain_list,politics_elections,Twitter/X,0.009595,4032907,38696,0.959
109,W4293124965,EXPOSURE,BEHAVIOURAL,representative,whole_diet,news_diet,NA,domain_list,domain_list,general_news,web_cross_platform,0.0336,300000,10080,3.36
110,W4293124965,EXPOSURE,BEHAVIOURAL,representative,whole_diet,news_diet,NA,domain_list,domain_list,general_news,web_cross_platform,0.001,55500,56,0.1
111,W4293124965,EXPOSURE,BEHAVIOURAL,representative,whole_diet,news_diet,NA,domain_list,domain_list,general_news,web_cross_platform,0.0443,23000,1019,4.43
112,W4293124965,EXPOSURE,BEHAVIOURAL,representative,whole_diet,news_diet,NA,domain_list,domain_list,general_news,web_cross_platform,0.0097,27000,262,0.97
113,W4293124965,SHARING,BEHAVIOURAL,representative,whole_diet,news_diet,NA,domain_list,domain_list,general_news,Facebook,0.1852,3592,665,18.52
114,W4293124965,SHARING,BEHAVIOURAL,representative,whole_diet,news_diet,NA,domain_list,domain_list,general_news,Facebook,0.0244,3592,88,2.44
115,W4293124965,SHARING,BEHAVIOURAL,representative,whole_diet,news_diet,NA,domain_list,domain_list,general_news,Facebook,0.23,3592,826,23.0
116,W4293124965,SHARING,BEHAVIOURAL,representative,whole_diet,news_diet,NA,domain_list,domain_list,general_news,Facebook,0.0852,3592,306,8.52
117,W4309243406,CONTENT,CONTENT_CODING,topical/curated,narrow,curated_sample,misleading,researcher_coding,researcher_claim,science_other,other,0.09,535,48,9.0
121,2-s2.0-85129781787,CONTENT,CONTENT_CODING,topical/curated,narrow,topical,misleading,researcher_coding,researcher_claim,covid19,other,0.4,314,126,40.0
122,2-s2.0-85109464429,CONTENT,CONTENT_CODING,topical/curated,narrow,topical,misleading,researcher_coding,researcher_claim,health_other,YouTube,0.326,242,79,32.6
123,W7165134935,CONTENT,CONTENT_CODING,topical/curated,narrow,topical,false,researcher_coding,researcher_claim,health_other,TikTok,0.06,971,58,6.0
124,W3189543626,CONTENT,CONTENT_CODING,topical/curated,narrow,curated_sample,fabricated,researcher_coding,researcher_claim,covid19,YouTube,0.017,118,2,1.7
125,W4385567160,CONTENT,CONTENT_CODING,topical/curated,narrow,single_source,misleading,classifier,classifier,covid19,Telegram,0.0824,821903,67725,8.24
126,W3138656580,CONTENT,CONTENT_CODING,topical/curated,narrow,topical,false,researcher_coding,researcher_claim,covid19,TikTok,0.31,100,31,31.0
127,W2901308345,CONTENT,CONTENT_CODING,representative,narrow,single_source,false,classifier,classifier,economy_finance,other,0.028,203545,5699,2.8
128,W2901308345,CONTENT,CONTENT_CODING,representative,narrow,single_source,false,classifier,classifier,economy_finance,other,0.027,147916,3994,2.7
129,W4416223891,CONTENT,CONTENT_CODING,topical/curated,narrow,topical,false,researcher_coding,researcher_claim,health_other,TikTok,0.32,121,39,32.0
130,W4205602257,SHARING,BEHAVIOURAL,representative,narrow,topical,NA,domain_list,domain_list,covid19,Twitter/X,0.011,7062989,77693,1.1
131,W4205602257,SHARING,BEHAVIOURAL,representative,narrow,topical,NA,domain_list,domain_list,covid19,Twitter/X,0.018,7062989,127134,1.8
132,W7163893383,CONTENT,CONTENT_CODING,topical/curated,narrow,topical,misleading,researcher_coding,researcher_claim,health_other,TikTok,0.395,258,102,39.5
133,W7146985142,EXPOSURE,BEHAVIOURAL,representative,whole_diet,news_diet,NA,domain_list,domain_list,general_news,web_cross_platform,0.0075,1212,9,0.75
134,W7146985142,EXPOSURE,BEHAVIOURAL,representative,whole_diet,news_diet,NA,domain_list,domain_list,general_news,web_cross_platform,0.0052,436,2,0.52
135,W7146985142,REACH,BEHAVIOURAL,representative,whole_diet,population,NA,domain_list,domain_list,general_news,web_cross_platform,0.17,1212,206,17.0
136,W7146985142,REACH,BEHAVIOURAL,representative,whole_diet,population,NA,domain_list,domain_list,general_news,web_cross_platform,0.08,436,35,8.0
137,2-s2.0-105027587881,CONTENT,CONTENT_CODING,topical/curated,narrow,topical,false,researcher_coding,researcher_claim,health_other,TikTok,0.31,100,31,31.0
138,2-s2.0-85085573221,RECALL,SELF_REPORT,topical/curated,whole_diet,population,false,self_report,self_report,covid19,survey,0.682,758,517,68.2
139,2-s2.0-105014632937,CONTENT,CONTENT_CODING,topical/curated,narrow,curated_sample,misleading,researcher_coding,researcher_claim,general_news,YouTube,0.38,200,76,38.0
140,2-s2.0-85212060458,CONTENT,CONTENT_CODING,topical/curated,narrow,topical,misleading,researcher_coding,researcher_claim,vaccines,Facebook,0.024,252,6,2.4
141,2-s2.0-85212060458,CONTENT,CONTENT_CODING,topical/curated,narrow,single_source,misleading,researcher_coding,researcher_claim,vaccines,Facebook,0.665,173,115,66.5
142,2-s2.0-85021701404,CONTENT,CONTENT_CODING,topical/curated,narrow,curated_sample,false,researcher_coding,researcher_claim,health_other,YouTube,0.26,52,14,26.0
143,2-s2.0-105027959122,REACH,BEHAVIOURAL,topical/curated,whole_diet,population,false,researcher_coding,researcher_claim,covid19,Instagram,0.074,1200,89,7.4
146,2-s2.0-85051037754,CONTENT,CONTENT_CODING,representative,narrow,single_source,false,researcher_coding,researcher_claim,health_other,other,0.1895,380,72,18.95
147,2-s2.0-85051037754,CONTENT,CONTENT_CODING,representative,narrow,single_source,false,researcher_coding,researcher_claim,health_other,other,0.04,1800,72,4.0
149,2-s2.0-85056331134,CONTENT,CONTENT_CODING,topical/curated,narrow,topical,misleading,researcher_coding,researcher_claim,health_other,YouTube,0.238,101,24,23.8
150,2-s2.0-85129092713,CONTENT,CONTENT_CODING,topical/curated,narrow,topical,false,researcher_coding,researcher_claim,covid19,Twitter/X,0.56,436,244,56.0
151,2-s2.0-85124823821,RECALL,SELF_REPORT,topical/curated,whole_diet,population,false,self_report,self_report,covid19,multi_platform,0.931,1127,1049,93.1
152,2-s2.0-85066941307,CONTENT,CONTENT_CODING,topical/curated,narrow,topical,false,researcher_coding,researcher_claim,war_geopolitics,Twitter/X,0.055,10000,550,5.5
153,2-s2.0-85194953420,CONTENT,CONTENT_CODING,topical/curated,narrow,curated_sample,false,researcher_coding,researcher_claim,health_other,TikTok,0.18,74,13,18.0
155,2-s2.0-105022108218,CONTENT,CONTENT_CODING,representative,narrow,topical,false,researcher_coding,researcher_claim,health_other,YouTube,0.872,117,102,87.2
156,2-s2.0-105022108218,CONTENT,CONTENT_CODING,representative,narrow,topical,false,researcher_coding,researcher_claim,health_other,YouTube,0.128,117,15,12.8
157,2-s2.0-85194880315,RECALL,SELF_REPORT,survey,whole_diet,population,false,self_report,self_report,general_news,multi_platform,0.51,1000,510,51.0
158,2-s2.0-85194880315,RECALL,SELF_REPORT,survey,whole_diet,population,false,self_report,self_report,general_news,multi_platform,0.23,1000,230,23.0
159,2-s2.0-85219054979,CONTENT,CONTENT_CODING,topical/curated,narrow,curated_sample,false,researcher_coding,researcher_claim,health_other,TikTok,0.34,50,17,34.0
160,2-s2.0-85219054979,CONTENT,CONTENT_CODING,topical/curated,narrow,curated_sample,false,researcher_coding,researcher_claim,health_other,YouTube,0.02,50,1,2.0
161,2-s2.0-85041175995,CONTENT,CONTENT_CODING,topical/curated,narrow,topical,false,researcher_coding,researcher_claim,health_other,other,0.1167,4969,580,11.67
162,2-s2.0-85127039075,CONTENT,CONTENT_CODING,topical/curated,narrow,curated_sample,false,researcher_coding,researcher_claim,covid19,YouTube,0.107,122,13,10.7
163,2-s2.0-85127039075,CONTENT,CONTENT_CODING,topical/curated,narrow,curated_sample,false,researcher_coding,researcher_claim,covid19,YouTube,0.11,122,13,11.0
164,2-s2.0-85092483799,CONTENT,CONTENT_CODING,topical/curated,narrow,topical,false,researcher_coding,researcher_claim,health_other,other,0.114,797,91,11.4
165,2-s2.0-85115631663,CONTENT,CONTENT_CODING,topical/curated,narrow,topical,misleading,fact_checker,factcheck_claim,covid19,Twitter/X,0.006,17463220,104779,0.6
166,2-s2.0-85099807131,CONTENT,CONTENT_CODING,topical/curated,narrow,topical,false,researcher_coding,researcher_claim,covid19,Twitter/X,0.844,1237999,1044871,84.4
167,2-s2.0-85065905229,CONTENT,CONTENT_CODING,topical/curated,narrow,curated_sample,misleading,researcher_coding,researcher_claim,health_other,other,0.3,50,15,30.0
168,2-s2.0-85175105353,REACH,BEHAVIOURAL,topical/curated,whole_diet,population,NA,domain_list,domain_list,war_geopolitics,Twitter/X,0.032,10020547,320658,3.2
169,2-s2.0-85089426034,CONTENT,CONTENT_CODING,topical/curated,narrow,curated_sample,misleading,researcher_coding,researcher_claim,covid19,YouTube,0.3714,105,39,37.14
170,2-s2.0-85173877860,CONTENT,CONTENT_CODING,topical/curated,narrow,topical,misleading,researcher_coding,researcher_claim,health_other,Twitter/X,0.585,780,456,58.5
171,2-s2.0-105039619015,REACH,BEHAVIOURAL,representative,whole_diet,population,NA,domain_list,domain_list,general_news,web_cross_platform,0.391,1238,484,39.1
172,2-s2.0-105018276467,RECALL,SELF_REPORT,topical/curated,whole_diet,population,fabricated,self_report,self_report,general_news,multi_platform,0.688,1850,1273,68.8
173,2-s2.0-105018276467,RECALL,SELF_REPORT,topical/curated,whole_diet,population,fabricated,self_report,self_report,general_news,multi_platform,0.071,1850,131,7.1
174,2-s2.0-85108101418,CONTENT,CONTENT_CODING,topical/curated,narrow,topical,misleading,researcher_coding,researcher_claim,health_other,YouTube,0.45,80,36,45.0
175,2-s2.0-85152674280,REACH,BEHAVIOURAL,representative,whole_diet,population,NA,domain_list,domain_list,general_news,web_cross_platform,0.262,1151,302,26.2
176,2-s2.0-85084031148,CONTENT,CONTENT_CODING,topical/curated,narrow,topical,misleading,researcher_coding,researcher_claim,health_other,YouTube,0.48,100,48,48.0
177,2-s2.0-105012722892,CONTENT,CONTENT_CODING,topical/curated,narrow,topical,misleading,researcher_coding,researcher_claim,health_other,Instagram,0.868,144,125,86.8
178,2-s2.0-85073061780,CONTENT,CONTENT_CODING,topical/curated,narrow,topical,false,researcher_coding,researcher_claim,health_other,Twitter/X,0.312,109,34,31.2
179,2-s2.0-105002620495,CONTENT,CONTENT_CODING,representative,narrow,single_source,false,researcher_coding,researcher_claim,covid19,Facebook,0.111,108,12,11.1
180,2-s2.0-85212052138,CONTENT,CONTENT_CODING,topical/curated,narrow,topical,misleading,researcher_coding,researcher_claim,health_other,Instagram,0.44,500,220,44.0
181,2-s2.0-85090181268,CONTENT,CONTENT_CODING,topical/curated,narrow,curated_sample,false,researcher_coding,researcher_claim,vaccines,multi_platform,0.135,89,12,13.5
182,2-s2.0-85192081358,CONTENT,CONTENT_CODING,topical/curated,narrow,topical,misleading,researcher_coding,researcher_claim,health_other,YouTube,0.148,54,8,14.8
183,2-s2.0-85136139565,CONTENT,CONTENT_CODING,topical/curated,narrow,topical,false,researcher_coding,researcher_claim,science_other,other,0.47,5348,2514,47.0
184,2-s2.0-85129456715,CONTENT,CONTENT_CODING,topical/curated,narrow,curated_sample,false,researcher_coding,researcher_claim,covid19,Facebook,0.0,120,0,0.0
185,2-s2.0-33645965882,CONTENT,CONTENT_CODING,topical/curated,narrow,curated_sample,false,researcher_coding,researcher_claim,health_other,web_cross_platform,0.01,943,9,1.0
186,2-s2.0-85209813530,CONTENT,CONTENT_CODING,topical/curated,narrow,curated_sample,misleading,researcher_coding,researcher_claim,health_other,YouTube,0.0,66,0,0.0
188,2-s2.0-85117399204,RECALL,SELF_REPORT,survey,whole_diet,population,false,self_report,self_report,covid19,web_cross_platform,0.73,600,438,73.0
189,2-s2.0-84985993999,CONTENT,CONTENT_CODING,topical/curated,narrow,topical,misleading,researcher_coding,researcher_claim,health_other,web_cross_platform,0.74,208,154,74.0
190,2-s2.0-85145390598,CONTENT,CONTENT_CODING,topical/curated,narrow,topical,false,researcher_coding,researcher_claim,covid19,Twitter/X,0.345,382,132,34.5
191,2-s2.0-85145390598,CONTENT,CONTENT_CODING,topical/curated,narrow,topical,false,researcher_coding,researcher_claim,covid19,Twitter/X,0.075,575,43,7.5
194,2-s2.0-105036232690,CONTENT,CONTENT_CODING,topical/curated,narrow,curated_sample,misleading,researcher_coding,researcher_claim,health_other,YouTube,0.13,97,13,13.0
195,2-s2.0-105029521599,SHARING,BEHAVIOURAL,representative,whole_diet,all_media,NA,domain_list,domain_list,politics_elections,Facebook,0.0068,464019,3155,0.68
196,2-s2.0-105020894042,CONTENT,CONTENT_CODING,topical/curated,narrow,topical,misleading,researcher_coding,researcher_claim,health_other,other,0.74,100,74,74.0
197,2-s2.0-86000736431,CONTENT,CONTENT_CODING,topical/curated,narrow,topical,false,researcher_coding,researcher_claim,politics_elections,Google Search,0.25,8601,2150,25.0
198,2-s2.0-85218448454,CONTENT,CONTENT_CODING,topical/curated,narrow,topical,misleading,researcher_coding,researcher_claim,health_other,Facebook,0.396,500,198,39.6
199,2-s2.0-85055079422,CONTENT,CONTENT_CODING,topical/curated,narrow,topical,false,researcher_coding,researcher_claim,health_other,other,0.3387,2691,911,33.87
200,2-s2.0-85186467273,CONTENT,CONTENT_CODING,topical/curated,narrow,curated_sample,false,fact_checker,factcheck_claim,covid19,WhatsApp,0.49,238,117,49.0
201,2-s2.0-85123475265,CONTENT,CONTENT_CODING,topical/curated,narrow,topical,misleading,researcher_coding,researcher_claim,health_other,Twitter/X,0.417,904,377,41.7
202,2-s2.0-105008442631,CONTENT,CONTENT_CODING,topical/curated,narrow,topical,false,researcher_coding,researcher_claim,health_other,TikTok,0.188,117,22,18.8
203,2-s2.0-105014185875,CONTENT,CONTENT_CODING,topical/curated,narrow,topical,misleading,researcher_coding,researcher_claim,health_other,TikTok,0.29,100,29,29.0
204,2-s2.0-85208681084,CONTENT,CONTENT_CODING,topical/curated,narrow,topical,false,researcher_coding,researcher_claim,health_other,TikTok,0.46,100,46,46.0
205,2-s2.0-85194112418,CONTENT,CONTENT_CODING,topical/curated,narrow,topical,false,researcher_coding,researcher_claim,health_other,TikTok,0.184,119,22,18.4
206,2-s2.0-85107396751,CONTENT,CONTENT_CODING,topical/curated,narrow,curated_sample,misleading,researcher_coding,researcher_claim,health_other,YouTube,0.08,50,4,8.0
207,2-s2.0-85181752010,CONTENT,CONTENT_CODING,topical/curated,narrow,topical,misleading,researcher_coding,researcher_claim,health_other,TikTok,0.232,298,69,23.2
208,2-s2.0-105010728491,CONTENT,CONTENT_CODING,topical/curated,narrow,single_source,misleading,researcher_coding,researcher_claim,politics_elections,Instagram,0.65,109,71,65.0
212,2-s2.0-105009619554,CONTENT,CONTENT_CODING,topical/curated,narrow,curated_sample,misleading,researcher_coding,researcher_claim,health_other,TikTok,0.52,411,214,52.0
213,2-s2.0-105038091134,CONTENT,CONTENT_CODING,topical/curated,narrow,topical,misleading,researcher_coding,researcher_claim,covid19,other,0.275,5818,1600,27.5
214,2-s2.0-105033611630,CONTENT,CONTENT_CODING,topical/curated,narrow,topical,false,researcher_coding,researcher_claim,science_other,YouTube,0.9435,230,217,94.35
215,2-s2.0-85159486270,CONTENT,CONTENT_CODING,topical/curated,narrow,curated_sample,false,researcher_coding,researcher_claim,health_other,YouTube,0.7,100,70,70.0
216,2-s2.0-85134325788,CONTENT,CONTENT_CODING,topical/curated,narrow,topical,misleading,researcher_coding,researcher_claim,health_other,YouTube,0.185,130,24,18.5
217,2-s2.0-105005857219,CONTENT,CONTENT_CODING,topical/curated,narrow,topical,misleading,researcher_coding,researcher_claim,health_other,web_cross_platform,0.802,121,97,80.2
218,2-s2.0-105032253077,CONTENT,CONTENT_CODING,topical/curated,narrow,topical,false,classifier,classifier,health_other,multi_platform,0.193,1800000,347400,19.3
220,2-s2.0-85162702221,REACH,BEHAVIOURAL,topical/curated,whole_diet,population,NA,domain_list,domain_list,general_news,Facebook,0.184,806,148,18.4
222,2-s2.0-85122094954,CONTENT,CONTENT_CODING,topical/curated,narrow,curated_sample,false,researcher_coding,researcher_claim,health_other,YouTube,0.06,50,3,6.0
223,2-s2.0-85191807094,CONTENT,CONTENT_CODING,topical/curated,narrow,topical,false,researcher_coding,researcher_claim,other,YouTube,0.39,99,39,39.0
224,2-s2.0-85214504236,CONTENT,CONTENT_CODING,topical/curated,narrow,topical,misleading,researcher_coding,researcher_claim,health_other,other,0.85,332,282,85.0
225,2-s2.0-105002578811,CONTENT,CONTENT_CODING,topical/curated,narrow,topical,misleading,researcher_coding,researcher_claim,health_other,YouTube,0.65,139,90,65.0
226,2-s2.0-85143511628,CONTENT,CONTENT_CODING,topical/curated,narrow,topical,NA,researcher_coding,researcher_claim,health_other,YouTube,0.507,73,37,50.7
227,2-s2.0-105019627019,CONTENT,CONTENT_CODING,topical/curated,narrow,curated_sample,misleading,researcher_coding,researcher_claim,health_other,TikTok,0.2,251,50,20.0
228,2-s2.0-85211132788,CONTENT,CONTENT_CODING,topical/curated,narrow,topical,misleading,researcher_coding,researcher_claim,health_other,Facebook,0.396,500,198,39.6
229,2-s2.0-105037111223,CONTENT,CONTENT_CODING,topical/curated,narrow,topical,misleading,researcher_coding,researcher_claim,health_other,TikTok,0.42,116,49,42.0
231,2-s2.0-105030082417,CONTENT,CONTENT_CODING,topical/curated,narrow,topical,misleading,researcher_coding,researcher_claim,health_other,YouTube,0.047,85,4,4.7
232,2-s2.0-85213223975,CONTENT,CONTENT_CODING,topical/curated,narrow,curated_sample,misleading,researcher_coding,researcher_claim,health_other,YouTube,0.085,47,4,8.5
233,2-s2.0-85213223975,CONTENT,CONTENT_CODING,topical/curated,narrow,curated_sample,false,researcher_coding,researcher_claim,health_other,TikTok,0.429,35,15,42.9
234,2-s2.0-85213223975,CONTENT,CONTENT_CODING,topical/curated,narrow,curated_sample,false,researcher_coding,researcher_claim,health_other,Instagram,0.364,33,12,36.4
235,2-s2.0-105034745484,CONTENT,CONTENT_CODING,representative,narrow,single_source,misleading,researcher_coding,researcher_claim,health_other,Facebook,0.09,667,60,9.0
236,2-s2.0-105034745484,CONTENT,CONTENT_CODING,representative,narrow,single_source,misleading,researcher_coding,researcher_claim,health_other,Facebook,0.09,734,66,9.0
237,2-s2.0-85193588807,CONTENT,CONTENT_CODING,topical/curated,narrow,curated_sample,misleading,researcher_coding,researcher_claim,health_other,Twitter/X,0.1,40,4,10.0
238,W4393231882,CONTENT,CONTENT_CODING,topical/curated,narrow,topical,false,classifier,classifier,covid19,Twitter/X,0.273,1683700,459650,27.3
239,2-s2.0-105017757935,CONTENT,CONTENT_CODING,topical/curated,narrow,topical,false,researcher_coding,researcher_claim,health_other,Instagram,0.363,80,29,36.3
240,2-s2.0-85072114698,RECALL,SELF_REPORT,topical/curated,whole_diet,population,false,self_report,self_report,health_other,survey,0.9502,703,668,95.02
241,2-s2.0-85199446608,RECALL,SELF_REPORT,topical/curated,whole_diet,population,false,self_report,self_report,covid19,web_cross_platform,0.8035,173,139,80.35
242,2-s2.0-85199446608,RECALL,SELF_REPORT,topical/curated,whole_diet,population,false,self_report,self_report,covid19,web_cross_platform,0.589,163,96,58.9
243,2-s2.0-85199446608,RECALL,SELF_REPORT,topical/curated,whole_diet,population,false,self_report,self_report,covid19,web_cross_platform,0.4701,134,63,47.01
244,2-s2.0-85199446608,RECALL,SELF_REPORT,topical/curated,whole_diet,population,false,self_report,self_report,covid19,web_cross_platform,0.5333,150,80,53.33
245,2-s2.0-85199446608,RECALL,SELF_REPORT,topical/curated,whole_diet,population,false,self_report,self_report,covid19,web_cross_platform,0.2995,197,59,29.95
247,2-s2.0-105011406180,CONTENT,CONTENT_CODING,topical/curated,narrow,curated_sample,misleading,classifier,classifier,other,YouTube,0.461,76398,35219,46.1
249,2-s2.0-85159153364,CONTENT,CONTENT_CODING,topical/curated,narrow,topical,NA,domain_list,domain_list,war_geopolitics,Facebook,0.004,19500000,78000,0.4
250,2-s2.0-85159153364,CONTENT,CONTENT_CODING,topical/curated,narrow,topical,NA,domain_list,domain_list,war_geopolitics,Facebook,0.0025,19500000,48750,0.25
251,2-s2.0-85159153364,CONTENT,CONTENT_CODING,topical/curated,narrow,topical,NA,domain_list,domain_list,war_geopolitics,Twitter/X,0.004,250000000,1000000,0.4
252,2-s2.0-85159153364,CONTENT,CONTENT_CODING,topical/curated,narrow,topical,NA,domain_list,domain_list,war_geopolitics,Twitter/X,0.002,250000000,500000,0.2
255,2-s2.0-105019533649,EXPOSURE,BEHAVIOURAL,representative,whole_diet,news_diet,NA,domain_list,domain_list,general_news,Facebook,0.059,467,28,5.9
256,2-s2.0-105019533649,EXPOSURE,BEHAVIOURAL,representative,whole_diet,news_diet,NA,domain_list,domain_list,general_news,web_cross_platform,0.026,629,16,2.6
257,2-s2.0-105019533649,EXPOSURE,BEHAVIOURAL,representative,whole_diet,news_diet,NA,domain_list,domain_list,general_news,Facebook,0.02,467,9,2.0
258,2-s2.0-105019533649,REACH,BEHAVIOURAL,representative,whole_diet,population,NA,domain_list,domain_list,general_news,Facebook,0.63,467,294,63.0
259,2-s2.0-105019533649,REACH,BEHAVIOURAL,representative,whole_diet,population,NA,domain_list,domain_list,general_news,web_cross_platform,0.46,629,289,46.0
260,2-s2.0-85194733750,SHARING,BEHAVIOURAL,representative,whole_diet,political_news,NA,domain_list,domain_list,politics_elections,Twitter/X,0.07,664391,46507,7.0
262,W4414446446,CONTENT,CONTENT_CODING,representative,narrow,curated_sample,misleading,fact_checker,factcheck_claim,general_news,other,0.0485,1382,67,4.85
263,W4414446446,CONTENT,CONTENT_CODING,representative,narrow,curated_sample,misleading,fact_checker,factcheck_claim,general_news,other,0.1162,1382,161,11.62
264,W4414446446,CONTENT,CONTENT_CODING,representative,narrow,curated_sample,misleading,fact_checker,factcheck_claim,general_news,other,0.0228,1382,32,2.28
265,2-s2.0-85205688160,CONTENT,CONTENT_CODING,representative,narrow,curated_sample,misleading,researcher_coding,researcher_claim,politics_elections,Facebook,0.226,1000,226,22.6
266,2-s2.0-85205688160,CONTENT,CONTENT_CODING,representative,narrow,curated_sample,misleading,researcher_coding,researcher_claim,politics_elections,Facebook,0.196,1000,196,19.6
267,2-s2.0-85205688160,CONTENT,CONTENT_CODING,topical/curated,narrow,curated_sample,misleading,researcher_coding,researcher_claim,politics_elections,Facebook,0.3,111,33,30.0
268,2-s2.0-85205688160,CONTENT,CONTENT_CODING,topical/curated,narrow,curated_sample,misleading,researcher_coding,researcher_claim,politics_elections,Facebook,0.26,270,70,26.0
269,PMID-41189872,CONTENT,CONTENT_CODING,topical/curated,narrow,curated_sample,misleading,researcher_coding,researcher_claim,health_other,YouTube,0.5,50,25,50.0
270,PMID-41189872,CONTENT,CONTENT_CODING,topical/curated,narrow,curated_sample,misleading,researcher_coding,researcher_claim,health_other,YouTube,0.28,50,14,28.0
271,PMID-40061772,CONTENT,CONTENT_CODING,topical/curated,narrow,topical,misleading,researcher_coding,researcher_claim,health_other,YouTube,0.555,72,40,55.5
272,PMID-33304681,CONTENT,CONTENT_CODING,topical/curated,narrow,topical,false,researcher_coding,researcher_claim,covid19,Facebook,0.322,454,146,32.2
273,OA-W3091627927,CONTENT,CONTENT_CODING,topical/curated,narrow,topical,false,fact_checker,factcheck_claim,covid19,Twitter/X,0.0144,7237581,104221,1.44
277,OA-W7165570035,CONTENT,CONTENT_CODING,topical/curated,narrow,topical,false,researcher_coding,researcher_claim,health_other,Instagram,0.218,500,109,21.8
278,OA-W4407797130,RECALL,SELF_REPORT,survey,whole_diet,population,false,fact_checker,factcheck_claim,politics_elections,survey,0.774,800,619,77.4
279,OA-W4407797130,RECALL,SELF_REPORT,survey,whole_diet,population,false,fact_checker,factcheck_claim,war_geopolitics,survey,0.371,800,297,37.1
280,OA-W3206858890,RECALL,SELF_REPORT,topical/curated,whole_diet,population,misleading,self_report,self_report,health_other,WhatsApp,0.894,1195,1068,89.4
281,OA-W4281924559,CONTENT,CONTENT_CODING,topical/curated,narrow,curated_sample,false,researcher_coding,researcher_claim,covid19,Twitter/X,0.263,114,30,26.3
285,2-s2.0-85074511992,SHARING,BEHAVIOURAL,topical/curated,whole_diet,political_news,NA,researcher_coding,domain_list,politics_elections,Twitter/X,0.067,8783,588,6.7
286,2-s2.0-85074511992,SHARING,BEHAVIOURAL,topical/curated,whole_diet,political_news,NA,researcher_coding,domain_list,politics_elections,Twitter/X,0.11,27059,2976,11.0
287,2-s2.0-85074511992,SHARING,BEHAVIOURAL,topical/curated,whole_diet,political_news,NA,researcher_coding,domain_list,politics_elections,Twitter/X,0.102,11646,1188,10.2
291,2-s2.0-85037352356,REACH,BEHAVIOURAL,representative,whole_diet,population,NA,domain_list,domain_list,general_news,web_cross_platform,0.0034,100000000,340000,0.34
292,2-s2.0-85047794238,CONTENT,CONTENT_CODING,topical/curated,narrow,curated_sample,misleading,researcher_coding,researcher_claim,health_other,Twitter/X,0.58,64,37,58.0
294,2-s2.0-85055756722,RECALL,SELF_REPORT,survey,whole_diet,population,fabricated,self_report,self_report,politics_elections,Twitter/X,0.089,1211,108,8.9
295,2-s2.0-85055756722,RECALL,SELF_REPORT,survey,whole_diet,population,fabricated,self_report,self_report,politics_elections,Twitter/X,0.299,1211,362,29.9
296,2-s2.0-85055756722,RECALL,SELF_REPORT,survey,whole_diet,population,misleading,self_report,self_report,general_news,Twitter/X,0.171,1211,207,17.1
297,2-s2.0-85060013655,CONTENT,CONTENT_CODING,topical/curated,narrow,curated_sample,false,researcher_coding,researcher_claim,politics_elections,web_cross_platform,0.017,646,11,1.7
298,2-s2.0-85066887935,SHARING,BEHAVIOURAL,topical/curated,whole_diet,political_news,NA,researcher_coding,domain_list,politics_elections,WhatsApp,0.131,38800,5083,13.1
299,2-s2.0-85066894147,SHARING,BEHAVIOURAL,topical/curated,whole_diet,political_news,NA,domain_list,domain_list,politics_elections,Twitter/X,0.3,1700000,510000,30.0
300,2-s2.0-85088969117,CONTENT,CONTENT_CODING,topical/curated,narrow,topical,false,researcher_coding,researcher_claim,covid19,Twitter/X,0.092,1923,177,9.2
301,2-s2.0-85088969117,CONTENT,CONTENT_CODING,topical/curated,narrow,topical,false,researcher_coding,researcher_claim,covid19,other,0.0369,1923,71,3.69
302,2-s2.0-85088969117,SHARING,BEHAVIOURAL,topical/curated,narrow,topical,false,researcher_coding,researcher_claim,covid19,Twitter/X,0.5231,390,204,52.31
303,2-s2.0-85088969117,SHARING,BEHAVIOURAL,topical/curated,narrow,topical,false,researcher_coding,researcher_claim,covid19,other,0.0009,31009,28,0.09
304,2-s2.0-85091698994,SHARING,BEHAVIOURAL,topical/curated,narrow,curated_sample,NA,domain_list,domain_list,general_news,Twitter/X,0.1439,2372954,341468,14.39
305,2-s2.0-85091698994,SHARING,BEHAVIOURAL,topical/curated,whole_diet,news_diet,NA,domain_list,domain_list,general_news,Twitter/X,0.1042,2372954,247262,10.42
306,2-s2.0-85069463611,CONTENT,CONTENT_CODING,topical/curated,whole_diet,political_news,false,fact_checker,factcheck_claim,politics_elections,WhatsApp,0.0018,37674,68,0.18
307,2-s2.0-85145881152,CONTENT,CONTENT_CODING,topical/curated,narrow,curated_sample,misleading,researcher_coding,researcher_claim,health_other,WhatsApp,0.86,326,280,86.0
308,2-s2.0-85160248068,EXPOSURE,BEHAVIOURAL,representative,narrow,single_source,NA,domain_list,domain_list,general_news,Google Search,0.0205,102114,2093,2.05
309,2-s2.0-85160248068,EXPOSURE,BEHAVIOURAL,representative,narrow,single_source,NA,domain_list,domain_list,general_news,Google Search,0.0072,226035,1627,0.72
310,2-s2.0-85160248068,EXPOSURE,BEHAVIOURAL,representative,whole_diet,news_diet,NA,domain_list,domain_list,general_news,Google Search,0.0303,333,10,3.03
311,2-s2.0-85160248068,EXPOSURE,BEHAVIOURAL,representative,whole_diet,news_diet,NA,domain_list,domain_list,general_news,Google Search,0.0186,688,13,1.86
314,2-s2.0-85164339474,CONTENT,CONTENT_CODING,topical/curated,narrow,topical,false,fact_checker,factcheck_claim,covid19,other,0.114,220,25,11.4
315,2-s2.0-85164339474,CONTENT,CONTENT_CODING,topical/curated,narrow,topical,false,fact_checker,factcheck_claim,covid19,other,0.108,148,16,10.8
316,2-s2.0-85164339474,CONTENT,CONTENT_CODING,topical/curated,narrow,topical,false,fact_checker,factcheck_claim,covid19,other,0.148,149,22,14.8
317,2-s2.0-85164339474,CONTENT,CONTENT_CODING,topical/curated,narrow,topical,false,fact_checker,factcheck_claim,covid19,other,0.0166,120,2,1.66
318,2-s2.0-85164339474,CONTENT,CONTENT_CODING,topical/curated,narrow,topical,false,fact_checker,factcheck_claim,covid19,other,0.0229,131,3,2.29
319,2-s2.0-85164339474,CONTENT,CONTENT_CODING,topical/curated,narrow,topical,false,fact_checker,factcheck_claim,covid19,other,0.0175,171,3,1.75
322,2-s2.0-85168270535,CONTENT,CONTENT_CODING,topical/curated,narrow,topical,false,classifier,classifier,science_other,Twitter/X,0.219,44913,9836,21.9
323,2-s2.0-85168270535,CONTENT,CONTENT_CODING,topical/curated,narrow,topical,false,classifier,classifier,science_other,Twitter/X,0.12,81862,9823,12.0
324,2-s2.0-85168270535,CONTENT,CONTENT_CODING,topical/curated,narrow,topical,false,researcher_coding,researcher_claim,science_other,Twitter/X,0.195,3584,699,19.5
325,2-s2.0-85173224200,CONTENT,CONTENT_CODING,topical/curated,narrow,single_source,misleading,researcher_coding,researcher_claim,politics_elections,Twitter/X,0.77,100,77,77.0
326,2-s2.0-85173224200,CONTENT,CONTENT_CODING,topical/curated,narrow,single_source,misleading,researcher_coding,researcher_claim,politics_elections,Twitter/X,0.45,100,45,45.0
327,2-s2.0-85174615177,CONTENT,CONTENT_CODING,topical/curated,narrow,topical,false,researcher_coding,researcher_claim,health_other,TikTok,0.054,723,39,5.4
328,2-s2.0-85182846541,CONTENT,CONTENT_CODING,topical/curated,narrow,topical,NA,domain_list,domain_list,covid19,Twitter/X,0.0028,36500000,102200,0.28
329,2-s2.0-85182846541,CONTENT,CONTENT_CODING,topical/curated,narrow,topical,NA,domain_list,domain_list,covid19,Twitter/X,0.0072,336483,2423,0.72
330,2-s2.0-85187117251,CONTENT,CONTENT_CODING,topical/curated,narrow,topical,NA,domain_list,domain_list,covid19,Twitter/X,0.0377,2100000,79170,3.77
331,2-s2.0-85187117251,CONTENT,CONTENT_CODING,topical/curated,narrow,topical,NA,domain_list,domain_list,science_other,Twitter/X,0.0169,600000,10140,1.69
332,2-s2.0-85188806397,SHARING,BEHAVIOURAL,topical/curated,narrow,topical,NA,domain_list,domain_list,politics_elections,Twitter/X,0.2606,299210,77974,26.06
333,2-s2.0-85188806397,SHARING,BEHAVIOURAL,topical/curated,narrow,topical,NA,domain_list,domain_list,politics_elections,Twitter/X,0.2225,34586,7695,22.25
334,2-s2.0-85192635397,CONTENT,CONTENT_CODING,representative,whole_diet,news_diet,NA,domain_list,domain_list,general_news,Twitter/X,0.1316,7083659,932210,13.16
335,2-s2.0-85192635397,CONTENT,CONTENT_CODING,representative,whole_diet,news_diet,NA,domain_list,domain_list,general_news,Twitter/X,0.0438,4904179,214803,4.38
336,2-s2.0-85192635397,CONTENT,CONTENT_CODING,representative,whole_diet,news_diet,NA,domain_list,domain_list,general_news,Twitter/X,0.0826,4936407,407747,8.26
337,2-s2.0-85192635397,CONTENT,CONTENT_CODING,representative,whole_diet,news_diet,NA,domain_list,domain_list,general_news,Twitter/X,0.0506,8201352,414988,5.06
339,2-s2.0-85195353413,REACH,BEHAVIOURAL,representative,whole_diet,population,NA,domain_list,domain_list,general_news,Twitter/X,0.0746,550000,41030,7.46
341,2-s2.0-85209547248,REACH,BEHAVIOURAL,representative,whole_diet,population,NA,domain_list,domain_list,general_news,web_cross_platform,0.391,1238,484,39.1
342,2-s2.0-85209547248,EXPOSURE,BEHAVIOURAL,representative,whole_diet,news_diet,NA,domain_list,domain_list,general_news,web_cross_platform,0.0016,1238,2,0.16
343,2-s2.0-85217829893,CONTENT,CONTENT_CODING,topical/curated,narrow,curated_sample,misleading,researcher_coding,researcher_claim,politics_elections,WhatsApp,0.23,342,79,23.0
344,2-s2.0-85093940530,CONTENT,CONTENT_CODING,topical/curated,narrow,curated_sample,misleading,researcher_coding,researcher_claim,science_other,other,0.334,482,161,33.4
345,2-s2.0-85097940672,CONTENT,CONTENT_CODING,representative,narrow,single_source,false,fact_checker,factcheck_claim,covid19,Telegram,0.002,37285,75,0.2
346,2-s2.0-85100218180,SHARING,BEHAVIOURAL,topical/curated,narrow,topical,NA,domain_list,domain_list,covid19,Twitter/X,0.027,7275642,196442,2.7
347,2-s2.0-85102849802,CONTENT,CONTENT_CODING,representative,whole_diet,political_news,misleading,researcher_coding,researcher_claim,politics_elections,Facebook,0.0199,14684,292,1.99
348,2-s2.0-85105454127,SHARING,BEHAVIOURAL,representative,whole_diet,news_diet,NA,domain_list,domain_list,general_news,Twitter/X,0.04,85344,3414,4.0
349,2-s2.0-85105454127,REACH,BEHAVIOURAL,representative,whole_diet,population,NA,domain_list,domain_list,general_news,Twitter/X,0.11,2337,257,11.0
351,2-s2.0-85105511315,CONTENT,CONTENT_CODING,topical/curated,whole_diet,news_diet,NA,domain_list,domain_list,covid19,Twitter/X,0.32,3817494,1221598,32.0
352,2-s2.0-85105511315,CONTENT,CONTENT_CODING,topical/curated,whole_diet,news_diet,NA,domain_list,domain_list,covid19,Facebook,0.21,120375761,25278910,21.0
355,2-s2.0-85108273495,CONTENT,CONTENT_CODING,topical/curated,narrow,topical,false,researcher_coding,researcher_claim,health_other,TikTok,0.41,55,23,41.0
356,2-s2.0-85108996494,CONTENT,CONTENT_CODING,topical/curated,narrow,topical,false,researcher_coding,researcher_claim,vaccines,multi_platform,0.057,87,5,5.7
357,2-s2.0-85108996494,CONTENT,CONTENT_CODING,topical/curated,narrow,topical,misleading,researcher_coding,researcher_claim,vaccines,multi_platform,0.034,87,3,3.4
358,2-s2.0-85111545521,REACH,BEHAVIOURAL,representative,whole_diet,population,NA,domain_list,domain_list,general_news,web_cross_platform,0.392,671,263,39.2
360,2-s2.0-85121019757,EXPOSURE,BEHAVIOURAL,representative,whole_diet,all_media,NA,domain_list,domain_list,general_news,Facebook,0.025,1000,25,2.5
361,2-s2.0-85121019757,EXPOSURE,BEHAVIOURAL,representative,whole_diet,all_media,NA,domain_list,domain_list,general_news,Facebook,0.12,38000000,4560000,12.0
362,2-s2.0-85122105134,RECALL,SELF_REPORT,survey,whole_diet,population,fabricated,self_report,self_report,general_news,multi_platform,0.19,805,153,19.0
363,2-s2.0-85122105134,RECALL,SELF_REPORT,survey,whole_diet,population,fabricated,self_report,self_report,general_news,WhatsApp,0.18,805,145,18.0
364,2-s2.0-85122752247,CONTENT,CONTENT_CODING,topical/curated,narrow,topical,misleading,researcher_coding,researcher_claim,covid19,Twitter/X,0.0533,600,32,5.33
365,2-s2.0-85122752247,CONTENT,CONTENT_CODING,topical/curated,narrow,topical,misleading,researcher_coding,researcher_claim,covid19,Twitter/X,0.085,600,51,8.5
366,2-s2.0-85122752247,CONTENT,CONTENT_CODING,topical/curated,narrow,topical,misleading,researcher_coding,researcher_claim,covid19,Twitter/X,0.0733,600,44,7.33
367,2-s2.0-85122752247,CONTENT,CONTENT_CODING,topical/curated,narrow,topical,misleading,researcher_coding,researcher_claim,covid19,Twitter/X,0.0517,600,31,5.17
368,2-s2.0-85127622287,CONTENT,CONTENT_CODING,topical/curated,narrow,topical,false,researcher_coding,researcher_claim,vaccines,Google Search,0.033,1672,55,3.3
369,2-s2.0-85128357498,CONTENT,CONTENT_CODING,topical/curated,narrow,topical,false,classifier,classifier,covid19,YouTube,0.21,2500000,525000,21.0
370,2-s2.0-85128357498,CONTENT,CONTENT_CODING,topical/curated,narrow,topical,false,classifier,classifier,covid19,YouTube,0.15,900000,135000,15.0
371,2-s2.0-85131964464,CONTENT,CONTENT_CODING,topical/curated,narrow,single_source,false,fact_checker,factcheck_claim,politics_elections,Twitter/X,0.19,100,19,19.0
373,2-s2.0-85137779722,CONTENT,CONTENT_CODING,topical/curated,narrow,topical,NA,domain_list,domain_list,covid19,Twitter/X,0.0088,1443871621,12706070,0.88
374,2-s2.0-85138526885,CONTENT,CONTENT_CODING,topical/curated,narrow,topical,fabricated,researcher_coding,researcher_claim,politics_elections,Twitter/X,0.199,4995,994,19.9
375,2-s2.0-85142396682,SHARING,BEHAVIOURAL,representative,whole_diet,political_news,NA,domain_list,domain_list,politics_elections,Twitter/X,0.0386,1023,39,3.86
376,2-s2.0-85142396682,SHARING,BEHAVIOURAL,representative,whole_diet,political_news,NA,domain_list,domain_list,politics_elections,Twitter/X,0.0043,1023,4,0.43
377,2-s2.0-85142396682,SHARING,BEHAVIOURAL,representative,whole_diet,political_news,NA,domain_list,domain_list,politics_elections,Twitter/X,0.0018,822,1,0.18
378,2-s2.0-85142396682,SHARING,BEHAVIOURAL,representative,whole_diet,political_news,NA,domain_list,domain_list,politics_elections,Twitter/X,0.0003,822,0,0.03
379,2-s2.0-85142396682,SHARING,BEHAVIOURAL,representative,whole_diet,political_news,NA,domain_list,domain_list,politics_elections,Twitter/X,0.0025,726,2,0.25
380,2-s2.0-85142396682,SHARING,BEHAVIOURAL,representative,whole_diet,political_news,NA,domain_list,domain_list,politics_elections,Twitter/X,0.0005,726,0,0.05
381,2-s2.0-85142886759,CONTENT,CONTENT_CODING,topical/curated,narrow,topical,NA,domain_list,domain_list,covid19,Twitter/X,0.027,3960000,106920,2.7
382,2-s2.0-105007027777,CONTENT,CONTENT_CODING,topical/curated,narrow,topical,misleading,researcher_coding,researcher_claim,other,Twitter/X,0.0916,5594,512,9.16
383,2-s2.0-105027856675,SHARING,BEHAVIOURAL,representative,whole_diet,news_diet,NA,domain_list,domain_list,politics_elections,Twitter/X,0.0149,68871,1026,1.49
384,2-s2.0-105027856675,SHARING,BEHAVIOURAL,representative,whole_diet,news_diet,NA,domain_list,domain_list,politics_elections,Twitter/X,0.0946,62212,5885,9.46
385,2-s2.0-105027856675,SHARING,BEHAVIOURAL,representative,whole_diet,news_diet,NA,domain_list,domain_list,politics_elections,Twitter/X,0.0033,116354,384,0.33
386,2-s2.0-105027856675,SHARING,BEHAVIOURAL,representative,whole_diet,news_diet,NA,domain_list,domain_list,politics_elections,Twitter/X,0.023,163910,3770,2.3
387,2-s2.0-105028205558,CONTENT,CONTENT_CODING,topical/curated,narrow,topical,misleading,researcher_coding,researcher_claim,health_other,TikTok,0.504,125,63,50.4
388,SEED-cordonnier2021,EXPOSURE,BEHAVIOURAL,representative,whole_diet,all_media,NA,domain_list,domain_list,general_news,web_cross_platform,0.0016,2372,4,0.16
389,SEED-cordonnier2021,EXPOSURE,BEHAVIOURAL,representative,whole_diet,news_diet,NA,domain_list,domain_list,general_news,web_cross_platform,0.05,2372,119,5.0
390,SEED-allcott2017,RECALL,SELF_REPORT,survey,whole_diet,population,false,self_report,self_report,politics_elections,Facebook,0.15,1208,181,15.0
394,2-s2.0-85177420309,CONTENT,CONTENT_CODING,topical/curated,narrow,curated_sample,false,researcher_coding,researcher_claim,general_news,Google Search,0.05,104,5,5.0
395,2-s2.0-85177420309,CONTENT,CONTENT_CODING,topical/curated,narrow,curated_sample,false,researcher_coding,researcher_claim,general_news,Google Search,0.07,71,5,7.0
396,2-s2.0-85177420309,CONTENT,CONTENT_CODING,topical/curated,narrow,curated_sample,false,researcher_coding,researcher_claim,general_news,Google Search,0.17,115,20,17.0
397,2-s2.0-85177420309,CONTENT,CONTENT_CODING,topical/curated,narrow,curated_sample,false,researcher_coding,researcher_claim,general_news,Google Search,0.08,113,9,8.0
398,2-s2.0-85177420309,CONTENT,CONTENT_CODING,topical/curated,narrow,curated_sample,false,researcher_coding,researcher_claim,general_news,Google Search,0.12,103,12,12.0
399,2-s2.0-85177420309,CONTENT,CONTENT_CODING,topical/curated,narrow,curated_sample,false,researcher_coding,researcher_claim,general_news,Google Search,0.17,115,20,17.0
400,2-s2.0-85177420309,CONTENT,CONTENT_CODING,topical/curated,narrow,curated_sample,false,researcher_coding,researcher_claim,general_news,Google Search,0.19,101,19,19.0
401,2-s2.0-85177420309,CONTENT,CONTENT_CODING,topical/curated,narrow,curated_sample,false,researcher_coding,researcher_claim,general_news,Google Search,0.12,111,13,12.0
402,2-s2.0-85177420309,CONTENT,CONTENT_CODING,topical/curated,narrow,curated_sample,false,researcher_coding,researcher_claim,general_news,Google Search,0.26,107,28,26.0
403,2-s2.0-85177420309,CONTENT,CONTENT_CODING,topical/curated,narrow,curated_sample,false,researcher_coding,researcher_claim,general_news,Google Search,0.3,103,31,30.0
404,2-s2.0-85177420309,CONTENT,CONTENT_CODING,topical/curated,narrow,curated_sample,false,researcher_coding,researcher_claim,general_news,Google Search,0.05,109,5,5.0
405,2-s2.0-85177420309,CONTENT,CONTENT_CODING,topical/curated,narrow,curated_sample,false,researcher_coding,researcher_claim,general_news,Google Search,0.19,107,20,19.0
406,2-s2.0-105021775752,SHARING,BEHAVIOURAL,topical/curated,whole_diet,political_news,NA,domain_list,domain_list,politics_elections,Twitter/X,0.16,1000000,160000,16.0
407,2-s2.0-105021775752,SHARING,BEHAVIOURAL,topical/curated,whole_diet,political_news,NA,domain_list,domain_list,politics_elections,Twitter/X,0.3,1000000,300000,30.0
408,2-s2.0-105021775752,SHARING,BEHAVIOURAL,topical/curated,whole_diet,political_news,NA,domain_list,domain_list,politics_elections,Twitter/X,0.11,1000000,110000,11.0
409,2-s2.0-85106913853,CONTENT,CONTENT_CODING,topical/curated,narrow,curated_sample,false,researcher_coding,researcher_claim,health_other,Twitter/X,0.08,5000,400,8.0
410,2-s2.0-85131073869,CONTENT,CONTENT_CODING,topical/curated,narrow,curated_sample,NA,domain_list,domain_list,general_news,Telegram,0.375,202571,75964,37.5
411,2-s2.0-105002155467,REACH,BEHAVIOURAL,representative,whole_diet,population,NA,domain_list,domain_list,general_news,web_cross_platform,0.21,140000,29400,21.0
413,2-s2.0-85153931706,CONTENT,CONTENT_CODING,topical/curated,narrow,topical,false,researcher_coding,researcher_claim,covid19,Twitter/X,0.071,2316,164,7.1
414,2-s2.0-85194075145,EXPOSURE,BEHAVIOURAL,representative,whole_diet,news_diet,NA,domain_list,domain_list,general_news,Facebook,0.051,472,24,5.1
415,2-s2.0-85159598935,SHARING,BEHAVIOURAL,topical/curated,whole_diet,political_news,NA,domain_list,domain_list,politics_elections,Twitter/X,0.2347,352606,82757,23.47
416,2-s2.0-85159598935,SHARING,BEHAVIOURAL,topical/curated,whole_diet,political_news,NA,domain_list,domain_list,politics_elections,Twitter/X,0.1833,45989,8430,18.33
417,2-s2.0-105019625689,CONTENT,CONTENT_CODING,topical/curated,narrow,curated_sample,false,researcher_coding,researcher_claim,politics_elections,YouTube,0.0301,5641,170,3.01
418,2-s2.0-105019603181,REACH,BEHAVIOURAL,representative,whole_diet,population,NA,domain_list,domain_list,politics_elections,web_cross_platform,0.127,1240,157,12.7
419,2-s2.0-105019357120,CONTENT,CONTENT_CODING,representative,whole_diet,news_diet,NA,domain_list,domain_list,general_news,Reddit,0.0774,8180502,633171,7.74
420,2-s2.0-105019357120,CONTENT,CONTENT_CODING,representative,whole_diet,news_diet,NA,domain_list,domain_list,general_news,Reddit,0.0194,272290000,5282426,1.94
421,2-s2.0-85179481261,CONTENT,CONTENT_CODING,representative,narrow,topical,misleading,researcher_coding,researcher_claim,crime_society,Twitter/X,0.001,1863349,1863,0.1
422,2-s2.0-85179481261,CONTENT,CONTENT_CODING,representative,whole_diet,all_media,misleading,classifier,classifier,crime_society,Twitter/X,0.033,1863349,61491,3.3
423,2-s2.0-85181200454,RECALL,SELF_REPORT,survey,whole_diet,population,misleading,self_report,self_report,covid19,other,0.539,91061,49082,53.9
424,2-s2.0-85181200454,RECALL,SELF_REPORT,survey,whole_diet,population,misleading,self_report,self_report,politics_elections,other,0.431,91061,39247,43.1
425,2-s2.0-85060549676,EXPOSURE,BEHAVIOURAL,representative,whole_diet,political_news,NA,domain_list,domain_list,politics_elections,Twitter/X,0.05,16442,822,5.0
426,2-s2.0-85060549676,SHARING,BEHAVIOURAL,representative,whole_diet,political_news,NA,domain_list,domain_list,politics_elections,Twitter/X,0.067,16442,1102,6.7
429,2-s2.0-85060025053,REACH,BEHAVIOURAL,representative,whole_diet,population,NA,domain_list,domain_list,general_news,Facebook,0.085,3500,298,8.5
431,2-s2.0-85081743293,REACH,BEHAVIOURAL,representative,whole_diet,population,NA,domain_list,domain_list,general_news,web_cross_platform,0.443,2525,1119,44.3
432,2-s2.0-85081743293,EXPOSURE,BEHAVIOURAL,representative,whole_diet,news_diet,NA,domain_list,domain_list,general_news,web_cross_platform,0.059,2016,119,5.9
434,2-s2.0-85083323285,EXPOSURE,BEHAVIOURAL,representative,whole_diet,all_media,NA,domain_list,domain_list,general_news,other,0.0015,100000,150,0.15
435,2-s2.0-85083323285,EXPOSURE,BEHAVIOURAL,representative,whole_diet,news_diet,NA,domain_list,domain_list,general_news,other,0.01,100000,1000,1.0
436,2-s2.0-85059494932,SHARING,BEHAVIOURAL,topical/curated,whole_diet,political_news,NA,domain_list,domain_list,general_news,Twitter/X,0.1,30700000,3070000,10.0
437,2-s2.0-85059494932,REACH,BEHAVIOURAL,topical/curated,whole_diet,population,NA,domain_list,domain_list,general_news,Twitter/X,0.12,2300000,276000,12.0
438,2-s2.0-85092033301,CONTENT,CONTENT_CODING,topical/curated,narrow,topical,NA,domain_list,domain_list,covid19,other,0.38,6252,2376,38.0
439,2-s2.0-85092033301,CONTENT,CONTENT_CODING,topical/curated,narrow,topical,NA,domain_list,domain_list,covid19,Twitter/X,0.1,1187482,118748,10.0
440,2-s2.0-85092033301,CONTENT,CONTENT_CODING,topical/curated,narrow,topical,NA,domain_list,domain_list,covid19,YouTube,0.064,111709,7149,6.4
441,2-s2.0-85092033301,CONTENT,CONTENT_CODING,topical/curated,narrow,topical,NA,domain_list,domain_list,covid19,Instagram,0.05,26576,1329,5.0
442,2-s2.0-85092033301,CONTENT,CONTENT_CODING,topical/curated,narrow,topical,NA,domain_list,domain_list,covid19,Reddit,0.045,10084,454,4.5
443,NEW-jung-icwsm,CONTENT,CONTENT_CODING,topical/curated,narrow,curated_sample,false,classifier,classifier,covid19,YouTube,0.3155,10139,3199,31.55
444,NEW-vanantwerpen-esm,RECALL,SELF_REPORT,topical/curated,whole_diet,population,misleading,self_report,self_report,politics_elections,multi_platform,0.5041,123,62,50.41
446,2-s2.0-105009619554,CONTENT,CONTENT_CODING,topical/curated,narrow,curated_sample,false,researcher_coding,researcher_claim,health_other,TikTok,0.27,411,111,27.0
447,2-s2.0-105019603181,REACH,BEHAVIOURAL,representative,whole_diet,population,NA,domain_list,domain_list,crime_society,web_cross_platform,0.109,1240,135,10.9
448,2-s2.0-105019603181,REACH,BEHAVIOURAL,representative,whole_diet,population,NA,domain_list,domain_list,covid19,web_cross_platform,0.067,1240,83,6.7
449,2-s2.0-105019603181,REACH,BEHAVIOURAL,representative,whole_diet,population,NA,domain_list,domain_list,health_other,web_cross_platform,0.043,1240,53,4.3
450,2-s2.0-105029346542,CONTENT,CONTENT_CODING,topical/curated,narrow,curated_sample,misleading,researcher_coding,researcher_claim,health_other,TikTok,0.6458,48,31,64.58
451,2-s2.0-85043684270,CONTENT,CONTENT_CODING,topical/curated,narrow,topical,false,researcher_coding,researcher_claim,health_other,YouTube,0.037,214,8,3.7
452,2-s2.0-85043684270,CONTENT,CONTENT_CODING,topical/curated,narrow,topical,misleading,researcher_coding,researcher_claim,health_other,YouTube,0.112,214,24,11.2
453,2-s2.0-85075076652,CONTENT,CONTENT_CODING,topical/curated,narrow,topical,misleading,researcher_coding,researcher_claim,crime_society,Twitter/X,0.026,5989967,155739,2.6
454,2-s2.0-85095575703,SHARING,BEHAVIOURAL,topical/curated,narrow,curated_sample,NA,domain_list,domain_list,politics_elections,Facebook,0.1394,133261,18577,13.94
455,2-s2.0-85163154882,CONTENT,CONTENT_CODING,representative,whole_diet,political_news,NA,researcher_coding,domain_list,politics_elections,other,0.33,182,60,33.0
456,2-s2.0-85163154882,CONTENT,CONTENT_CODING,topical/curated,whole_diet,political_news,NA,researcher_coding,domain_list,politics_elections,Reddit,0.2,203,41,20.0
457,2-s2.0-85199110625,CONTENT,CONTENT_CODING,topical/curated,narrow,curated_sample,NA,domain_list,domain_list,general_news,Facebook,0.0737,2112678,155704,7.37
458,2-s2.0-85199110625,CONTENT,CONTENT_CODING,topical/curated,narrow,curated_sample,NA,domain_list,domain_list,general_news,Twitter/X,0.0771,1410711,108766,7.71
459,2-s2.0-85199110625,SHARING,BEHAVIOURAL,topical/curated,narrow,curated_sample,NA,fact_checker,domain_list,general_news,Facebook,0.0848,132333742,11221901,8.48
460,2-s2.0-85199110625,SHARING,BEHAVIOURAL,topical/curated,narrow,curated_sample,NA,fact_checker,domain_list,general_news,Twitter/X,0.2505,8394225,2102753,25.05
461,2-s2.0-85215303159,CONTENT,CONTENT_CODING,topical/curated,narrow,topical,NA,domain_list,domain_list,vaccines,Twitter/X,0.126,353530,44545,12.6
462,2-s2.0-85215303159,CONTENT,CONTENT_CODING,topical/curated,narrow,topical,NA,domain_list,domain_list,vaccines,Twitter/X,0.317,23860,7564,31.7
463,2-s2.0-105017599346,SHARING,BEHAVIOURAL,representative,whole_diet,news_diet,NA,domain_list,domain_list,general_news,Facebook,0.25,6273432,1568358,25.0
464,2-s2.0-85060549676,EXPOSURE,BEHAVIOURAL,representative,whole_diet,political_news,NA,domain_list,domain_list,politics_elections,Twitter/X,0.0118,16442,194,1.18
465,2603.11058,CONTENT,CONTENT_CODING,topical/curated,narrow,curated_sample,misleading,fact_checker,factcheck_claim,general_news,Facebook,0.119,3000,357,11.9
466,2603.11058,CONTENT,CONTENT_CODING,topical/curated,narrow,curated_sample,misleading,fact_checker,factcheck_claim,general_news,Instagram,0.067,3000,201,6.7
467,2603.11058,CONTENT,CONTENT_CODING,topical/curated,narrow,curated_sample,misleading,fact_checker,factcheck_claim,general_news,other,0.013,3000,39,1.3
468,2603.11058,CONTENT,CONTENT_CODING,topical/curated,narrow,curated_sample,misleading,fact_checker,factcheck_claim,general_news,TikTok,0.201,3000,603,20.1
469,2603.11058,CONTENT,CONTENT_CODING,topical/curated,narrow,curated_sample,misleading,fact_checker,factcheck_claim,general_news,Twitter/X,0.087,3000,261,8.7
470,2603.11058,CONTENT,CONTENT_CODING,topical/curated,narrow,curated_sample,misleading,fact_checker,factcheck_claim,general_news,YouTube,0.068,3000,204,6.8
475,2-s2.0-85209547248,REACH,BEHAVIOURAL,representative,whole_diet,population,NA,domain_list,domain_list,general_news,web_cross_platform,0.037,1238,46,3.7
484,2-s2.0-85038621544,CONTENT,CONTENT_CODING,representative,whole_diet,all_media,NA,domain_list,domain_list,general_news,Twitter/X,0.00022,587000000,129140,0.022
485,2-s2.0-85038621544,CONTENT,CONTENT_CODING,representative,whole_diet,all_media,NA,domain_list,domain_list,general_news,Reddit,0.00023,332000000,76360,0.023
486,2-s2.0-85038621544,CONTENT,CONTENT_CODING,representative,whole_diet,all_media,NA,domain_list,domain_list,general_news,4chan,0.0005,42000000,21000,0.05
501,2-s2.0-105029413645,REACH,BEHAVIOURAL,representative,whole_diet,population,NA,researcher_coding,domain_list,health_other,web_cross_platform,0.13,1059,138,13.0
502,2-s2.0-105029413645,REACH,BEHAVIOURAL,representative,whole_diet,population,NA,classifier,classifier,health_other,YouTube,0.09,1059,95,9.0
503,2-s2.0-105029413645,EXPOSURE,BEHAVIOURAL,representative,narrow,topical,NA,researcher_coding,domain_list,health_other,web_cross_platform,0.03,1059,32,3.0
504,2-s2.0-105029413645,EXPOSURE,BEHAVIOURAL,representative,narrow,topical,NA,classifier,classifier,health_other,YouTube,0.1,1059,106,10.0
567,SEED-cordonnier2021,REACH,BEHAVIOURAL,representative,whole_diet,population,NA,domain_list,domain_list,general_news,web_cross_platform,0.39,2372,925,39.0
568,NEW-moreno-jmirderma,CONTENT,CONTENT_CODING,topical/curated,narrow,single_source,false,researcher_coding,researcher_claim,health_other,Facebook,0.015,4956,74,1.5
569,NEW-moreno-jmirderma,CONTENT,CONTENT_CODING,topical/curated,narrow,single_source,false,researcher_coding,researcher_claim,health_other,Facebook,0.006,4956,30,0.6
570,NEW-moreno-jmirderma,CONTENT,CONTENT_CODING,topical/curated,narrow,single_source,false,researcher_coding,researcher_claim,health_other,Facebook,0.005,4956,25,0.5
571,NEW-moreno-jmirderma,RECALL,SELF_REPORT,topical/curated,whole_diet,population,false,self_report,self_report,health_other,Facebook,0.43,46,20,43.0
572,NEW-jadara-2022,RECALL,SELF_REPORT,topical/curated,whole_diet,population,false,self_report,self_report,covid19,multi_platform,0.816,6910,5639,81.6
590,2603.11058,CONTENT,CONTENT_CODING,topical/curated,narrow,curated_sample,misleading,fact_checker,factcheck_claim,general_news,NA,0.175,2947,516,17.5
591,2603.11058,CONTENT,CONTENT_CODING,topical/curated,narrow,curated_sample,misleading,fact_checker,factcheck_claim,general_news,NA,0.076,2976,226,7.6
592,2603.11058,CONTENT,CONTENT_CODING,topical/curated,narrow,curated_sample,misleading,fact_checker,factcheck_claim,general_news,NA,0.06,2972,178,6.0
593,2603.11058,CONTENT,CONTENT_CODING,topical/curated,narrow,curated_sample,misleading,fact_checker,factcheck_claim,general_news,NA,0.05,2940,147,5.0
594,PMID-42295743,CONTENT,CONTENT_CODING,topical/curated,narrow,topical,misleading,researcher_coding,researcher_claim,health_other,TikTok,0.317,167,53,31.7
595,PMID-42295743,CONTENT,CONTENT_CODING,topical/curated,narrow,topical,misleading,researcher_coding,researcher_claim,health_other,Instagram Reels,0.168,195,33,16.8
596,PMID-42295743,CONTENT,CONTENT_CODING,topical/curated,narrow,topical,misleading,researcher_coding,researcher_claim,health_other,YouTube Shorts,0.08,200,16,8.0
597,OA-W4407797130,RECALL,SELF_REPORT,survey,whole_diet,population,false,fact_checker,factcheck_claim,other,survey,0.634,800,507,63.4
598,OA-W4407797130,RECALL,SELF_REPORT,survey,whole_diet,population,false,fact_checker,factcheck_claim,crime_society,survey,0.501,800,401,50.1
600,2-s2.0-85066894147,SHARING,BEHAVIOURAL,topical/curated,whole_diet,political_news,NA,domain_list,domain_list,politics_elections,Twitter/X,0.2,1700000,340000,20.0
601,2-s2.0-85066894147,SHARING,BEHAVIOURAL,topical/curated,whole_diet,political_news,NA,domain_list,domain_list,politics_elections,Twitter/X,0.4,1700000,680000,40.0
602,2-s2.0-85138494787,CONTENT,CONTENT_CODING,other,narrow,curated_sample,false,researcher_coding,researcher_claim,covid19,Twitter/X,0.098,1000,98,9.8
603,2-s2.0-85138494787,CONTENT,CONTENT_CODING,topical/curated,narrow,curated_sample,false,researcher_coding,researcher_claim,covid19,Twitter/X,0.225,253,57,22.5
604,NEW-bergeronboutin-sciadv2026,EXPOSURE,BEHAVIOURAL,representative,whole_diet,all_media,NA,fact_checker,domain_list,general_news,Facebook,0.011,231000000,2541000,1.1
605,NEW-bergeronboutin-sciadv2026,EXPOSURE,BEHAVIOURAL,representative,whole_diet,all_media,NA,fact_checker,domain_list,general_news,Instagram,0.001,200000000,200000,0.1
607,NEW-berriche-fakerisland2026,SHARING,BEHAVIOURAL,topical/curated,whole_diet,news_diet,misleading,fact_checker,factcheck_claim,general_news,Twitter/X,0.0005,184000000,92000,0.05
608,NEW-berriche-fakerisland2026,REACH,BEHAVIOURAL,topical/curated,whole_diet,population,misleading,fact_checker,factcheck_claim,general_news,Twitter/X,0.009,3700000,33300,0.9
609,2-s2.0-85136545530,RECALL,SELF_REPORT,survey,whole_diet,population,misleading,self_report,self_report,politics_elections,multi_platform,0.099,2005,198,9.9
610,2-s2.0-105026630069,CONTENT,CONTENT_CODING,topical/curated,narrow,curated_sample,false,researcher_coding,researcher_claim,health_other,TikTok,0.06,100,6,6.0
611,2-s2.0-0032975127,CONTENT,CONTENT_CODING,representative,narrow,single_source,false,researcher_coding,researcher_claim,health_other,other,0.06,342,21,6.0
612,2-s2.0-105002025382,CONTENT,CONTENT_CODING,representative,narrow,topical,false,researcher_coding,researcher_claim,other,other,0.882,9670,8529,88.2
613,2-s2.0-105002670726,RECALL,SELF_REPORT,survey,whole_diet,population,misleading,self_report,self_report,covid19,survey,0.17,1105,188,17.0
614,2-s2.0-105002787411,RECALL,SELF_REPORT,survey,whole_diet,population,false,self_report,self_report,covid19,survey,0.4,1129,452,40.0
615,2-s2.0-105002787411,RECALL,SELF_REPORT,survey,whole_diet,population,false,self_report,self_report,covid19,survey,0.25,1129,282,25.0
616,2-s2.0-105003865545,CONTENT,CONTENT_CODING,topical/curated,narrow,curated_sample,misleading,researcher_coding,researcher_claim,health_other,multi_platform,0.67,100,67,67.0
617,2-s2.0-105003865545,CONTENT,CONTENT_CODING,topical/curated,narrow,curated_sample,false,researcher_coding,researcher_claim,health_other,multi_platform,0.62,100,62,62.0
618,2-s2.0-105003865545,CONTENT,CONTENT_CODING,topical/curated,narrow,curated_sample,misleading,researcher_coding,researcher_claim,health_other,multi_platform,0.66,100,66,66.0
619,2-s2.0-105004460836,CONTENT,CONTENT_CODING,topical/curated,narrow,curated_sample,misleading,researcher_coding,researcher_claim,health_other,Google Search,0.264,178,47,26.4
620,2-s2.0-105005004817,CONTENT,CONTENT_CODING,topical/curated,narrow,curated_sample,misleading,researcher_coding,researcher_claim,health_other,multi_platform,0.4,200,80,40.0
621,2-s2.0-105008238753,RECALL,SELF_REPORT,survey,whole_diet,population,false,self_report,self_report,general_news,survey,0.605,994,601,60.5
622,2-s2.0-105008560082,RECALL,SELF_REPORT,topical/curated,whole_diet,population,false,self_report,self_report,covid19,survey,0.807,895,722,80.7
623,2-s2.0-105008560082,RECALL,SELF_REPORT,topical/curated,whole_diet,population,false,self_report,self_report,covid19,survey,0.741,895,663,74.1
624,2-s2.0-105008921175,SHARING,BEHAVIOURAL,topical/curated,narrow,curated_sample,NA,researcher_coding,domain_list,science_other,multi_platform,0.344,24179,8318,34.4
625,2-s2.0-105009546063,RECALL,SELF_REPORT,survey,whole_diet,population,false,self_report,self_report,politics_elections,survey,0.41,2765,1134,41.0
626,2-s2.0-105009546063,RECALL,SELF_REPORT,survey,whole_diet,population,false,self_report,self_report,politics_elections,survey,0.53,2765,1465,53.0
627,2-s2.0-105009546063,RECALL,SELF_REPORT,survey,whole_diet,population,false,self_report,self_report,politics_elections,multi_platform,0.53,1081,573,53.0
628,2-s2.0-105009546063,RECALL,SELF_REPORT,survey,whole_diet,population,false,self_report,self_report,politics_elections,other,0.32,1081,346,32.0
629,2-s2.0-105009546063,RECALL,SELF_REPORT,survey,whole_diet,population,false,self_report,self_report,politics_elections,other,0.28,1081,303,28.0
630,2-s2.0-105009546063,RECALL,SELF_REPORT,survey,whole_diet,population,false,self_report,self_report,politics_elections,multi_platform,0.52,1348,701,52.0
631,2-s2.0-105009546063,RECALL,SELF_REPORT,survey,whole_diet,population,false,self_report,self_report,politics_elections,other,0.34,1348,458,34.0
632,2-s2.0-105009546063,RECALL,SELF_REPORT,survey,whole_diet,population,false,self_report,self_report,politics_elections,other,0.21,1348,283,21.0
633,2-s2.0-105010038175,CONTENT,CONTENT_CODING,topical/curated,narrow,curated_sample,misleading,researcher_coding,researcher_claim,health_other,Instagram,0.607,28,17,60.7
634,2-s2.0-105012522879,RECALL,SELF_REPORT,survey,whole_diet,population,misleading,self_report,self_report,general_news,survey,0.879,1550,1362,87.9
635,2-s2.0-105012981781,CONTENT,CONTENT_CODING,topical/curated,narrow,curated_sample,false,researcher_coding,researcher_claim,health_other,YouTube,0.104,619,64,10.4
636,2-s2.0-105013056526,RECALL,SELF_REPORT,topical/curated,whole_diet,population,false,self_report,self_report,health_other,survey,0.215,2284,491,21.5
637,2-s2.0-105013056526,RECALL,SELF_REPORT,topical/curated,whole_diet,population,false,self_report,self_report,health_other,survey,0.527,2284,1204,52.7
638,2-s2.0-105013056526,RECALL,SELF_REPORT,topical/curated,whole_diet,population,false,self_report,self_report,health_other,survey,0.374,2284,854,37.4
639,2-s2.0-105014886450,RECALL,SELF_REPORT,topical/curated,whole_diet,population,false,self_report,self_report,covid19,multi_platform,0.214,1094,234,21.4
640,2-s2.0-105016716843,CONTENT,CONTENT_CODING,topical/curated,narrow,curated_sample,fabricated,researcher_coding,researcher_claim,politics_elections,TikTok,0.02,100,2,2.0
641,2-s2.0-105016716843,CONTENT,CONTENT_CODING,topical/curated,narrow,curated_sample,misleading,researcher_coding,researcher_claim,politics_elections,TikTok,0.32,100,32,32.0
642,2-s2.0-105016716843,CONTENT,CONTENT_CODING,topical/curated,narrow,curated_sample,misleading,researcher_coding,researcher_claim,politics_elections,TikTok,0.61,100,61,61.0
643,2-s2.0-105016716843,CONTENT,CONTENT_CODING,topical/curated,narrow,curated_sample,fabricated,researcher_coding,researcher_claim,politics_elections,TikTok,0.05,100,5,5.0
644,2-s2.0-105016716843,CONTENT,CONTENT_CODING,topical/curated,narrow,curated_sample,misleading,researcher_coding,researcher_claim,politics_elections,TikTok,0.25,100,25,25.0
645,2-s2.0-105016716843,CONTENT,CONTENT_CODING,topical/curated,narrow,curated_sample,misleading,researcher_coding,researcher_claim,politics_elections,TikTok,0.52,100,52,52.0
646,2-s2.0-105017506015,CONTENT,CONTENT_CODING,topical/curated,narrow,topical,false,researcher_coding,researcher_claim,vaccines,Reddit,0.314,5014,1574,31.4
647,2-s2.0-105021733739,SHARING,BEHAVIOURAL,representative,narrow,curated_sample,NA,researcher_coding,domain_list,politics_elections,other,0.32,182,58,32.0
648,2-s2.0-105021733739,SHARING,BEHAVIOURAL,topical/curated,narrow,curated_sample,NA,researcher_coding,domain_list,politics_elections,Reddit,0.17,204,35,17.0
649,2-s2.0-105024994777,RECALL,SELF_REPORT,survey,whole_diet,population,misleading,self_report,self_report,health_other,multi_platform,0.82,3841,3150,82.0
650,2-s2.0-105024994777,RECALL,SELF_REPORT,survey,whole_diet,population,misleading,self_report,self_report,health_other,multi_platform,0.36,3841,1383,36.0
651,2-s2.0-105026138407,CONTENT,CONTENT_CODING,topical/curated,narrow,topical,false,researcher_coding,researcher_claim,crime_society,other,0.09,98,9,9.0
652,2-s2.0-105026138407,CONTENT,CONTENT_CODING,topical/curated,narrow,topical,false,researcher_coding,researcher_claim,crime_society,other,0.34,301,102,34.0
653,2-s2.0-105026782770,RECALL,SELF_REPORT,topical/curated,whole_diet,population,false,self_report,self_report,health_other,survey,0.76,997,758,76.0
654,2-s2.0-105026782770,RECALL,SELF_REPORT,topical/curated,whole_diet,population,false,self_report,self_report,health_other,survey,0.65,997,648,65.0
655,2-s2.0-105026782770,RECALL,SELF_REPORT,topical/curated,whole_diet,population,false,self_report,self_report,health_other,survey,0.54,997,538,54.0
656,2-s2.0-105027376456,RECALL,SELF_REPORT,topical/curated,whole_diet,population,misleading,self_report,self_report,other,multi_platform,0.6,284,170,60.0
657,2-s2.0-105027376456,RECALL,SELF_REPORT,topical/curated,whole_diet,population,misleading,self_report,self_report,other,WhatsApp,0.4,284,114,40.0
658,2-s2.0-105027376456,RECALL,SELF_REPORT,topical/curated,whole_diet,population,misleading,self_report,self_report,other,YouTube,0.3,284,85,30.0
659,2-s2.0-105027376456,RECALL,SELF_REPORT,topical/curated,whole_diet,population,misleading,self_report,self_report,other,other,0.2,284,57,20.0
660,2-s2.0-105031067442,RECALL,SELF_REPORT,survey,whole_diet,population,misleading,self_report,self_report,health_other,multi_platform,0.3412,4314,1472,34.12
661,2-s2.0-105031731355,RECALL,SELF_REPORT,topical/curated,whole_diet,population,false,self_report,self_report,general_news,survey,0.49,51,25,49.0
662,2-s2.0-105031731355,RECALL,SELF_REPORT,topical/curated,whole_diet,population,false,self_report,self_report,general_news,survey,0.442,52,23,44.2
663,2-s2.0-105031731355,RECALL,SELF_REPORT,topical/curated,whole_diet,population,fabricated,self_report,self_report,general_news,survey,0.196,51,10,19.6
664,2-s2.0-105031731355,RECALL,SELF_REPORT,topical/curated,whole_diet,population,fabricated,self_report,self_report,general_news,survey,0.096,52,5,9.6
665,2-s2.0-105031841007,RECALL,SELF_REPORT,topical/curated,whole_diet,population,false,self_report,self_report,general_news,survey,0.2,405,81,20.0
666,2-s2.0-105032501759,CONTENT,CONTENT_CODING,topical/curated,narrow,curated_sample,misleading,researcher_coding,researcher_claim,health_other,TikTok,0.004,240,1,0.4
667,2-s2.0-105035056055,CONTENT,CONTENT_CODING,topical/curated,narrow,topical,NA,domain_list,domain_list,covid19,YouTube,0.0024,7157,17,0.24
668,2-s2.0-105035056055,CONTENT,CONTENT_CODING,topical/curated,narrow,topical,NA,domain_list,domain_list,covid19,YouTube,0.0152,30436,463,1.52
669,2-s2.0-105035056055,SHARING,BEHAVIOURAL,topical/curated,narrow,topical,NA,domain_list,domain_list,covid19,YouTube,0.029,313680,9097,2.9
670,2-s2.0-105035324985,RECALL,SELF_REPORT,survey,whole_diet,population,misleading,self_report,self_report,covid19,survey,0.2762,210,58,27.62
671,2-s2.0-105038138985,RECALL,SELF_REPORT,topical/curated,whole_diet,population,false,self_report,self_report,covid19,survey,0.83,1317,1093,83.0
672,2-s2.0-105038138985,RECALL,SELF_REPORT,topical/curated,whole_diet,population,false,self_report,self_report,covid19,survey,0.566,1317,745,56.6
673,2-s2.0-105038809389,CONTENT,CONTENT_CODING,topical/curated,narrow,topical,misleading,researcher_coding,researcher_claim,health_other,Instagram,0.057,1201,68,5.7
674,2-s2.0-105040346162,RECALL,SELF_REPORT,topical/curated,whole_diet,population,false,self_report,self_report,general_news,multi_platform,0.224,420,94,22.4
675,2-s2.0-105040346162,RECALL,SELF_REPORT,topical/curated,whole_diet,population,false,self_report,self_report,general_news,multi_platform,0.307,420,129,30.7
676,2-s2.0-105040997538,RECALL,SELF_REPORT,survey,whole_diet,population,misleading,self_report,self_report,health_other,multi_platform,0.816,4741,3869,81.6
677,2-s2.0-105040997538,RECALL,SELF_REPORT,survey,whole_diet,population,misleading,self_report,self_report,health_other,multi_platform,0.364,4741,1726,36.4
678,2-s2.0-42649109723,CONTENT,CONTENT_CODING,topical/curated,narrow,topical,false,researcher_coding,researcher_claim,health_other,other,0.5,306,153,50.0
679,2-s2.0-84863599686,CONTENT,CONTENT_CODING,topical/curated,narrow,topical,misleading,researcher_coding,researcher_claim,health_other,other,1.0,41,41,100.0
680,2-s2.0-84863599686,CONTENT,CONTENT_CODING,topical/curated,narrow,topical,false,researcher_coding,researcher_claim,health_other,other,0.24,41,10,24.0
681,2-s2.0-84863599686,CONTENT,CONTENT_CODING,topical/curated,narrow,topical,false,researcher_coding,researcher_claim,health_other,other,0.24,41,10,24.0
682,2-s2.0-84903975957,RECALL,SELF_REPORT,topical/curated,whole_diet,population,false,self_report,self_report,other,multi_platform,0.678,171,116,67.8
683,2-s2.0-84903975957,RECALL,SELF_REPORT,topical/curated,whole_diet,population,false,self_report,self_report,other,multi_platform,0.947,171,162,94.7
684,2-s2.0-84908440181,CONTENT,CONTENT_CODING,topical/curated,narrow,topical,false,researcher_coding,researcher_claim,health_other,Twitter/X,0.555,564,313,55.5
685,2-s2.0-84908440181,SHARING,BEHAVIOURAL,topical/curated,narrow,topical,false,researcher_coding,researcher_claim,health_other,Twitter/X,0.589,248,146,58.9
686,2-s2.0-85046956316,RECALL,SELF_REPORT,topical/curated,whole_diet,population,misleading,self_report,self_report,general_news,survey,0.37,309,114,37.0
687,2-s2.0-85046956316,RECALL,SELF_REPORT,topical/curated,whole_diet,population,false,self_report,self_report,general_news,survey,0.46,309,142,46.0
688,2-s2.0-85054205007,CONTENT,CONTENT_CODING,representative,narrow,single_source,misleading,researcher_coding,researcher_claim,vaccines,Facebook,0.208,130,27,20.8
689,2-s2.0-85067547811,RECALL,SELF_REPORT,survey,whole_diet,population,false,self_report,self_report,other,multi_platform,0.12,1007,121,12.0
690,2-s2.0-85083060520,RECALL,SELF_REPORT,survey,whole_diet,population,fabricated,self_report,self_report,general_news,survey,0.36,745,268,36.0
691,2-s2.0-85083060520,RECALL,SELF_REPORT,survey,whole_diet,population,fabricated,self_report,self_report,general_news,survey,0.29,1182,343,29.0
692,2-s2.0-85083060520,RECALL,SELF_REPORT,survey,whole_diet,population,fabricated,self_report,self_report,general_news,survey,0.19,829,158,19.0
693,2-s2.0-85083635352,RECALL,SELF_REPORT,survey,whole_diet,population,false,self_report,self_report,health_other,multi_platform,0.652,451,294,65.2
694,2-s2.0-85083635352,RECALL,SELF_REPORT,survey,whole_diet,population,false,self_report,self_report,health_other,multi_platform,0.697,451,314,69.7
695,2-s2.0-85083635352,RECALL,SELF_REPORT,survey,whole_diet,population,false,self_report,self_report,vaccines,multi_platform,0.723,451,326,72.3
696,2-s2.0-85083635352,RECALL,SELF_REPORT,survey,whole_diet,population,false,self_report,self_report,vaccines,multi_platform,0.754,451,340,75.4
697,2-s2.0-85083635352,RECALL,SELF_REPORT,survey,whole_diet,population,false,self_report,self_report,health_other,multi_platform,0.106,451,48,10.6
698,2-s2.0-85083635352,RECALL,SELF_REPORT,survey,whole_diet,population,false,self_report,self_report,health_other,multi_platform,0.182,451,82,18.2
699,2-s2.0-85083635352,RECALL,SELF_REPORT,survey,whole_diet,population,false,self_report,self_report,vaccines,multi_platform,0.05,451,23,5.0
700,2-s2.0-85083635352,RECALL,SELF_REPORT,survey,whole_diet,population,false,self_report,self_report,vaccines,multi_platform,0.087,451,39,8.7
701,2-s2.0-85085263461,CONTENT,CONTENT_CODING,topical/curated,narrow,curated_sample,false,researcher_coding,researcher_claim,health_other,web_cross_platform,0.74,39,29,74.0
702,2-s2.0-85085263461,CONTENT,CONTENT_CODING,topical/curated,narrow,curated_sample,misleading,researcher_coding,researcher_claim,health_other,web_cross_platform,0.46,28,13,46.0
703,2-s2.0-85085263461,CONTENT,CONTENT_CODING,topical/curated,narrow,curated_sample,false,researcher_coding,researcher_claim,health_other,web_cross_platform,0.96,23,22,96.0
704,2-s2.0-85086037795,SHARING,BEHAVIOURAL,representative,whole_diet,population,NA,domain_list,domain_list,general_news,Facebook,0.289,678,196,28.9
705,2-s2.0-85086037795,SHARING,BEHAVIOURAL,representative,whole_diet,population,NA,domain_list,domain_list,general_news,Twitter/X,0.05,543,27,5.0
708,2-s2.0-85088839117,RECALL,SELF_REPORT,topical/curated,whole_diet,population,misleading,self_report,self_report,health_other,multi_platform,0.599,2078,1245,59.9
709,2-s2.0-85089119559,CONTENT,CONTENT_CODING,topical/curated,narrow,curated_sample,misleading,researcher_coding,researcher_claim,vaccines,other,0.175,103,18,17.5
710,2-s2.0-85089119559,CONTENT,CONTENT_CODING,topical/curated,narrow,curated_sample,misleading,researcher_coding,researcher_claim,vaccines,other,0.0,6,0,0.0
711,2-s2.0-85089119559,CONTENT,CONTENT_CODING,topical/curated,narrow,curated_sample,misleading,researcher_coding,researcher_claim,vaccines,other,0.056,36,2,5.6
712,2-s2.0-85089119559,CONTENT,CONTENT_CODING,topical/curated,narrow,curated_sample,misleading,researcher_coding,researcher_claim,vaccines,other,0.262,61,16,26.2
713,2-s2.0-85089419252,CONTENT,CONTENT_CODING,topical/curated,narrow,curated_sample,misleading,researcher_coding,researcher_claim,health_other,web_cross_platform,0.2,40,8,20.0
714,2-s2.0-85089419252,CONTENT,CONTENT_CODING,topical/curated,narrow,curated_sample,misleading,researcher_coding,researcher_claim,health_other,web_cross_platform,0.15,40,6,15.0
715,2-s2.0-85089419252,CONTENT,CONTENT_CODING,topical/curated,narrow,curated_sample,misleading,researcher_coding,researcher_claim,health_other,web_cross_platform,0.15,40,6,15.0
716,2-s2.0-85096714006,RECALL,SELF_REPORT,topical/curated,whole_diet,population,misleading,self_report,self_report,covid19,survey,0.512,451,231,51.2
717,2-s2.0-85096714006,RECALL,SELF_REPORT,topical/curated,whole_diet,population,misleading,self_report,self_report,covid19,survey,0.239,451,108,23.9
718,2-s2.0-85096714006,RECALL,SELF_REPORT,topical/curated,whole_diet,population,false,self_report,self_report,covid19,survey,0.463,451,209,46.3
719,2-s2.0-85096714006,RECALL,SELF_REPORT,topical/curated,whole_diet,population,misleading,self_report,self_report,covid19,survey,0.412,451,186,41.2
720,2-s2.0-85096714006,RECALL,SELF_REPORT,topical/curated,whole_diet,population,false,self_report,self_report,covid19,survey,0.186,451,84,18.6
721,2-s2.0-85096714006,RECALL,SELF_REPORT,topical/curated,whole_diet,population,misleading,self_report,self_report,covid19,survey,0.162,451,73,16.2
722,2-s2.0-85096714006,RECALL,SELF_REPORT,topical/curated,whole_diet,population,false,self_report,self_report,covid19,survey,0.084,451,38,8.4
723,2-s2.0-85098082326,CONTENT,CONTENT_CODING,topical/curated,narrow,topical,false,researcher_coding,researcher_claim,science_other,other,0.73,314,229,73.0
724,2-s2.0-85099634781,CONTENT,CONTENT_CODING,topical/curated,narrow,topical,false,researcher_coding,researcher_claim,covid19,multi_platform,0.07,207,14,7.0
725,2-s2.0-85100334459,RECALL,SELF_REPORT,survey,whole_diet,population,false,self_report,self_report,general_news,survey,0.876,501,439,87.6
726,2-s2.0-85100334459,RECALL,SELF_REPORT,survey,whole_diet,population,false,self_report,self_report,general_news,survey,0.066,501,33,6.6
727,2-s2.0-85100445322,CONTENT,CONTENT_CODING,topical/curated,narrow,curated_sample,misleading,researcher_coding,researcher_claim,health_other,other,0.27,100,27,27.0
728,2-s2.0-85100947948,RECALL,SELF_REPORT,survey,whole_diet,population,false,self_report,self_report,general_news,survey,0.62,480,298,62.0
729,2-s2.0-85101834091,CONTENT,CONTENT_CODING,topical/curated,narrow,curated_sample,misleading,researcher_coding,researcher_claim,health_other,YouTube,0.1228,114,14,12.28
730,2-s2.0-85101873459,CONTENT,CONTENT_CODING,topical/curated,narrow,curated_sample,misleading,researcher_coding,researcher_claim,health_other,multi_platform,0.65,20,13,65.0
731,2-s2.0-85101873459,CONTENT,CONTENT_CODING,topical/curated,narrow,curated_sample,false,researcher_coding,researcher_claim,health_other,multi_platform,0.0,20,0,0.0
732,2-s2.0-85102898157,RECALL,SELF_REPORT,survey,whole_diet,population,false,self_report,self_report,politics_elections,survey,0.651,998,650,65.1
733,2-s2.0-85102898157,RECALL,SELF_REPORT,survey,whole_diet,population,false,self_report,self_report,politics_elections,survey,0.3647,998,364,36.47
734,2-s2.0-85103851008,CONTENT,CONTENT_CODING,topical/curated,narrow,curated_sample,misleading,classifier,classifier,covid19,Twitter/X,0.214,155468,33270,21.4
735,2-s2.0-85104228138,RECALL,SELF_REPORT,survey,whole_diet,population,false,self_report,self_report,covid19,multi_platform,0.566,1043,590,56.6
736,2-s2.0-85104228138,RECALL,SELF_REPORT,survey,whole_diet,population,false,self_report,self_report,covid19,multi_platform,0.119,1043,124,11.9
737,2-s2.0-85104571399,CONTENT,CONTENT_CODING,topical/curated,narrow,curated_sample,misleading,researcher_coding,researcher_claim,health_other,YouTube,0.15,100,15,15.0
738,2-s2.0-85106448562,CONTENT,CONTENT_CODING,topical/curated,narrow,curated_sample,false,researcher_coding,researcher_claim,covid19,Facebook,0.341,615,210,34.1
739,2-s2.0-85106448562,CONTENT,CONTENT_CODING,topical/curated,narrow,curated_sample,misleading,researcher_coding,researcher_claim,covid19,Facebook,0.192,615,118,19.2
740,2-s2.0-85107205917,RECALL,SELF_REPORT,survey,whole_diet,population,fabricated,self_report,self_report,other,multi_platform,0.391,764,299,39.1
741,2-s2.0-85108453146,RECALL,SELF_REPORT,survey,whole_diet,population,false,self_report,self_report,politics_elections,survey,0.203,507,103,20.3
742,2-s2.0-85108453146,RECALL,SELF_REPORT,survey,whole_diet,population,false,self_report,self_report,politics_elections,survey,0.124,507,63,12.4
743,2-s2.0-85108453146,RECALL,SELF_REPORT,survey,whole_diet,population,false,self_report,self_report,politics_elections,survey,0.195,527,103,19.5
744,2-s2.0-85108453146,RECALL,SELF_REPORT,survey,whole_diet,population,false,self_report,self_report,politics_elections,survey,0.121,527,64,12.1
745,2-s2.0-85108512332,CONTENT,CONTENT_CODING,topical/curated,narrow,topical,misleading,researcher_coding,researcher_claim,covid19,TikTok,0.27,750,202,27.0
746,2-s2.0-85111017779,RECALL,SELF_REPORT,topical/curated,whole_diet,population,false,self_report,self_report,general_news,survey,0.022,869,19,2.2
747,2-s2.0-85112249462,RECALL,SELF_REPORT,topical/curated,whole_diet,population,misleading,self_report,self_report,covid19,survey,0.243,1397,339,24.3
748,2-s2.0-85112249462,RECALL,SELF_REPORT,topical/curated,whole_diet,population,false,self_report,self_report,covid19,survey,0.314,1397,439,31.4
749,2-s2.0-85112780522,RECALL,SELF_REPORT,survey,whole_diet,population,false,self_report,self_report,health_other,survey,0.942,2183,2056,94.2
750,2-s2.0-85112780522,RECALL,SELF_REPORT,survey,whole_diet,population,false,self_report,self_report,vaccines,survey,0.655,2100,1376,65.5
751,2-s2.0-85112780522,RECALL,SELF_REPORT,survey,whole_diet,population,false,self_report,self_report,covid19,survey,0.541,2106,1139,54.1
752,2-s2.0-85112780522,RECALL,SELF_REPORT,survey,whole_diet,population,false,self_report,self_report,covid19,survey,0.562,2108,1185,56.2
753,2-s2.0-85112780522,RECALL,SELF_REPORT,survey,whole_diet,population,false,self_report,self_report,health_other,survey,0.524,2101,1101,52.4
754,2-s2.0-85114012653,CONTENT,CONTENT_CODING,topical/curated,narrow,curated_sample,misleading,researcher_coding,researcher_claim,health_other,YouTube,0.148,155,23,14.8
755,2-s2.0-85114012653,CONTENT,CONTENT_CODING,topical/curated,narrow,curated_sample,misleading,researcher_coding,researcher_claim,health_other,YouTube,0.1,10,1,10.0
756,2-s2.0-85114336487,RECALL,SELF_REPORT,topical/curated,whole_diet,population,misleading,self_report,self_report,covid19,multi_platform,0.597,1249,746,59.7
757,2-s2.0-85114336487,RECALL,SELF_REPORT,topical/curated,whole_diet,population,misleading,self_report,self_report,covid19,multi_platform,0.225,1249,281,22.5
758,2-s2.0-85116003554,RECALL,SELF_REPORT,survey,whole_diet,population,fabricated,self_report,self_report,general_news,survey,0.462,1111,513,46.2
759,2-s2.0-85116003554,RECALL,SELF_REPORT,survey,whole_diet,population,fabricated,self_report,self_report,general_news,multi_platform,0.366,1111,407,36.6
760,2-s2.0-85116003554,RECALL,SELF_REPORT,survey,whole_diet,population,fabricated,self_report,self_report,general_news,web_cross_platform,0.372,1111,413,37.2
761,2-s2.0-85116003554,RECALL,SELF_REPORT,survey,whole_diet,population,fabricated,self_report,self_report,general_news,multi_platform,0.44,1111,489,44.0
762,2-s2.0-85117084466,RECALL,SELF_REPORT,topical/curated,whole_diet,population,false,self_report,self_report,general_news,survey,0.357,465,166,35.7
763,2-s2.0-85117084466,RECALL,SELF_REPORT,topical/curated,whole_diet,population,false,self_report,self_report,general_news,survey,0.97,465,451,97.0
764,2-s2.0-85118574992,RECALL,SELF_REPORT,topical/curated,whole_diet,population,false,self_report,self_report,general_news,survey,0.76,75,57,76.0
765,2-s2.0-85118574992,RECALL,SELF_REPORT,topical/curated,whole_diet,population,false,self_report,self_report,general_news,other,0.772,57,44,77.2
766,2-s2.0-85118574992,RECALL,SELF_REPORT,topical/curated,whole_diet,population,false,self_report,self_report,general_news,multi_platform,0.702,57,40,70.2
767,2-s2.0-85118574992,RECALL,SELF_REPORT,topical/curated,whole_diet,population,false,self_report,self_report,general_news,other,0.667,57,38,66.7
768,2-s2.0-85121464977,CONTENT,CONTENT_CODING,topical/curated,narrow,curated_sample,misleading,researcher_coding,researcher_claim,covid19,YouTube,0.625,144,90,62.5
769,2-s2.0-85122150740,RECALL,SELF_REPORT,topical/curated,whole_diet,population,false,self_report,self_report,covid19,survey,0.889,1011,899,88.9
770,2-s2.0-85122150740,RECALL,SELF_REPORT,topical/curated,whole_diet,population,false,self_report,self_report,covid19,survey,0.531,1011,537,53.1
771,2-s2.0-85122150740,RECALL,SELF_REPORT,topical/curated,whole_diet,population,false,self_report,self_report,covid19,survey,0.164,1011,166,16.4
772,2-s2.0-85122546153,CONTENT,CONTENT_CODING,topical/curated,narrow,curated_sample,misleading,researcher_coding,domain_list,health_other,web_cross_platform,0.75,12,9,75.0
773,2-s2.0-85122546153,CONTENT,CONTENT_CODING,topical/curated,narrow,curated_sample,misleading,researcher_coding,researcher_claim,health_other,web_cross_platform,0.6,10,6,60.0
774,2-s2.0-85123882276,CONTENT,CONTENT_CODING,topical/curated,narrow,curated_sample,misleading,researcher_coding,researcher_claim,health_other,multi_platform,0.25,20,5,25.0
775,2-s2.0-85125589301,CONTENT,CONTENT_CODING,topical/curated,narrow,curated_sample,misleading,researcher_coding,researcher_claim,health_other,TikTok,0.3607,61,22,36.07
776,2-s2.0-85126342062,CONTENT,CONTENT_CODING,topical/curated,narrow,curated_sample,false,researcher_coding,researcher_claim,health_other,Twitter/X,0.018,227,4,1.8
777,2-s2.0-85126609259,SHARING,BEHAVIOURAL,topical/curated,narrow,topical,NA,domain_list,domain_list,covid19,Reddit,0.05,5258,263,5.0
778,2-s2.0-85126609259,SHARING,BEHAVIOURAL,topical/curated,narrow,topical,NA,domain_list,domain_list,covid19,Reddit,0.15,2363,354,15.0
779,2-s2.0-85126609259,SHARING,BEHAVIOURAL,topical/curated,narrow,topical,NA,domain_list,domain_list,covid19,Reddit,0.0,2726,0,0.0
780,2-s2.0-85126609259,SHARING,BEHAVIOURAL,topical/curated,narrow,topical,NA,domain_list,domain_list,covid19,Reddit,0.0,1179,0,0.0
781,2-s2.0-85126609259,SHARING,BEHAVIOURAL,topical/curated,narrow,topical,NA,domain_list,domain_list,covid19,Reddit,0.1,312,31,10.0
782,2-s2.0-85126609259,SHARING,BEHAVIOURAL,topical/curated,narrow,curated_sample,NA,domain_list,domain_list,covid19,Reddit,0.25,20,5,25.0
783,2-s2.0-85127044816,CONTENT,CONTENT_CODING,topical/curated,narrow,curated_sample,false,researcher_coding,researcher_claim,science_other,other,0.064,5858,375,6.4
784,2-s2.0-85127315618,CONTENT,CONTENT_CODING,topical/curated,narrow,curated_sample,misleading,researcher_coding,researcher_claim,health_other,YouTube,0.046,87,4,4.6
785,2-s2.0-85127732083,CONTENT,CONTENT_CODING,topical/curated,narrow,curated_sample,misleading,researcher_coding,researcher_claim,health_other,other,0.107,103,11,10.7
786,2-s2.0-85127732083,CONTENT,CONTENT_CODING,topical/curated,narrow,curated_sample,misleading,researcher_coding,researcher_claim,health_other,other,0.107,103,11,10.7
787,2-s2.0-85129125310,CONTENT,CONTENT_CODING,topical/curated,narrow,curated_sample,false,researcher_coding,researcher_claim,health_other,YouTube,0.179,78,14,17.9
788,2-s2.0-85130071721,CONTENT,CONTENT_CODING,topical/curated,narrow,topical,misleading,researcher_coding,researcher_claim,health_other,YouTube,0.062,161,10,6.2
789,2-s2.0-85130165220,SHARING,BEHAVIOURAL,topical/curated,narrow,topical,false,classifier,classifier,covid19,Twitter/X,0.029,43832,1271,2.9
790,2-s2.0-85131254702,CONTENT,CONTENT_CODING,topical/curated,narrow,curated_sample,misleading,researcher_coding,researcher_claim,vaccines,Twitter/X,0.091,913,83,9.1
791,2-s2.0-85131270273,RECALL,SELF_REPORT,topical/curated,whole_diet,population,misleading,self_report,self_report,covid19,survey,0.1253,1225,153,12.53
792,2-s2.0-85131270273,RECALL,SELF_REPORT,topical/curated,whole_diet,population,misleading,self_report,self_report,covid19,survey,0.1035,1225,127,10.35
793,2-s2.0-85131270273,RECALL,SELF_REPORT,topical/curated,whole_diet,population,misleading,self_report,self_report,covid19,survey,0.1078,1225,132,10.78
794,2-s2.0-85131270273,RECALL,SELF_REPORT,topical/curated,whole_diet,population,misleading,self_report,self_report,health_other,survey,0.1402,1225,172,14.02
795,2-s2.0-85131270273,RECALL,SELF_REPORT,topical/curated,whole_diet,population,misleading,self_report,self_report,health_other,survey,0.3109,1225,381,31.09
796,2-s2.0-85131270273,RECALL,SELF_REPORT,topical/curated,whole_diet,population,misleading,self_report,self_report,health_other,survey,0.2079,1225,255,20.79
797,2-s2.0-85133302916,CONTENT,CONTENT_CODING,topical/curated,narrow,topical,misleading,researcher_coding,researcher_claim,covid19,WhatsApp,0.578,232,134,57.8
798,2-s2.0-85133302916,CONTENT,CONTENT_CODING,topical/curated,narrow,topical,misleading,researcher_coding,researcher_claim,covid19,WhatsApp,0.872,232,202,87.2
799,2-s2.0-85134347861,CONTENT,CONTENT_CODING,topical/curated,narrow,topical,misleading,researcher_coding,researcher_claim,covid19,Twitter/X,0.202,1103,223,20.2
800,2-s2.0-85135381095,CONTENT,CONTENT_CODING,topical/curated,narrow,curated_sample,false,researcher_coding,researcher_claim,covid19,other,0.53,133,70,53.0
801,2-s2.0-85135381095,CONTENT,CONTENT_CODING,topical/curated,narrow,curated_sample,false,researcher_coding,researcher_claim,covid19,other,0.43,53,23,43.0
802,2-s2.0-85135381095,CONTENT,CONTENT_CODING,topical/curated,narrow,curated_sample,false,researcher_coding,researcher_claim,covid19,other,0.6,80,48,60.0
803,2-s2.0-85135381095,CONTENT,CONTENT_CODING,topical/curated,narrow,curated_sample,false,researcher_coding,researcher_claim,covid19,other,0.0,100,0,0.0
804,2-s2.0-85135857201,RECALL,SELF_REPORT,topical/curated,whole_diet,population,false,self_report,self_report,vaccines,survey,0.576,488,281,57.6
805,2-s2.0-85139242483,RECALL,SELF_REPORT,topical/curated,whole_diet,population,misleading,self_report,self_report,general_news,survey,0.7926,410,325,79.26
806,2-s2.0-85139734157,CONTENT,CONTENT_CODING,topical/curated,narrow,topical,misleading,researcher_coding,researcher_claim,health_other,other,0.26,61,16,26.0
807,2-s2.0-85139734157,CONTENT,CONTENT_CODING,topical/curated,narrow,topical,misleading,researcher_coding,researcher_claim,health_other,other,0.09,100,9,9.0
808,2-s2.0-85139734157,CONTENT,CONTENT_CODING,topical/curated,narrow,topical,misleading,researcher_coding,researcher_claim,health_other,other,0.15,98,15,15.0
809,2-s2.0-85139734157,CONTENT,CONTENT_CODING,topical/curated,narrow,topical,misleading,researcher_coding,researcher_claim,health_other,other,0.04,100,4,4.0
810,2-s2.0-85139957474,RECALL,SELF_REPORT,survey,whole_diet,population,misleading,self_report,self_report,general_news,survey,0.339,24551,8323,33.9
811,2-s2.0-85139957474,RECALL,SELF_REPORT,survey,whole_diet,population,misleading,self_report,self_report,general_news,survey,0.53,1000,530,53.0
812,2-s2.0-85139957474,RECALL,SELF_REPORT,survey,whole_diet,population,misleading,self_report,self_report,general_news,survey,0.395,1000,395,39.5
813,2-s2.0-85139957474,RECALL,SELF_REPORT,survey,whole_diet,population,misleading,self_report,self_report,general_news,survey,0.325,1000,325,32.5
814,2-s2.0-85140623057,RECALL,SELF_REPORT,survey,whole_diet,population,misleading,self_report,self_report,general_news,multi_platform,0.73,1500,1095,73.0
815,2-s2.0-85140623057,RECALL,SELF_REPORT,survey,whole_diet,population,misleading,self_report,self_report,general_news,multi_platform,0.67,1500,1005,67.0
816,2-s2.0-85140623057,RECALL,SELF_REPORT,survey,whole_diet,population,misleading,self_report,self_report,general_news,multi_platform,0.66,1500,990,66.0
817,2-s2.0-85140623057,RECALL,SELF_REPORT,survey,whole_diet,population,misleading,self_report,self_report,general_news,multi_platform,0.74,1568,1160,74.0
818,2-s2.0-85141702826,RECALL,SELF_REPORT,topical/curated,whole_diet,population,false,self_report,self_report,covid19,survey,0.831,259,215,83.1
819,2-s2.0-85142798912,RECALL,SELF_REPORT,survey,whole_diet,population,fabricated,self_report,self_report,politics_elections,survey,0.311,901,280,31.1
820,2-s2.0-85142798912,RECALL,SELF_REPORT,survey,whole_diet,population,fabricated,self_report,self_report,politics_elections,survey,0.239,901,215,23.9
821,2-s2.0-85143601086,RECALL,SELF_REPORT,survey,whole_diet,population,misleading,self_report,self_report,covid19,survey,0.46,1500,690,46.0
822,2-s2.0-85143601086,RECALL,SELF_REPORT,survey,whole_diet,population,misleading,self_report,self_report,covid19,survey,0.59,1500,885,59.0
823,2-s2.0-85143601086,RECALL,SELF_REPORT,survey,whole_diet,population,misleading,self_report,self_report,covid19,survey,0.55,1500,825,55.0
824,2-s2.0-85143601086,RECALL,SELF_REPORT,survey,whole_diet,population,misleading,self_report,self_report,covid19,survey,0.56,1568,878,56.0
825,2-s2.0-85143601086,RECALL,SELF_REPORT,survey,whole_diet,population,misleading,self_report,self_report,general_news,survey,0.22,1500,330,22.0
826,2-s2.0-85143601086,RECALL,SELF_REPORT,survey,whole_diet,population,misleading,self_report,self_report,general_news,survey,0.12,1500,180,12.0
827,2-s2.0-85143601086,RECALL,SELF_REPORT,survey,whole_diet,population,misleading,self_report,self_report,general_news,survey,0.18,1500,270,18.0
828,2-s2.0-85143601086,RECALL,SELF_REPORT,survey,whole_diet,population,misleading,self_report,self_report,general_news,survey,0.18,1568,282,18.0
829,2-s2.0-85145738265,CONTENT,CONTENT_CODING,topical/curated,narrow,curated_sample,misleading,researcher_coding,researcher_claim,health_other,YouTube,0.117,145,17,11.7
830,2-s2.0-85146080522,CONTENT,CONTENT_CODING,topical/curated,narrow,curated_sample,false,researcher_coding,researcher_claim,health_other,TikTok,0.23,36,8,23.0
831,2-s2.0-85147187174,CONTENT,CONTENT_CODING,topical/curated,narrow,curated_sample,misleading,researcher_coding,researcher_claim,covid19,YouTube,0.0213,562,12,2.13
832,2-s2.0-85147686336,CONTENT,CONTENT_CODING,topical/curated,narrow,topical,false,researcher_coding,researcher_claim,health_other,Twitter/X,0.07,1612,113,7.0
833,2-s2.0-85147686336,CONTENT,CONTENT_CODING,topical/curated,narrow,topical,false,researcher_coding,researcher_claim,health_other,Twitter/X,0.14,559,78,14.0
834,2-s2.0-85147755699,CONTENT,CONTENT_CODING,topical/curated,narrow,curated_sample,misleading,researcher_coding,researcher_claim,health_other,YouTube,0.017,453,8,1.7
835,2-s2.0-85149209612,CONTENT,CONTENT_CODING,topical/curated,narrow,curated_sample,misleading,researcher_coding,researcher_claim,health_other,YouTube,0.35,200,70,35.0
836,2-s2.0-85149209612,CONTENT,CONTENT_CODING,topical/curated,narrow,curated_sample,misleading,researcher_coding,researcher_claim,health_other,YouTube,0.453,200,91,45.3
837,2-s2.0-85149209612,CONTENT,CONTENT_CODING,topical/curated,narrow,curated_sample,misleading,researcher_coding,researcher_claim,health_other,YouTube,0.205,200,41,20.5
838,2-s2.0-85150021066,CONTENT,CONTENT_CODING,topical/curated,narrow,curated_sample,misleading,researcher_coding,researcher_claim,covid19,Twitter/X,0.01,5000,50,1.0
839,2-s2.0-85153780137,RECALL,SELF_REPORT,topical/curated,whole_diet,population,false,self_report,self_report,covid19,survey,0.588,199,117,58.8
840,2-s2.0-85154558018,REACH,BEHAVIOURAL,representative,whole_diet,population,NA,domain_list,domain_list,general_news,Reddit,0.017,3000000,51000,1.7
841,2-s2.0-85154558018,SHARING,BEHAVIOURAL,representative,whole_diet,news_diet,NA,domain_list,domain_list,general_news,Reddit,0.014,8230000,115220,1.4
842,2-s2.0-85154558018,SHARING,BEHAVIOURAL,representative,whole_diet,news_diet,NA,domain_list,domain_list,general_news,Reddit,0.065,8230000,534950,6.5
843,2-s2.0-85158874704,RECALL,SELF_REPORT,survey,whole_diet,population,fabricated,self_report,self_report,politics_elections,survey,0.035,1223,43,3.5
844,2-s2.0-85158874704,RECALL,SELF_REPORT,survey,whole_diet,population,fabricated,self_report,self_report,politics_elections,survey,0.061,1223,75,6.1
845,2-s2.0-85158874704,RECALL,SELF_REPORT,survey,whole_diet,population,fabricated,self_report,self_report,politics_elections,survey,0.077,1156,89,7.7
846,2-s2.0-85158874704,RECALL,SELF_REPORT,survey,whole_diet,population,fabricated,self_report,self_report,politics_elections,survey,0.09,1156,104,9.0
847,2-s2.0-85159326203,RECALL,SELF_REPORT,topical/curated,whole_diet,population,false,self_report,self_report,general_news,multi_platform,0.195,359,70,19.5
848,2-s2.0-85160008311,CONTENT,CONTENT_CODING,topical/curated,narrow,topical,misleading,researcher_coding,researcher_claim,covid19,Twitter/X,0.971,68,66,97.1
849,2-s2.0-85161897232,RECALL,SELF_REPORT,topical/curated,whole_diet,population,false,self_report,self_report,covid19,survey,0.55,1823,1003,55.0
850,2-s2.0-85163914263,CONTENT,CONTENT_CODING,topical/curated,narrow,curated_sample,misleading,researcher_coding,researcher_claim,health_other,YouTube,0.056,143,8,5.6
851,2-s2.0-85169998829,SHARING,BEHAVIOURAL,topical/curated,narrow,topical,false,classifier,classifier,covid19,Twitter/X,0.57,487141,277670,57.0
852,2-s2.0-85169998829,SHARING,BEHAVIOURAL,topical/curated,narrow,topical,false,classifier,classifier,covid19,Twitter/X,0.55,214159,117787,55.0
853,2-s2.0-85170646255,CONTENT,CONTENT_CODING,topical/curated,narrow,curated_sample,false,researcher_coding,researcher_claim,health_other,TikTok,0.228,136,31,22.8
854,2-s2.0-85170646255,CONTENT,CONTENT_CODING,topical/curated,narrow,curated_sample,false,researcher_coding,researcher_claim,health_other,YouTube,0.106,75,8,10.6
855,2-s2.0-85172171076,SHARING,BEHAVIOURAL,topical/curated,narrow,curated_sample,NA,domain_list,domain_list,vaccines,Facebook,0.5,261,130,50.0
856,2-s2.0-85172171076,SHARING,BEHAVIOURAL,topical/curated,narrow,curated_sample,NA,domain_list,domain_list,vaccines,Facebook,0.002,190,0,0.2
857,2-s2.0-85173521631,CONTENT,CONTENT_CODING,topical/curated,narrow,curated_sample,misleading,researcher_coding,researcher_claim,health_other,Twitter/X,0.44,100,44,44.0
858,2-s2.0-85173876735,RECALL,SELF_REPORT,survey,whole_diet,population,false,self_report,self_report,covid19,survey,0.37,1045,387,37.0
859,2-s2.0-85173876735,RECALL,SELF_REPORT,survey,whole_diet,population,false,self_report,self_report,covid19,survey,0.3,1045,314,30.0
860,2-s2.0-85173876735,RECALL,SELF_REPORT,survey,whole_diet,population,false,self_report,self_report,covid19,survey,0.11,1045,115,11.0
861,2-s2.0-85173876735,RECALL,SELF_REPORT,survey,whole_diet,population,false,self_report,self_report,covid19,survey,0.03,1045,31,3.0
862,2-s2.0-85174641364,CONTENT,CONTENT_CODING,topical/curated,narrow,topical,false,researcher_coding,researcher_claim,health_other,Twitter/X,0.149,504,75,14.9
863,2-s2.0-85175983241,RECALL,SELF_REPORT,topical/curated,whole_diet,population,false,self_report,self_report,covid19,survey,0.523,214,112,52.3
864,2-s2.0-85180239525,SHARING,BEHAVIOURAL,topical/curated,narrow,curated_sample,misleading,classifier,classifier,other,Twitter/X,0.23,653,150,23.0
865,2-s2.0-85188303314,CONTENT,CONTENT_CODING,topical/curated,narrow,curated_sample,misleading,fact_checker,factcheck_claim,war_geopolitics,other,0.547,128,70,54.7
866,2-s2.0-85188303314,CONTENT,CONTENT_CODING,topical/curated,narrow,curated_sample,false,fact_checker,factcheck_claim,war_geopolitics,other,0.32,128,41,32.0
867,2-s2.0-85188358632,CONTENT,CONTENT_CODING,topical/curated,narrow,topical,false,classifier,classifier,vaccines,Twitter/X,0.273,1683700,459650,27.3
868,2-s2.0-85188840472,CONTENT,CONTENT_CODING,topical/curated,narrow,topical,false,researcher_coding,researcher_claim,health_other,Twitter/X,0.14,1762,247,14.0
869,2-s2.0-85189042631,RECALL,SELF_REPORT,topical/curated,whole_diet,population,false,self_report,self_report,covid19,survey,0.9298,399,371,92.98
870,2-s2.0-85197220523,CONTENT,CONTENT_CODING,topical/curated,narrow,curated_sample,false,researcher_coding,researcher_claim,health_other,web_cross_platform,0.308,39,12,30.8
871,2-s2.0-85201115057,RECALL,SELF_REPORT,topical/curated,whole_diet,population,fabricated,self_report,self_report,politics_elections,Facebook,0.1667,96,16,16.67
872,2-s2.0-85201115057,RECALL,SELF_REPORT,topical/curated,whole_diet,population,fabricated,self_report,self_report,politics_elections,Facebook,0.2615,65,17,26.15
873,2-s2.0-85201115057,RECALL,SELF_REPORT,topical/curated,whole_diet,population,fabricated,self_report,self_report,politics_elections,Facebook,0.0794,126,10,7.94
874,2-s2.0-85201115057,RECALL,SELF_REPORT,topical/curated,whole_diet,population,fabricated,self_report,self_report,politics_elections,Facebook,0.1698,265,45,16.98
875,2-s2.0-85201115057,RECALL,SELF_REPORT,topical/curated,whole_diet,population,fabricated,self_report,self_report,politics_elections,Facebook,0.2115,383,81,21.15
876,2-s2.0-85201115057,RECALL,SELF_REPORT,topical/curated,whole_diet,population,fabricated,self_report,self_report,politics_elections,Facebook,0.2923,65,19,29.23
877,2-s2.0-85201115057,RECALL,SELF_REPORT,topical/curated,whole_diet,population,fabricated,self_report,self_report,politics_elections,Facebook,0.2917,96,28,29.17
878,2-s2.0-85201115057,RECALL,SELF_REPORT,topical/curated,whole_diet,population,fabricated,self_report,self_report,politics_elections,Facebook,0.3385,65,22,33.85
879,2-s2.0-85201115057,RECALL,SELF_REPORT,topical/curated,whole_diet,population,fabricated,self_report,self_report,politics_elections,Facebook,0.119,126,15,11.9
880,2-s2.0-85201115057,RECALL,SELF_REPORT,topical/curated,whole_diet,population,fabricated,self_report,self_report,politics_elections,Facebook,0.283,265,75,28.3
881,2-s2.0-85201115057,RECALL,SELF_REPORT,topical/curated,whole_diet,population,fabricated,self_report,self_report,politics_elections,Facebook,0.2715,383,104,27.15
882,2-s2.0-85201115057,RECALL,SELF_REPORT,topical/curated,whole_diet,population,fabricated,self_report,self_report,politics_elections,Facebook,0.5077,65,33,50.77
883,2-s2.0-85205142420,RECALL,SELF_REPORT,survey,whole_diet,population,false,self_report,self_report,general_news,survey,0.892,1350,1204,89.2
884,2-s2.0-85205142420,RECALL,SELF_REPORT,survey,whole_diet,population,false,self_report,self_report,general_news,survey,0.259,1350,350,25.9
885,2-s2.0-85205142420,RECALL,SELF_REPORT,survey,whole_diet,population,false,self_report,self_report,general_news,multi_platform,0.548,1350,740,54.8
886,2-s2.0-85205142420,RECALL,SELF_REPORT,survey,whole_diet,population,false,self_report,self_report,general_news,survey,0.1,1350,135,10.0
887,2-s2.0-85205336320,RECALL,SELF_REPORT,survey,whole_diet,population,misleading,self_report,self_report,health_other,multi_platform,0.36,4246,1529,36.0
888,2-s2.0-85214082693,RECALL,SELF_REPORT,topical/curated,whole_diet,population,false,self_report,self_report,general_news,survey,0.27,196,53,27.0
889,2-s2.0-85214082693,RECALL,SELF_REPORT,topical/curated,whole_diet,population,false,self_report,self_report,general_news,survey,0.365,205,75,36.5
890,2-s2.0-85214082693,RECALL,SELF_REPORT,topical/curated,whole_diet,population,false,self_report,self_report,general_news,survey,0.259,27,7,25.9
891,2-s2.0-85214082693,RECALL,SELF_REPORT,topical/curated,whole_diet,population,false,self_report,self_report,other,survey,0.315,428,135,31.5
892,2-s2.0-85215601689,CONTENT,CONTENT_CODING,topical/curated,narrow,curated_sample,misleading,researcher_coding,researcher_claim,health_other,TikTok,0.33,319,105,33.0
893,2-s2.0-86000309569,CONTENT,CONTENT_CODING,topical/curated,narrow,topical,false,researcher_coding,researcher_claim,health_other,Twitter/X,0.492,9511,4679,49.2
894,2-s2.0-86000309569,CONTENT,CONTENT_CODING,topical/curated,narrow,topical,false,researcher_coding,researcher_claim,health_other,Twitter/X,0.018,10062,181,1.8
895,2-s2.0-105004472114,RECALL,SELF_REPORT,survey,whole_diet,population,NA,researcher_coding,researcher_claim,general_news,survey,0.065,3240,211,6.5
896,2-s2.0-105004472114,RECALL,SELF_REPORT,survey,whole_diet,population,NA,researcher_coding,researcher_claim,general_news,survey,0.1,3240,324,10.0
900,scholar_02,CONTENT,CONTENT_CODING,representative,narrow,curated_sample,NA,domain_list,domain_list,general_news,Bing,0.014,1,0,1.4
901,scholar_02,CONTENT,CONTENT_CODING,representative,narrow,curated_sample,NA,domain_list,domain_list,general_news,Bing,0.009,12,0,0.9
902,scholar_02,CONTENT,CONTENT_CODING,representative,narrow,curated_sample,NA,domain_list,domain_list,general_news,Bing,0.012,1,0,1.2
903,scholar_02,CONTENT,CONTENT_CODING,representative,narrow,curated_sample,NA,domain_list,domain_list,general_news,Bing,0.012,12,0,1.2
904,scholar_04,REACH,BEHAVIOURAL,representative,whole_diet,population,NA,domain_list,domain_list,general_news,web_cross_platform,0.165,1069,176,16.5
905,scholar_04,REACH,BEHAVIOURAL,representative,whole_diet,population,NA,domain_list,domain_list,general_news,web_cross_platform,0.065,1069,69,6.5
908,scholar_04,REACH,BEHAVIOURAL,representative,whole_diet,population,NA,domain_list,domain_list,general_news,web_cross_platform,0.026,1069,28,2.6
929,2-s2.0-85089622030,CONTENT,CONTENT_CODING,topical/curated,narrow,topical,false,researcher_coding,researcher_claim,covid19,multi_platform,0.319,2102,671,31.9
931,2-s2.0-85163154882,SHARING,BEHAVIOURAL,representative,narrow,curated_sample,NA,researcher_coding,domain_list,politics_elections,other,0.22,182,40,22.0
933,2-s2.0-85182846541,SHARING,BEHAVIOURAL,topical/curated,other,unspecified,NA,domain_list,domain_list,covid19,Twitter/X,0.019,5300000,100700,1.9
934,W4306964957,SHARING,BEHAVIOURAL,representative,other,unspecified,NA,domain_list,domain_list,politics_elections,multi_platform,0.50582,945,478,50.582
935,W4306964957,SHARING,BEHAVIOURAL,representative,other,unspecified,false,fact_checker,factcheck_claim,politics_elections,multi_platform,0.014815,945,14,1.482
936,W4306964957,SHARING,BEHAVIOURAL,representative,other,unspecified,false,fact_checker,factcheck_claim,politics_elections,multi_platform,0.154497,945,146,15.45
937,2-s2.0-105029521599,SHARING,BEHAVIOURAL,representative,other,unspecified,NA,domain_list,domain_list,politics_elections,Facebook,0.056,4787,268,5.6
938,2-s2.0-85059494932,SHARING,BEHAVIOURAL,topical/curated,narrow,curated_sample,NA,domain_list,domain_list,general_news,Twitter/X,0.25,30,8,25.0
939,2-s2.0-85124307830,RECALL,SELF_REPORT,survey,other,unspecified,false,self_report,self_report,covid19,survey,0.443,18314,8113,44.3
940,2-s2.0-85124307830,RECALL,SELF_REPORT,survey,other,unspecified,false,self_report,self_report,covid19,survey,0.349,18314,6392,34.9
941,2-s2.0-85164339474,CONTENT,CONTENT_CODING,topical/curated,narrow,curated_sample,false,fact_checker,factcheck_claim,covid19,other,0.0756,939,71,7.56
942,2-s2.0-85172813494,RECALL,SELF_REPORT,survey,other,unspecified,false,self_report,self_report,politics_elections,survey,0.638,1003,640,63.8
943,2-s2.0-85173913530,CONTENT,CONTENT_CODING,topical/curated,narrow,curated_sample,misleading,researcher_coding,researcher_claim,health_other,YouTube,0.22,142,31,22.0
944,PMID-42295743,CONTENT,CONTENT_CODING,topical/curated,narrow,curated_sample,misleading,researcher_coding,researcher_claim,health_other,multi_platform,0.181,562,102,18.1
945,2-s2.0-85124823821,RECALL,SELF_REPORT,topical/curated,other,unspecified,misleading,self_report,self_report,covid19,multi_platform,0.123,1061,131,12.3
946,2-s2.0-105021733739,SHARING,BEHAVIOURAL,representative,narrow,curated_sample,NA,researcher_coding,domain_list,politics_elections,Reddit,0.04,220,9,4.0
947,2-s2.0-85055756722,RECALL,SELF_REPORT,survey,other,unspecified,misleading,self_report,self_report,politics_elections,survey,0.677,1210,819,67.7
948,2-s2.0-85083965254,SHARING,BEHAVIOURAL,representative,narrow,single_source,false,researcher_coding,researcher_claim,health_other,Facebook,0.143,6483888,927196,14.3
949,2-s2.0-85100218180,CONTENT,CONTENT_CODING,topical/curated,other,unspecified,NA,domain_list,domain_list,covid19,Twitter/X,0.003,67602036,202806,0.3
950,2-s2.0-85186874194,CONTENT,CONTENT_CODING,topical/curated,narrow,curated_sample,misleading,researcher_coding,researcher_claim,health_other,TikTok,0.36,136,49,36.0
951,2-s2.0-85215303159,SHARING,BEHAVIOURAL,representative,other,unspecified,NA,domain_list,domain_list,vaccines,multi_platform,0.114,95230911,10856324,11.4
952,OA-W4407797130,RECALL,SELF_REPORT,survey,other,unspecified,false,self_report,self_report,covid19,survey,0.8513,800,681,85.13
953,OA-W4407797130,RECALL,SELF_REPORT,survey,other,unspecified,false,self_report,self_report,war_geopolitics,survey,0.4475,800,358,44.75
954,2-s2.0-85086160482,CONTENT,CONTENT_CODING,topical/curated,narrow,curated_sample,false,researcher_coding,researcher_claim,health_other,Google Search,0.04,50,2,4.0
955,2-s2.0-85086160482,CONTENT,CONTENT_CODING,topical/curated,narrow,curated_sample,false,researcher_coding,researcher_claim,health_other,YouTube,0.06,31,2,6.0
956,2-s2.0-85138494787,SHARING,BEHAVIOURAL,topical/curated,narrow,curated_sample,misleading,researcher_coding,researcher_claim,covid19,Twitter/X,0.038,578763,21993,3.8
957,2-s2.0-85160008311,CONTENT,CONTENT_CODING,topical/curated,narrow,curated_sample,misleading,researcher_coding,researcher_claim,covid19,Twitter/X,0.621,517,321,62.1
958,2-s2.0-85174615177,SHARING,BEHAVIOURAL,topical/curated,narrow,curated_sample,misleading,researcher_coding,researcher_claim,health_other,TikTok,0.048,723,35,4.8
960,2-s2.0-85194733750,EXPOSURE,BEHAVIOURAL,representative,other,unspecified,NA,domain_list,domain_list,politics_elections,Twitter/X,0.0166,664391,11029,1.66
961,SEED-cordonnier2021,REACH,BEHAVIOURAL,representative,other,unspecified,NA,domain_list,domain_list,politics_elections,web_cross_platform,0.094,2372,223,9.4
962,SEED-cordonnier2021,REACH,BEHAVIOURAL,representative,other,unspecified,NA,domain_list,domain_list,health_other,web_cross_platform,0.185,1614,299,18.5
963,W3138656580,CONTENT,CONTENT_CODING,topical/curated,narrow,curated_sample,false,researcher_coding,researcher_claim,vaccines,TikTok,0.43,35338600,15195598,43.0
969,2-s2.0-105039619015,EXPOSURE,BEHAVIOURAL,representative,whole_diet,news_diet,NA,domain_list,domain_list,general_news,web_cross_platform,0.0034,1238,4,0.34
970,W3033912864,REACH,BEHAVIOURAL,topical/curated,whole_diet,population,NA,domain_list,domain_list,covid19,Twitter/X,0.0228,1077431,24565,2.28
971,W3033912864,REACH,BEHAVIOURAL,topical/curated,whole_diet,population,NA,domain_list,domain_list,covid19,Twitter/X,0.0102,255779,2609,1.02
972,W3033912864,REACH,BEHAVIOURAL,topical/curated,whole_diet,population,NA,domain_list,domain_list,covid19,Twitter/X,0.0013,89480,116,0.13
973,W3033912864,REACH,BEHAVIOURAL,topical/curated,whole_diet,population,NA,domain_list,domain_list,covid19,Twitter/X,0.004,83030,332,0.4
974,W3033912864,REACH,BEHAVIOURAL,topical/curated,whole_diet,population,NA,domain_list,domain_list,covid19,Twitter/X,0.0177,77344,1369,1.77
975,W3033912864,REACH,BEHAVIOURAL,topical/curated,whole_diet,population,NA,domain_list,domain_list,covid19,Twitter/X,0.0113,59862,676,1.13
976,W3033912864,REACH,BEHAVIOURAL,topical/curated,whole_diet,population,NA,domain_list,domain_list,covid19,Twitter/X,0.0116,52526,609,1.16
977,W3033912864,REACH,BEHAVIOURAL,topical/curated,whole_diet,population,NA,domain_list,domain_list,covid19,Twitter/X,0.0129,26308,339,1.29
978,W3033912864,REACH,BEHAVIOURAL,topical/curated,whole_diet,population,NA,domain_list,domain_list,covid19,Twitter/X,0.0017,22869,39,0.17
979,W3033912864,REACH,BEHAVIOURAL,topical/curated,whole_diet,population,NA,domain_list,domain_list,covid19,Twitter/X,0.0043,19486,84,0.43
980,W3033912864,REACH,BEHAVIOURAL,topical/curated,whole_diet,population,NA,domain_list,domain_list,covid19,Twitter/X,0.0379,2088187,79142,3.79
981,W3033912864,REACH,BEHAVIOURAL,topical/curated,whole_diet,population,NA,domain_list,domain_list,covid19,Twitter/X,0.0151,441331,6664,1.51
982,W3033912864,REACH,BEHAVIOURAL,topical/curated,whole_diet,population,NA,domain_list,domain_list,covid19,Twitter/X,0.0079,206542,1632,0.79
983,W3033912864,REACH,BEHAVIOURAL,topical/curated,whole_diet,population,NA,domain_list,domain_list,covid19,Twitter/X,0.0012,204856,246,0.12
984,W3033912864,REACH,BEHAVIOURAL,topical/curated,whole_diet,population,NA,domain_list,domain_list,covid19,Twitter/X,0.0218,135306,2950,2.18
985,W3033912864,REACH,BEHAVIOURAL,topical/curated,whole_diet,population,NA,domain_list,domain_list,covid19,Twitter/X,0.0265,135083,3580,2.65
986,W3033912864,REACH,BEHAVIOURAL,topical/curated,whole_diet,population,NA,domain_list,domain_list,covid19,Twitter/X,0.0032,118361,379,0.32
987,W3033912864,REACH,BEHAVIOURAL,topical/curated,whole_diet,population,NA,domain_list,domain_list,covid19,Twitter/X,0.02,69699,1394,2.0
988,W3033912864,REACH,BEHAVIOURAL,topical/curated,whole_diet,population,NA,domain_list,domain_list,covid19,Twitter/X,0.0016,62147,99,0.16
989,W3033912864,REACH,BEHAVIOURAL,topical/curated,whole_diet,population,NA,domain_list,domain_list,covid19,Twitter/X,0.019,57511,1093,1.9
992,W4306964957,REACH,BEHAVIOURAL,representative,whole_diet,population,false,fact_checker,factcheck_claim,politics_elections,Twitter/X,0.154497,945,146,15.45
993,W4306964957,REACH,BEHAVIOURAL,representative,whole_diet,population,NA,domain_list,domain_list,politics_elections,Twitter/X,0.50582,945,478,50.582
994,W4306964957,REACH,BEHAVIOURAL,representative,whole_diet,population,false,fact_checker,factcheck_claim,politics_elections,Twitter/X,0.014815,945,14,1.482
995,W4306964957,SHARING,BEHAVIOURAL,representative,whole_diet,political_news,false,fact_checker,factcheck_claim,politics_elections,Twitter/X,9e-06,4032907,36,0.001
996,W4306964957,EXPOSURE,BEHAVIOURAL,representative,whole_diet,all_media,NA,domain_list,domain_list,politics_elections,Twitter/X,0.0008,4032907,3226,0.08
997,W4306964957,SHARING,BEHAVIOURAL,representative,whole_diet,political_news,NA,domain_list,domain_list,politics_elections,Twitter/X,0.009694,4032907,39095,0.969
998,W4306964957,SHARING,BEHAVIOURAL,representative,whole_diet,political_news,NA,domain_list,domain_list,politics_elections,Twitter/X,0.014197,4032907,57255,1.42
999,OA-W4407797130,RECALL,SELF_REPORT,survey,whole_diet,population,false,fact_checker,factcheck_claim,covid19,survey,0.851,800,681,85.1
1000,OA-W4407797130,RECALL,SELF_REPORT,survey,whole_diet,population,false,fact_checker,factcheck_claim,covid19,survey,0.481,800,385,48.1
1001,OA-W4407797130,RECALL,SELF_REPORT,survey,whole_diet,population,false,fact_checker,factcheck_claim,covid19,survey,0.448,800,358,44.8
1002,2-s2.0-85172813494,RECALL,SELF_REPORT,survey,whole_diet,population,misleading,fact_checker,factcheck_claim,general_news,survey,0.2901,1003,291,29.01
1003,2-s2.0-85172813494,RECALL,SELF_REPORT,survey,whole_diet,population,misleading,fact_checker,factcheck_claim,general_news,survey,0.7058,1003,708,70.58
1004,2-s2.0-85172813494,RECALL,SELF_REPORT,survey,whole_diet,population,misleading,fact_checker,factcheck_claim,general_news,survey,0.638,1003,640,63.8
1005,2-s2.0-85172813494,RECALL,SELF_REPORT,survey,whole_diet,population,misleading,fact_checker,factcheck_claim,general_news,survey,0.7068,1003,709,70.68
1006,2-s2.0-85172813494,RECALL,SELF_REPORT,survey,whole_diet,population,misleading,fact_checker,factcheck_claim,general_news,survey,0.6012,1003,603,60.12
1007,2-s2.0-85172813494,RECALL,SELF_REPORT,survey,whole_diet,population,misleading,fact_checker,factcheck_claim,general_news,survey,0.7288,1003,731,72.88
1008,2-s2.0-85136545530,RECALL,SELF_REPORT,survey,whole_diet,population,misleading,self_report,self_report,politics_elections,multi_platform,0.338,589,199,33.8
1009,2-s2.0-85136545530,RECALL,SELF_REPORT,survey,whole_diet,population,misleading,self_report,self_report,politics_elections,multi_platform,0.148,589,87,14.8
1010,2-s2.0-85136545530,RECALL,SELF_REPORT,survey,whole_diet,population,false,self_report,self_report,politics_elections,multi_platform,0.088,589,52,8.8
1011,2-s2.0-85136545530,RECALL,SELF_REPORT,survey,whole_diet,population,false,self_report,self_report,politics_elections,multi_platform,0.076,589,45,7.6
1012,2-s2.0-85136545530,RECALL,SELF_REPORT,survey,whole_diet,population,misleading,self_report,self_report,politics_elections,multi_platform,0.025,589,15,2.5
1013,W3171657220,RECALL,SELF_REPORT,topical/curated,other,unspecified,false,self_report,self_report,covid19,survey,0.629,258,162,62.9
1014,W4210350805,RECALL,SELF_REPORT,survey,other,unspecified,false,self_report,self_report,vaccines,survey,1.0,332,332,100.0
1015,W4210350805,RECALL,SELF_REPORT,survey,other,unspecified,false,self_report,self_report,vaccines,multi_platform,0.855,332,284,85.5
1016,W4210350805,RECALL,SELF_REPORT,survey,other,unspecified,false,self_report,self_report,vaccines,multi_platform,0.741,332,246,74.1
1017,W4210350805,RECALL,SELF_REPORT,survey,other,unspecified,false,self_report,self_report,vaccines,WhatsApp,0.657,332,218,65.7
1018,W4210350805,RECALL,SELF_REPORT,survey,other,unspecified,false,self_report,self_report,vaccines,Facebook,0.169,332,56,16.9
1019,W4306960737,CONTENT,CONTENT_CODING,topical/curated,narrow,curated_sample,misleading,researcher_coding,researcher_claim,health_other,YouTube,0.492,120,59,49.2
1020,W4306960737,CONTENT,CONTENT_CODING,topical/curated,narrow,curated_sample,misleading,researcher_coding,researcher_claim,health_other,YouTube,0.225,120,27,22.5
1021,W4313324568,RECALL,SELF_REPORT,topical/curated,other,unspecified,false,self_report,self_report,general_news,survey,0.252,115,29,25.2
1022,W4318617911,CONTENT,CONTENT_CODING,topical/curated,narrow,curated_sample,misleading,researcher_coding,researcher_claim,politics_elections,Twitter/X,0.317,300,95,31.7
1023,W4383851554,CONTENT,CONTENT_CODING,topical/curated,narrow,curated_sample,false,researcher_coding,researcher_claim,health_other,Instagram,0.0424,448,19,4.24
1024,W4385325063,EXPOSURE,BEHAVIOURAL,representative,other,unspecified,NA,domain_list,domain_list,general_news,Facebook,0.0076,23377,178,0.76
1025,W4389633384,CONTENT,CONTENT_CODING,topical/curated,other,unspecified,misleading,researcher_coding,researcher_claim,health_other,other,0.03,235,7,3.0
1026,W4400887711,CONTENT,CONTENT_CODING,topical/curated,narrow,curated_sample,misleading,researcher_coding,researcher_claim,health_other,TikTok,0.45,47,21,45.0
1027,W4414259328,REACH,BEHAVIOURAL,representative,other,unspecified,NA,domain_list,domain_list,politics_elections,web_cross_platform,0.396,1194,473,39.6
1028,W4414351820,RECALL,SELF_REPORT,survey,other,unspecified,false,self_report,self_report,politics_elections,survey,0.577,475,274,57.7
1029,W4417119300,CONTENT,CONTENT_CODING,topical/curated,narrow,curated_sample,false,researcher_coding,researcher_claim,health_other,YouTube,0.106,104,11,10.6
1030,W7117302408,RECALL,SELF_REPORT,topical/curated,other,unspecified,misleading,self_report,self_report,politics_elections,survey,0.69,371,256,69.0
1031,W7162938155,CONTENT,CONTENT_CODING,topical/curated,narrow,curated_sample,misleading,researcher_coding,researcher_claim,politics_elections,multi_platform,0.23,5385,1239,23.0
1032,W7163821603,RECALL,SELF_REPORT,topical/curated,other,unspecified,misleading,self_report,self_report,health_other,survey,0.71,24,17,71.0
1033,W7166447493,CONTENT,CONTENT_CODING,topical/curated,narrow,curated_sample,false,researcher_coding,researcher_claim,health_other,multi_platform,0.92,150,138,92.0
1034,W7168027278,RECALL,SELF_REPORT,topical/curated,other,unspecified,misleading,self_report,self_report,other,survey,0.75,500,375,75.0
1035,W7168027278,RECALL,SELF_REPORT,topical/curated,other,unspecified,misleading,self_report,self_report,other,survey,0.128,500,64,12.8
1036,W7170181457,CONTENT,CONTENT_CODING,topical/curated,other,unspecified,misleading,researcher_coding,researcher_claim,health_other,YouTube,0.0,98,0,0.0
1037,W7170181457,CONTENT,CONTENT_CODING,topical/curated,narrow,curated_sample,misleading,researcher_coding,researcher_claim,health_other,YouTube,0.0,23,0,0.0
1038,W7170181457,CONTENT,CONTENT_CODING,topical/curated,other,unspecified,misleading,researcher_coding,researcher_claim,health_other,TikTok,0.01,222,2,1.0
1039,W7170181457,CONTENT,CONTENT_CODING,topical/curated,narrow,curated_sample,misleading,researcher_coding,researcher_claim,health_other,TikTok,0.03,52,2,3.0
1044,W7171843315,CONTENT,CONTENT_CODING,topical/curated,other,unspecified,false,researcher_coding,researcher_claim,health_other,other,0.413,480,198,41.3
1045,2-s2.0-85145196122,CONTENT,CONTENT_CODING,topical/curated,narrow,topical,false,fact_checker,factcheck_claim,covid19,Twitter/X,0.011,957,11,1.1
1046,2-s2.0-85145196122,CONTENT,CONTENT_CODING,topical/curated,narrow,topical,false,fact_checker,factcheck_claim,covid19,Other,0.003,720,2,0.3
1047,2-s2.0-105004472114,RECALL,SELF_REPORT,survey,whole_diet,population,NA,researcher_coding,researcher_claim,general_news,survey,0.658,3240,2132,65.8
