row_key,item_id,our_construct,our_value_pct,our_denominator,flag,confidence
2-s2.0-0032975127#0,2-s2.0-0032975127,CONTENT,6,342 responses made to a systematic sample of 155 primary posts on the MGH Neurology Epilepsy Webforum,"loc: Abstract p. 30 and Results p. 32, final paragraph; Systematic sample (every seventh primary post) of one hospital-hosted epilepsy web forum, hence denom_selection=single_source and topic=health_other (epilepsy). Data collection ran March 1995-February 1997; the midpoint year 1996 is recorded in 'year'. The paper is internally inconsistent about the response denominator: Methods says 372 associated responses, Abstract and Results say 342 responses; 21/342 = 6.1% matches the stated 6%, so 342 is used. Discussion phrases the same figure as 'less than 6% of the answers to questions were objectively inaccurate'. Authors note the true amount is likely higher because only objective statements of fact were scrutinised.",high
2-s2.0-105008921175#1,2-s2.0-105008921175,SHARING,34.4,"All hyperlink shares in socio-environmental messages collected from 467 far-right WhatsApp groups and 136 Telegram groups/channels in Brazil (26,152 links from 2226 domains extracted; 1015 domains shared >10 times, amounting to 24,179 links, were manually categorised)","loc: Results and Discussion, section 'Disinformation and the Social Media Ecosystem', p. 15-16; restated in discussion p. 17 ('34.4% of shared links | 193 sites'); INTERNAL INCONSISTENCY in the paper: the methods say 24,179 links (from 1015 domains) were categorised, but 23,081 junk-news shares are reported as 34.4% of total, which implies a denominator of about 67,100 link shares. The wording 'Considering all messages with a hyperlink' suggests the denominator is hyperlink-carrying message shares rather than the deduplicated link set. Value_pct is taken verbatim; the denominator size is therefore uncertain, hence confidence medium. Groups were purposively selected as far-right political groups, so this is a share of links shared inside a far-right ecosystem, not a platform-wide estimate. Corpus filtered by socio-environmental keywords across four issue clusters (climate/energy, land use/agribusiness, indigenous communities, fires/deforestation), hence denom_scope topical with denom_selection curated (only domains shared >10 times were coded).",medium
2-s2.0-105009546063#2,2-s2.0-105009546063,RECALL,41,"2,765 US adults, online nonprobability panel (PureSpectrum) with quotas for gender, race, age and region, poststratification-weighted to US Census benchmarks","loc: Results, p. 3 (Fig. 1); Percentages are weighted; the unweighted subsample who had heard this theory is n = 1,081 (39.1% of 2,765), consistent with 41% after poststratification weighting.",high
2-s2.0-105009546063#3,2-s2.0-105009546063,RECALL,53,"2,765 US adults, online nonprobability panel (PureSpectrum) with quotas for gender, race, age and region, poststratification-weighted to US Census benchmarks","loc: Results, p. 3 (Fig. 1); Second of the two conspiracy narratives measured in the same sample; definition_variant=true relative to the right-leaning row (same country x survey cell, different narrative). Unweighted subsample who had heard it: n = 1,348 (48.8% of 2,765).",high
2-s2.0-105009546063#4,2-s2.0-105009546063,RECALL,53,"Respondents who had heard the right-leaning conspiracy theory (41% of the 2,765-person sample; unweighted n = 1,081)","loc: Results, p. 3 (Fig. 2); Channel share conditional on having heard the rumor, not a share of the full sample. denom_scope=population per the survey rule.",high
2-s2.0-105009546063#5,2-s2.0-105009546063,RECALL,32,"Respondents who had heard the right-leaning conspiracy theory (41% of the 2,765-person sample; unweighted n = 1,081)","loc: Results, p. 3 (Fig. 2); Offline interpersonal channel; platform_norm=other because interpersonal ties are not in the platform list.",high
2-s2.0-105009546063#6,2-s2.0-105009546063,RECALL,28,"Respondents who had heard the right-leaning conspiracy theory (41% of the 2,765-person sample; unweighted n = 1,081)","loc: Results, p. 3 (Fig. 2); Offline/broadcast channel; platform_norm=other.",high
2-s2.0-105009546063#7,2-s2.0-105009546063,RECALL,52,"Respondents who had heard the left-leaning conspiracy theory (53% of the 2,765-person sample; unweighted n = 1,348)","loc: Results, p. 3 (Fig. 2); Same channel as the right-leaning social media row but a different narrative, hence definition_variant=true.",high
2-s2.0-105009546063#8,2-s2.0-105009546063,RECALL,34,"Respondents who had heard the left-leaning conspiracy theory (53% of the 2,765-person sample; unweighted n = 1,348)","loc: Results, p. 3 (Fig. 2); Interpersonal channel for the left-leaning narrative.",high
2-s2.0-105009546063#9,2-s2.0-105009546063,RECALL,21,"Respondents who had heard the left-leaning conspiracy theory (53% of the 2,765-person sample; unweighted n = 1,348)","loc: Results, p. 3 (Fig. 2); Television channel for the left-leaning narrative.",high
2-s2.0-105012981781#10,2-s2.0-105012981781,CONTENT,10.4,619 abortion-relevant comments and replies from the top 20 comments (plus their replies) under the 15 YouTube clips that had more than 10 relevant comments,"loc: Results, Content, p. 4; Table 3 (Descriptive Statistics for YouTube Videos with More Than 10 Relevant Comments, n = 619); also Abstract; Denominator is the rank-truncated top-comment set (top 20 comments plus replies per clip), restricted to comments judged relevant to abortion and to the 15 clips with more than 10 relevant comments, hence denom_selection=curated. The clip sample itself was a purposive seed set (25 clips from 275 plotlines identified via AbortionOnscreen.org and YouTube searches on official network channels). The code label is ""potential"" misinformation, but its definition is explicitly falsity-based (factually inaccurate), so this is CONTENT rather than QUALITY. Commenters' country is not verified; the country coding follows the U.S. television/network framing of the study.",high
2-s2.0-105021733739#11,2-s2.0-105021733739,SHARING,32,"Links posted in U.S.-flagged posts on 4chan /pol/ between 11 January 2019 and 25 March 2020, restricted to host domains appearing over 400 times (182 websites coded)","loc: Findings: News ecologies, compared - 'Increasing junk news as the election drew near', p. 70; Time series collapsed to the FIRST observational period (11 Jan 2019 - 25 Mar 2020) for both platform rows, because in that period both platforms' figures are expressed on the same unit ('% of links'), whereas the second-period 4chan figure is a share of websites, not links, and the second-period Reddit figure is confounded by Reddit's June 2020 ban of four large political subreddits (r/The_Donald and others), which is the chapter's own explanation of the drop. Second-period values, not extracted: 4chan 31% of websites, Reddit about 4% of links. denom_selection is curated because only host domains appearing over 400 times were coded, so rarely shared domains (which the literature associates with lower quality) are outside the denominator. denom_scope political_news: the corpus is all links in a purposively selected political space, dominated by news and YouTube links.",medium
2-s2.0-105021733739#12,2-s2.0-105021733739,SHARING,17,"Links shared in the selected U.S.-national-politics subreddits between 11 January 2019 and 25 March 2020, restricted to host domains appearing over 2,000 times (204 websites coded)","loc: Findings: News ecologies, compared - 'Increasing junk news as the election drew near', p. 70; Same first-period collapse as the 4chan row (see that row's notes). The subreddit set is a crowd-sourced list repurposed by the authors (sampling_frame curated_seed) and includes r/The_Donald, r/ChapoTrapHouse, r/RightwingLGBT and r/TheNewRight, all of which Reddit banned in June 2020 - i.e. the first-period denominator contains highly partisan spaces that no longer existed in the second period. denom_selection curated because only host domains appearing over 2,000 times were coded.",medium
2-s2.0-105024994777#13,2-s2.0-105024994777,RECALL,82,"3,841 US adults aged 18+ who use social media (Health Information National Trends Survey 6, nationally representative, survey-weighted with jackknife replicate weights)","loc: Abstract; Discussion p. 2 ('Our finding that 82% of adult social media users perceived false or misleading health information on social media'); Table 1 p. 3; 82% is stated verbatim in the Discussion, so kept under R8 (not a sum computed by the extractor). It equals the weighted 46% 'some' + 36% 'a lot' in Table 1. Perceived amount, not measured exposure; the denominator is the respondent population, so denom_scope = population. The PDF is two-column and the text extraction interleaves the columns, so the Discussion sentence containing '82%' cannot be quoted contiguously; the abstract sentence carrying the same 46%/36% components is quoted instead.",high
2-s2.0-105024994777#14,2-s2.0-105024994777,RECALL,36,"3,841 US adults aged 18+ who use social media (Health Information National Trends Survey 6, nationally representative, survey-weighted with jackknife replicate weights)","loc: Table 1, Survey-weighted descriptive statistics: Health Information National Trends Survey 6, 2022 (p. 3); Stricter threshold of the same item as the 82% row (same country x platform cell), hence definition_variant = true. Weighted 36% reported in the abstract and Table 1; unweighted 35% (1358/3841).",high
2-s2.0-105026138407#15,2-s2.0-105026138407,CONTENT,9,"98 government resources on BC's decriminalization policy (52% from provincial health authority websites, 33% BC provincial government, 15% Canadian federal government), retained from 969 records identified","loc: Results, 'Content accuracy: identifying misinformation and misleading narratives - Government resources'; also stated in the Abstract; population_scope coded 'other' because the producers are government institutions and health authorities, not individual members of the public or named politicians. Topic is drug-decriminalization policy, which straddles crime_society and health_other; crime_society chosen because the misinformation concerns criminal-law scope and enforcement. Denominator is 98 resources; note the paper elsewhere uses 77 (the dated subset) for temporal analyses only.",high
2-s2.0-105026138407#16,2-s2.0-105026138407,CONTENT,1,98 government resources on BC's decriminalization policy,"borderline; loc: Results, 'Content accuracy: identifying misinformation and misleading narratives - Government resources'; Broader-category variant of the misinformation row in the same country x platform cell, hence definition_variant = true. Flagged borderline because a wholly accurate item can receive the 'misleading' label (the category is defined as factually accurate content presented in a distorting way), which the protocol treats as closer to a quality judgement than to falsity. Full sentence: 'Minimal misleading content was identified in government resources, with only one instance (n = 1/98; 1 %) observed.' The two-column extraction splits it across interleaved lines, so only the contiguous fragment is quoted.",medium
2-s2.0-105026138407#17,2-s2.0-105026138407,CONTENT,34,"301 media articles on BC's decriminalization policy (national 37%, BC provincial 32%, international 16%, other provincial 15%; 77% news reports, 11% commentary/opinion, 13% independent/institutional), retained from 770 records identified","loc: Results, 'Content accuracy: identifying misinformation and misleading narratives'; also stated in the Abstract; Sampling frame is a single-issue keyword search of Google News, so denom_scope = topical. Duplicated/syndicated articles counted once. 318 met inclusion criteria, 17 later dropped during coding for lack of analysable content, leaving 301.",high
2-s2.0-105026138407#18,2-s2.0-105026138407,CONTENT,21,301 media articles on BC's decriminalization policy,"borderline; loc: Results, 'Content accuracy: identifying misinformation and misleading narratives'; Broader-category variant of the 34% misinformation row in the same country x platform cell, hence definition_variant = true. Borderline because the category by definition covers factually accurate content, so it sits between CONTENT falsity and a quality judgement. Misinformation and misleading content are separate codes; an article can carry both, so the two shares must not be summed.",high
2-s2.0-105026782770#19,2-s2.0-105026782770,RECALL,76,997 US adults with a breast cancer diagnosis within the past 10 years who completed the survey (Breastcancer.org online sample),"loc: Results, p. 5 (also Abstract, Results); Headline paper estimate. Denominator is the full 997 who answered some survey questions; 988 (99%) answered all misinformation items and non-answerers were coded as not exposed. population_scope coded general_public: lay adults, though a clinical (breast cancer patient) subpopulation recruited from an online patient community.",high
2-s2.0-105026782770#20,2-s2.0-105026782770,RECALL,65,997 US adults with a breast cancer diagnosis within the past 10 years who completed the survey (Breastcancer.org online sample),"loc: Results, p. 5 (also Abstract, Results); Narrower definition variant of the 76% row: risk-INCREASING claims only. Denominator 997 (65% of 997 = 648, paper states 651 [65%]; percentage taken verbatim).",high
2-s2.0-105026782770#21,2-s2.0-105026782770,RECALL,54,997 US adults with a breast cancer diagnosis within the past 10 years who completed the survey (Breastcancer.org online sample),"loc: Results, p. 5 (also Abstract, Results); Narrower definition variant of the 76% row: risk-DECREASING claims only.",high
2-s2.0-105032501759#22,2-s2.0-105032501759,CONTENT,0.4,"240 English-language TikTok videos about LASIK, LASEK or SMILE with over 1000 views, sampled a fixed number per LRS hashtag in January 2025","loc: Results, section 3.1 Video Characteristics, p. 4 of 9; also Abstract (Results) and Discussion; Denominator is curated: a fixed number of videos was taken per hashtag from the platform's search ranking, with a >1000-view threshold, so the sample is of popular topical videos rather than a random draw. The falsity judgement is a single subjective grader call with no external ground truth, so the 0.4% is a lower bound on inaccurate content by any stricter definition; the authors themselves say 'Misinformation was rarely overt; only one video was flagged as potentially harmful' but that 'omission bias was pervasive'.",high
2-s2.0-105035056055#23,2-s2.0-105035056055,CONTENT,0.24,"7,157 Italian YouTube channels that posted videos matching COVID-19 keywords (coronavirus, nCov, corona virus, corona-virus, covid, SARS-CoV) collected via the YouTube Data API","loc: Table 1, p. 5 (Methods, Data collection); Exact part/whole share from the verbatim Table 1 counts. The questionable list is a small closed set of known unreliable Italian channels, so this share is bounded below by list coverage rather than by any independent audit of all 7,157 channels.",medium
2-s2.0-105035056055#24,2-s2.0-105035056055,CONTENT,1.52,"30,436 Italian YouTube videos matching COVID-19 keywords, posted 01/12/2019-21/04/2020","loc: Table 1, p. 5 (Methods, Data collection); Exact part/whole share from the verbatim Table 1 counts.",medium
2-s2.0-105035056055#25,2-s2.0-105035056055,SHARING,8.12,"1,273,930 Italian-language comments on COVID-19 YouTube videos, posted 15/01/2020-15/06/2020","borderline; loc: Table 1, p. 5 (Methods, Data collection); Coded SHARING/content_share because the denominator is engagement acts (comments), not items that exist: the share measures how much of the commenting activity in this corpus went to questionable sources. The comments themselves were not judged for veracity; the label is inherited from the channel. borderline=true because commenting is engagement rather than resharing.",medium
2-s2.0-105035056055#26,2-s2.0-105035056055,SHARING,2.9,"313,680 commenting users with a defined leaning (96.8% of the 324,006 users in the corpus; 10,326 users with a leaning score between 0.25 and 0.75 are excluded as undefined)","borderline; loc: Methods, Misinformation labeling, p. 6; Stricter than the usual actor_share definition ('shared any'): the threshold is 75% of a user's comments on questionable channels, so this is a share of PREDOMINANT engagers, not of users who ever engaged. definition_variant=true relative to the comment-level row. Denominator excludes the 3.2% undefined users. N = 313,680 is confirmed by the chi-square line (chi2(df=1, N=313,680)) and by 324,006 - 10,326.",medium
2-s2.0-105035324985#27,2-s2.0-105035324985,RECALL,27.62,210 Canadian adults aged 60 and over recruited via a stratified Qualtrics online panel,"loc: Section 4.4.2 Responses to misinformation, p. 14; Single representative point from a four-category frequency scale. The other categories are verbatim in the same sentence/paragraph (weekly 51, 24.29%; less than once a month 43, 20.48%; never 21, 10%) but are mutually exclusive bands; a 'any exposure' share would require a complement or a cross-category sum, both barred by R8.",high
2-s2.0-105038138985#28,2-s2.0-105038138985,RECALL,83.00,"1,317 Chinese adults recruited on the Credamo crowdsourcing platform (after excluding 44 attention-check failures)","loc: Section 3.2 Descriptive statistics, p. 4; Broadest sharing definition in the paper: combines respondents who knew they had shared misinformation with those revealed as sharers by the 12-item checklist.",high
2-s2.0-105038138985#29,2-s2.0-105038138985,RECALL,56.6,"1,317 Chinese adults recruited on the Credamo crowdsourcing platform (after excluding 44 attention-check failures)","loc: Section 2.1 Transparency and openness (n = 745), Section 3.1 Analytic approach and Section 3.2 Descriptive statistics + Table 1, pp. 3-4; Exact part/whole share from two verbatim counts with the same denominator (745 of 1,317), permitted by R8. Stricter variant of the 83.00% row: sharing that the respondent had already recognised as misinformation, without the checklist prompt.",high
2-s2.0-105038809389#30,2-s2.0-105038809389,CONTENT,5.7,"1,201 publicly accessible English-language Instagram posts sampled from ten bone sarcoma-related hashtags","loc: Section 3 Results, p. 2; also Table 2 (Total row, Misinfo* 5.7%) and Abstract; Single-issue hashtag corpus, so denom_scope topical rather than curated. Mutually exclusive category coding means a post mixing personal narrative with unverified treatment claims was coded to its dominant theme; the authors flag this as a likely under-estimate of misinformation co-occurrence.",high
2-s2.0-42649109723#31,2-s2.0-42649109723,CONTENT,50,"306 popular-press articles about the 'Freshman 15' or freshman weight gain retrieved from 23 databases (19 magazine, 146 general newspaper, 141 university newspaper), out of 333 articles found in total","loc: Abstract (Results), p. 1; corroborated in Results and discussion, 'Newspaper articles about the Freshman 15', p. 8 ('about half of the newspaper articles did not debunk the Freshman 15 theory') and in Conclusions, p. 9 ('the other approximately 150 popular press articles warn readers of the fateful 15 pounds'); Value is reported qualitatively as 'half' in the abstract and repeated as 'about half of the newspaper articles did not debunk the Freshman 15 theory' in the results; taken as 50%. The denominator count of 306 is the sum of the three verbatim popular-press counts (19 + 146 + 141) reported in the abstract; the paper never prints 306 itself, and never prints the numerator count either, so this row rests on the verbatim 'half'. The paper elsewhere states a partly inconsistent figure from the opposite direction: 'This finding is reflected with accuracy by 42% of the articles published in magazine and newspapers', implying 58% rather than 50%; the complement is not extracted per R8. The paper's own approximation, 'the other approximately 150 popular press articles warn readers of the fateful 15 pounds', is consistent with roughly half of 306. Coding is by a single unblinded author with no reliability statistics, which is the main weakness.",medium
2-s2.0-84863599686#32,2-s2.0-84863599686,CONTENT,100,41 English-language commercial movies released theatrically 1990-2010 featuring at least one main character with schizophrenia (from over 70 movies viewed),"borderline; loc: Abstract (Objective), p. 655, and Discussion, p. 657-658; Value is a verbatim universal statement ('all of the movies'), converted to 100% of the 41-movie sample; no numerator count is printed. Borderline because the sampled items are fictional feature films rather than factual news or user-generated content, and because 'misinformation' here is an aggregate judgement over symptom, causation and treatment portrayals rather than a per-claim veracity rating. Denominator is 41 movies; the symptom and stereotype percentages elsewhere in the paper use 42 characters instead.",medium
2-s2.0-84863599686#33,2-s2.0-84863599686,CONTENT,24,41 English-language commercial movies released theatrically 1990-2010 featuring at least one main character with schizophrenia,"borderline; loc: Abstract (Results), p. 655, and Results, p. 657; Stricter, single-claim variant of the all-movies row in the same cell, hence definition_variant true. Verbatim count and percentage both given (N=10, 24% of 41).",high
2-s2.0-84863599686#34,2-s2.0-84863599686,CONTENT,24,41 English-language commercial movies released theatrically 1990-2010 featuring at least one main character with schizophrenia,"borderline; loc: Abstract (Results), p. 655, and Results, p. 657; Stricter, single-claim variant of the all-movies row in the same cell, hence definition_variant true. Verbatim count and percentage both given (N=10, 24% of 41). Note the 74% of movies identifying no causal factor at all is an omission category, not a false-claim category, so it is not extracted.",high
2-s2.0-84903975957#35,2-s2.0-84903975957,RECALL,67.8,"171 university students under 30 who use social media, recruited by convenience sampling on the campuses of two universities","loc: Findings, Misinformation: Awareness and Behavior; Country of data collection is not stated anywhere in the text; both authors give a Nanyang Technological University (Singapore) affiliation, so Singapore is likely but not asserted by the paper, and country_norm is left Unknown. No recall window is given. population_scope coded 'other' because it is a convenience student sample under 30, not a general-population sample. topic 'other' because the survey asked about misinformation on social media in general, not about news or a specific issue.",high
2-s2.0-84903975957#36,2-s2.0-84903975957,RECALL,94.7,"171 university students under 30 who use social media, recruited by convenience sampling on the campuses of two universities","borderline; loc: Findings, Misinformation: Awareness and Behavior; borderline=true on the construct wording: the item asks about having SEEN OTHERS SHARE misinformation, which is an encounter report (recall of exposure) but is phrased around other people's sharing rather than 'have you come across misinformation'. Coded recall_subtype=exposure because the respondent is reporting what they themselves encountered. Same country and window caveats as the sharing row.",high
2-s2.0-85046956316#37,2-s2.0-85046956316,RECALL,37,"309 UK internet users who completed an online survey (advertised via an online survey tool and snowballed from institutional mailing lists; 70.4% aged 18-25, 71% students)","loc: p. 3, section 'Surveying social media news consumption'; The abstract renders the same figure as 'one third had at some point come across fake news that they initially believed to be true'; the 37% in the results text is used. No recall window was stated ('at some point'). source_quote is truncated to a single line of the PDF's two-column layout because the running sentence is interleaved with left-column text in the extracted .txt and cannot be matched verbatim across the line break; the full sentence reads: ""37% of respondents had come across a news story, believed it to be true, then later realized that it was either exaggerated, inaccurate or blatantly false.""",high
2-s2.0-85046956316#38,2-s2.0-85046956316,RECALL,46,"309 UK internet users who completed an online survey (advertised via an online survey tool and snowballed from institutional mailing lists; 70.4% aged 18-25, 71% students)","loc: p. 3, section 'Surveying social media news consumption'; Distinct measure from the 37% row (immediately identified as fake vs initially believed then revised), not a stricter/broader variant of the same quantity, so definition_variant is false. Numerator here plainly includes satire sites, so breadth is coded 'false' rather than 'fabricated'. source_quote is truncated to a single line of the PDF's two-column layout (the running sentence is interleaved with left-column text in the extracted .txt); the full sentence reads: ""Conversely, 46% had come across a news item they immediately identified as fake, principally based on knowledge of the source as satire - 'The Onion', 'Daily Mash', or being known to exaggerate - 'because it was the Daily Mail', or again through their own reasoning and judgements of plausibility.""",high
2-s2.0-85054205007#39,2-s2.0-85054205007,CONTENT,20.8,"130 claims made in the 66 negative, hesitant or ambiguous comments (of 117 total comments by 85 unique Canadian Facebook users)","borderline; loc: Abstract (Results) and Results, 'Themes in the Negative, Hesitant, and Ambiguous Comments'; Table 1 (n=130); Denominator is the 130 claims in NON-POSITIVE comments only (the 74 claims in positive comments were coded on a separate scheme), so this is not a share of all claims posted; hence denom_selection=curated and borderline=true. The category is also mixed: 22/27 were coded inaccurate information/misperceptions but 5/27 (19%) were 'explicitly stating their belief in the credibility or accuracy of their knowledge and research', which a true claim could attract - a stricter reading would type this row QUALITY. The clean falsity share is the companion row (22/27). Data collected Dec 2013-Jan 2014; publication 2018.",medium
2-s2.0-85083060520#40,2-s2.0-85083060520,RECALL,36,745 US respondents completing both panel waves (n = 685 in the regression models),"loc: Results, 'RQ1a and b: Baseline Comparison between Countries', p. 455; Figure 1; restated in Discussion p. 461; The Results section gives the same figure as 'the fraction believing they were exposed is 36 percent'. breadth=fabricated because the respondent-facing definition specifies news produced in order to give false information (deliberate fabrication). Denominator: the paper gives n = 745 for two-wave completers and n = 685 in the logistic models; the descriptive percentage is reported without its own explicit n, so the panel-completer n is used. Weighting efficiency 99.1% (wave 1) and 90.5% (wave 2) is reported in place of a response rate.",high
2-s2.0-85083060520#41,2-s2.0-85083060520,RECALL,29,"1,182 French respondents completing both panel waves (n = 1,137 in the regression models)","loc: Results, 'RQ1a and b: Baseline Comparison between Countries', p. 455; Figure 1; The Discussion rounds this to 'just under 30 percent in France'; the Results figure of 29 percent is taken. Fieldwork straddled the 2017 French presidential election (Wave 2 after the second round).",high
2-s2.0-85083060520#42,2-s2.0-85083060520,RECALL,19,829 UK respondents completing both panel waves (n = 733 in the regression models),"loc: Results, 'RQ1a and b: Baseline Comparison between Countries', p. 455; Figure 1; Wave 2 fieldwork followed the June 2017 UK general election. All three country differences are significant at p < .001.",high
2-s2.0-85085263461#43,2-s2.0-85085263461,CONTENT,74,"39 popular depression/antidepressant websites from 10 English- or Nordic-language countries, selected from the top of Google searches","loc: Results §3.3 (p. 57); also Abstract and Table 4 row 'Chemical imbalance' 29 (74%); Whole-sample denominator (all 39 websites), so this is the paper's cleanest content-prevalence estimate. Ten countries pooled; per-country cells are in Table 4 (AUS 5/7, CA 3/3, DEN 2/2, IRE 2/3, NZ 4/6, NOR 1/2, SA 2/2, SWE 2/2, UK 2/5, USA 6/7) but were not split out because the country cells are 2-7 websites each and the paper's framing is the pooled figure.",high
2-s2.0-85085263461#44,2-s2.0-85085263461,CONTENT,46,28 of the 39 websites that informed patients about withdrawal effects caused by sudden cessation of antidepressants,"loc: Results §3.8 (p. 60); Denominator is the subset that covered withdrawal (28), not all 39.",high
2-s2.0-85085263461#45,2-s2.0-85085263461,CONTENT,96,23 of the 39 websites that mentioned 'addiction' with reference to antidepressants,"loc: Results §3.8 (p. 60); Denominator is the subset that mentioned addiction (23), not all 39. The paper separately notes 'Only one of the 39 websites (3%), from Norway, acknowledged the addictive eﬀects of antidepressants' — the complement of that whole-sample figure was not computed (R8).",high
2-s2.0-85086160482#46,2-s2.0-85086160482,CONTENT,28,"50 unique consumer-oriented websites about prostate artery embolization, from the first 20 results of each of 21 PAE-specific Google queries (420 results, 370 duplicates excluded)","borderline; loc: Table 3 'Sources containing misinformative, inaccurate, or non-evidence-based claims', Websites (Google) panel (p. 111); the same figure appears in Results 'Analysis of websites' ('inaccurate, or non-evidence-based claims were identified in 14 sources (28%)') and in the Abstract; borderline=true because the composite label mixes falsity categories (inaccurate claims 4%, misrepresentation of data 20%, unsupported 6%, exaggerated 10%) with omission/format categories (minimizing or failing to disclose risks 16%, opinions or testimonials 2%) — an otherwise wholly accurate page could be flagged for failing to disclose risks. The falsity-only subset cannot be recovered because the categories are explicitly non-exclusive, so a stricter share cannot be summed (R8 forbids cross-category sums). Subgroup by sponsor, not extracted as its own row: 'Among the 16 websites sponsored by academic institutions, 6 (38%) contained misinformative, inaccurate, or non-evidence-based claims.' The prose sentence carrying this value ('Misinformative, inaccurate, or non-evidence-based claims were identified in 14 sources (28%)') is split across the PDF's two columns in the extracted text, so the Table 3 cell is quoted instead.",high
2-s2.0-85086160482#47,2-s2.0-85086160482,CONTENT,55,"31 unique English-language consumer YouTube videos with at least 100 views about prostate artery embolization, from the first 20 results of each of 21 PAE-specific YouTube queries (420 results; 371 duplicates, 15 clinician-targeted videos and 3 low-view videos excluded)","borderline; loc: Table 3 'Sources containing misinformative, inaccurate, or non-evidence-based claims', Videos (YouTube) panel (p. 111); the same figure appears in Results 'Analysis of videos' ('17 videos (55%) contained potentially misinformative, inaccurate, or non-evidence-based claims about PAE ... p = 0.02') and in the Abstract ('Over a quarter of websites and more than half of videos contained potential misinformation, inaccuracies, or non-evidence-based claims about PAE (p = 0.02)'); borderline=true for the same composite-label reason as the website row; for videos the single largest category is 'opinions or testimonials' (9 videos, 29%), which is a format/evidence-standard judgement rather than falsity, so the strictly-false share is materially lower than 55%. Subgroup not extracted as its own row: 'Among the 15 videos produced by academic institutions, 8 (53%) contained misinformative statements.' The prose sentence carrying this value is split across the PDF's two columns in the extracted text, so the Table 3 cell is quoted instead.",high
2-s2.0-85088839117#48,2-s2.0-85088839117,RECALL,59.9,"2,078 HIV-negative cisgender men, transgender men and transgender women who have sex with men in the US Together 5000 cohort who completed the month-24 assessment by March 2020 (2,204 responses minus 126 HIV-positive participants)","loc: Results, first paragraph after sample description (manuscript p. 5); Table 1, 'Reported Seeing Ads' column, Yes n = 1245 of n = 2078; Denominator is the full analytic sample, so the 88 'I don't know' responses sit in the denominator but not the numerator. Data collection spanned Oct 2019-Mar 2020; year coded 2020 as the reporting cutoff. Population is a purposively recruited high-HIV-risk cohort of gender and sexual minority individuals, not a general-population sample, hence population_scope = other.",high
2-s2.0-85089119559#49,2-s2.0-85089119559,CONTENT,17.5,"103 analysable responses returned on the first result page by three smart assistants (Siri, Alexa, Cortana) to 10 HPV vaccine questions, after excluding nonresponses and off-topic responses from 128 total data points","loc: Table 3 'Response differences among smart assistants in terms of accuracy, evidence provided, and misinformation', p. 6; Pooled headline figure across the three retained assistants. The three device-specific rows below are the same measure split by platform (the paper's research question is precisely the between-device difference), so downstream synthesis should use either this pooled row or the three device rows, not both. Data-collection date is not reported anywhere in the text; year is the publication year, and the queries can only be dated to after 18 March 2019. source_quote is the verbatim Table 3 row (the running Results sentence is interleaved with the adjacent column in the extracted .txt and cannot be matched across line breaks); the Results text states: ""Smart assistant responses contained at least one instance of misinformation in 18 out of 103 (17.5%) responses.""",high
2-s2.0-85089119559#50,2-s2.0-85089119559,CONTENT,0,6 analysable Alexa responses (Alexa provided only one oral result per query),"loc: Table 3 'Response differences among smart assistants in terms of accuracy, evidence provided, and misinformation', p. 6; Very small denominator (6 responses from 10 queries; Alexa returned one oral result per query and did not answer all of them). Platform split of the pooled 18/103 row. source_quote is the verbatim Table 3 row (the running Results sentence is interleaved with the adjacent column in the extracted .txt and cannot be matched across line breaks); the Results text states: ""Responses by Alexa contained no misinformation""",high
2-s2.0-85089119559#51,2-s2.0-85089119559,CONTENT,5.6,36 analysable Siri responses (Siri provided five text results per query),"loc: Table 3 'Response differences among smart assistants in terms of accuracy, evidence provided, and misinformation', p. 6; Platform split of the pooled 18/103 row. source_quote is the verbatim Table 3 row (the running Results sentence is interleaved with the adjacent column in the extracted .txt and cannot be matched across line breaks); the Results text states: ""misinformation was present in 2 out of 36 (5.6%) responses by Siri""",high
2-s2.0-85089119559#52,2-s2.0-85089119559,CONTENT,26.2,61 analysable Cortana responses (Cortana provided between three and nine text or video results per query),"loc: Table 3 'Response differences among smart assistants in terms of accuracy, evidence provided, and misinformation', p. 6; Highest-misinformation device and the paper's headline contrast; 30 of Cortana's 61 responses were videos. Platform split of the pooled 18/103 row. source_quote is the verbatim Table 3 row (the running Results sentence is interleaved with the adjacent column in the extracted .txt and cannot be matched across line breaks); the Results text states: ""16 out of 61 (26.2%) responses by Cortana""",high
2-s2.0-85089419252#53,2-s2.0-85089419252,CONTENT,20,"40 unique websites offering information about patellofemoral pain, from the first 20 Google and Bing results for 'patellofemoral pain' and 'knee cap pain' (80 URLs, minus 30 duplicates, 6 not PFP-specific, 4 inactive)","loc: Abstract, Results; Results section 3.2 'Accuracy of PFP-specific content' (p. 177) and Fig. 3; Denominator is all 40 websites, including those that did not mention the domain at all ('Not mentioned' is one of the four labels). Percentages are given without raw counts in the text; 20% of 40 = 8 websites, but only the percentage is verbatim. Search was rank-truncated to the first 20 results per engine per term, hence denom_selection = curated. Country coded Australia because the search location is Melbourne; the sites themselves are English-language and mostly not Australian-domain. The results sentence 'Domains with high rates of misleading/inaccurate information were definition of PFP (20%), clinical examination (15%) and manual therapy (15%)' is split across the two PDF columns in the extracted text file, so the verbatim quote is taken from the abstract (identical figures) for the definition and clinical-examination rows and from the contiguous fragment of the results sentence for the manual-therapy row.",high
2-s2.0-85089419252#54,2-s2.0-85089419252,CONTENT,15,"40 unique websites offering information about patellofemoral pain, from the first 20 Google and Bing results for 'patellofemoral pain' and 'knee cap pain' (80 URLs, minus 30 duplicates, 6 not PFP-specific, 4 inactive)","loc: Abstract, Results; Results section 3.2 'Accuracy of PFP-specific content' (p. 177) and Fig. 3; Separate content domain from the definition row, same website denominator; the discussion restates this figure ('few websites provide accurate information regarding clinical examination (15%)'). The results sentence 'Domains with high rates of misleading/inaccurate information were definition of PFP (20%), clinical examination (15%) and manual therapy (15%)' is split across the two PDF columns in the extracted text file, so the verbatim quote is taken from the abstract (identical figures) for the definition and clinical-examination rows and from the contiguous fragment of the results sentence for the manual-therapy row.",high
2-s2.0-85089419252#55,2-s2.0-85089419252,CONTENT,15,"40 unique websites offering information about patellofemoral pain, from the first 20 Google and Bing results for 'patellofemoral pain' and 'knee cap pain' (80 URLs, minus 30 duplicates, 6 not PFP-specific, 4 inactive)","loc: Abstract, Results; Results section 3.2 'Accuracy of PFP-specific content' (p. 177) and Fig. 3; Third content domain reported verbatim in the same results sentence; same 40-website denominator. The results sentence 'Domains with high rates of misleading/inaccurate information were definition of PFP (20%), clinical examination (15%) and manual therapy (15%)' is split across the two PDF columns in the extracted text file, so the verbatim quote is taken from the abstract (identical figures) for the definition and clinical-examination rows and from the contiguous fragment of the results sentence for the manual-therapy row.",high
2-s2.0-85097561204#56,2-s2.0-85097561204,RECALL,34,"126 frontline healthcare workers (32 nurses, 94 physicians) from the ICU and Emergency Departments of the County Emergency Clinical Hospital Pius Brinzeu, Timisoara, Romania","borderline; loc: p. 5 (Section 4, Results, paragraph after Table 2); Borderline construct: the item asks about being AFFECTED by false news in professional activity, not explicitly about encountering it, so it mixes self-reported exposure with self-reported impact; coded RECALL/exposure with borderline=true and low confidence. Internal inconsistency in the paper: the Discussion states 'almost half of the participants were affected by false news in their professional activity' whereas the Results give 34% (43/126 = 34.1%); the 34% figure and the 43/83 split agree with each other, so 34 is kept. Single-hospital convenience sample (Timisoara), self-administered online, no response rate reported. Not platform-specific, so platform_norm = survey.",low
2-s2.0-85098082326#57,2-s2.0-85098082326,CONTENT,73,314 spider-related media reports published in Italian online newspapers 2010-2020 and referring to human-spider encounters in Italy,"loc: Results §3.2 Quality of media reports, p. 1151; also Abstract point 3 ('The news quality was generally poor: 70% contained different types of error, 32% were sensationalistic, and in virtually none was an expert consulted.') and Discussion §4.1 p. 1153; The paper reports two different values for the same quantity: 73% in the Results and 70% in the Abstract and Discussion. 73% is taken as the value because it is the Results-section figure; the discrepancy is unresolved in the text (73% of 314 = 229 reports, 70% = 220). Year of data collection recorded as 2020 (search/extraction period); the articles themselves span 2010-2020.",high
2-s2.0-85099634781#58,2-s2.0-85099634781,CONTENT,7,"207 posts mentioning COVID, COVID-19 or coronavirus (191 to the Inspire Us TOO Prostate Cancer community and 16 from Reddit), December 2019 to April 2020","loc: Abstract, p. 1; the count is given in the main text pp. 2-3: 'There was also discussion about COVID-19 itself, and misinformation was present in 14 posts (7%).' (quoted from the abstract because the main-text sentence is split across an OCR column break); One pooled estimate across both platforms; the paper does not break the 14 misinformation posts down by platform (191 Inspire + 16 Reddit = 207), so no per-platform rows were created. 14/207 = 6.8%, reported by the authors as 7%; the verbatim 7% is kept. Country coded Multi-country because the geographic breakdown (69% USA, 17% Canada, 6% other) applies to the Inspire contributor sample, not to the 207-post denominator; Reddit posts have no geographic data.",high
2-s2.0-85100334459#59,2-s2.0-85100334459,RECALL,87.6,"501 Spanish adults aged 18-25 interviewed online in the Netquest panel, quota-weighted to National Institute of Statistics proportions for sex, age, region and social class (sampling error +/-4.47%, 95% confidence)","loc: p. 11, section 3.3 'Dissemination of Fake News'; Table 14; Lifetime ('at some time'), not a bounded window. The scheduled sample was 500; one extra interview was carried out and included, so the achieved n is 501 and all Total columns use 501.",high
2-s2.0-85100334459#60,2-s2.0-85100334459,RECALL,6.6,"501 Spanish adults aged 18-25 interviewed online in the Netquest panel, quota-weighted to National Institute of Statistics proportions for sex, age, region and social class (sampling error +/-4.47%, 95% confidence)","loc: p. 11, section 3.3 'Dissemination of Fake News'; Table 14, Q.10; This is a KNOWING-sharing item, so it is a lower bound on self-reported sharing of misinformation generally (unwitting sharing is not asked about). Table 15 confirms the base as 33 'Individuals Who Have Knowingly Spread Fake News', consistent with 6.6% of 501.",high
2-s2.0-85100445322#61,2-s2.0-85100445322,CONTENT,27,"100 relevant pelvic organ prolapse pins, the first 100 relevant results of a Pinterest search for 'pelvic organ prolapse' (search returned more than 300 results; duplicate-link, non-linking, paywalled, unrelated and sponsored/promoted pins excluded)","loc: Results, p. e373; full sentence 'Misinformation was seen in 27 of 100 pins (score >1) and commercial bias in 36 of 100 pins (Table 1).' (quote starts mid-word because 'Mis-' falls at an OCR column break). Table 1 Secondary Outcomes, Misinformation Score (n = 100): (1) None 73, (2) Low to moderate 24, (3) Moderate 3, (4) Moderate to high 0, (5) High 0; also Discussion p. e374; 27 = 24 (score 2, low to moderate) + 3 (score 3, moderate) from Table 1, and 27 is stated verbatim in the Results, so no computed sum was needed. No pin scored above moderate. denom_selection=curated because the sample is the rank-truncated first 100 results of one search at one moment in time; the authors note that repeating the search gave slightly different top-100 sets. Sponsored and promoted pins were excluded. Country recorded as Global because the paper does not state where the search was run or restrict it geographically.",high
2-s2.0-85100947948#62,2-s2.0-85100947948,RECALL,62,"480 students aged 14-18 in the third and fourth years of compulsory secondary education and the first and second years of baccalaureate, province of Seville, Spain (target population 74,026)","loc: Figure 1 'Results of knowledge and awareness of fake news in %', p. 9 (the bar label is split around the printed percentages in the text extraction; Spanish version Figura 1, p. 22: 'Has visto una noticia en línea o en las redes sociales y has pensado que era una ""noticia falsa"" 27% 62%', translation: 'You have seen a news item online or on social media and have thought that it was a fake news item'). Supporting text, Results p. 9: 'These data are reinforced with an analysis of the response frequencies, which shows that more than 90% of the subjects say that they have heard of fake news, that they have seen fake news and thought it was fake and that they are aware that there is information that is deliberately designed to trick citizens (Figure 1).'; The value is read off Figure 1, a stacked bar chart whose segment labels are given in the legend (No, never / Probably not / I'm not sure / Most likely / Yes, for sure) while only the two largest segment percentages are printed on each bar. 62% is taken as 'Yes, for sure' and 27% as 'Most likely' from their left-to-right position on the bar and from the item mean of 4.44 (SD 0.902), which is consistent with a top category near 60%. This assignment is an inference from the figure, hence confidence medium. The share reporting ANY exposure would be 27 + 62 = 89%, but that is a cross-category sum, which R8 forbids, so it is not used; the authors' own text statement is 'more than 90%', which conflicts with 89% and is pooled across all three Scale 1 items.",medium
2-s2.0-85101834091#63,2-s2.0-85101834091,CONTENT,12.28,"114 English-language gout videos meeting inclusion criteria, from the top 60 results for each of four search terms (240 screened)","borderline; loc: Results, 'Video usefulness' (p. 1323); also Table 3 and Abstract; Denominator is the top-60-per-search-term result set for four gout keywords, hence topical plus curated. Country not stated: the search was worldwide but restricted to English-language videos, so coded Global. Data-collection year 2020 (search date), publication 2021. borderline=true because the numerator rule is 'at least one scientifically unproven information', which can in principle capture a true-but-unproven claim; the coding is nonetheless an explicit misleading-versus-accurate falsity judgment, so CONTENT rather than QUALITY. source_quote reproduces the file's hyphenated line break ('use-\nful'); the moderator_quote sentences are de-hyphenated and de-interleaved from the two-column text layout.",high
2-s2.0-85101873459#64,2-s2.0-85101873459,CONTENT,65,"20 unique articles: the top 10 by social engagement in each of two time windows, from BuzzSumo searches on 'SB 201', 'intersex', 'DSD' and 'surgery ban'","loc: Results, p. 375 (and Table 1 summary row, p. 374; Abstract Results); The text file interleaves the journal's two print columns line by line, so source_quote is the longest contiguous run in the file carrying the value. The full sentence reads: 'None of the articles were considered inaccurate. Sixty-five percent (13/20) were misleading in terms of factual accuracy.' Denominator is a curated top-engagement set (top 10 per window), not a random or full sample of SB-201 coverage, so the share is of the most-shared items and not of all items published. Coded CONTENT rather than SHARING because the denominator is articles, not shares: engagement was the selection rule, not the quantity being apportioned. Data collection spans Dec 2018-Feb 2020; year set to 2019 (bill introduction window). Topic coded health_other: the subject matter is medical accuracy about DSD surgery, framed around a legislative debate.",high
2-s2.0-85101873459#65,2-s2.0-85101873459,CONTENT,0,20 unique articles: the top 10 by social engagement in each of two time windows,"loc: Results, p. 375; Table 1 (no article carries the 'Inaccurate' code); Stricter definition variant of the 65% misleading row in the same country x platform cell: under the paper's wholly-false category the prevalence is zero. Value is 0/20, an exact part/whole from the verbatim statement 'None of the articles were considered inaccurate' and confirmed by Table 1, where no row carries the Inaccurate code, so it satisfies R8. source_quote is the longest contiguous run in the column-interleaved text file; the full sentence continues 'considered inaccurate.'",high
2-s2.0-85104228138#66,2-s2.0-85104228138,RECALL,56.6,"1,043 US adults who report using at least one social media site regularly (Lucid Academic quota panel, weighted; N = 588 answered yes)","loc: Results, 'Experiencing Correction on Social Media', p. 5-6; The .txt is a two-column extraction in which consecutive lines of one column are interleaved with the other column, so no full sentence containing the value is contiguous; source_quote is the contiguous fragment carrying the value. The full sentence reads: 'Just over half of participants reported seeing misinformation about COVID-19 on social media in the past week (56.6%), while a third reported witnessing someone else being corrected (34.1%).' Denominator is the weighted analysis sample of regular social media users; the paper reports N = 588 as the subsample who saw misinformation, consistent with 56.6% of 1,043. Breadth coded 'false' because the item wording is bare 'misinformation'; the respondent's own threshold is unknown.",high
2-s2.0-85104228138#67,2-s2.0-85104228138,RECALL,11.9,"1,043 US adults who report using at least one social media site regularly (Lucid Academic quota panel, weighted; N = 124 in the shared-misinformation regression subsample)","loc: Results, 'Experiencing Correction on Social Media', p. 5; The same quantity is also given as '12%' in the Discussion and '12.0%' in the Limitations, and the regression subsample of sharers is reported once as N = 124 (Table 1) and once as N = 136 (Table 2 text); 11.9% is the verbatim primary figure and is the one kept per R8.",high
2-s2.0-85104571399#68,2-s2.0-85104571399,CONTENT,15,"100 English-narrated YouTube videos on 'pelvic organ prolapse', the first 135 search results minus exclusions (not English n = 4, no text or audio n = 1, surgical procedure n = 8, longer than 10 minutes n = 22)","loc: Results, 'Accuracy', p. 122; Table 3 ('High Misinformation (DISCERN score >=3)', 15%); denom_selection = curated because the sample is the first 135 results of one search, rank-truncated to 100 after exclusions. The threshold is the midpoint of the scale, so 'high misinformation' includes moderate ratings; 85% low vs 15% high are the paper's own verbatim complements and only the 15% is kept as the prevalence value. Table 3 labels the misinformation rows 'DISCERN score' but the footnote clarifies '* Score of low, moderate, to high misinformation on a Likert scale', i.e. the 1-5 misinformation scale of the Methods, not DISCERN; the Methods 'Quality' paragraph also mislabels it ('low misinformation (DISCERN score <3)'). Country not stated: search location, video origin and audience are unreported, so coded Global.",medium
2-s2.0-85105199450#69,2-s2.0-85105199450,CONTENT,23,"400 randomly sampled Parler posts ('parleys') carrying #COVID19Vaccine or #NoCovidVaccine, drawn from a larger pool of ~7,000 COVID-19-vaccine parleys","borderline; loc: Abstract, p. 1; repeated in Findings section 3 (p. 5) and elaborated in section 3.3 'COVID-19 Vaccine as a Population Control Mechanism' (p. 7); Borderline for three reasons. (1) The 23% is a THEMATIC share, not a falsity judgement: posts were coded for what they were about, not graded true/false against a ground truth. The theme itself, however, is a specific false claim (microchips / enzymes in the vaccine for population control), which is why it is coded CONTENT rather than QUALITY. (2) The other four themes (vaccine refusal 40%, side effects 28%, children vaccinated without consent 5%, comparison with other diseases 2%) are NOT falsity-defined categories and were not extracted; the paper itself treats some of them as legitimate concerns ('users raise important and legitimate concerns about vaccine efficacy'). (3) No country is stated for the sampled posts; the paper's framing is U.S. (2020 U.S. election, Parler's U.S. user base), but at least one quoted parley is about Canada, so country_norm is set to Global. Year of data collection spans Nov 2020 to Jan 2021; 2020 recorded as the start year.",medium
2-s2.0-85106240847#70,2-s2.0-85106240847,CONTENT,45.0,"300 Instagram posts (the top 10 English-language posts per day for 10 days for each of #hoax, #governmentlies and #plandemic, 100 per hashtag)","borderline; loc: Discussion, p. 576, first paragraph; underlying counts in Results 'General themes' p. 574 and Table 1; Denominator choice matters here. The Results section reports theme counts against 463 THEME CODES (conspiracy theories n = 135/463, 29.1 percent), because a post could receive several themes; the Discussion reports the same themes against the 300 POSTS (general mistrust 67.6 percent, conspiracy theories 45.0 percent). The post-level figure is the interpretable one and is stated verbatim, so 45.0% is the value kept; 135/300 = 45.0% confirms it. denom_selection=curated because the sample is rank-truncated (top 10 per day) and the three hashtags span more than one issue (#hoax and #governmentlies are not COVID-specific). topic=other rather than covid19 because only 127 of the 300 posts (106 directly, 21 by implication) were COVID-19-related; the corpus is general conspiracy/authority-questioning content. No country is stated for the posts (English-language only), hence Global. Borderline for the same reason as any thematic study: posts were coded for theme, not adjudicated true/false against fact-checks.",medium
2-s2.0-85107205917#71,2-s2.0-85107205917,RECALL,39.1,"764 US online panel respondents (Qualtrics, quota-matched on age and gender) who reported being aware of deepfakes before the survey, out of 1,244 collected","loc: Method, 'Measures', Independent variables, p. 1116; The denominator is NOT the full panel: it is the 61.4% of respondents already aware of deepfakes, a screened subsample, so the figure is not a general-population share. Lifetime window, not a bounded recall period. Topic coded 'other' because the item refers to deepfakes generally, not to a named issue domain; the concern index separately covers political deepfakes.",high
2-s2.0-85108453146#72,2-s2.0-85108453146,RECALL,20.3,507 US adult social media users drawn from the Prolific research panel (Study 1),"loc: Table 1 (Demographic data: Study 1 and 2), p. 4; Table 1 reports Study 1 and Study 2 side by side; this row is the Study 1 column (N = 507). Data-collection dates are not reported anywhere in the text; year set to the publication year (2021).",high
2-s2.0-85108453146#73,2-s2.0-85108453146,RECALL,12.4,507 US adult social media users drawn from the Prolific research panel (Study 1),"loc: Table 1 (Demographic data: Study 1 and 2), p. 4; Stricter (knowing/deliberate) variant of the same Study 1 sharing measure, hence definition_variant = true.",high
2-s2.0-85108453146#74,2-s2.0-85108453146,RECALL,19.5,527 US adult social media users drawn from the Prolific research panel (Study 2),"loc: Table 1 (Demographic data: Study 1 and 2), p. 4; Second, independent sample (Study 2, partial replication). Same measure and country as row 0 but a distinct sample, hence a separate row; the source quote is the shared Table 1 line whose second column is the Study 2 value.",high
2-s2.0-85108453146#75,2-s2.0-85108453146,RECALL,12.1,527 US adult social media users drawn from the Prolific research panel (Study 2),"loc: Table 1 (Demographic data: Study 1 and 2), p. 4; Stricter (knowing/deliberate) variant of the same Study 2 sharing measure.",high
2-s2.0-85111017779#76,2-s2.0-85111017779,RECALL,2.2,"869 Malaysian online respondents aged 18-59 (self-administered Google Form survey, mostly tertiary students)","borderline; loc: Table 4, Socio-demographic profiles of the respondents (N = 869), p. 6; Borderline: the numerator is respondents who say they forward news they themselves regard as suspicious, not news verified as false, so the veracity standard is the respondent's own suspicion. The five response categories sum to 868 of 869. Data-collection dates are not stated; the questionnaire asked about experiences since January 2020 and the manuscript was received 28 February 2021, so year is set to the publication year.",medium
2-s2.0-85112780522#77,2-s2.0-85112780522,RECALL,94.2,"2,183 analysed responses from physicians and physician assistants licensed in North Carolina (2,889 unique responses received; 2,183 retained after removing largely incomplete responses and practitioners not currently practising in NC; response rate 8.9% of 24,571)","loc: Results, p. 3, first paragraph (also Abstract); Headline estimate. Table 2 reports a near-identical total, 2043 (94) of 2169, for the same item cross-tabulated by clinical specialty; not extracted as a separate row because it is the same measure on a slightly smaller cross-tab denominator. Response rate 8.9% (2183/24,571), so self-selection is a real limitation the authors acknowledge. source_quote taken from the Abstract, which is set single-column in the extracted text; the Results sentence reads: 'When asked if patients had raised MM in a clinical encounter within the past year, 94.2% (2047/2183) of respondents said yes.'",high
2-s2.0-85112780522#78,2-s2.0-85112780522,RECALL,65.5,"2,100 practitioners answering the vaccine-misinformation frequency item","loc: Results, p. 3; Table 1; Topic-specific measure with its own denominator, distinct from the headline any-misinformation item and from the other topic rows. Value stated verbatim in the Results text, not summed by the coder. source_quote is the exact line as it appears in the two-column extracted text; the full Results sentence reads: 'Misinformation related to vaccines was reported most frequently among respondents, with 65.5% (1375/2100) reporting “often” or “sometimes” encountering what they deemed to be vaccine misinformation.'",high
2-s2.0-85112780522#79,2-s2.0-85112780522,RECALL,54.1,"2,106 practitioners answering the COVID-19-origin misinformation frequency item","loc: Results, p. 3; Table 1; Topic-specific measure, value stated verbatim in the Results text. source_quote is the exact line as it appears in the two-column extracted text; the full Results sentence reads: 'Misinformation was also relatively frequent (indicated as “often” or “sometimes” compared to “rarely” or never”) on the topics of COVID-19 origin (54.1%, 1139/2106), treatment (56.2%, 1185/2108), and essential oils (52.4%, 1101/2101).'",high
2-s2.0-85112780522#80,2-s2.0-85112780522,RECALL,56.2,"2,108 practitioners answering the COVID-19-treatment misinformation frequency item","loc: Results, p. 3; Table 1; Topic-specific measure, value stated verbatim in the Results text. Distinct from the COVID-origin row (different survey item and denominator). source_quote is the exact line as it appears in the two-column extracted text; the full Results sentence reads: 'Misinformation was also relatively frequent (indicated as “often” or “sometimes” compared to “rarely” or never”) on the topics of COVID-19 origin (54.1%, 1139/2106), treatment (56.2%, 1185/2108), and essential oils (52.4%, 1101/2101).'",high
2-s2.0-85112780522#81,2-s2.0-85112780522,RECALL,52.4,"2,101 practitioners answering the essential-oils misinformation frequency item","loc: Results, p. 3; Table 1; Topic-specific measure, value stated verbatim in the Results text. source_quote is the exact fragment as it appears in the two-column extracted text; the full Results sentence reads: 'Misinformation was also relatively frequent (indicated as “often” or “sometimes” compared to “rarely” or never”) on the topics of COVID-19 origin (54.1%, 1139/2106), treatment (56.2%, 1185/2108), and essential oils (52.4%, 1101/2101).'",high
2-s2.0-85116003554#82,2-s2.0-85116003554,RECALL,46.2,"1,111 Chinese adults in a national online panel survey (Impression Boguan Network Technology / Sina Data Solution panel; cooperation rate 40.5%)","loc: Findings, p. 498, first paragraph; Headline exposure estimate. The paper reports 46.2% as 'frequently coming across' but does not state which point(s) of the 1-4 scale were collapsed to produce it, so the threshold is unverifiable from the text; confidence set to medium for that reason. Table 1 gives total N = 1,110 for the regressions (listwise), against 1,111 for the sample; 1,111 used as the denominator. Fieldwork ran 2-6 August 2018 per Methods, although the introduction describes it as 'late 2018'; the Methods date is used.",medium
2-s2.0-85116003554#83,2-s2.0-85116003554,RECALL,5.7,"1,111 Chinese adults in a national online panel survey (Impression Boguan Network Technology / Sina Data Solution panel; cooperation rate 40.5%)","loc: Findings, p. 498, first paragraph; Strict ('often') threshold only. The paper gives 'often' 5.7% and 'sometimes' 30.9% separately and summarises them as 'more than one-third', but never states the combined share as a number; adding them would be a cross-category sum, which R8 forbids, so only the verbatim 'often' share is recorded. A broader 'often or sometimes' reading would be roughly 36.6%.",high
2-s2.0-85116003554#84,2-s2.0-85116003554,RECALL,37.2,"1,111 Chinese adults in a national online panel survey (Impression Boguan Network Technology / Sina Data Solution panel; cooperation rate 40.5%)","borderline; loc: Findings, p. 498, second paragraph; Perceived amount of fake news in the respondent's online-news environment, which the protocol counts as RECALL. Flagged borderline because the reporting is internally inconsistent: 37.2% is described as 'at least some' yet a further 10% is reported separately as saying 'most', which a genuine 'at least some' cumulative share would already contain. The most likely reading is that 37.2% is the 'some' category alone. definition_variant=true relative to the headline encounter row: same country, different measure wording and a broader environmental framing.",medium
2-s2.0-85116003554#85,2-s2.0-85116003554,RECALL,44,"1,111 Chinese adults in a national online panel survey (Impression Boguan Network Technology / Sina Data Solution panel; cooperation rate 40.5%)","borderline; loc: Findings, pp. 498-499; Social-media counterpart of the online-news-media row; distinct platform, so a separate row rather than a sub-row of a pooled figure. Same internal inconsistency: 44% is labelled 'at least some' but 12% is then reported separately as 'most', so 44% is probably the 'some' category alone. Borderline flagged accordingly.",medium
2-s2.0-85121464977#86,2-s2.0-85121464977,CONTENT,62.5,"144 English-language YouTube videos on donning and doffing of PPE eligible for analysis, drawn from the first 50 results for each of 40 keyword combinations (2,000 screened)","borderline; loc: Abstract (Results) and Results, 'Misinformation tool results', p. 302; restated in Discussion, p. 304; Coded CONTENT because the label is 'inaccurate' assigned against an explicit external ground truth (CDC donning/doffing checklists) by expert coders, which the protocol counts as guideline concordance stated as accurate/inaccurate. Flagged borderline=true for one reason that could justify recoding to QUALITY: the five inaccuracy reasons are non-exclusive and the modal one is 'incomplete presentation of data' (81 of the 90 flagged videos, 90.0%), so a video whose every statement is true could be labelled inaccurate for omitting a step. breadth is therefore set to 'misleading' rather than 'false'. The strictest sub-category, 'false or without any supporting data', is recorded as a separate within-misinfo row. denom_selection=curated because only the first 50 results per keyword combination were screened (rank-truncated). country_norm=Global: the search was worldwide but executed through a UK proxy and restricted to English, so coverage is English-language global rather than a national sample. population_scope coded general_public because the videos are publicly accessible on YouTube, though 88.2% (127/144) were targeted at health care workers, 10.4% (15) at the general public and 1.4% (2) at visitors.",medium
2-s2.0-85122150740#87,2-s2.0-85122150740,RECALL,88.9,"1,011 low-waged male migrant workers involved in dormitory COVID-19 outbreaks in Singapore","loc: p. 3, Results §3.3 Exposure to COVID-19 rumors; Fixed five-item rumor battery, so the share is bounded by the specific rumors asked about. Percentage stated verbatim; the count 899/1011 is not given in the paper. The source sentence is split in the extracted text file by interleaved Table 1 column text, so the quote is given in two contiguous fragments.",high
2-s2.0-85122150740#88,2-s2.0-85122150740,RECALL,53.1,"1,011 low-waged male migrant workers involved in dormitory COVID-19 outbreaks in Singapore","loc: p. 3, Table 1 (Rumor exposure); Stricter threshold variant of the 'heard at least one' row in the same country x platform cell.",high
2-s2.0-85122150740#89,2-s2.0-85122150740,RECALL,16.4,"1,011 low-waged male migrant workers involved in dormitory COVID-19 outbreaks in Singapore","loc: p. 3, Results §3.5 Sharing COVID-19 rumors; Table 1; Self-reported sharing, so RECALL (recall_subtype sharing), not behavioural SHARING.",high
2-s2.0-85122546153#90,2-s2.0-85122546153,CONTENT,75,12 of the 18 alcohol-industry/SAPRO sources whose sampled webpages refer specifically to the cardiovascular impacts of drinking,"borderline; loc: p. 1199, Results, Content analysis; Table 2; Borderline: the coding label is risk-factor vs protective rather than an explicit true/false judgement, but the paper frames protective claims as misrepresentation of the evidence and as misinformation, so coded CONTENT with breadth=misleading. Denominator is the 12 industry sources that mention CVD at all, not all 18. Topic is alcohol and cardiovascular health, hence health_other. No single country: 18 industry organizations based in multiple high-income jurisdictions.",medium
2-s2.0-85122546153#91,2-s2.0-85122546153,CONTENT,60,10 alcohol-industry/SAPRO webpages that mention the J-shaped curve,"loc: p. 1201, Theme C: misrepresentation of evidence, Inappropriate extrapolation of evidence; Narrower, more explicitly misinformation-flavoured definition than the 75% row, on a different (J-curve-mentioning) denominator, hence definition_variant. 6/10 = 60% is an exact part/whole from verbatim counts.",medium
2-s2.0-85123882276#92,2-s2.0-85123882276,CONTENT,25,20 article links: the top 10 most-engaged 'transgender fertility' article links in each of two 12-month periods (June 2019-June 2020 and June 2020-June 2021),"borderline; loc: p. 102, Results; Table 1; Time series collapsed to the pooled two-period figure, which the paper itself reports (per-period values: 20% misleading in 2019-2020 and 30% in 2020-2021, each of 10 links). Very small denominator (20 links) and a rank-truncated top-10 sample, hence curated. Borderline because the misleading label includes articles that report study findings without noting limitations, which an otherwise accurate article could attract; against that, the label also requires inaccurate information or inconsistency with ASRM guidelines, so it is coded CONTENT rather than QUALITY. year set to 2021, the end of the collection window; the data span June 2019 to June 2021.",medium
2-s2.0-85124891836#93,2-s2.0-85124891836,RECALL,90.4,"157 adult residents of Magallanes, Cavite who appeared at the vaccination site and completed the online questionnaire (20.0% of the 784 people who showed up on the four survey days)","borderline; loc: p. 61, section 'Survey Results and Discussion', Fig. 5 narrative; borderline=true because the item is COMPOUND: agreement means both (a) having read/learned the false claim and (b) having delayed vaccination because of it, so it is a lower bound on plain encounter, and the reported 90.4% cannot be cleanly separated into the two components. Raw count not given (90.4% of 157 = 141.9, so the figure is a rounded percentage of an unstated base, most plausibly the 157 respondents). Figures are images in the source PDF; the value is taken from the verbatim narrative sentence. Voluntary sampling at a vaccination site: respondents are all people who did get vaccinated, so the sample excludes the persistently hesitant. platform_norm=multi_platform because the item names social media plus TV/radio.",medium
2-s2.0-85125589301#94,2-s2.0-85125589301,CONTENT,36.07,"61 sample videos on bladder, prostate and kidney cancer retained after exclusions from 167 retrieved TikTok videos","loc: p. 4, Results, Video Content and Information Quality; also Abstract and Discussion (Major Findings); Denominator is the 61 videos retained after excluding commercial, irrelevant, pirated and incomplete videos from the 167 retrieved; the paper notes some excluded commercial videos contained disinformation, so 36.07% likely understates prevalence in the retrieved set. Rank-truncated sample (first five pages of the information flow per keyword, sorted most-watched first), hence curated. Cancer topic, so health_other.",high
2-s2.0-85126609259#95,2-s2.0-85126609259,SHARING,5,"5,258 COVID-19 posts linking to external news sources, collected from 12 politically biased subreddits and 2 neutral subreddits","loc: Results, 'Effect of ideology on preference for COVID-19 misinformation', p. 9; Post counts are inconsistent across the paper: Table 1 totals 6,268 posts, the Data and methods section says 5,188 posts were used after filtering self-posts, and this results sentence uses 5,258. The 5,258 denominator is the one attached verbatim to this estimate.",high
2-s2.0-85126609259#96,2-s2.0-85126609259,SHARING,15,"COVID-19 link posts in the 6 conservative subreddits (AskThe_Donald 372, Conservative 561, DrainTheSwamp 548, Libertarian 575, redacted 154, tucker_carlson 153; 2,363 posts before self-post filtering)","loc: Discussion, p. 10 (result reported in 'Effect of ideology on preference for COVID-19 misinformation'); Ideology is the paper's headline moderator, so the by-ideology shares are kept as separate rows. The exact per-ideology denominator after self-post filtering is not given; Table 1 raw post counts are recorded instead.",medium
2-s2.0-85126609259#97,2-s2.0-85126609259,SHARING,0,"COVID-19 link posts in the 6 liberal subreddits (EnoughTrumpSpam 430, Esist 362, Political_Revolution 495, politics 525, SandersForPresident 396, Socialism 518; 2,726 posts before self-post filtering)","loc: Discussion, p. 10; Stated as an exact 0%, which is hard to reconcile with the pooled 5%/260 posts unless essentially all flagged-source posts came from conservative subreddits; the paper does not give the underlying counts.",medium
2-s2.0-85126609259#98,2-s2.0-85126609259,SHARING,0,"COVID-19 link posts in r/coronavirus (738) and r/science (441), 1,179 posts before self-post filtering","loc: Discussion, p. 10; Same sentence as the liberal row; both groups reported jointly as 0%.",medium
2-s2.0-85126609259#99,2-s2.0-85126609259,SHARING,10,312 distinct news sources shared in the COVID-19 posts that carry a MediaBiasFactCheck rating,"loc: Results, 'Effect of ideology on COVID-19 news source accuracy', p. 9; Denominator is unique source domains, not posts, so the unit is a news outlet rather than a link (recorded as url). The paper also reports 1% low, 19% mixed, 11% mostly factual, 55% high, 3% very high; the authors' 'low credibility' grouping (very low + low + mixed) is a cross-category sum and was not computed here per the value-keep rule. Two-column PDF layout truncates the verbatim sentence: the full sentence reads 'Of the 312 news sources shared by Reddit users with a rating from MediaBiasFactCheck, 10% had a very low factual rating (e.g. Breitbart News and Gateway Pundit)'.",medium
2-s2.0-85126609259#100,2-s2.0-85126609259,SHARING,60,the 20 most-posted news sites in the 6 conservative subreddits,"loc: Results, 'Effect of ideology on COVID-19 news source accuracy', p. 9 (Figure 4); Rank-truncated top-20 set, hence denom_selection=curated; a broader definition of unreliable (mixed or lower) than the NewsGuard flagged-site rows.",medium
2-s2.0-85126609259#101,2-s2.0-85126609259,SHARING,20,the 20 most-posted news sites in the 6 liberal subreddits,"loc: Results, 'Effect of ideology on COVID-19 news source accuracy', p. 9 (Figure 4); Rank-truncated top-20 set.",medium
2-s2.0-85126609259#102,2-s2.0-85126609259,SHARING,25,the 20 most-posted news sites in the 6 conservative subreddits,"loc: Results, 'Effect of ideology on COVID-19 news source accuracy', p. 9; Robustness-check rating service (NewsGuard rather than MediaBiasFactCheck) on the same curated top-20 set; the equivalent liberal figure is stated as zero but with no percentage, so no liberal row was created.",medium
2-s2.0-85127044816#103,2-s2.0-85127044816,CONTENT,6.4,"5,858 Zhihu answers about GM (转基因) written by the 221 users with more than 10 GMO answers each (6,039 answers coded; 5,858 retained in Table 1 because some lacked the comment-count indicator)","loc: Table 1 (Comparing the Use of Group Identity Language Across Information Types), p. 7; Value computed as an exact part/whole share from two verbatim Table 1 counts with the same denominator (374 propagate / 5,858 full sample). The corpus is not a random sample of Zhihu GMO discourse: 40,101 GMO answers by 21,422 users were crawled, then restricted to the 221 authors with more than 10 GMO answers (6,039 answers), hence denom_selection=curated and sampling_frame=purposive. Zhihu is described by the authors as unusually science-savvy, with debunking more common than propagation, so this share should not be read as platform-general. Table 1 uses N = 5,858 while the abstract and methods use N = 6,039; the 5,858 denominator is the one attached to these counts.",medium
2-s2.0-85127315618#104,2-s2.0-85127315618,CONTENT,4.6,"87 Turkish-language YouTube videos on diabetic foot care retained from the 200 videos returned by the keyword search (exclusions: not about diabetic foot care, no audio, advertising content, duplicates, not in Turkish, herbal products)","loc: Abstract (Results) p. 430; repeated in Results section 3, p. 431; The misleading-information flag is separate from the usefulness/DISCERN/GQS scoring, so it is coded CONTENT rather than QUALITY, but the paper never defines what counted as misleading and reports no reliability for this specific judgement, hence medium confidence. 4.6% of 87 corresponds to 4 videos; the paper gives no count. Note 4.6% also appears elsewhere in the paper as the share of distracting factors related to video length and as the share of videos from medical websites.",medium
2-s2.0-85127732083#105,2-s2.0-85127732083,CONTENT,10.7,"103 unique Pinterest pins (post plus linked landing page) returned by the searches 'cancer recipe' and 'recipe for cancer', after duplicate removal","borderline; loc: Abstract (Results), p. 2540; Results 'Nutrition-Related Claims in Cancer Nutrition Pins', p. 2542 and Figure 1; Coded CONTENT because no true item can carry this label: no food or diet cures cancer, so a cure claim is false by construction. It remains borderline because the authors coded claim TYPE and never adjudicated any individual claim against an evidence source. 10.7% of 103 = 11 pins; the paper reports no count for this category, and the same 10.7% appears separately for pins claiming diet is a viable alternative to conventional treatment, which may or may not be the same 11 pins.",medium
2-s2.0-85127732083#106,2-s2.0-85127732083,CONTENT,10.7,"103 unique Pinterest pins (post plus linked landing page) returned by the searches 'cancer recipe' and 'recipe for cancer', after duplicate removal","borderline; loc: Results, 'Nutrition-Related Claims in Cancer Nutrition Pins', p. 2543; The clearest false-content estimate in the paper and the only one with an explicit numerator count (11 pins). The authors elsewhere state that 'following alternative approaches to conventional cancer treatment is associated with increased mortality', so the claim is treated as harmful and unsupported. Flagged definition_variant because it shares the denominator with the cure-claim row and may cover the same pins. The source quote is truncated by the two-column PDF layout; the full sentence is given in value_raw.",high
2-s2.0-85130071721#107,2-s2.0-85130071721,CONTENT,6.2,161 unique English-language YouTube videos retrieved with five LMWH-injection keywords,"borderline; loc: Results, p. 384; This is the stricter, genuinely accuracy-based subset of the same coding pass: the errors named are guideline violations, not mere omissions, so it is typed CONTENT while the 41.6% row is QUALITY. The Discussion restates the same 10 videos against the misleading-group denominator ('10 videos (14.9%) of the misleading group'); the 161-video denominator is kept here. Borderline because the paper's own wording is 'may harm' rather than false or inaccurate. The full sentence in the PDF reads 'When all the videos included in the study were examined, 10 (6.2%) of them contained information that may harm the person getting the injection (noncompliance with sterility rules, injection to the wrong area, and at the wrong angle).'; the extracted text file interleaves the two print columns, so the quote is given as the contiguous fragment.",medium
2-s2.0-85133302916#108,2-s2.0-85133302916,CONTENT,57.8,"232 original (non-duplicate) Covid-19-related WhatsApp content units forwarded by users to the research account, out of 988 files received (756 were duplicates)","loc: p. 6, section 7 'Characterizing non-misinformation and misinformation on WhatsApp'; breadth=misleading because the numerator deliberately merges incorrect (false) content with 'inaccurate' content, which includes true-but-misleadingly-presented material and claims still contested by science at the time; this is a broad veracity threshold. Denominator is the 232 ORIGINAL files, not the 988 received (756 duplicates removed): 134/232 = 57.8%, which matches. Self-selected corpus: users responded to a public appeal advertised by the university and a national newspaper and forwarded content they had received, so the sample is not probabilistic - the authors state the aim was 'to map the diversity of available content rather than carry out a probabilistic analysis of the research universe'. Denominator is items in a collected corpus (what exists in the sample), not what a measured audience consumed or shared on the platform, so CONTENT rather than EXPOSURE or SHARING.",high
2-s2.0-85133302916#109,2-s2.0-85133302916,CONTENT,87.2,the audio files in the corpus of 232 original Covid-19 WhatsApp units; the exact number is not stated (47 units were audio-only and 4 combined audio with another format),"borderline; loc: p. 7, section 7 'Characterizing non-misinformation and misinformation on WhatsApp'; Kept as a second row only because audio is the paper's headline claim (it is in the title and is the stated novel contribution), not as a routine format subgroup. borderline=true and confidence=low because the denominator is never stated: 87.2% does not resolve to an integer count over any of the candidate bases in Table 2 (51 audio units would give 44.5, 47 would give 41.0), so the base the authors used is unclear. If a single row per paper is wanted, use the 57.8% row.",low
2-s2.0-85139242483#110,2-s2.0-85139242483,RECALL,79.26,"410 US adults aged 18-75 recruited via Amazon MTurk (448 participated, 38 excluded for incompletion/missing critical answers)","loc: Section 4.1 Data collection, p. 3; Topic coded general_news, not covid19: although the study is set in the COVID-19 pandemic and its exposure SCALES are COVID-specific, this particular item refers to 'news and information that contain misleading content' generally. Non-probability MTurk sample, hence sampling_frame=convenience. Confidence is medium because the item wording, response options and the threshold behind 'often' are not reported; only the resulting share is given.",medium
2-s2.0-85141611104#111,2-s2.0-85141611104,RECALL,50,"849 university students from two faculties (Communication and Education) of a Spanish university, convenience sample, M age 26.8","borderline; loc: Section 3.1.2 Fake News Perceptions, p. 7 (Figure 4; distribution repeated in Table 4 total row); borderline=true because the item asks how often MEDIA OUTLETS distribute fake news rather than how often the respondent personally encountered it; it is a perception of the amount of misinformation in the respondent's media environment, which the protocol admits as RECALL, but it is one step removed from personal exposure. The 50% value is stated verbatim by the author (it is the author's own rounding of 25.7 + 19 + 5.4 = 50.1); the component percentages and N are also verbatim (Table 4 total row). Country of the sample is never stated in the text; Spain is inferred from the author's Madrid affiliation and from the questionnaire item 'autonomous community'. Data-collection date is never stated, so year = publication year 2022.",medium
2-s2.0-85142132951#112,2-s2.0-85142132951,RECALL,17,"1,073 U.S. parents of at least one 11- to 17-year-old child who use social media (Qualtrics national panel)","borderline; loc: Discussion, p. 6; borderline=true: the numerator is defined by the STANCE of the content as judged by the respondent (against vaccination), not by its truth or falsity; content genuinely against HPV vaccination could in principle be accurate, so this is a proxy for misinformation exposure rather than a veracity-based measure. The 17% is stated verbatim by the authors; it is the union of the two mutually exclusive categories in Table 4 (against only 52/1073 = 4.8%, mixed 126/1073 = 11.7%), so those component rows are not extracted separately except for the stricter against-only variant below, to avoid double counting. The source_quote is truncated to the fragment that is contiguous in the extracted text file: the PDF is two-column and the extraction interleaves the columns, so the full sentence is broken across column blocks. It reads in the PDF: 'About one-third (32%) of parents in our study had seen favorable vaccine information, which is almost twice as many who reported seeing information against vaccination (17%), whether alone or mixed.' (Discussion, p. 6).",medium
2-s2.0-85142132951#113,2-s2.0-85142132951,RECALL,5,"1,073 U.S. parents of at least one 11- to 17-year-old child who use social media (Qualtrics national panel)","borderline; loc: Abstract, Results (same figures in Results section 'HPV Vaccine Information Seen on Social Media', p. 4; category totals in Table 4); The source_quote is taken from the Abstract because the equivalent Results sentence ('Overall, 20% of parents reported seeing information in favor of HPV vaccination, 5% against HPV vaccination, and 12% saw a mix of information in favor and against HPV vaccination.', p. 4) is split across interleaved columns in the extracted text. Stricter variant of the 17% row: exposure to anti-vaccine information ONLY, excluding parents who also saw favorable information. Verbatim 5%; Table 4 gives the exact denominator for the category (52 parents), and 52/1073 = 4.8%, consistent with the rounded 5%. Same borderline caveat: stance, not veracity.",medium
2-s2.0-85142229013#114,2-s2.0-85142229013,RECALL,40.7,108 students of Federal Polytechnic Mubi and Adamawa State Polytechnic responding to a Google Forms questionnaire distributed via WhatsApp and Facebook,"borderline; loc: Table 7, p. 10; discussed in section 3 'Discussion of the results', p. 8 and p. 10; READ THIS BEFORE USING THE VALUE. The natural quantity is the top-two-box share (Agree + Strongly Agree = 76/108 = 70.4%), but the paper never states it and R8 forbids keeping a cross-category sum, so the row carries the largest verbatim single category (Agree, 40.7%) with the whole distribution in value_raw; the 29.6% strongly-agree share is there too, and a human should decide whether to combine them. The item is also a perception-of-environment item ('there IS misleading information on social media'), not a personal-exposure item: nothing in the questionnaire asks respondents whether they themselves came across or consumed COVID-19 fake news, despite the paper's title and stated objective 2. Data-collection dates are never given; year is the publication year (article received April 2022). Sample is a small self-selected convenience sample, 76.9% male, 80.6% aged 18-25, recruited through the researchers' own WhatsApp and Facebook contacts.",low
2-s2.0-85145738265#115,2-s2.0-85145738265,CONTENT,11.7,"145 English-language YouTube videos on dental fear, dental anxiety or dental phobia, drawn from the 100 most-viewed results for each of three search terms (300 screened, 181 after duplicate removal, 145 eligible)","loc: Results, §3.5 video content (p. 12) and Figure 7; Denominator is a top-N most-viewed, single-topic keyword set, hence denom_scope topical with denom_selection curated. Country left Global: the videos are English-language YouTube results with no stated country restriction. The paper also applies DISCERN-style completeness coding of content categories, but those are coverage/quality measures, not falsity, and are not extracted.",high
2-s2.0-85146080522#116,2-s2.0-85146080522,CONTENT,23,"36 English-language TikTok videos about varicoceles that met inclusion criteria, from the first 225 videos returned by TikTok's 'top' (engagement) sort for the keyword 'varicocele'","loc: Results, p. 172 (also Abstract: '23% of videos had misinformation'); The source_quote is truncated at a two-column page break in the text file; the full printed sentence reads 'A substantial portion (23%) of videos presented inaccurate information. Themes of misinformation included inaccurate varicocele causes (ie, ""pooling of toxic blood""), symptoms (ie, ""clear and watery semen""), and treatment options (ie, herbal remedies).' The abstract states the same figure as '23% of videos had misinformation.' Only the rounded percentage is stated; the paper never gives the count of videos with misinformation (23% of 36 would be about 8), so value_raw carries the verbatim percentage with the stated denominator rather than a computed count. Denominator is a keyword-truncated top-N set on a single clinical topic, hence denom_scope topical plus denom_selection curated. Country left Global: English-language TikTok search with no country restriction stated.",high
2-s2.0-85148028260#117,2-s2.0-85148028260,CONTENT,25,All citations of the seven influential CMN-structure studies in the most recent year of the record; the full corpus screened was 593 citing papers,"borderline; loc: Section 'CMN citations in the literature are biased towards positive effects of CMNs', p. 507; Fig. 3a; Time series collapsed to the most recent point, as reported verbatim in the text ('rising to ~25%'). The value is the authors' own approximation read off Fig. 3a; the exact per-year numerator and denominator are not printed in the text. borderline=true because the corpus is scientific citations rather than public-facing content, and because the reported value is approximate. Data-collection/search date is in Supplementary Note 2, which is not part of this text file; year set to the publication-record year 2022 (manuscript received 18 August 2022).",medium
2-s2.0-85148028260#118,2-s2.0-85148028260,CONTENT,50,"All citations of the eleven influential CMN-function studies in the most recent year of the record; the full corpus screened was 1,083 citing papers","borderline; loc: Section 'CMN citations in the literature are biased towards positive effects of CMNs', p. 507; Fig. 3b; Time series collapsed to the most recent point. 'almost 50%' is the authors' own verbal approximation of a figure endpoint, so the value is softer than the structure row; confidence low. Exact per-year numerator/denominator not printed. Same date caveat as the structure row.",low
2-s2.0-85149209612#119,2-s2.0-85149209612,CONTENT,35,"200 YouTube videos (the 100 most-viewed for each of appendectomy and cholecystectomy, retrieved with six search terms)","loc: Abstract (Results); Results p. 18; Table 2; 35% is stated verbatim in the abstract and reproduced exactly by Table 2 (70/200). denom_selection=curated because the sample is the top-100 most-viewed per procedure. Country left Global: the search was in English with no stated geographic restriction, although the authors are US-based and frame the procedures as the most common EGS procedures in the United States. Data-collection date is not reported anywhere in the text; year set to the submission year 2022 and flagged.",high
2-s2.0-85149209612#120,2-s2.0-85149209612,CONTENT,45.3,"Videos in the 200-video sample discoverable with the colloquial search terms 'appendix surgery' or 'gallbladder surgery'; the exact subset size is not reported (search-criterion counts, which overlap across terms, are appendix surgery 50 and gallbladder surgery 67)","loc: Abstract (Results) and Results p. 18; Kept because the colloquial-vs-medical contrast is a headline result reported in the abstract, not a demographic subgroup. Confidence medium only because the denominator of the subset is never printed: Table 1 gives per-search-criterion counts that sum past 200 (videos are discoverable by several terms), so the subset size cannot be reconstructed. definition_variant=false: this is a sampling subset of the same misinformation definition, not a stricter or broader definition.",medium
2-s2.0-85149209612#121,2-s2.0-85149209612,CONTENT,20.5,Videos in the 200-video sample discoverable only with medical search terms; the exact subset size is not reported,loc: Abstract (Results) and Results p. 18; Companion row to the colloquial-search-term estimate; same denominator-not-printed limitation.,medium
2-s2.0-85150021066#122,2-s2.0-85150021066,CONTENT,1,"approximately 5,000 English-language COVID-19 tweets in the test split (5,257) that contain a check-worthy factual claim and link to one of 27 top-ranked news-agency domains","borderline; loc: Section 5.2.1 Sample Annotation, p. 9:14; Explicitly a LOWER BOUND (""at least""): only classifier-flagged weakly-false-negative pairs were manually annotated, so unsupported tweets missed by the step-1 classifiers are not counted. The denominator is itself heavily filtered (COVID keyword corpus, English only, retweets removed, must link to one of 27 top news domains, classifier-labelled check-worthy, single-sentence only). The abstract's 43.4% 'not factual' figure is a check-worthiness filter, not a falsity share, and is not extracted.",low
2-s2.0-85159326203#123,2-s2.0-85159326203,RECALL,19.5,"359 valid respondents, college students in Rajasthan and Maharashtra, India (snowball online questionnaire; 360 responses received)","loc: Section 3.1 Perceptions on misinformation sharing, p. 675; Table 1 (question 2); The 19.5% is stated verbatim and matches Table 1 (52 + 13 + 5 = 70 of 359 = 19.5%). The question is not COVID-specific; it asks about misinformation on social media in general, so topic is coded general_news despite the paper's COVID framing. The paper elsewhere reports inconsistent figures (see missed_or_uncertain).",medium
2-s2.0-85159326203#124,2-s2.0-85159326203,RECALL,62.4,"359 valid respondents, college students in Rajasthan and Maharashtra, India","borderline; loc: Section 3.1 Perceptions on misinformation sharing, p. 675; Table 1 (question 1); Borderline: this is perceived misinformation in the respondent's environment (friends' sharing), not the respondent's own encountering of misinformation. The instruction that 'perceived amount of misinformation in one's environment' counts is what admits it. The 62.4% is verbatim in the text and equals 150+60+14 = 224/359 from Table 1.",medium
2-s2.0-85160008311#125,2-s2.0-85160008311,CONTENT,94.8,"954 English-language original tweets containing a COVID-19 data visualisation whose text opposes conventional measures (masks, lockdowns, vaccination) or denies the existence or severity of the crisis, out of 9,958 manually coded COVID-19 visualisation tweets","borderline; loc: Figure 6 (Results of qualitative coding by polarity), Section 4.2; Denominator is a stance-defined stratum of the corpus (opinion tweets opposing measures), not the whole corpus; the paper reports no overall share of the 9,958 posts that are misleading, and summing the three polarity strata would be a computed cross-category sum barred by R8. borderline=true because the ground truth is reasoning quality of the poster's argument rather than the falsity of a claim against an external verification, so a post with a defensible conclusion could still be coded as containing a reasoning error. Data collection spans 15 May 2020 to 6 September 2021; year recorded as 2020 (start of streaming). Corpus is worldwide English-language Twitter, so no country is stated.",medium
2-s2.0-85160008311#126,2-s2.0-85160008311,CONTENT,62.1,"517 English-language original tweets containing a COVID-19 data visualisation whose text supports conventional measures and government intervention, out of 9,958 manually coded COVID-19 visualisation tweets","borderline; loc: Figure 6 (Results of qualitative coding by polarity), Section 4.2; The counterpart stratum to the measure-opposing row: the paper's headline point is that misleading reasoning is present on both sides of the COVID-19 argument, though far more prevalent among measure-opposing posts (94.8% vs 62.1%). Same borderline and ground-truth caveats as the measure-opposing row.",medium
2-s2.0-85160008311#127,2-s2.0-85160008311,CONTENT,97.1,"68 English-language original tweets containing a COVID-19 data visualisation whose text promotes alternative measures and medications (primarily hydroxychloroquine and ivermectin), out of 9,958 manually coded COVID-19 visualisation tweets","borderline; loc: Figure 6 (Results of qualitative coding by polarity), Section 4.2; Very small denominator (68 tweets), so the 97.1% is imprecise; kept because it is the third of the paper's three polarity strata and is stated verbatim with its count. Same borderline and ground-truth caveats as the other two CONTENT rows.",medium
2-s2.0-85161897232#128,2-s2.0-85161897232,RECALL,55,"1,823 adult residents of Ontario, Canada, recruited as a convenience sample via a market research panel (Canadian Viewpoint) and web/social media ads","loc: Results, 'Perceptions of Misinformation' section, p. 8; also Abstract; Single headline recall estimate. Subgroup ORs by gender and age are reported but no subgroup shares, so no subgroup rows. Data collection year 2020 taken from the stated collection window.",high
2-s2.0-85163914263#129,2-s2.0-85163914263,CONTENT,5.6,"143 eligible YouTube videos, the most-viewed results for the search term 'lung cancer' down to 30,000 views (167 screened, 18 non-English and 6 unrelated excluded)","loc: Results, p. e341; Table 3 (Total row: Misleading 8 (5.6)); Abstract reports the same figure rounded as 8 (6%); Rank-truncated most-viewed set within one health topic, hence denom_scope topical plus denom_selection curated. 5.6% is the verbatim precise value in the Results and Table 3; the Abstract's 6% is the same number rounded.",high
2-s2.0-85170646255#130,2-s2.0-85170646255,CONTENT,22.8,136 English-language TikTok videos with the hashtag #overactivebladder meeting inclusion criteria (from the last 500 retrieved via the TikTok API),"loc: Abstract, Results (source_quote, gives 23%); the precise value 22.8% is the 'High misinformation (score >3)' cell of Table 2, p. 497 (that table cell is garbled in the text extraction, so the abstract sentence is quoted instead); The paper is internally inconsistent: Table 2 and the Abstract give 22.8%/23% for TikTok, but the Results text states 'Nine percent of TikTok videos and 11% of YouTube videos scored high on misinformation (a score >3)'. Table 2 (22.8%) is taken as the value because it matches the Abstract, and Table 2's parenthetical numbers are mean views, not the denominator. Country of the videos is never stated; coded Global.",medium
2-s2.0-85170646255#131,2-s2.0-85170646255,CONTENT,10.6,75 English-language YouTube videos on 'overactive bladder' meeting inclusion criteria (from the first 120 search results),"loc: Abstract, Results (source_quote, gives 11%); the precise value 10.6% is the 'High misinformation (score >3)' cell of Table 2, p. 497 (garbled in the text extraction, so the abstract sentence is quoted instead); Results text says 11% of YouTube videos, Table 2 says 10.6%; the two agree after rounding, unlike the TikTok figure. Rank-truncated (first 120 search results) hence denom_selection=curated.",medium
2-s2.0-85172170108#132,2-s2.0-85172170108,RECALL,75.1,"840 Greek adults who completed an online questionnaire distributed nationwide via email and social media (approx. 3,000 recipients contacted)","borderline; loc: Section 3.3 'Participants' Perspectives on the Veracity of Information', p. 840; Non-probability online convenience sample (email + Viber/Facebook/Messenger to ~3,000 recipients, 840 completions); the authors themselves note the sample does not represent the Greek population on education and age >55. The 'not in favour' bloc includes the neutral midpoint, so this is a permissive reading of 'perceived unreliable'. The strict disagree-only share (41.6%) is a cross-category sum and is therefore NOT reported per R8. The Discussion misstates the same result as '75% of respondents partly or strongly agreed with the statement in question', which is inconsistent with Section 3.3 where 24.9% agreed that the information was reliable; the Section 3.3 wording is authoritative.",medium
2-s2.0-85175983241#133,2-s2.0-85175983241,RECALL,52.3,"214 enrolled panel members (adults living or working in St. Louis City/County, recruited through community partners, over one year)","borderline; loc: Results, 'Open-ended response analysis', p. 8; The 52.3% is the exact part/whole share 112/214 (both counts verbatim); the paper never prints the percentage. The denominator is taken to be the 214 enrolled panel members because the paper expresses the parallel count the same way ('165 different panel members (77% of total enrolled)'), but the sentence does not state the denominator for 112 explicitly, hence borderline and medium confidence. If the intended base were instead the 165 who gave any open-ended response, the share would be 67.9%. This is a floor on exposure, since it is unprompted recall over a year rather than an exposure question.",medium
2-s2.0-85180239525#134,2-s2.0-85180239525,SHARING,23,"653 Italian Twitter users who authored the tweets in the most controversial BTM topic about Silvia Romano's release (dataset D3, 216,247 tweets)","borderline; loc: Section 4.2.1 (Results, Dataset D2, LDA-U), p. 1058-1059; Denominator is not a general population: the 653 users are those whose tweets fell in the single 'controversies' topic of a keyword corpus about one news story, so the share is conditional on already being a controversial poster. The numerator is membership of topic word-lists, not a verified false claim, so breadth is set to the loosest category. Topic set to 'other' because the conspiracy topics mix COVID-19 (Bill Gates) and anti-immigration racial hoaxes. Source quote starts mid-sentence ('Furthermore, about' precedes it) because a running page header interrupts the sentence in the text file.",low
2-s2.0-85188303314#135,2-s2.0-85188303314,CONTENT,54.7,"128 Snopes fact-checking reports on the Russo-Ukrainian conflict published 24 February 2022 - 28 June 2023, retrieved with the search terms 'Russia AND Ukraine' and 'Ukraine AND war'","loc: p. 86, Section 5.1 Quantitative overview; Table 2 (n = 128); Denominator is the set of claims Snopes CHOSE to check, not a random sample of circulating claims, so the falsity share reflects fact-checker selection (the paper itself notes selection bias toward negativity: 'one of the reasons behind biased selection of claims to be checked is that negativity gets attention'). Hence denom_selection=curated and confidence=medium. Data-collection period spans 2022-2023; year set to the start year (2022). Country left Global: the claims concern Russia and Ukraine but the corpus is the output of a US-based English-language fact-checker with no country restriction stated.",medium
2-s2.0-85188303314#136,2-s2.0-85188303314,CONTENT,32.0,128 Snopes fact-checking reports on the Russo-Ukrainian conflict published 24 February 2022 - 28 June 2023,"loc: p. 86, Table 2 'The percentage distribution of the ratings (n = 128)'; Stricter definition variant of the 54.7% row in the same cell: the single 'False' rating only, taken verbatim from Table 2, rather than the author's broader 'invalid' grouping which also folds in Miscaptioned (21.1%) and Outdated (1.6%).",medium
2-s2.0-85188840472#137,2-s2.0-85188840472,CONTENT,14,"1,762 tweets categorised as a medical resource, from a systematic 10% sample (n = 11,113) of the 111,388 English-language tweets containing the word 'syphilis' posted on Twitter in 2019","loc: p. 1, Abstract (Results); identical figures in Results p. 2 and Fig. 1b (n = 1762); The denominator is the medical-resource subset (1,762 tweets, 16% of the sampled corpus), not all syphilis tweets, hence denom_selection=curated: most syphilis tweets were jokes (48%) or public conversation (23%) and were never assessed for accuracy. The full corpus itself is a single-issue keyword sample with a systematic (every 10th tweet) 10% subsample, so denom_scope=topical and sampling_frame=keyword_topical. Retweets were excluded from the corpus; 25 non-English tweets were dropped from the sampled subset. Source quote taken from the Abstract rather than the Results paragraph because the two-column PDF text extraction interleaves the Results columns, breaking that sentence; the Abstract states the same counts and percentages verbatim.",high
2-s2.0-85189042631#138,2-s2.0-85189042631,RECALL,92.98,"399 rural adult respondents from Bangladesh (n = 49), India (n = 300) and Pakistan (n = 50), convenience sample","loc: Abstract, p. 762; Headline figure, stated verbatim in the abstract. The QD category percentages given in the results text (42.11% 'a great deal', 41.60% 'a moderate amount', 6.77% 'a little') sum to 90.48%, not 92.98%, so the abstract figure presumably also includes 'a lot' responses that the results text does not report separately; the abstract value is kept as stated per the verbatim rule.",high
2-s2.0-85191293693#139,2-s2.0-85191293693,CONTENT,37.9,"800 social media posts (200 per platform) shortlisted by k-nearest-neighbour similarity to 3 seed MOUD myths from 19,953,599 opioid-related posts on Twitter, YouTube, Reddit and Drugs-Forum","borderline; loc: Methods, 'Mixed Methods Approach to Identify Social Media Posts Relevant to MOUD Myths', p. 3; The denominator is a myth-seeded, rank-truncated shortlist, so this is not a prevalence of misinformation among opioid-related posts; it is the yield of the detection pipeline. The numerator counts only NEW myths: posts judged merely relevant to the 3 seed myths are excluded from the 303, so the share of the 800 that carry any misinformation is higher and is not reported. Data collected 2018-2019; year set to the end of the collection window. Country not stated: the platforms and lexicon (DEA street names, US National Survey references) are US-oriented, but no post-level geolocation is applied.",low
2-s2.0-85197220523#140,2-s2.0-85197220523,CONTENT,30.8,"39 eligible English-language patient-facing websites about metastatic renal cell carcinoma treatment, screened from the first 25 links of 36 keyword permutations across 3 search engines (2,700 queries)","loc: Abstract, Results (p. 375.e1); repeated in Section 3.3 Accuracy-correctness, p. 375.e8 ('Twelve (31%) websites contained at least 1 incorrect statement. There was a total of 68 incorrect statements'); value_pct given as the exact part/whole share 12/39 = 30.8%; the paper rounds this to 31%. denom_selection=curated because only the first 25 links per query were screened (rank-truncated), and sponsored, video-primary, social-media, provider-facing, pharmaceutical, duplicate and paediatric-only sites were excluded. The 39 analysed units include a few multi-page publishers combined into one PDF, so the unit is the website rather than a single URL.",high
2-s2.0-85201115057#141,2-s2.0-85201115057,RECALL,16.67,"96 Polish active Facebook news users in latent class 1 (""The oldest users with low SM literacy""); total sample 1,000 recruited from the largest Polish research panel","loc: p. 180, Table 5 (Sharing of fake news, by latent class); class sizes in Table 4 (p. 179); The paper reports NO pooled prevalence of self-reported fake-news sharing: the only shares with denominators are the six latent-class (social-media-literacy class) cells of Table 5. Class sizes are from Table 4 (N 96/65/126/265/383/65 = 1,000) and reproduce every Table 5 percentage as an exact part/whole share (e.g. 29.23%% x 65 = 19; 50.77%% x 65 = 33), confirming the denominators. A pooled figure would require summing across classes (forbidden by R8), so all six class rows are recorded. These are subgroups of one survey, not independent samples - pool with care. Year of data collection spans Dec 2019-Jan 2020; 2019 recorded as the start year.",medium
2-s2.0-85201115057#142,2-s2.0-85201115057,RECALL,26.15,"65 Polish active Facebook news users in latent class 2 (""The most educated users with SM literacy below average""); total sample 1,000 recruited from the largest Polish research panel","loc: p. 180, Table 5 (Sharing of fake news, by latent class); class sizes in Table 4 (p. 179); The paper reports NO pooled prevalence of self-reported fake-news sharing: the only shares with denominators are the six latent-class (social-media-literacy class) cells of Table 5. Class sizes are from Table 4 (N 96/65/126/265/383/65 = 1,000) and reproduce every Table 5 percentage as an exact part/whole share (e.g. 29.23%% x 65 = 19; 50.77%% x 65 = 33), confirming the denominators. A pooled figure would require summing across classes (forbidden by R8), so all six class rows are recorded. These are subgroups of one survey, not independent samples - pool with care. Year of data collection spans Dec 2019-Jan 2020; 2019 recorded as the start year.",medium
2-s2.0-85201115057#143,2-s2.0-85201115057,RECALL,7.94,"126 Polish active Facebook news users in latent class 3 (""The least SM literate users with high self-esteem""); total sample 1,000 recruited from the largest Polish research panel","loc: p. 180, Table 5 (Sharing of fake news, by latent class); class sizes in Table 4 (p. 179); The paper reports NO pooled prevalence of self-reported fake-news sharing: the only shares with denominators are the six latent-class (social-media-literacy class) cells of Table 5. Class sizes are from Table 4 (N 96/65/126/265/383/65 = 1,000) and reproduce every Table 5 percentage as an exact part/whole share (e.g. 29.23%% x 65 = 19; 50.77%% x 65 = 33), confirming the denominators. A pooled figure would require summing across classes (forbidden by R8), so all six class rows are recorded. These are subgroups of one survey, not independent samples - pool with care. Year of data collection spans Dec 2019-Jan 2020; 2019 recorded as the start year.",medium
2-s2.0-85201115057#144,2-s2.0-85201115057,RECALL,16.98,"265 Polish active Facebook news users in latent class 4 (""The most SM literate users""); total sample 1,000 recruited from the largest Polish research panel","loc: p. 180, Table 5 (Sharing of fake news, by latent class); class sizes in Table 4 (p. 179); The paper reports NO pooled prevalence of self-reported fake-news sharing: the only shares with denominators are the six latent-class (social-media-literacy class) cells of Table 5. Class sizes are from Table 4 (N 96/65/126/265/383/65 = 1,000) and reproduce every Table 5 percentage as an exact part/whole share (e.g. 29.23%% x 65 = 19; 50.77%% x 65 = 33), confirming the denominators. A pooled figure would require summing across classes (forbidden by R8), so all six class rows are recorded. These are subgroups of one survey, not independent samples - pool with care. Year of data collection spans Dec 2019-Jan 2020; 2019 recorded as the start year.",medium
2-s2.0-85201115057#145,2-s2.0-85201115057,RECALL,21.15,"383 Polish active Facebook news users in latent class 5 (""The youngest, heavy SM users with average SM literacy""); total sample 1,000 recruited from the largest Polish research panel","loc: p. 180, Table 5 (Sharing of fake news, by latent class); class sizes in Table 4 (p. 179); The paper reports NO pooled prevalence of self-reported fake-news sharing: the only shares with denominators are the six latent-class (social-media-literacy class) cells of Table 5. Class sizes are from Table 4 (N 96/65/126/265/383/65 = 1,000) and reproduce every Table 5 percentage as an exact part/whole share (e.g. 29.23%% x 65 = 19; 50.77%% x 65 = 33), confirming the denominators. A pooled figure would require summing across classes (forbidden by R8), so all six class rows are recorded. These are subgroups of one survey, not independent samples - pool with care. Year of data collection spans Dec 2019-Jan 2020; 2019 recorded as the start year.",medium
2-s2.0-85201115057#146,2-s2.0-85201115057,RECALL,29.23,"65 Polish active Facebook news users in latent class 6 (""Low level of SM literacy and lowest level of SM use""); total sample 1,000 recruited from the largest Polish research panel","loc: p. 180, Table 5 (Sharing of fake news, by latent class); class sizes in Table 4 (p. 179); The paper reports NO pooled prevalence of self-reported fake-news sharing: the only shares with denominators are the six latent-class (social-media-literacy class) cells of Table 5. Class sizes are from Table 4 (N 96/65/126/265/383/65 = 1,000) and reproduce every Table 5 percentage as an exact part/whole share (e.g. 29.23%% x 65 = 19; 50.77%% x 65 = 33), confirming the denominators. A pooled figure would require summing across classes (forbidden by R8), so all six class rows are recorded. These are subgroups of one survey, not independent samples - pool with care. Year of data collection spans Dec 2019-Jan 2020; 2019 recorded as the start year.",medium
2-s2.0-85201115057#147,2-s2.0-85201115057,RECALL,29.17,"96 Polish active Facebook news users in latent class 1 (""The oldest users with low SM literacy""); total sample 1,000 recruited from the largest Polish research panel","loc: p. 180, Table 5 (Sharing of fake news, by latent class); class sizes in Table 4 (p. 179); The paper reports NO pooled prevalence of self-reported fake-news sharing: the only shares with denominators are the six latent-class (social-media-literacy class) cells of Table 5. Class sizes are from Table 4 (N 96/65/126/265/383/65 = 1,000) and reproduce every Table 5 percentage as an exact part/whole share (e.g. 29.23%% x 65 = 19; 50.77%% x 65 = 33), confirming the denominators. A pooled figure would require summing across classes (forbidden by R8), so all six class rows are recorded. These are subgroups of one survey, not independent samples - pool with care. Year of data collection spans Dec 2019-Jan 2020; 2019 recorded as the start year.",medium
2-s2.0-85201115057#148,2-s2.0-85201115057,RECALL,33.85,"65 Polish active Facebook news users in latent class 2 (""The most educated users with SM literacy below average""); total sample 1,000 recruited from the largest Polish research panel","loc: p. 180, Table 5 (Sharing of fake news, by latent class); class sizes in Table 4 (p. 179); The paper reports NO pooled prevalence of self-reported fake-news sharing: the only shares with denominators are the six latent-class (social-media-literacy class) cells of Table 5. Class sizes are from Table 4 (N 96/65/126/265/383/65 = 1,000) and reproduce every Table 5 percentage as an exact part/whole share (e.g. 29.23%% x 65 = 19; 50.77%% x 65 = 33), confirming the denominators. A pooled figure would require summing across classes (forbidden by R8), so all six class rows are recorded. These are subgroups of one survey, not independent samples - pool with care. Year of data collection spans Dec 2019-Jan 2020; 2019 recorded as the start year.",medium
2-s2.0-85201115057#149,2-s2.0-85201115057,RECALL,11.90,"126 Polish active Facebook news users in latent class 3 (""The least SM literate users with high self-esteem""); total sample 1,000 recruited from the largest Polish research panel","loc: p. 180, Table 5 (Sharing of fake news, by latent class); class sizes in Table 4 (p. 179); The paper reports NO pooled prevalence of self-reported fake-news sharing: the only shares with denominators are the six latent-class (social-media-literacy class) cells of Table 5. Class sizes are from Table 4 (N 96/65/126/265/383/65 = 1,000) and reproduce every Table 5 percentage as an exact part/whole share (e.g. 29.23%% x 65 = 19; 50.77%% x 65 = 33), confirming the denominators. A pooled figure would require summing across classes (forbidden by R8), so all six class rows are recorded. These are subgroups of one survey, not independent samples - pool with care. Year of data collection spans Dec 2019-Jan 2020; 2019 recorded as the start year.",medium
2-s2.0-85201115057#150,2-s2.0-85201115057,RECALL,28.30,"265 Polish active Facebook news users in latent class 4 (""The most SM literate users""); total sample 1,000 recruited from the largest Polish research panel","loc: p. 180, Table 5 (Sharing of fake news, by latent class); class sizes in Table 4 (p. 179); The paper reports NO pooled prevalence of self-reported fake-news sharing: the only shares with denominators are the six latent-class (social-media-literacy class) cells of Table 5. Class sizes are from Table 4 (N 96/65/126/265/383/65 = 1,000) and reproduce every Table 5 percentage as an exact part/whole share (e.g. 29.23%% x 65 = 19; 50.77%% x 65 = 33), confirming the denominators. A pooled figure would require summing across classes (forbidden by R8), so all six class rows are recorded. These are subgroups of one survey, not independent samples - pool with care. Year of data collection spans Dec 2019-Jan 2020; 2019 recorded as the start year.",medium
2-s2.0-85201115057#151,2-s2.0-85201115057,RECALL,27.15,"383 Polish active Facebook news users in latent class 5 (""The youngest, heavy SM users with average SM literacy""); total sample 1,000 recruited from the largest Polish research panel","loc: p. 180, Table 5 (Sharing of fake news, by latent class); class sizes in Table 4 (p. 179); The paper reports NO pooled prevalence of self-reported fake-news sharing: the only shares with denominators are the six latent-class (social-media-literacy class) cells of Table 5. Class sizes are from Table 4 (N 96/65/126/265/383/65 = 1,000) and reproduce every Table 5 percentage as an exact part/whole share (e.g. 29.23%% x 65 = 19; 50.77%% x 65 = 33), confirming the denominators. A pooled figure would require summing across classes (forbidden by R8), so all six class rows are recorded. These are subgroups of one survey, not independent samples - pool with care. Year of data collection spans Dec 2019-Jan 2020; 2019 recorded as the start year.",medium
2-s2.0-85201115057#152,2-s2.0-85201115057,RECALL,50.77,"65 Polish active Facebook news users in latent class 6 (""Low level of SM literacy and lowest level of SM use""); total sample 1,000 recruited from the largest Polish research panel","loc: p. 180, Table 5 (Sharing of fake news, by latent class); class sizes in Table 4 (p. 179); The paper reports NO pooled prevalence of self-reported fake-news sharing: the only shares with denominators are the six latent-class (social-media-literacy class) cells of Table 5. Class sizes are from Table 4 (N 96/65/126/265/383/65 = 1,000) and reproduce every Table 5 percentage as an exact part/whole share (e.g. 29.23%% x 65 = 19; 50.77%% x 65 = 33), confirming the denominators. A pooled figure would require summing across classes (forbidden by R8), so all six class rows are recorded. These are subgroups of one survey, not independent samples - pool with care. Year of data collection spans Dec 2019-Jan 2020; 2019 recorded as the start year.",medium
2-s2.0-85205336320#153,2-s2.0-85205336320,RECALL,36,"4,246 US adult social media users, Health Information National Trends Survey 6 (HINTS 6), 2022, nationally representative, survey-weighted (non-social-media users excluded, N = 1,211; listwise deletion, N = 713)","loc: p. 5, Table 1 (Sample Size and Survey Weighted Percentages, HINTS 6, 2022, N = 4246); measure defined in Methods, Measures, p. 3; Perceived amount of misinformation in one's own environment, which the instructions count as RECALL. The 36% is the survey-weighted percentage; 1,523 is the unweighted count out of 4,246, so 1523/4246 = 35.9% unweighted, consistent. The denominator is social media users only (non-users were excluded), so this is not a share of all US adults. The wording 'false or misleading' makes breadth = misleading. Platform is 'social media' with no platform named, hence multi_platform.",high
2-s2.0-85215526254#154,2-s2.0-85215526254,RECALL,17.4,"8,405 respondent-by-item exposure instances (Japanese online panel respondents aged 15-69, main survey N = 5,000, counted once per piece of misinformation they had encountered; non-exposed pairs are not in the analysis)","loc: p. 129, Table 2 (Basic statistics of the panel data); Denominator is exposure instances (person x item), not persons, so this is not a share of respondents; a person exposed to several claims contributes several observations. The main-survey sample was deliberately over-sampled on people who had encountered misinformation (""As the screening stage included a higher proportion of individuals exposed to misinformation, the sample distribution in this study is skewed compared to the real-world population""), and Table 2 does not state whether the reported means are weighted, so the 17.4% is likely to overstate the population figure. The 15 claims span five topic areas, hence topic = other. Panel is an opt-in internet monitor panel (My Voice.com) with sex-by-age allocation. ground_truth is self_report because the numerator is the respondent's own report of dissemination; the veracity of the items themselves was set by fact-checking organisations (see ground_truth_detail).",medium
