id,country,platform,date,measure_type,value_pct,value_raw,construct,diet_type,denom_type,source_quote,denominator,definition,misinfo_def,n,source,flag,data_provenance
2-s2.0-85184824168,overall,Twitter,2020-2022,content prevalence (% of COVID-vaccine-relevant tweets classified as misinfo; content-N=9.2M tweets),26.8,"2,474,046 of 9,236,334",CONTENT,TOPICAL,topical,"# of Tweets Relevant to COVID-19 Vaccine Misinformation ... Total 2,474,046 ... (26.8)",COVID-19 vaccine-relevant tweets (classifier-filtered from ~19M vaccine-keyword tweets),Model-classified COVID-19 vaccine misinformation among vaccine-relevant tweets,COVID-19 vaccine misinformation: tweets annotated by trained coders (and an expert public-health panel for uncertain cases) as containing misinformation per a codebook based on Islam et al. 2021 globa,"9,236,334 tweets",full_text_stepb,classifier_labelled,
2-s2.0-85184824168,Brazil,Twitter,2020-2022,content prevalence (% of COVID-vaccine-relevant tweets classified as misinfo),36.1,"1,304,827 of 3,619,091",CONTENT,TOPICAL,topical,"Brazil ... # of Tweets Relevant to COVID-19 Vaccine Misinformation 1,304,827 ... (36.1)",Brazil COVID-19 vaccine-relevant tweets,Model-classified COVID-19 vaccine misinformation,COVID-19 vaccine misinformation: tweets annotated by trained coders (and an expert public-health panel for uncertain cases) as containing misinformation per a codebook based on Islam et al. 2021 globa,"3,619,091 tweets",full_text_stepb,classifier_labelled,
2-s2.0-85184824168,Indonesia,Twitter,2020-2022,content prevalence (% of COVID-vaccine-relevant tweets classified as misinfo),19.4,"866,401 of 4,455,227",CONTENT,TOPICAL,topical,"Indonesia ... # of Tweets Relevant to COVID-19 Vaccine Misinformation 866,401 ... (19.4)",Indonesia COVID-19 vaccine-relevant tweets,Model-classified COVID-19 vaccine misinformation,COVID-19 vaccine misinformation: tweets annotated by trained coders (and an expert public-health panel for uncertain cases) as containing misinformation per a codebook based on Islam et al. 2021 globa,"4,455,227 tweets",full_text_stepb,classifier_labelled,
2-s2.0-85184824168,Nigeria,Twitter,2020-2022,content prevalence (% of COVID-vaccine-relevant tweets classified as misinfo),26.1,"302,818 of 1,162,016",CONTENT,TOPICAL,topical,"Nigeria ... # of Tweets Relevant to COVID-19 Vaccine Misinformation 302,818 ... (26.1)",Nigeria COVID-19 vaccine-relevant tweets,Model-classified COVID-19 vaccine misinformation,COVID-19 vaccine misinformation: tweets annotated by trained coders (and an expert public-health panel for uncertain cases) as containing misinformation per a codebook based on Islam et al. 2021 globa,"1,162,016 tweets",full_text_stepb,classifier_labelled,
2-s2.0-84983509049,USA,website,Dec 2014,content prevalence - % of websites addressing the issue that do NOT endorse the correct 'drink to thirst' concept (content-N=110 addressing that item; total sample N=141),92.7,100 - 7.3% of 110,CONTENT,TOPICAL,topical,few indicated that fluid consumption should be based on thirst (7.3%) ... (7.3% of 110),websites (of 141 Google keyword-searched) that addressed the thirst-based-drinking issue (n=110),Website not endorsing the scientifically-correct 'drink to thirst' statement = misinformation/inaccurate,"A website failing to endorse a hydration statement the authors deem scientifically correct (e.g. weight loss is expected during exercise, drink to thirst, electrolytes not generally necessary) = inacc",141 websites total; 110 addressed this item,full_text_rev2,endorsement_based_not_verified_falsity (mixes disagreement + non-comment with falsity); small_content_n; neutral keyword frame; per-item subset denominators noisy; LOW_CONF stepb,
2-s2.0-84883291462,Australia,website,23-24 Jul 2011,content prevalence - % of sites STATING a CFDV timing that gave guideline-inconsistent (false) timing (content-N=102 sites stating a timing; total sample N=157),24.5,25/102,CONTENT,TOPICAL,topical,Similar to guidelines 77 ... Dissimilar to guidelines 25 (Table 4); two-thirds (n=81) of private sites recommended timing for CFDV but approximately one-third (n=25) reported inconsistent guidelines,"sites that actually recommended a CFDV timing (77 consistent + 25 inconsistent = 102), out of 157 unique Google keyword-searched sites",CFDV timing inconsistent with recognised international paediatric guidelines = misinformation,Online advice on timing of child's first dental visit (CFDV) that is inconsistent with recognised international paediatric guidelines (first tooth eruption / by age 1) = misinformation. Coded against ,157 sites total; 102 stated a timing; 25 inconsistent,full_text_rev2,"neutral keyword frame; small_content_n; among-sites-stating-a-timing denominator (102), not all 157; LOW_CONF stepb",
2-s2.0-85136023139,USA (Georgia),Twitter,Oct 2020 - Jan 2021 (Abilov corpus 23 Oct 2020 - 5 Jan 2021),"observed engagement: % of active voter-file-matched Georgia Twitter users who liked/retweeted >=1 fraud-promoting tweet (users n=7,324)",7.6,558 of 7324,SHARING,,population,"Of the 7,324 Georgia Twitter users in the panel who were active both before and after the 2020 election, 558 liked or retweeted fraud-related content by promoters of conspiracy theories","Georgia Twitter users matched to the voter file (Grinberg/Hughes name-match), active both before and after the 2020 election",Liked/retweeted >=1 election-fraud conspiracy tweet from the Abilov et al. fraud-promoter community (curated keyword/hashtag + community detection),Liked/retweeted a tweet that was (1) about 2020 election fraud and (2) authored by a user in the community-detected cluster that promoted fraud conspiracy theories (Abilov et al. curated keyword/hasht,"7,324 users",full_text_reexam,engagement_like_or_retweet (likes via Twitter decahose 10% sample -> undercounts likes); REACH-window required; user_ok_asis conf 0.80,Voter-panel
2-s2.0-105037482660,China,TikTok,to Mar 2026,quality rating (median GQS/mDISCERN of AD videos; content-N=151),,median GQS 3 (IQR 2-4); median mDISCERN 2 (IQR 1-2),QUALITY,TOPICAL,topical,"Across the 151 videos, overall quality was moderate [median GQS: 3 (IQR, 2-4) and median mDISCERN: 2 (IQR, 1-2)]",aortic-dissection TikTok videos analyzed,Educational quality/reliability via GQS and modified DISCERN; lower = misleading/incomplete,No falsity coding; content quality/reliability of aortic-dissection videos rated by 2 cardiologists via Global Quality Scale (GQS 1-5) and modified DISCERN (0-5); lower scores = less reliable/potentia,151 videos,full_text_stepb,small_content_n; quality_not_falsity,
2-s2.0-85107390682,United States,Facebook,Jan 2019,content prevalence (% of sampled IPF posts containing potentially harmful info; content-N=523),5,27 of 523 (approx; '5% of posts'),CONTENT,TOPICAL,topical,"Only 5% of the posts contained potentially harmful information, but 35% of all groups or pages contained such posts",every-10th post from 12 IPF Facebook groups + 27 pages (523 posts),Post recommending guideline-non-recommended therapy = potentially harmful (misinformation),"Potentially harmful information = posts recommending pharmacologic/non-pharmacologic therapies (e.g. stem-cell transplant, specific dietary modifications) NOT recommended by current IPF guidelines; co",523 posts,full_text_stepb,,
2-s2.0-85191403735,Global English,Instagram,May 2017-May 2022,% of content items that are misinformation (# content = 500 posts),68.2,341/500,CONTENT,topical_curated,topical,the findings revealed that a majority of the posts contained misinformation (68.2%),"500 English-language 'Biological Dentistry' Instagram posts (CrowdTangle keyword/hashtag sample, ranked by total interaction)","Posts demonstrably false or misleading, lacking basis in scientific evidence (author-coded facticity)","Posts propagating content that was demonstrably false or misleading, lacking a basis in scientific evidence (author-coded by two calibrated raters, facticity = information vs misinformation; ICC verif",500,full_text_stepb,engagement_ranked_sample,
2-s2.0-85159871316,United States,TikTok,videos 14 Mar-22 Aug 2020; sampled 20 Sep 2020,% of content items containing any misinformation (# content = 166 videos),28,47/166,CONTENT,topical_curated,topical,"Forty-seven (28%) videos contained misinformation, including 36 videos with a moderate level of misinformation and 11 videos with a high level of misinformation",166 #coronavirus TikTok videos (random sample meeting inclusion out of 1000 identified),"Misleading/false information contradicting scientific consensus (moderate or high level), expert-codebook graded","Misleading or false information that contradicts scientific consensus / public-health guidance, graded low/moderate/high by infectious-disease experts using a purpose-built codebook.",166,full_text_stepb,small_content_n (~166),
2-s2.0-85173913530,Global English,YouTube,6 March 2021,content prevalence - % of analysed videos classified misleading/false (content-N=144 analysed videos),23.6,34/144,CONTENT,TOPICAL,topical,Misleading information was determined in 34 videos (23.6%),"144 English varenicline/smoking-cessation YouTube videos (6 keyword searches, ranked by views, after exclusions)",Video containing scientifically unproven or disproven information on varenicline = misleading/misinformation,"YouTube video containing information not scientifically proven, or scientifically proven to be wrong, about varenicline/smoking cessation (usage, side-effects, efficacy, mechanism, etc.) = misleading/",144 videos analysed (360 initially screened),full_text_rev2,small_content_n (~144); neutral keyword frame; internal value discrepancy 23.6% (34/144 body) vs 22% (31/142 abstract/Table 4); LOW_CONF stepb,
2-s2.0-105031695645,Saudi Arabia,"social media/AI (mixed: Facebook, WhatsApp, TikTok, etc.)",15 March-30 April 2025,recall-exposure: % of pharmacists ever encountering patient-derived digital health misinfo (# participants = 768),89.6,,RECALL,recall-exposure,population,"Most pharmacists (89.6%) reported encountering patient-derived digital health misinformation, with 51.6% experiencing such encounters weekly or daily",768 licensed community pharmacists surveyed (convenience-plus-snowball),Self-reported encountering patient-derived digital health misinformation (false/misleading online health content brought by patients),"Patient-derived digital health misinformation encountered in pharmacy consultations (false/misleading health claims from social media or AI platforms), as self-reported by community pharmacists.",768,full_text_stepb,self_selected_digitally_active_sample,
2-s2.0-85159889148,USA,YouTube,12 August 2021,% of videos with moderate-to-high misinformation (content items),88,44/50,CONTENT,,topical,88% of YT videos and 100% of TK videos had moderate to high levels of misinformation based on screening guidelines,50 YouTube prostate-cancer-screening videos (top-50 for the neutral search term 'prostate cancer screening'),"Likert <4 (i.e. moderate-high misinfo) vs AUA/NCCN guidelines, 3-reviewer mean",Video scored moderate-to-high misinformation on a 5-point Likert scale (response to 'this video does NOT contain misinformation') benchmarked against AUA and NCCN prostate-cancer-screening guidelines;,50 videos,full_text_stepb,small_content_n,
2-s2.0-85159889148,USA,TikTok,12 August 2021,% of videos with moderate-to-high misinformation (content items),100,50/50,CONTENT,,topical,88% of YT videos and 100% of TK videos had moderate to high levels of misinformation based on screening guidelines,50 TikTok prostate-cancer-screening videos (top-50 for the neutral search term 'prostate cancer screening'),"Likert <4 (i.e. moderate-high misinfo) vs AUA/NCCN guidelines, 3-reviewer mean",Video scored moderate-to-high misinformation on a 5-point Likert scale (response to 'this video does NOT contain misinformation') benchmarked against AUA and NCCN prostate-cancer-screening guidelines;,50 videos,full_text_stepb,small_content_n,
2-s2.0-85159889148,USA,YouTube+TikTok,12 August 2021,% of videos sufficiently ACCURATE vs guidelines (Likert>=4) — complement context only,6,6/100,CONTENT,,topical,even fewer were deemed either sufficiently accurate (6%) or high quality (1%),100 prostate-screening videos (50 YT + 50 TK),"Likert>=4 = accurate; only 6% reached this, i.e. 94% inaccurate",Video scored moderate-to-high misinformation on a 5-point Likert scale (response to 'this video does NOT contain misinformation') benchmarked against AUA and NCCN prostate-cancer-screening guidelines;,100 videos,full_text_stepb,"small_content_n,accuracy_complement",
2-s2.0-105035036279,China,BiliBili,28 February 2024,"mean Global Quality Score (1-5; lower=worse), QUALITY not falsity",,GQS 2.04 (median 2),QUALITY,,topical,"The average GQS scores for BiliBili, TikTok, and Kwai were 2.04, 1.81, and 1.70 ... low-quality videos were predominant across all platforms",100 BiliBili dietary-weight-loss videos (top-100 neutral keyword 'dietary weight loss'),"GQS 1-5, score<3 = low quality/misinfo risk; mean 2.04","Low information quality/reliability (GQS and mDISCERN mean <3) used as a PROXY for misinformation risk; no per-video true/false falsity coding. 3 expert raters, blinded, Fleiss kappa>0.90",100 videos,full_text_stepb,"small_content_n,quality_not_falsity",
2-s2.0-105035036279,China,TikTok (Douyin),28 February 2024,"mean Global Quality Score (1-5; lower=worse), QUALITY not falsity",,GQS 1.81 (median 2),QUALITY,,topical,"The average GQS scores for BiliBili, TikTok, and Kwai were 2.04, 1.81, and 1.70",100 TikTok (Douyin) dietary-weight-loss videos (top-100 neutral keyword),"GQS 1-5, score<3 = low quality/misinfo risk; mean 1.81","Low information quality/reliability (GQS and mDISCERN mean <3) used as a PROXY for misinformation risk; no per-video true/false falsity coding. 3 expert raters, blinded, Fleiss kappa>0.90",100 videos,full_text_stepb,"small_content_n,quality_not_falsity",
2-s2.0-105035036279,China,Kwai,28 February 2024,"mean Global Quality Score (1-5; lower=worse), QUALITY not falsity",,GQS 1.70 (median 2),QUALITY,,topical,"The average GQS scores for BiliBili, TikTok, and Kwai were 2.04, 1.81, and 1.70",100 Kwai (Kuaishou) dietary-weight-loss videos (top-100 neutral keyword),"GQS 1-5, score<3 = low quality/misinfo risk; mean 1.70","Low information quality/reliability (GQS and mDISCERN mean <3) used as a PROXY for misinformation risk; no per-video true/false falsity coding. 3 expert raters, blinded, Fleiss kappa>0.90",100 videos,full_text_stepb,"small_content_n,quality_not_falsity",
2-s2.0-85135254144,US,Twitter,15 Dec 2019 – 31 March 2020,% of tweets containing HPV-vaccine misinfo (content items),24,931/3876,CONTENT,,topical,Nearly a quarter (n = 931) of HPV related-content on Twitter ... contained concerns including misinformation ... whereas 76% (n = 2945) contained supportive information,"3,876 unique English #HPV tweets (final cleaned analytic sample; keyword #HPV, retweets excluded)",Annotator-coded dis/misinformation; almost all concern-raising posts contained misinfo,Tweets coded by trained annotators (Fleiss kappa 0.91) as containing disinformation OR misinformation about the HPV vaccine — incomplete/inaccurate info inconsistent with scientific consensus; raising,3876 tweets,full_text_stepb,,
2-s2.0-85210156482,US,TikTok,December 2021,% of educational videos NOT supported by published evidence (content items),12.1,21/174,QUALITY,,topical,"the majority of videos scored well on domains of accuracy, though 26.7% of non-HCP content contradicted or could not be corroborated by published evidence ... Information supported by evidence? ... No 21 (12.1)",174 educational contraception TikTok videos (broadest all-creator denominator),CRAAP accuracy: video info not supported by published evidence,"Video content that contradicted or could not be corroborated by published evidence (CRAAP 'Accuracy' domain: 'Information supported by evidence? No'); 2 board-certified gynecologists, Cohen's kappa>0.",174 videos,full_text_stepb,quality_not_falsity,
2-s2.0-85054363956,Canada,BabyCenter.com forum,June 2016 – November 2016,% of advice responses refuted/somewhat-refuted by evidence (content items),16.2,12/74,CONTENT,,single_source,A further 16.2% and 6.3% was refuted or was somewhat refuted by the evidence found in evidence-based resources,74 advice-providing responses to health questions on BabyCenter.com 'Mom Answers' forum,Advice fully or partly refuted by evidence-based resources,"Advice responses REFUTED or SOMEWHAT REFUTED by evidence-based point-of-care resources (DynaMed, UpToDate, RxTx, Natural Medicines); single librarian coder",74 advice responses (from 74 health questions / 113 responses),full_text_stepb,"small_content_n,single_source_sample",
2-s2.0-85054363956,Canada,WhatToExpect.com forum,June 2016 – November 2016,% of advice responses refuted/somewhat-refuted by evidence (content items),6.3,~21/337,CONTENT,,single_source,A further 16.2% and 6.3% was refuted or was somewhat refuted by the evidence found in evidence-based resources,337 advice-providing responses to health questions on WhatToExpect.com community forum,Advice fully or partly refuted by evidence-based resources,"Advice responses REFUTED or SOMEWHAT REFUTED by evidence-based point-of-care resources (DynaMed, UpToDate, RxTx, Natural Medicines); single librarian coder",337 advice responses (from 131 health questions / 650 responses),full_text_stepb,single_source_sample,
2-s2.0-85099149423,Brazil,multiple_social_media,Mar 2020,"% of most-engaged COVID links that are mis/disinformation (content-items, content-N)",13.5,13/97,CONTENT,,curated,"'mis/disinformation' accounted for 13.5% of the analysed links, classified as false connection (5.2%), misleading content (4.1%) and fabricated content (4.1%)","97 most-engaged COVID-19 links (BuzzSumo, Portuguese, Facebook/Twitter/Reddit/Pinterest, March 2020)",Links classified as mis/disinformation per Wardle/Derakhshan typology (false connection/misleading/fabricated),"Wardle & Derakhshan (2017) mis/disinformation typology, applied via fact-checking against scientific papers, official sources and journalistic articles: false connection, misleading content, manipulat",97 links,full_text_stepb,very_small_content_n (97); denom = popularity/engagement-curated topical (most-engaged COVID links),
2-s2.0-85163186108,India,WhatsApp,Oct 2018-Jun 2019,"% of image shares that are misinformation (IPW-weighted population estimate of content shares, content-N)",13,11.1% + 3.2% (shares col),CONTENT,,population,"misinformation makes up a substantial portion (13%) of all image sharing in these political groups ... approximately 10% of image shares are obviously (to journalists) misinformation, with 3% more being misinformation that has been previously fact-checked","1.6M images from >5,000 public political WhatsApp groups (India); 2,500 annotated (500 random + 2,000 popular), IPW-weighted to image-share population",Image annotated as obvious misinformation or already-fact-checked-false by professional journalists,Images annotated by 3 professional fact-checking journalists as 'obvious misinformation' or 'already fact-checked to be false' (combined); moderate inter-annotator agreement (Fleiss kappa 0.78 two-cla,"1.6M images total; 2,500 annotated; ~605 labelled misinfo",full_text_stepb,"neutral random + popular sample, IPW-weighted; estimate explicitly group-sample-specific (BJP-skewed), not generalizable to all WhatsApp",
2-s2.0-85191357340,China,multiple_video,Mar 2022,"% of tumor-immunotherapy videos containing misinformation (content-items, content-N)",10.2,12/118,CONTENT,,curated,Only 12 videos contained misinformation (score of >1 out of 5),"118 'tumor immunotherapy' videos (keyword search, top-50 most-viewed per site across TikTok, Tencent, iQIYI, BiliBili), March 2022",Video with mean misinformation Likert score >1 of 5 (2 blinded raters),"Misinformation scored on a 5-point Likert scale by 2 blinded raters; a video 'contained misinformation' if mean score >1 of 5. (Quality/reliability assessed separately via DISCERN, JAMA, PEMAT.)",118 videos,full_text_stepb,small_content_n (118); denom = keyword/popularity-curated topical (most-viewed tumor-immunotherapy videos),
2-s2.0-85195375481,United States,Facebook,2019-2021,"% of high-engagement HPV articles containing misinformation (content-items, content-N)",41,56/138,CONTENT,,curated,"In total, 41% of the articles (n = 56) contained some type of misinformation (Table 2).","138 highest-engagement HPV-related articles shared on Facebook 2019-2021 (BuzzSumo, top-50/year, engagement>=1000)",Article contained any false statement about the HPV vaccine,"Sentence-level coding of any false statement about the HPV vaccine (death, neurological effects, harmful chemicals, fertility effects, or other obviously-false claims); content analysis, Krippendorff ",138 articles,full_text_stepb,small_content_n (138); denom = engagement-curated topical (top HPV articles by Facebook engagement),
2-s2.0-85169326292,United States,Social media,May-Jun 2022,recall-sharing: % of survey respondents who self-report knowingly sharing false political info (participant-N),14,~280/2001,RECALL,,population,we found that 14 percent of respondents reported knowingly sharing misinformation,"2,001 US adults (demographically representative, Qualtrics/Cint/Dynata), surveyed May 26-June 30 2022",Self-report agree/strongly-agree: share political info on social media believed to be false,Self-reported agreement (agree/strongly-agree on 5-pt Likert) with: 'I share information on social media about politics even though I believe it may be false.' = knowingly/intentionally sharing false ,"2,001 participants",full_text_stepb,"self-report sharing -> recall-sharing, not observed behaviour",
2-s2.0-105011756924,Thailand,Word of mouth/social media,Dec 2023-Feb 2024,recall-exposure: % of T2DM patients self-reporting exposure to each misinfo item (range across 13 items; participant-N),,19.6-94.4,RECALL,,curated,"The prevalence of exposure to misinformation among patients with T2DM was highly variable, ranging from 19.6% to 94.4% (Figure 1).","107 Thai T2DM patients at a primary-care unit, Songklanagarind Hospital (S. Thailand)",Self-reported having encountered each of 13 expert-validated diabetes misinformation statements,"Inaccurate/false content communicated to patients (distinct from misconceptions = resulting false beliefs). 13 diabetes misinformation statements across 4 domains (medication side effects, alternative",107 participants,full_text_stepb,per-item range (not a single pooled prevalence); curated set of 13 known-misinfo statements; primary source = word of mouth (81%),
2-s2.0-85143274147,Morocco,Mixed (social media/online news),8 Mar - 9 May 2021,"recall-exposure: % self-report encountered >=1 misinformation (survey, n participants)",91.2,269/295,RECALL,,population,The majority of respondents 269/295 (91.2%) claimed to have come across misinformation during the pandemic.,295 Moroccan university students,Self-reported having come across COVID-19 misinformation during the pandemic,"Self-reported encounter with / transmission of COVID-19 'misinformation' during the pandemic; respondents gave their own examples (e.g. 'Covid-19 is a plot', 'vaccine tainted with man-made HIV'), auth",295,full_text_stepb,,
2-s2.0-85143274147,Morocco,Mixed (social media/online news),8 Mar - 9 May 2021,"recall-sharing: % self-report transmitted misinformation >=1 (survey, n participants)",36.3,107/295 (~36.3%; abstract states 36.6%),RECALL,,population,"the majority of respondents (63.7%) reported having never transmitting misinformation. In other words, some 36.3% of respondents were involved in transmitting misinformation at some point during the pandemic.",295 Moroccan university students,Self-reported having transmitted information that proved to be false at least once,"Self-reported encounter with / transmission of COVID-19 'misinformation' during the pandemic; respondents gave their own examples (e.g. 'Covid-19 is a plot', 'vaccine tainted with man-made HIV'), auth",295,full_text_stepb,,
2-s2.0-85096102360,South Korea,Mixed (online/social/messaging),Apr 2020,"recall-exposure: % self-report exposed to >=1 WHO misinfo item in preceding 3 months (survey, n participants)",67.78,711/1049 (weighted),RECALL,,population,exposure to at least one COVID-19 misinformation item in the preceding three months was reported by 67.78% (n=711) of the respondents.,"1049 South Korean adults (Seoul Metropolitan area, weighted to 2018 census)",Self-reported having seen one or more of 12 WHO-identified COVID-19 misinformation items in the preceding three months,"Having seen one or more of 12 WHO-identified COVID-19 misinformation items (transmission/infectivity/prevention/treatment, e.g. 'masks can be reused after steaming', 'coronavirus is artificially devel",1049,full_text_stepb,,
2-s2.0-85145425628,United States,Reddit,2011-2019,"content_false_share: % of obesity-related sentences classified misinformation, full ML-labelled corpus (n content)",0.47,3610/764179,CONTENT,,topical,"3610 (0.47%) sentences were labeled as misinformation, 14,366 (1.88%) sentences were labeled as weight-related stigma ... (663,128/764,179, 86.78%) were labeled as other.","764179 obesity-keyword Reddit sentences (full census, 2011-2019)",Sentence classified as obesity misinformation by XGBoost classifier,"Sentence classified as obesity 'misinformation' vs factual content, distinguished per American Board of Obesity Medicine peer-reviewed guidelines / scientific literature; RA hand-labelled training set",764179,full_text_stepb,,
2-s2.0-85145425628,United States,Reddit,2011-2019,"content_false_share: % of hand-labelled sentences = misinformation, manual majority-label subset (n content)",4,~4% of 2000 majority-labelled,CONTENT,,population,"Of the sentences receiving a majority label, 64% were labeled as other, 12% were labeled as fact, 9% were labeled as stigma, 5% were labeled as positivity, and 4% were labeled as misinformation.","2000 randomly-sampled obesity-keyword Reddit sentences, hand-labelled by 3 RAs (majority-label subset)",Sentence hand-labelled obesity misinformation by >=2 of 3 trained RAs,"Sentence classified as obesity 'misinformation' vs factual content, distinguished per American Board of Obesity Medicine peer-reviewed guidelines / scientific literature; RA hand-labelled training set",2000,full_text_stepb,,
2-s2.0-85194023903,United States,Twitter,Mar-Oct 2020,concentration of SHARING: % of low-credibility retweets originated by top 0.25% of spreading accounts,73-78,top 1000 of 448103 accounts (0.25%),CONCENTRATION,,curated,"Removing the top 1,000 superspreaders (0.25% of the accounts who posted during the evaluation period) eliminates 73-78% of the low-credibility content (optimal: 81%).","retweets of low-credibility content in evaluation network, Mar-Oct 2020",Share of low-credibility retweets attributable to top 0.25% of originating (superspreader) accounts,"Low-credibility content = content originally published by low-credibility/untrustworthy sources, identified via the Iffy+ list of 738 source domains compiled by professional fact-checkers (source-leve",448103 users / 2397388 tweets,full_text_stepb,,
2-s2.0-85194023903,United States,Twitter,Mar-Oct 2020,concentration of SHARING: % of low-credibility retweets originated by top 0.003% of spreading accounts,34.6,top 10 accounts (0.003%),CONCENTRATION,,curated,"removing the top 10 superspreaders eliminates 34.6% and 34.3% of the low-credibility content based on h-index and Influence, respectively (optimal: 38.1%). In other words, 0.003% of the accounts active during the evaluation period posted low-credibility content that received over 34% of all retweets","retweets of low-credibility content in evaluation network, Mar-Oct 2020",Share of low-credibility retweets attributable to top 10 (0.003%) originating accounts,"Low-credibility content = content originally published by low-credibility/untrustworthy sources, identified via the Iffy+ list of 738 source domains compiled by professional fact-checkers (source-leve",448103 users / 2397388 tweets,full_text_stepb,,
2-s2.0-85114503116,Qatar,Twitter,Feb 2020 - Mar 2021,CONTENT: ~% of (keyword+popularity-filtered) Arabic COVID/vaccine tweets auto-classified likely-to-contain-false-information; n = content (tweets),50,'about half' (read off Fig 3; not a stated %),CONTENT,TOPICAL,topical,about half of the tweets contain false information,"606 Arabic COVID-19/vaccine tweets (keyword-collected Feb 2020-Mar 2021, de-duplicated, filtered to most-liked/retweeted)","Tweet auto-classified (SVM, Alam et al. 2021c Q2) as likely to contain false information","Tweet classified by an SVM (trained on Alam et al. 2021c schema, Q2) as 'likely to contain false information'; multiclass label, automated (not human-adjudicated per tweet).",606 content (Arabic tweets),full_text_reexam,"imprecise_value (read off figure, not stated %); small_content_n (606, popularity-filtered); low classifier accuracy (Q2 Arabic Acc 44.3% / W-F1 43.3%); topical+popularity-filtered; user_ok_asis",
2-s2.0-84869090226,United States,websites (crisis pregnancy centers),2011,% of CPC websites providing false/misleading info (content; n=36 websites),86,31 of 36,CONTENT,,population,"Of the 36 Web sites identified, 31 (86%) provided false or misleading information",all CPC websites identified in North Carolina,CPC websites providing false or misleading abortion/reproductive-health information vs medical evidence,"Medical information about abortion/reproductive-health risks that overstates or contradicts the scientific evidence (e.g. false abortion-breast-cancer, abortion-infertility, abortion-mental-health/pos",36 websites,full_text_stepb,small_content_n (36),
2-s2.0-84869090226,United States,in-person visit (crisis pregnancy centers),Mar-Jun 2011,% of in-person CPC visits giving >=1 misleading/inaccurate piece (content; n=19 encounters),53,10 of 19,CONTENT,,population,At least one piece of misleading or inaccurate information provided 10 (53),all CPCs visited in person in North Carolina,In-person CPC visits giving at least one misleading/inaccurate piece of info vs medical evidence,"Medical information about abortion/reproductive-health risks that overstates or contradicts the scientific evidence (e.g. false abortion-breast-cancer, abortion-infertility, abortion-mental-health/pos",19 encounters,full_text_stepb,small_content_n (19),
2-s2.0-84869090226,United States,phone call (crisis pregnancy centers),Mar-Jun 2011,% of phone CPC encounters giving >=1 misleading/inaccurate piece (content; n=13 calls),54,7 of 13,CONTENT,,single_source,At least one piece of misleading or inaccurate information provided ... 7 (54),CPC phone-call counseling encounters in North Carolina,Phone CPC encounters giving at least one misleading/inaccurate piece of info vs medical evidence,"Medical information about abortion/reproductive-health risks that overstates or contradicts the scientific evidence (e.g. false abortion-breast-cancer, abortion-infertility, abortion-mental-health/pos",13 calls,full_text_stepb,small_content_n (13),
2-s2.0-85083041268,Switzerland,YouTube,May 2019,% of videos containing any misinformation vs EAU evidence (content; n=159 videos),86.8,138 of 159 (100% minus 13.2% with no misinfo),CONTENT,,topical,provides misinformation compared to the current body of evidence (86.8%) ... Only 21 videos (13.2%) were rated to contain no misinformation,English YouTube videos on surgical LUTS/BPH treatment (max 20 per treatment search term),Videos containing any (>= very little) misinformation vs EAU guideline evidence,Video content rated as containing misinformation about surgical LUTS/BPH treatment when compared to the current body of evidence in the EAU (European Association of Urology) guidelines; rated on a 5-l,159 videos,full_text_stepb,small_content_n (159),
2-s2.0-85095594211,Global,social media (Facebook-dominant),Apr 2020,% of top-shared prevention articles that are misleading (content; n=30 articles),20,6 of 30,CONTENT,,topical,Out of the 30 top shared articles identified 24 were found to be accurate (80%) and 6 to be misleading (20%),"top 30 most-shared COVID-19 prevention articles (Buzzsumo, April 2020)",Top-shared COVID-19 prevention articles judged 'misleading' (mix accurate+inaccurate) vs WHO/CDC guidelines,COVID-19 prevention articles classified by 2 public-health experts as 'misleading' (containing both accurate AND inaccurate information) or 'inaccurate' (inconsistent with WHO/CDC guidelines or scient,30 articles,full_text_stepb,very_small_content_n (30),
2-s2.0-85095594211,Global,social media (Facebook-dominant),Apr 2020,"% of total shares going to misleading articles (sharing-share; n=30 articles / 4,904,160 shares)",36,1765889 of 4904160 shares,SHARING,,topical,the percentage of their shares reached 36% (n = 1 765 889) of total number of shares (n = 4 904 160) on social media,total shares of the top 30 COVID-19 prevention articles,Share volume directed to misleading articles vs total share volume,COVID-19 prevention articles classified by 2 public-health experts as 'misleading' (containing both accurate AND inaccurate information) or 'inaccurate' (inconsistent with WHO/CDC guidelines or scient,"30 articles / 4,904,160 shares",full_text_stepb,very_small_content_n (30),
2-s2.0-85190817518,USA,Reddit,2017-2022,% of all comments inaccurate/misleading (content; n=411 comments),36,147 of 411,CONTENT,,population,"In contrast, 36% (147/411) of the comments were inaccurate or misleading.",all unique comments (n=411) across 11 keyword-selected Reddit forums,Reddit comments rated inaccurate/misleading vs medical evidence on ocular stem cell therapy,"Reddit comments on ocular stem cell therapy graded by a board-certified retina surgeon as inaccurate or misleading (minor errors, omissions, citations from misleading articles, or entirely false) vs t",411 comments,full_text_stepb,,
2-s2.0-85086031086,Brazil,Facebook,21 May-3 Jul 2019,recall-sharing: % self-reporting accidental misinfo sharing in past month (survey; N=1615),25.94,,RECALL,,population,Accidental Sharing on Facebook / Yes 25.94 %,survey respondents (valid; N=1615 WhatsApp users),Self-reported accidentally sharing a story later found exaggerated/made-up on Facebook,Self-reported sharing of 'a news story that seemed accurate at the time but you later found out was exaggerated or made up' (accidental) or 'a news story that you thought was made up or exaggerated wh,1615 participants,full_text_stepb,,
2-s2.0-85086031086,Brazil,WhatsApp,21 May-3 Jul 2019,recall-sharing: % self-reporting accidental misinfo sharing in past month (survey; N=1615),28.67,,RECALL,,population,Accidental Sharing on WhatsApp / Yes 28.67%,survey respondents (valid; N=1615 WhatsApp users),Self-reported accidentally sharing a story later found exaggerated/made-up on WhatsApp,Self-reported sharing of 'a news story that seemed accurate at the time but you later found out was exaggerated or made up' (accidental) or 'a news story that you thought was made up or exaggerated wh,1615 participants,full_text_stepb,,
2-s2.0-85086031086,Brazil,Facebook,21 May-3 Jul 2019,recall-sharing: % self-reporting purposeful misinfo sharing in past month (survey; N=1615),13.19,,RECALL,,population,Purposeful Sharing on Facebook / Yes 13.19%,survey respondents (valid; N=1615 WhatsApp users),Self-reported purposeful (knowingly false) sharing of misinformation on Facebook,Self-reported sharing of 'a news story that seemed accurate at the time but you later found out was exaggerated or made up' (accidental) or 'a news story that you thought was made up or exaggerated wh,1615 participants,full_text_stepb,,
2-s2.0-85086031086,Brazil,WhatsApp,21 May-3 Jul 2019,recall-sharing: % self-reporting purposeful misinfo sharing in past month (survey; N=1615),14.36,,RECALL,,population,Purposeful Sharing on WhatsApp / Yes 14.36%,survey respondents (valid; N=1615 WhatsApp users),Self-reported purposeful (knowingly false) sharing of misinformation on WhatsApp,Self-reported sharing of 'a news story that seemed accurate at the time but you later found out was exaggerated or made up' (accidental) or 'a news story that you thought was made up or exaggerated wh,1615 participants,full_text_stepb,,
2-s2.0-105009085931,Global,X (Twitter),Nov 2024 (posts 2021-2024),% posts very low quality (GQS=1); content-N=279,30.8,86/279,QUALITY,,topical,"Using the GQS, 86 posts (30.8%) were rated as having very low quality",Mpox-related X posts (n=279),Mpox posts rated very low quality on Global Quality Score (1-5),"Mpox-related X posts rated for quality/reliability against WHO and CDC fact sheets using the Global Quality Scale (GQS, 1-5) and modified DISCERN; low GQS = poor/inaccurate consumer health information",279,full_text_stepb,"small_content_n (~279); QUALITY!=falsity, excluded from prevalence",
2-s2.0-105009085931,Global,X (Twitter),Nov 2024 (posts 2021-2024),% posts very high quality (GQS=5); content-N=279,11.8,33/279,QUALITY,,topical,only 33 posts (11.8%) were rated as very high quality,Mpox-related X posts (n=279),Mpox posts rated very high quality on Global Quality Score (1-5),"Mpox-related X posts rated for quality/reliability against WHO and CDC fact sheets using the Global Quality Scale (GQS, 1-5) and modified DISCERN; low GQS = poor/inaccurate consumer health information",279,full_text_stepb,"small_content_n (~279); QUALITY!=falsity, excluded from prevalence",
2-s2.0-105032691304,Global,Instagram,Dec 2021 - Jan 2022,% posts misinformation (full sample); content-N=103,23.3,24/103,CONTENT,,topical,"Of the full sample, most posts had accurate (79/103, 76.7%) versus inaccurate (24/103, 23.3%) information about HBV",103 most-popular HBV Instagram posts (search terms 'hepatitis b'/'hep b'),% of popular HBV Instagram posts coded as misinformation by hepatology clinicians,"HBV-related Instagram posts coded accurate vs misinformation by hepatology clinicians against current standards of care, using an adapted validated Online Cancer Nutrition Misinformation (OnC-M) codeb",103,full_text_stepb,small_content_n (~103); multi-source topical sample,
2-s2.0-105031357857,Germany/Austria/Switzerland,TikTok,Jan-Feb 2024,% videos rated incorrect; content-N=177,33.3,59/177,CONTENT,,topical,"19.2% (n = 34) were rated as correct, 33.3% (n = 59) as incorrect, 18.1% (n = 32) as overgeneralized and 29.4% (n = 52) as personal experience",177 German-language mental-health TikTok videos (first 30 per top-6 disorder hashtags),% of mental-health TikTok videos rated as incorrect (false) content vs DSM-5 criteria,German-language TikTok mental-health videos rated by two clinical psychologists as correct / overgeneralized / incorrect / subjective-experience against DSM-5 diagnostic criteria; 'incorrect' = presen,177,full_text_stepb,small_content_n (~177); multi-source topical (6 disorder hashtags),
2-s2.0-105031357857,Germany/Austria/Switzerland,TikTok,Jan-Feb 2024,% videos rated overgeneralized; content-N=177,18.1,32/177,QUALITY,,topical,"33.3% (n = 59) as incorrect, 18.1% (n = 32) as overgeneralized",177 German-language mental-health TikTok videos,% of mental-health TikTok videos rated overgeneralized (not clearly false),German-language TikTok mental-health videos rated by two clinical psychologists as correct / overgeneralized / incorrect / subjective-experience against DSM-5 diagnostic criteria; 'incorrect' = presen,177,full_text_stepb,"small_content_n (~177); QUALITY!=falsity, excluded from prevalence",
2-s2.0-85124307830,Global (40 countries),Facebook (survey recruitment),Jun-Jul 2020 (last-month recall),"recall-exposure: % self-reporting saw/heard 'Drugs' COVID rumor (highest); n=18,407 respondents",84.2,,RECALL,,population,"Drugs and Weather are the two most popular claims, with an average of 84.2% and 77.1% of participants encountering these rumors, respectively","18,407 weighted survey respondents across 40 countries",% of respondents reporting having seen/heard the 'Drugs cure COVID' rumor in the last month,"11 COVID-19 false claims (e.g., 5G spreads virus, hot dryers/sun kill virus, drugs cure COVID, vaccine = tracking microchips/population control) compiled from a Chinese rumor list and corroborated as ",18407,full_text_stepb,,
2-s2.0-85124307830,Global (40 countries),Facebook (survey recruitment),Jun-Jul 2020 (last-month recall),"recall-exposure: % self-reporting saw/heard 'Weather' COVID rumor; n=18,407 respondents",77.1,,RECALL,,population,"Drugs and Weather are the two most popular claims, with an average of 84.2% and 77.1% of participants encountering these rumors","18,407 weighted survey respondents across 40 countries",% of respondents reporting having seen/heard the 'Weather' COVID rumor in the last month,"11 COVID-19 false claims (e.g., 5G spreads virus, hot dryers/sun kill virus, drugs cure COVID, vaccine = tracking microchips/population control) compiled from a Chinese rumor list and corroborated as ",18407,full_text_stepb,,
2-s2.0-85124307830,Global (40 countries),Facebook (survey recruitment),Jun-Jul 2020 (last-month recall),"recall-exposure: % self-reporting saw/heard 'Tracking' (vaccine microchip) rumor; n=18,407",60.7,,RECALL,,population,"Vaccination-related claims show moderate-to-high exposure with Tracking being seen by 60.7%, Population by 57.6% and Pharma by 55.7% of the respondents","18,407 weighted survey respondents across 40 countries",% of respondents reporting having seen/heard the vaccine 'Tracking microchip' rumor in the last month,"11 COVID-19 false claims (e.g., 5G spreads virus, hot dryers/sun kill virus, drugs cure COVID, vaccine = tracking microchips/population control) compiled from a Chinese rumor list and corroborated as ",18407,full_text_stepb,,
2-s2.0-85124307830,Global (40 countries),Facebook (survey recruitment),Jun-Jul 2020 (last-month recall),"recall-exposure: % self-reporting saw/heard 'Population' (vaccine population-control) rumor; n=18,407",57.6,,RECALL,,population,"Tracking being seen by 60.7%, Population by 57.6% and Pharma by 55.7% of the respondents","18,407 weighted survey respondents across 40 countries",% of respondents reporting having seen/heard the vaccine 'Population control' rumor in the last month,"11 COVID-19 false claims (e.g., 5G spreads virus, hot dryers/sun kill virus, drugs cure COVID, vaccine = tracking microchips/population control) compiled from a Chinese rumor list and corroborated as ",18407,full_text_stepb,,
2-s2.0-85124307830,Global (40 countries),Facebook (survey recruitment),Jun-Jul 2020 (last-month recall),"recall-exposure: % self-reporting saw/heard 'Pharma' (vaccine profiteering) rumor; n=18,407",55.7,,RECALL,,population,"Tracking being seen by 60.7%, Population by 57.6% and Pharma by 55.7% of the respondents","18,407 weighted survey respondents across 40 countries",% of respondents reporting having seen/heard the vaccine 'Pharma profiteering' rumor in the last month,"11 COVID-19 false claims (e.g., 5G spreads virus, hot dryers/sun kill virus, drugs cure COVID, vaccine = tracking microchips/population control) compiled from a Chinese rumor list and corroborated as ",18407,full_text_stepb,,
2-s2.0-85124307830,Global (40 countries),Facebook (survey recruitment),Jun-Jul 2020 (last-month recall),"recall-exposure: % self-reporting saw/heard 'Dryer' DIY rumor (lowest claim); n=18,407",27.4,,RECALL,,population,"Sunbath seen by 54.7%, Water by 44.3%, Vinegar by 34.9%, and Dryer by 27.4% of the respondents","18,407 weighted survey respondents across 40 countries",% of respondents reporting having seen/heard the 'Hot-air dryer kills virus' DIY rumor in the last month (lowest of 11 claims),"11 COVID-19 false claims (e.g., 5G spreads virus, hot dryers/sun kill virus, drugs cure COVID, vaccine = tracking microchips/population control) compiled from a Chinese rumor list and corroborated as ",18407,full_text_stepb,,
2-s2.0-85083965254,France,Facebook,Jan 10-31 2019,% posts health misinformation (21-day full-page census); content-N=500,28,140/500,CONTENT,,single_source,"Out of 500 posts analyzed, 28% (140/500) fit in the category health misinformation",500 posts = full census of the Sante+Mag Facebook page over 21 days (Jan 10-31 2019),% of posts published by the French health page Sante+Mag classified as health misinformation,"Posts classified as health misinformation = health-related statements verified false by (a) web research, (b) presence on a fact-checking debunk, and (c) assessment of cited scientific source reliabil",500,full_text_stepb,"single_source_sample (one French health page, within-source rate / likely upper bound)",
2-s2.0-86000670842,Global,TikTok,Sep 2023 - Mar 2024,% posts mostly or completely inaccurate (content; n=250 posts),37,,CONTENT,,population,"18% containing mostly inaccurate information, and 19% deemed completely inaccurate",250 randomly sampled nutrition-related TikTok posts (from 1054 eligible),% nutrition TikTok posts scored mostly inaccurate (18%) or completely inaccurate (19%) vs evidence-based guidelines,"Nutrition content scored against evidence-based dietary guidelines (Australian Dietary Guidelines, Nutrient Reference Values, PEN) as completely/mostly inaccurate vs accurate (Denniss/Lindberg accurac",250 posts,full_text_stepb,"small_content_n; keyword/hashtag sampled (neutral frame); abstract reports conflicting 24%+18% figures, Results-section values used",
2-s2.0-86000670842,Global,TikTok,Sep 2023 - Mar 2024,% posts completely inaccurate (content; n=250 posts),19,,CONTENT,,population,and 19% deemed completely inaccurate (Figures 3a and 4a),250 randomly sampled nutrition-related TikTok posts,% nutrition TikTok posts scored completely inaccurate vs evidence-based guidelines,"Nutrition content scored against evidence-based dietary guidelines (Australian Dietary Guidelines, Nutrient Reference Values, PEN) as completely/mostly inaccurate vs accurate (Denniss/Lindberg accurac",250 posts,full_text_stepb,small_content_n; keyword/hashtag sampled (neutral frame),
2-s2.0-86000670842,Global,TikTok,Sep 2023 - Mar 2024,% posts not providing evidence-based information (quality; n=250 posts),55,,QUALITY,,topical,around half of the applicable posts on TikTok also failed to meet the criteria for providing evidence-based information (55%),applicable nutrition-related TikTok posts (Social Media Evaluation Checklist),% nutrition TikTok posts not providing evidence-based information,"Nutrition content scored against evidence-based dietary guidelines (Australian Dietary Guidelines, Nutrient Reference Values, PEN) as completely/mostly inaccurate vs accurate (Denniss/Lindberg accurac",250 posts,full_text_stepb,quality_not_prevalence; small_content_n,
2-s2.0-86000670842,Global,TikTok,Sep 2023 - Mar 2024,% posts lacking balanced/accurate content (quality; n=250 posts),75,,QUALITY,,topical,most of the posts on TikTok (75%) failed to provide balanced accurate information or outline the risks and benefits,applicable nutrition-related TikTok posts (Social Media Evaluation Checklist),% nutrition TikTok posts lacking balanced and accurate content,"Nutrition content scored against evidence-based dietary guidelines (Australian Dietary Guidelines, Nutrient Reference Values, PEN) as completely/mostly inaccurate vs accurate (Denniss/Lindberg accurac",250 posts,full_text_stepb,quality_not_prevalence; small_content_n,
2-s2.0-85197949220,United States,X (Twitter),16 Jul - 13 Aug 2021,"% relevant posts that are misinformation, timeframe 1 (content; n=11,436 posts)",29.9,3422/11436,CONTENT,,topical,"From the pertinent posts of timeframe 1, 8014 (70.1%) were deemed factual and 3422 (29.9%) were deemed misinformation.","11,436 relevant COVID-vaccine-fertility posts (keyword-screened, timeframe 1)",Posts stating factually incorrect info re COVID vaccine and fertility,Posts stating factually incorrect information about the COVID-19 vaccine and fertility (human-coded factual vs misinformation; posts debunking false claims coded factual).,"11,436 posts",full_text_stepb,,
2-s2.0-85197949220,United States,X (Twitter),5 Nov - 3 Dec 2021,"% relevant posts that are misinformation, timeframe 2 (content; n=5,982 posts)",45.1,2699/5982,CONTENT,,topical,"From the relevant posts from timeframe 2, 3283 (54.9%) were deemed factual and 2699 (45.1%) were deemed misinformation.","5,982 relevant COVID-vaccine-fertility posts (keyword-screened, timeframe 2)",Posts stating factually incorrect info re COVID vaccine and fertility,Posts stating factually incorrect information about the COVID-19 vaccine and fertility (human-coded factual vs misinformation; posts debunking false claims coded factual).,"5,982 posts",full_text_stepb,,
2-s2.0-85167574647,Arab world (Arabic-language),YouTube,26 Jun - 27 Oct 2022,content prevalence - % of videos with misleading content (content-N=100 videos),6,6/100,CONTENT,TOPICAL,topical,"The video content was labeled as useful in 84% of videos, misleading in 6%, irrelevant in 6%, and depicted personal experience in 4% of videos.","100 Arabic-language prostate-cancer YouTube videos (3 keyword searches, default relevance sort)",Video content categorised as 'misleading' on prostate cancer = misinformation,"YouTube video whose content is categorised as 'misleading' (vs useful / personal-experience / irrelevant) on prostate cancer, judged against clinical accuracy by the authors.","100 videos (110 collected, 10 excluded)",full_text_rev2,small_content_n (100); neutral keyword frame; abstract bundles '14% misleading or irrelevant' - corrected to misleading-only 6%; LOW_CONF stepb,
2-s2.0-85145956359,United States,Twitter,Apr-Nov 2016 (~7 months),"% respondents potentially exposed to >=1 foreign-influence post in period (reach; n=1,496 respondents)",70,1042/1496,REACH,,population,We find that 70% (n = 1042) of respondents were exposed to one or more posts from a foreign influence campaign between April and November 2016,"1,496 survey-linked US Twitter respondents",Potential exposure to >=1 post from any foreign influence campaign (Apr-Nov 2016),Potential exposure to posts from Russian Internet Research Agency / foreign-influence accounts identified and released by Twitter as state-sponsored foreign-influence accounts ('Russian disinformation,"1,496 respondents; 786,634 foreign-influence posts",full_text_stepb,"reach (% who encountered >=1, not diet-share); time window present (L39)",
2-s2.0-85145956359,United States,Twitter,Apr-Nov 2016,concentration of EXPOSURE (audience-level): top 1% of respondents = 70% of exposures,70,,CONCENTRATION,,curated,only 1% of users accounted for 70% of exposures,"1,496 survey-linked US Twitter respondents exposed to Russian IRA posts",Share of all Russian IRA exposures attributable to top 1% of respondents (audience concentration),Potential exposure to posts from Russian Internet Research Agency / foreign-influence accounts identified and released by Twitter as state-sponsored foreign-influence accounts ('Russian disinformation,"1,496 respondents",full_text_stepb,"concentration of EXPOSURE (audience-level, kept per L9)",
2-s2.0-85046831961,Poland,Social media (BuzzSumo: Facebook/Twitter/LinkedIn/Pinterest),Aug 2012-Aug 2017,"% of top-shared health links classified as fake news (content items, N=80)",40,32/80,CONTENT,common-disease health news,topical,40% of the most frequently shared links contained text we classified as fake news.,top 10 most-shared Polish-language links for 8 disease keywords (N=80),Fabricated/manipulated/advertisement health news vs evidence-based textbook,"Fabricated, manipulated, or advertisement health news (categories 1-3 of a Tandoc-derived typology), veracity judged against the evidence-based Polish internal-medicine textbook 'Interna Szczeklika'. ",80 content items,full_text_stepb,small_content_n; single_source_concentration_noted (one source = 21% of fake-news shares),
2-s2.0-85118260096,Hong Kong,"Multiple social media (WhatsApp/WeChat, Facebook, Instagram, Twitter, online forums)",9-23 April 2020,recall-exposure: survey self-report of having seen a specific false claim (population phone survey),19.0,282/1501,RECALL,,population,"Of the 1501 respondents, 282 (19.0%; 95% CI 16.8% to 21.4%) reported having seen claims that 'smoking/alcohol drinking can protect against COVID-19' from social networking sites.","1501 randomly-sampled adults (population-based landline+mobile phone survey, weighted)",% who reported exposure to claim smoking/alcohol protects against COVID-19,"Self-reported exposure to a specific unproven/false health claim ('smoking/alcohol drinking can protect against COVID-19'), framed as health misinformation contradicting WHO; second claim ('drinking t",1501 participants,full_text_stepb,,
2-s2.0-85118260096,Hong Kong,Multiple social media,9-23 April 2020,recall-exposure: survey self-report of having seen a specific false claim (sensitivity/parallel item),17.0,242/1501,RECALL,,population,exposure to claims that 'drinking tea can protect against COVID-19' (17.0%; 242 of 1501),1501 randomly-sampled adults,% who reported exposure to claim drinking tea protects against COVID-19,"Self-reported exposure to a specific unproven/false health claim ('smoking/alcohol drinking can protect against COVID-19'), framed as health misinformation contradicting WHO; second claim ('drinking t",1501 participants,full_text_stepb,parallel_claim_item,
2-s2.0-105007777349,Jordan,"Web pages (Arabic-language, search-engine results)",2019-2023,"content analysis: % of relevant web pages containing oral-health misinformation (content items, N=320)",60.3,193/320,CONTENT,oral/dental health,topical,"Among the 320 web pages included for content analysis, 193 (60.3%) web pages were found to have oral health-related misinformation published in their articles",320 relevant Arabic web pages retrieved via Google Trends top oral-health search queries,Web pages containing misinformation that defies scientific consensus (Swire-Thompson & Lazer),Web-page content that defies the scientific consensus or lacks current scientific evidence (criteria of Swire-Thompson & Lazer); validity checked against NIH/NLM/PubMed/American Academy/Google Scholar,320 content items (web pages),full_text_stepb,,
2-s2.0-105007777349,Jordan,"Web pages (Arabic-language, search-engine results)",2019-2023,concentration of CONTENT among non-professional publishers (composition note),,185/193,CONCENTRATION,oral/dental health,topical,Publishers without a professional background published 185 web pages (95.9%) of the total misinformation-expressing web pages.,193 misinfo-containing pages,share of misinfo pages by non-professional publishers,Web-page content that defies the scientific consensus or lacks current scientific evidence (criteria of Swire-Thompson & Lazer); validity checked against NIH/NLM/PubMed/American Academy/Google Scholar,193 misinfo content items,full_text_stepb,within_misinfo_composition; source/creator_concentration_L14 -> excluded from prevalence,
2-s2.0-85203845655,Iberoamerica (Spanish-language news; mostly Spain),News websites / digital news,16 Jan - 14 Feb 2023,"content analysis: % of news pieces coded FALSE (dis-information, deliberately false), census of Google-alert hits, content-N=78",5.1,4/78,CONTENT,ChatGPT/AI news,topical,"Finalmente, 4 notas ... fueron identificadas como desinformaciones, la categoria mas peligrosa de las tres medidas. Informacion falsa, deliberadamente creada con el fin de perjudicar",78 Spanish-language news pieces on ChatGPT (full census of one researcher's Google-alert feed over one month; topic-neutral within the ChatGPT topic),"News pieces coded as dis-information (deliberately false, intent to harm) under Wardle & Derakhshan typology","Wardle & Derakhshan information-disorder typology, author-coded. Three sub-types: mis-information (false, no harm intent), mal-information (true but used to harm), dis-information (deliberately false ",78 content items,full_text_rev2,"small_content_n; single_collector_google_alert_frame; topical(ChatGPT-only); internal_coding_inconsistencies(paper mislabels percentages, e.g. '4 of 20=20%' vs census 4/78); translated_from_Spanish",
2-s2.0-85115858008,Brazil,WhatsApp,21 May - 28 Oct 2018,"content analysis: % of unique audio messages matched to a fact-checked false claim; content-N=16,503 unique audios (manual confirmation among 300 top-similarity pairs)",0.6,100/16503,CONTENT,political (2018 truck-driver strike + general election),topical,we found that only 100 out of the 300 transcriptions analyzed indeed carried the same content as the claim they were matched to ... These audios were marked as containing misinformation,"16,503 unique audio contents collected from 364 publicly-accessible, politically-oriented WhatsApp groups in Brazil (whole audio corpus, not misinfo-selected)",Unique audios whose transcription matches a previously-fact-checked false claim,"Audio matched (TF-IDF cosine + manual confirmation) to a claim previously rated false by >=1 of 6 Brazilian fact-checking agencies. Lower bound: only catches claims already fact-checked, and only ~71%","16,503 unique content items (42,869 audio messages; 8,056 users; 364 groups; 11,700 transcribed)",full_text_rev2,lower_bound(only previously-fact-checked claims caught; only 71% transcribed; only top-300 similarity pairs manually checked); topical_political_groups; denom_is_whole_audio_corpus_not_curated_misinfo,
2-s2.0-85151055175,United States,Newspapers,,misinfo mentions / candidate-related content units (per stream),22.4,41842,CONTENT,TOPICAL,topical,"Overall ... Newspapers (22.4%) [ratio of misinformation mentions to information units, whole period]",total newspaper articles about candidates (whole period),Ratio of misinfo-topic mentions to newspaper articles about candidates,"Factually inaccurate but genuine understandings (Kuklinski 2000); 14 misinfo-related TOPICS advanced by candidates during 2020 debates, identified via fact-checkers (Snopes/PolitiFact/WaPo).",186551,full_text,mention-to-info ratio; topical=2020 election; newspapers may include corrective mentions,
2-s2.0-85151055175,United States,Television (cable),,misinfo mentions / candidate-related content units (per stream),2.49,102596,CONTENT,TOPICAL,topical,Overall ... Television (2.49%) [ratio of misinformation mentions to information units],total cable-TV segments about candidates (whole period),Ratio of misinfo-topic mentions to TV segments about candidates,"Factually inaccurate but genuine understandings (Kuklinski 2000); 14 misinfo-related TOPICS advanced by candidates during 2020 debates, identified via fact-checkers (Snopes/PolitiFact/WaPo).",1246,full_text,mention-to-info ratio; topical=2020 election; newspapers may include corrective mentions,
2-s2.0-85151055175,United States,Twitter,,misinfo mentions / candidate-related content units (per stream),1.48,1373126,CONTENT,TOPICAL,topical,Overall ... Trump Twitter (1.48%) [ratio of misinformation mentions to tweets about Trump],tweets about Trump (whole period),Ratio of misinfo-topic mentions to tweets about Trump,"Factually inaccurate but genuine understandings (Kuklinski 2000); 14 misinfo-related TOPICS advanced by candidates during 2020 debates, identified via fact-checkers (Snopes/PolitiFact/WaPo).",169753552,full_text,mention-to-info ratio; topical=2020 election; newspapers may include corrective mentions,
2-s2.0-85151055175,United States,Twitter,,misinfo mentions / candidate-related content units (per stream),4.99,2629546,CONTENT,TOPICAL,topical,Overall ... Biden Twitter (4.99%) [ratio of misinformation mentions to tweets about Biden],tweets about Biden (whole period),Ratio of misinfo-topic mentions to tweets about Biden,"Factually inaccurate but genuine understandings (Kuklinski 2000); 14 misinfo-related TOPICS advanced by candidates during 2020 debates, identified via fact-checkers (Snopes/PolitiFact/WaPo).",169753552,full_text,mention-to-info ratio; topical=2020 election; newspapers may include corrective mentions,
2-s2.0-85151055175,United States,Survey,,recall-exposure: survey salience / recollection,3.52,410,RECALL,,topical,Overall ... Trump surveys (3.52%) [ratio of misinformation mentions to survey units about Trump],survey responses about Trump (whole period),% of survey content about Trump referencing misinfo topics,"Factually inaccurate but genuine understandings (Kuklinski 2000); 14 misinfo-related TOPICS advanced by candidates during 2020 debates, identified via fact-checkers (Snopes/PolitiFact/WaPo).",410,full_text,survey misinfo-mention proportion (recall); topical=election,
2-s2.0-85151055175,United States,Survey,,recall-exposure: survey salience / recollection,3.55,393,RECALL,,topical,Overall ... Biden surveys (3.55%) [ratio of misinformation mentions to survey units about Biden],survey responses about Biden (whole period),% of survey content about Biden referencing misinfo topics,"Factually inaccurate but genuine understandings (Kuklinski 2000); 14 misinfo-related TOPICS advanced by candidates during 2020 debates, identified via fact-checkers (Snopes/PolitiFact/WaPo).",393,full_text,survey misinfo-mention proportion (recall); topical=election,
2-s2.0-85125507154,Canada,TikTok,July 2021,% of top-100 popular #adhd videos clinician-rated misleading,52,52/100,QUALITY,,curated,"Of the 100 videos meeting inclusion criteria, 52% (n = 52) were classified as misleading, 27% (n = 27) as personal experience, and 21% (n = 21) as useful",top 100 most popular #adhd TikTok videos (by views/likes) meeting inclusion criteria,Percent of popular ADHD TikTok videos classified as misleading (lacking scientific evidence) by clinicians,"'Misleading' video = contains information lacking scientific evidence (e.g. unsubstantiated claims about ADHD/treatment); rated by 2 psychiatrists vs CADDRA/AAP guidelines, 3rd adjudicator for ties.",100 videos,full_text_stepb,"small_content_n (n=100); topical_curated (#adhd hashtag, popularity-ranked)",
2-s2.0-85074596916,United States,Twitter,1-9 Nov 2016,"% of all categorized political-hashtag URLs shared that link to junk-news sources, 2016 election (SHARING; n=2,792,760 categorized tweets/URLs, 710 sources)",17.4,486446/2792760,SHARING,,curated,"Junk News and Information 486,446 17.4 [Table 2, US Presidential Election]","all 2,792,760 categorized URLs/tweets shared under 2016 election hashtags (all content buckets, incl. non-news)","Share of shared political-hashtag URLs linking to junk-news domains (source-level, >=3/5 criteria; unreliable-source category)","'Junk news' = a source that deliberately publishes/aggregates misleading, deceptive, or incorrect information packaged as real news, operationalized as meeting >=3 of 5 source-level criteria: (1) prof","2,792,760 categorized tweets/URLs; 710 sources coded; 3.69m users",full_text_reexam,source/domain-level coding (not per-story falsity); broad junk-news/unreliable-source category (only 1 of 5 criteria = credibility); hashtag-curated topical frame; denominator = all shared content; user_ok_asis,
2-s2.0-85074596916,United States,Twitter,24-30 Jan 2018,"% of all categorized political-hashtag URLs shared that link to junk-news sources, 2018 SOTU (SHARING; n=116,380 categorized tweets/URLs)",18.1,21071/116380,SHARING,,curated,"Junk News and Information ... 21,071 ... 18.1 [Table 2, State of the Union]","all 116,380 categorized URLs/tweets shared under 2018 SOTU hashtags (all content buckets)","Share of shared political-hashtag URLs linking to junk-news domains, 2018 SOTU (source-level, >=3/5 criteria)","'Junk news' = a source that deliberately publishes/aggregates misleading, deceptive, or incorrect information packaged as real news, operationalized as meeting >=3 of 5 source-level criteria: (1) prof","116,380 categorized tweets/URLs; 532,000 users",full_text_reexam,source/domain-level coding; broad junk-news/unreliable-source category; hashtag-curated topical frame; second time-point added for completeness; user_ok_asis,
2-s2.0-85134426953,United States,"Multiple social media (Facebook, Reddit, Twitter, Pinterest)",Jan 2018 - Dec 2019,% of content articles that are misinformation (content-N=200),32.5,65 of 200,CONTENT,,topical,"Of 200 total articles, 32.5% (n = 65) contained misinformation","200 most popular (BuzzSumo) cancer articles, top 50 per 4 most-common cancers, across Facebook/Reddit/Twitter/Pinterest","Articles with expert summary factuality score >=6 (mixture true/false, mostly false, or false)","Articles given an expert summary score >=6 on a 5-point factuality scale, i.e. 'mixture both true and false', 'mostly false', or 'false' (two NCCN-panel content experts per cancer site).",200 articles,full_text_stepb,small_content_n (200); multi-source-topical; neutral popularity denominator,
2-s2.0-85134426953,United States,"Multiple social media (Facebook, Reddit, Twitter, Pinterest)",Jan 2018 - Dec 2019,% of content articles containing harmful information (content-N=200),30.5,61 of 200,QUALITY,,topical,30.5% (61 of 200; κ = 0.66) of articles contained harmful information,200 most popular cancer articles across the 4 platforms,"Articles rated by >=1 reviewer as 'probably harmful' or 'certainly harmful' (potential-for-harm, not falsity)","Articles given an expert summary score >=6 on a 5-point factuality scale, i.e. 'mixture both true and false', 'mostly false', or 'false' (two NCCN-panel content experts per cancer site).",200 articles,full_text_stepb,QUALITY/harm != falsity - excluded from prevalence; small_content_n (200),
2-s2.0-85121971415,United States,Twitter,Jan 2018 - Dec 2019,% of classified posts indicative of the MOUD myth (content prevalence),0.9,,CONTENT,,population,the prevalence of the stated MOUD myth ranged from 0.4% on web-based health communities to 0.9% on Twitter,All keyword-collected Twitter posts machine-labelled by classifier,Posts promoting the MOUD 'replacing one drug with another' myth,Posts promoting one specific clinically-discredited MOUD myth - that agonist therapy/MAT 'simply replaces one drug with another' - identified by an ML classifier (91% accuracy) over expert-annotated t,"6,365,245 posts",full_text_stepb,single-myth lower bound (one myth only); neutral keyword denominator,
2-s2.0-85121971415,United States,Reddit/Drugs-Forum (web-based health communities),Jan 2018 - Dec 2019,% of classified posts indicative of the MOUD myth (content prevalence),0.4,,CONTENT,,population,the prevalence of the stated MOUD myth ranged from 0.4% on web-based health communities to 0.9% on Twitter,"All keyword-collected posts on Reddit (22 opioid subreddits) + Drugs-Forum, machine-labelled",Posts promoting the MOUD agonist-replacement myth on health communities,Posts promoting one specific clinically-discredited MOUD myth - that agonist therapy/MAT 'simply replaces one drug with another' - identified by an ML classifier (91% accuracy) over expert-annotated t,"13,488,968 posts (Reddit 13,483,419 + Drugs-Forum 5,549)",full_text_stepb,single-myth lower bound; neutral keyword denominator,
2-s2.0-85121971415,United States,YouTube,Jan 2018 - Dec 2019,% of classified posts/comments indicative of the MOUD myth (content prevalence),0.58,,CONTENT,,topical,"The prevalence of posts among our sampled comments that were related to the myth ... was 0.4%, 0.9%, and 0.58% for web-based health communities, Twitter, and YouTube, respectively","99,386 YouTube comments (from 552 videos matching 11 OUD keywords), machine-labelled",Comments promoting the MOUD agonist-replacement myth on YouTube,Posts promoting one specific clinically-discredited MOUD myth - that agonist therapy/MAT 'simply replaces one drug with another' - identified by an ML classifier (91% accuracy) over expert-annotated t,"99,386 comments",full_text_stepb,single-myth lower bound; neutral keyword denominator (restricted 11-keyword set),
2-s2.0-85065015834,"Multiple (US YouTube; 57% North America, 30% Europe)",YouTube,4 May 2017,% of videos describing non-indicated/harmful therapy as valid (content prevalence),17.0,17 of 102,CONTENT,,topical,Non-recommended and/or potentially harmful therapies were described as valid and potentially beneficial treatments for IPF in 17% of videos,102 eligible patient-directed IPF videos (from first 200 'idiopathic pulmonary fibrosis' search results),Videos recommending non-guideline-indicated/harmful IPF therapies as valid,"Videos describing non-guideline-indicated and/or potentially harmful therapies (e.g. corticosteroids as chronic Rx, N-acetylcysteine, stem cells, cannabis oil) as valid/beneficial treatments for IPF, ",102 videos,full_text_stepb,small_content_n (102); topical neutral search-term sample,
2-s2.0-85065550941,United States,Instagram,"Apr, Jun, Aug 2018",% of fluoride posts containing conspiracy-theory content (content prevalence),37.3,112 of 300,CONTENT,,topical,"The most common topics were conspiracy theory, contained in 37.3% of posts",300 #fluoride Instagram posts (100 recent posts/session x 3 sessions),Posts containing fluoride conspiracy-theory content (e.g. fluoride poisoning/mind-control claims),Posts coded for fluoride conspiracy-theory content (e.g. fluoride as government mind-control/poison) among #fluoride Instagram posts; expert-coded categories from a CDC fact sheet.,300 posts,full_text_stepb,small_content_n (300); topical hashtag (#fluoride) neutral sample; user_ok_asis,
2-s2.0-85131270595,"Multiple (English-language; 60% US, 9% UK, 7% Canada)",News media (100 highest-reach online outlets),27 Jul 2020 - 30 Jun 2021,"% of all COVID-vaccine articles matching misinfo Boolean string (automated, high false-positive)",3.2,41718 of 1298054,CONTENT,,topical,41 718 (3.2% of all COVID-19 vaccine articles) contained at least one of the vaccine misinformation themes,"1,298,054 COVID-19 vaccine articles from 100 highest-reach English-language outlets",Articles matching the misinformation-theme Boolean search string (includes fact-checking/refers-to as false positives),"Articles advancing/promoting COVID-19 vaccine misinformation across 17 expert-defined subthemes (safety, development, conspiracy, etc.). 'Primary misinformation' = articles actually promoting the misi","1,298,054 articles",full_text_stepb,automated Boolean -> high false-positive (close-read found only 5.4% of these are primary misinfo); neutral whole-topic denominator,
2-s2.0-85131270595,"Multiple (English-language; 60% US, 9% UK, 7% Canada)",News media (100 highest-reach online outlets),27 Jul 2020 - 30 Jun 2021,% of all COVID-vaccine articles that are PRIMARY misinformation (close-read corrected),0.1,15 of 500 close-read = 3.0% of Boolean-flagged; x 3.2%,CONTENT,,population,approximately 0.1% (95% CI 0.05% to 0.16%) of all articles on COVID-19 vaccines in our sample contained primary misinformation,All COVID-19 vaccine articles from 100 highest-reach outlets (close-read validated estimate),Articles actively promoting/advancing vaccine misinformation (not fact-checking or merely referencing),"Articles advancing/promoting COVID-19 vaccine misinformation across 17 expert-defined subthemes (safety, development, conspiracy, etc.). 'Primary misinformation' = articles actually promoting the misi","1,298,054 articles (close-read subset n=500, 15 primary-misinfo)",full_text_stepb,cleanest value (validated primary-misinfo rate); rests on 15 close-read primary-misinfo articles,
2-s2.0-85218959905,Saudi Arabia,Instagram,Feb 2024,share non-factual posts (content items),84.0,126,CONTENT,,topical,"Only 16.0% of the posts contain factual information, while the remaining 84.0% consist of non-factual claims",analyzed Instagram posts (top-10 per 15 aesthetic-dentistry Arabic hashtags),Post classified non-factual (non-facts and falsified information) about aesthetic dentistry on a 2-point accuracy scale,"Claim accuracy coded on a 2-point scale; 'non-factual' = non-facts and falsified information about aesthetic dentistry (factual = objectively true, relevant, minimal facts)",150,full_text_stepb,small_content_n (n=150); topical_keyword_sample,
2-s2.0-84929523850,United Kingdom,multiple,20-24 Nov 2020,recall-exposure: self-report saw/heard anti-vaccine messages (% of people),34.0,,RECALL,,population,1 in 3 people (34%) ... say they've seen or heard messages discouraging the public from getting a coronavirus vaccine,UK residents aged 16-75 surveyed,Self-report seeing/hearing messages discouraging COVID vaccination (any source),"Self-reported having seen/heard messages discouraging the public from getting a coronavirus vaccine (anti-vax messaging); survey item, any/social-media source",2244,full_text_stepb,survey_self_report,
2-s2.0-84929523850,United Kingdom,social media,20-24 Nov 2020,recall-exposure: self-report saw anti-vaccine messages on social media (% of people),26.0,,RECALL,,population,A quarter of the population (26%) say they've seen or heard Covid anti-vax messages on social media,UK residents aged 16-75 surveyed,Self-report seeing anti-vaccine content on social media specifically,"Self-reported having seen/heard messages discouraging the public from getting a coronavirus vaccine (anti-vax messaging); survey item, any/social-media source",2244,full_text_stepb,survey_self_report,
2-s2.0-78649725192,Global,Twitter,May-Dec 2009,share misinformation tweets (content items),4.5,243,CONTENT,,population,4.5% were classified as possible misinformation,manually coded random H1N1/swine-flu keyword tweets,Tweet contradicts the reference standard (CDC/PHAC/credible news) or contains unsubstantiated info/speculation; excludes jokes,Tweet coded misinformation if not a joke and unsubstantiated by reference standards (CDC/PHAC for scientific claims; panel of credible news sources e.g. CNN/BBC for news claims); may include speculati,5395,full_text_stepb,,
2-s2.0-85086906408,Global (English),YouTube,,% videos containing direct misinformation,28,26/92,CONTENT,,topical,"Overall, 26/92 (28%) videos with medical information were deemed to contain direct misinformation.",92 videos with medical information,Direct misinformation defined as contradictions of established literature and/or guidelines,,92,full_text,very_small_content_n (~92),
2-s2.0-85128118104,China,Survey (interpersonal/media; HINTS-China),May 2017,recall-exposure: % respondents heard at least one of 8 false food rumors,83.6,2584/3090,RECALL,,curated,"Among the respondents, 83.6% (2584/3090) heard at least one food rumor.",3090 surveyed adults in Beijing and Hefei,Self-reported having heard at least one of 8 officially-identified false food rumors,"Eight officially-identified FALSE food rumors (e.g. 'seaweed is made of plastic', 'seedless grapes covered with contraceptives'), confirmed false by state surveillance sources; self-reported having he",3090 participants,full_text_stepb,curated_rumor_set (8 pre-specified false rumors),
2-s2.0-85200952814,Global (English),TikTok,Jan 13 2024,% videos inaccurate or misinformative (>50% false) (content items),34.7,50/144,CONTENT,,topical,"most of the content was considered partially accurate or uninformative (63 [43.8%] and 50 [34.7%], respectively)",144 included hysteroscopy videos,Videos containing more than 50% false information classified as inaccurate or misinformative,TikTok hysteroscopy videos containing >50% false information were classified as 'inaccurate or misinformative'; 25-50% false = partially accurate; <25% false = accurate/evidence-based (fact-checked ag,144 videos,full_text_stepb,small_content_n (144); topical_keyword_sample; user_ok_asis,
2-s2.0-105014962937,Japan,YouTube,Oct 2024,% of videos containing misinformation (qualitative content classification; content-N),19.4,14/72,CONTENT,,topical,Misinformation was found in 14 (19.4 %) videos.,"72 Japanese-language YouTube short videos on syphilis (comprehensive top-50-per-keyword sample, screened from 650)","Information contrary to scientific consensus, identified by reflexive thematic analysis (false transmission claims, exaggerated/false symptoms, pathogen misrepresented as virus/parasite)","Misinformation = claims contrary to the epistemic consensus of the scientific community (Swire-Thompson & Lazer def.), identified qualitatively via reflexive thematic analysis of the full video (audio",72 videos,full_text_rev2,very_small_content_n (72); topical_keyword_sample; single_language_Japanese; kept_caveat,
2-s2.0-85145404443,US/UK/Canada,Twitter,"Jan 6 - Apr 30, 2021",% of coded COVID-vaccine tweets that are anti-vaccine (content items),1.8,131/7306,CONTENT,,topical,"Of the 7306 tweets, 131 (1.8%) were coded as anti-vaccine and 1533 (21%) were coded as NVI.","7306 manually-coded COVID-vaccine tweets (sampled from a 217,954-tweet frame via neutral keyword query)",% of tweets coded implicitly/explicitly anti-vaccine,"Tweets coded (implicitly or explicitly) 'anti-vaccine' = expressing refusal/opposition to vaccination; distinguished by authors from merely 'negative vaccine information' (NVI), which characterizes va",7306 tweets,full_text_stepb,multi_source_topical,
2-s2.0-85141666446,Vietnam,Mixed online (social media/forums/newspapers),"Jul 1 - Sep 15, 2020",% of 500 most-influential COVID posts containing misinformation (content items),2.0,10/500,CONTENT,,topical,"Among the selected 500 posts with the highest number of engagements, there were 316 (63.20%) genuine information posts, 10 (2.00%) misinformation posts, 152 (30.40%) opinions, and 22 (4.40%) unverified posts.",500 most-influential (top-100-engagement per 5 NPI topics) COVID-intervention posts,% of influential posts refuted by official references,"Posts expressing information easily refuted by official guidelines (Vietnam MoH, govt news, WHO, or >=2 peer-reviewed journals); distinct from 'opinions' and 'unverified information' (cannot be proven","500 posts (from 54,528 collected)",full_text_stepb,multi_source_topical; top-engagement-selected denominator,
2-s2.0-85084947770,Global,YouTube,"Apr 9, 2019",% of vaccine-related videos coded anti-vaccine (content items),19.98,424/2122,CONTENT,,topical,"Among the 2122 vaccine-related videos, 1374 videos were pro-vaccine (64.75%), 424 videos were anti-vaccine (19.98%), and 324 videos were neutral (15.27%).","2122 vaccine-related videos (network seeded by neutral query 'immuni* OR vaccin* OR vaxx*', recommendation-expanded)",% of videos coded anti-vaccine vs pro/neutral,"Videos coded by sentiment toward vaccination: anti-vaccine = attitudes of refusal/rejection of vaccines (vs pro-vaccine support, vs neutral). 4-coder consensus (>=2 of 4).",2122 videos,full_text_stepb,multi_source_topical,
2-s2.0-85081680257,US,YouTube,"May 5-14, 2019",% of vaccine videos containing misleading info (content-N=196),67.9,133/196,CONTENT,,topical,Misinformation occurred in 133 of our 196 videos.,"196 vaccine videos (first 200 keyword-relevant videos, 4 non-English removed)",Videos containing any misleading vaccine information vs CDC/UpToDate,"Video coded as misleading if it contradicts CDC/UpToDate facts, relies on low-quality/anecdotal sources, or contains errors in reporting results on vaccine safety/effectiveness.",196 videos,full_text_stepb,small_content_n (196); topical-keyword sample,
2-s2.0-85129109345,Global,YouTube,"Jun 10 & Dec 7, 2020","% of videos misleading overall (COVID, vitamin D, or both; content-N=77)",80.5,62/77,CONTENT,,topical,"we classified the videos as misleading if they had misleading information on vitamin D, COVID-19, or both (ie, 7 [9%] videos with some useful and some misleading information were labeled as misleading overall).","77 COVID-19 + vitamin D videos (first 60 search results x 2 timepoints, screened to 77)",Videos with any misleading COVID-19 and/or vitamin D info,"Video coded as misleading if it contained any inaccurate/misleading content on COVID-19 or vitamin D (e.g. that vitamin D prevents or cures COVID-19), judged against current evidence base.",77 videos,full_text_stepb,very_small_content_n (77); topical-keyword sample,
2-s2.0-105014807194,US,TikTok,"Dec 20-27, 2022",% of scoliosis advice videos containing misinformation (content-N=55),44,24/55,CONTENT,,topical,"Out of the 55 videos providing medical advice or treatment information, 44% (n = 24) were found to contain misinformation upon review by fellowship-trained pediatric orthopaedic surgeons specializing in spine deformity.",55 scoliosis videos offering medical advice/treatment info (subset of 239 reviewed),Advice videos marked unsupported by current medical evidence,Advice/treatment video marked 'unsupported' by current medical evidence by three fellowship-trained pediatric spine surgeons (vs supported).,55 advice videos (of 239 reviewed),full_text_stepb,very_small_content_n (55); topic-hashtag sample,
2-s2.0-85085201199,Global,YouTube,"Mar 21, 2020",% of most-viewed COVID videos that are non-factual (content-N=69),27.5,19/69,CONTENT,,topical,"Of the 69 included videos, 19 (27.5%) contained non-factual information, while 50 (72.5%) contained only factual information",69 most-viewed English COVID-19 videos (top 75 per keyword screened to 69),Videos containing >=1 non-factual COVID-19 statement vs WHO/CDC,Video coded non-factual if it contained one or more non-factual statements vs WHO/CDC guidelines at the video's publication date (two-reviewer consensus).,69 videos,full_text_stepb,very_small_content_n (69); top-viewed keyword sample,
2-s2.0-85085201199,Global,YouTube,"Mar 21, 2020",% of total viewership going to non-factual videos (views as diet-share),24.1,62042609/257804146,EXPOSURE,viewership,topical,Non-factual videos accounted for 24.1% of the total viewership for a total of 62 042 609 views. Factual videos accounted for 75.9% of total viewership.,"257,804,146 total views of the 69 included videos",Proportion of total viewership accruing to non-factual videos,Video coded non-factual if it contained one or more non-factual statements vs WHO/CDC guidelines at the video's publication date (two-reviewer consensus).,"69 videos / 257,804,146 views",full_text_stepb,small_content_n (69 videos); view-weighted exposure within top-viewed set,
2-s2.0-85146384927,China,TikTok,"Mar 12, 2022",% of top-liked myopia videos containing misinformation (content-N=168),10.1,17/168,CONTENT,,topical,A total of 19 descriptions were determined as misinformation in 17 videos. The total crude prevalence was 10.1% (17/168),168 top-liked myopia videos (top 200 most-liked screened to 168),Videos containing >=1 misleading statement on myopia vs IMI standards,Description deemed misinformation if inaccurate or not sufficiently rigorous vs International Myopia Institute (IMI) 2019/2021 standards; eye-exercise/classification deviations NOT counted.,168 videos,full_text_stepb,small_content_n (168); top-liked keyword sample,
2-s2.0-85076877757,Brazil,WhatsApp,October 2018,% of shared political posts fully or partially false (content-N=472),60.0,283/472,CONTENT,,topical,un 60% corresponde a informacion parcial o completamente falsa (tabla 4),"472 political posts shared across 10 WhatsApp family groups (190 participants), Oct 2018",Share of shared political posts containing fully or partially false information,"Political post classified false using the Brazilian fact-check guide 'Fato ou Fake' (G1/Globo): checked sensational/unusual titles, ambiguity, image/audio authenticity, professional-media sourcing; co",472 posts / 190 participants / 10 groups,full_text_stepb,single-context (10 family groups); fully+partially-false threshold,
2-s2.0-85076877757,Brazil,WhatsApp,October 2018,% of shared political posts FULLY false (content-N=472),38.8,183/472,CONTENT,,topical,"Los posts clasificados como informacion falsa (38,8%) superaron la cifra de los que contenian informacion verdadera (35,4%)","472 political posts shared across 10 WhatsApp family groups (190 participants), Oct 2018",Share of shared political posts classified as fully false information,"Political post classified false using the Brazilian fact-check guide 'Fato ou Fake' (G1/Globo): checked sensational/unusual titles, ambiguity, image/audio authenticity, professional-media sourcing; co",472 posts / 190 participants / 10 groups,full_text_stepb,single-context (10 family groups); fully-false-only threshold,
2-s2.0-105028851691,unspecified,TikTok,"Jan 3, 2024",% of videos (content items) classified misleading; n=98 videos,89,87/98,CONTENT,,topical,"Among the 98 videos analyzed, 87 (89%) were rated as misleading.",top 98 TikTok videos returned for the #adhd hashtag (fresh non-personalized account),Clinician-rated likely to lead viewers to inaccurate/unsupported ADHD beliefs (S3 guideline),"Video content judged by two clinicians (S3/AWMF ADHD guideline) likely to lead viewers to inaccurate or unsupported beliefs about ADHD (factually wrong info, transdiagnostic symptoms presented as ADHD",98 videos,full_text_stepb,very_small_content_n (98); multi_source_topical,
2-s2.0-85217197547,multi-country (US/Canada/UK/Australia/Ireland),Instagram,"Mar 27, 2023",% of posts (content items) containing any misinformation; n=71 posts,88.7,63/71,CONTENT,,topical,"Sixty-three posts (88.7%) contained misinformation, with 59 posts (83.1%) having 50% or more misinformation of the total information provided.",71 unique posts on pediatric oral ties from top 200 #tonguetie/#liptie/#buccaltie posts,Post content scored as misinformation vs guideline-based 30-point sheet,"Post content marked incorrect against a 30-point scoring sheet built from clinical practice guidelines/expert consensus by 3 pediatric otolaryngologists (covering embryology, anatomy, epidemiology, sy",71 posts,full_text_stepb,very_small_content_n (71); multi_source_topical,
2-s2.0-84964787366,Global,Twitter,"Aug 8-9 & 15-16, 2014",% of coded tweets (content items) that are misinformation; n=332 tweets,2,"8/332 (~2.4% B1, 2.3% B2)",CONTENT,,population,"Of 245 tweets in Batch 1 and 87 tweets in Batch 2, alternative health information ... accounted for six tweets in Batch 1 and two tweets in Batch 2",manually-coded random 1% keyword sample of 'Ebola' tweets (245 B1 + 87 B2 English/Chinese),Alternative health info not in line with scientific understanding of Ebola,"Alternative health information: posts not in line with current scientific understanding of Ebola and its prevention/control (e.g., saltwater cure, Nano Silver, crystal meth, traditional-medicine cures",332 coded tweets (from 1% random sample),full_text_stepb,multi_source_topical (random keyword),
2-s2.0-84964787366,China,Sina Weibo,"Aug 8-9 & 15-16, 2014",% of coded microblogs (content items) that are misinformation; n=659 posts,2,"14/659 (2.4% B1, 1.4% B2)",CONTENT,,topical,alternative health information accounted for 11 posts in Batch 1 and three posts in Batch 2 (of 452 B1 and 207 B2),manually-coded Sina Weibo keyword sample (452 B1 + 207 B2),Alternative health info not in line with scientific understanding of Ebola,"Alternative health information: posts not in line with current scientific understanding of Ebola and its prevention/control (e.g., saltwater cure, Nano Silver, crystal meth, traditional-medicine cures",659 coded posts,full_text_stepb,multi_source_topical (keyword),
2-s2.0-85089627303,USA,Multi-platform,Sep 2018-Aug 2019,% of content items false (popularity-selected links),44,44%,CONTENT,,topical,"Overall, 56% of articles were graded as accurate and 44% as misleading or inaccurate","52 most-shared male-infertility article links (BuzzSumo, Facebook/Pinterest/Reddit/Twitter), popularity-selected, multi-source topical",Links graded misleading/inaccurate vs cited references + peer-reviewed literature,"Article links graded 'misleading' or 'inaccurate' by two reviewers comparing content to cited references and contemporary peer-reviewed literature; inaccurate = not supported by scientific literature,",52 content items,full_text_stepb,very_small_content_n (~52); multi-source-topical,
2-s2.0-85148963619,USA,Twitter,2021 (Jan 4-Dec 31),"% of content items low-credibility (share of vaccine tweets+retweets, # tweets)",1.31,median 1.31%,CONTENT,,topical,Daily percentage of vaccine tweets and retweets that share links to low-credibility news sources (median: 1.31%) and mainstream news sources (median: 7.53%),vaccine-related tweets+retweets linking to news (of ~294M collected vaccine tweets in 2021),Tweets linking to low-credibility (Iffy+/NewsGuard<=30) news domains,"Tweets linking to low-credibility news domains, identified at the source/domain level using the Iffy+ Misinfo/Disinfo list (MBFC Very Low/Low factual reporting, Questionable, Conspiracy-Pseudoscience)","294,081,599 tweets / 19,581,249 users (content-level)",full_text_stepb,domain-level labeling (~76% of such articles validated as false/misleading),NewsGuard
2-s2.0-85148963619,USA,Twitter,2021,concentration of SHARING (top ~800 superspreader accounts -> share of misinfo reshares; user-level),35,approximately 35%,CONCENTRATION,,population,Tweets by a small group of approximately 800 “superspreaders” verified by Twitter accounted for approximately 35% of all reshares of misinformation on an average day,all reshares of low-credibility misinformation on an average day in 2021,Share of misinformation reshares attributable to ~800 verified superspreader accounts,"Tweets linking to low-credibility news domains, identified at the source/domain level using the Iffy+ Misinfo/Disinfo list (MBFC Very Low/Low factual reporting, Questionable, Conspiracy-Pseudoscience)","~800 verified accounts (of 98,612 accounts sharing vaccine content / 828 verified sharing low-cred)",full_text_stepb,,
2-s2.0-85148963619,USA,Twitter,2021,concentration of SHARING (single top superspreader -> share of misinfo retweets; user-level),13.4,over 13% / 13.4%,CONCENTRATION,,population,Retweets of Mr. Kennedy’s tweets singularly accounted for 13.4% of all retweets of low-credibility vaccine content,all retweets of low-credibility vaccine content,Share of misinformation retweets from the single top superspreader account (@RobertKennedyJr),"Tweets linking to low-credibility news domains, identified at the source/domain level using the Iffy+ Misinfo/Disinfo list (MBFC Very Low/Low factual reporting, Questionable, Conspiracy-Pseudoscience)","1 account (of 98,612 sharing vaccine content)",full_text_stepb,,
2-s2.0-105032159703,Global,TikTok,"Mar 1-7, 2025",% of content items containing misinformation (# videos),36,over one-third (36%),CONTENT,,topical,misinformation permeated over one-third (36%) of the entire sample,"100 most-liked English-language scar-management TikTok videos (5 hashtags, sorted by most-liked)","Presence of misinformation: unproven products, harmful DIY, misrepresented outcomes","Video coded as containing misinformation if it presented scientifically baseless/unproven products, potentially harmful DIY regimens, or exaggerated/misrepresented treatment outcomes, judged by two tr",100 content items,full_text_stepb,small_content_n (~100); multi-source-topical (most-liked/popularity),
2-s2.0-85168520853,Italy,Facebook,Jan 2019-Dec 2021,% of content items (statements) containing misinformation (# statements),26.1,26.1% (401/1534),CONTENT,,population,"At the level of statements, 401/1534 (26.1%) contained misinformation.",1534 statements (144 randomly-sampled threads) in 2 Italian-speaking Facebook mental-health groups,Statements containing medically inaccurate information (content/context/wrong-assumption/wrong-terminology),"A statement coded as misinformation if medically inaccurate: content-related (false due to lack of scientific evidence), context-related (claim inadequate for speaker's knowledge/status), wrong assump",1534 statements / 144 threads / 1037 members,full_text_stepb,"two specific Facebook groups (one expert-led ~12k, one peer-led ~5.5k members); narrow source scope",
2-s2.0-85139497631,Spain,YouTube,9 Mar 2021,% of videos poor quality by DISCERN (# videos); QUALITY not falsity,66.7,26/38 (66.7%),QUALITY,,topical,"According to DISCERN, 26 videos (66.7%) were of poor quality and 12 (30.8%) of moderate/good quality","38 Spanish-language bladder-cancer YouTube videos (first 50 by views, filtered to 38)",Poor quality = DISCERN score 1-2 (vs moderate/good 3-5),"Video quality judged by 3 urologists via DISCERN (consumer health information quality instrument); poor quality = DISCERN 1-2, moderate/good = 3-5. This is a QUALITY/reliability rating, not a direct f",38 content items,full_text_stepb,very_small_content_n (~38); QUALITY-not-falsity (excluded from prevalence synthesis),
2-s2.0-85189974015,Sub-Saharan Africa (Ghana/Kenya/Nigeria/South Africa/Tanzania/Uganda),Facebook,Feb-Mar 2023,% of survey respondents who actually shared the planted fake article (observed click data; # participants),13.8,13.8%,SHARING,,topical,About 13.8% of respondents shared the article on Facebook,5307 survey respondents each shown one fake vaccine-infertility article (experimental forced exposure),Observed click on Facebook share button for the planted misinformation article,"A planted fake-news article making unsubstantiated infertility claims about one of three vaccines (HPV, polio, COVID-19); content is misinformation by design (experimental forced exposure). Sharing me",5307 participants,full_text_stepb,experimental forced-exposure (not organic-diet share); non-probability Facebook-ad sample (mostly Kenya),
2-s2.0-85189974015,Sub-Saharan Africa (Ghana/Kenya/Nigeria/South Africa/Tanzania/Uganda),Facebook,Feb-Mar 2023,% of respondents who INTENDED/were willing to share (self-report; # participants),52.1,52.1%,OTHER,recall-sharing,population,about 52.1% of our respondents stated that they would be willing to share the article on their Facebook account,5307 survey respondents,"Stated willingness to share the misinformation article (1-item binary, asked after reading)","A planted fake-news article making unsubstantiated infertility claims about one of three vaccines (HPV, polio, COVID-19); content is misinformation by design (experimental forced exposure). Sharing me",5307 participants,full_text_stepb,self-reported intention (not behaviour); experimental forced-exposure,
2-s2.0-105007993526,Turkey,YouTube,"Jun 21, 2024",mean modified DISCERN reliability score (1-5; # videos); QUALITY not a falsity share,,"3.32 (SD 1.091, of 5)",QUALITY,,topical,Modified DISCERN score 3.32 ... 1.091,105 Turkish-language scabies YouTube videos (keywords 'scabies'/'scabies treatment'),Modified DISCERN (1-5) reliability/quality of scabies videos; higher = more reliable,"Video reliability/quality scored by 3 dermatologists via modified DISCERN (1-5, higher = more reliable), GQS, and JAMA scales; no binary misinformation/falsity classification reported. Mean mDISCERN 3",105 content items,full_text_stepb,small_content_n (~105); QUALITY-mean-score (no falsity %); excluded from prevalence synthesis,
2-s2.0-85089622030,Italy,Social media (BuzzSumo: Facebook/Pinterest/Reddit/Twitter),31 Dec 2019 - 30 Apr 2020,% of total shares (across reviewed articles) that are fake news; content-N basis,23.1,2352585 fake shares of total shares,SHARING,,topical,"Links that contained fake news were shared 2,352,585 times, accounting for about 23.1% of the total shares of all the articles reviewed.","total shares of all 2,102 reviewed COVID-19 keyword articles (fake + verified)",Fake news = content not supported by scientific literature on Covid-19,"'Fake news' = articles whose content is not supported by scientific literature, or where reported data are used to make inappropriate conclusions about SARS-CoV-2 (independently dual-coded; 3rd author",2102 articles (27 keyword x period searches; 9 COVID topics),full_text_stepb,topical_keyword_sample,
2-s2.0-85140592237,Turkey,YouTube,1 Feb 2021,% of videos classified misleading; content-N,18.3,40 of 218,CONTENT,,topical,There were 178 (81.7%) fully relevant and 40 (18.3%) misleading videos,218 reviewed Turkish 'Coronavirus and nutrition' YouTube videos (of first 280),Misleading = scientifically wrong/unproven nutrition info vs public-health guidelines,"'Misleading' = video containing one or more scientifically wrong/unproven nutrition statements vs major public-health guidelines (WHO, Turkish Dietetic Assoc, NICE) at publication date; dual expert re",218 videos,full_text_stepb,topical_keyword_sample; small_content_n (218),
2-s2.0-85218245924,Italy,TikTok,30 Apr 2024,% of videos with >=25% false info (partially accurate + inaccurate/uninformative); content-N,63.3,76 of 120,CONTENT,,topical,"56.7% classified as partially accurate (with 25%-50% of false information) and 6.6% deemed uninformative (more than 50% of false information), accounting for 63.3% of the evaluated material",120 PCOS TikTok videos (analyzed set; keyword 'PCOS'),>=25% false information (partially accurate + inaccurate),Fact-check vs 2023 international PCOS guidelines/literature: 'inaccurate/misinformative' = >50% false info; 'partially accurate' = 25-50% false; 'accurate/evidence-based' = <25% false. Three independe,120 videos,full_text_stepb,topical_keyword_sample; small_content_n (120),
2-s2.0-85218245924,Italy,TikTok,30 Apr 2024,% of videos inaccurate/uninformative (>50% false info); content-N,6.6,8 of 120,CONTENT,,topical,6.6% deemed uninformative (more than 50% of false information),120 PCOS TikTok videos (analyzed set; keyword 'PCOS'),>50% false information (strict misinformation threshold),Fact-check vs 2023 international PCOS guidelines/literature: 'inaccurate/misinformative' = >50% false info; 'partially accurate' = 25-50% false; 'accurate/evidence-based' = <25% false. Three independe,120 videos,full_text_stepb,topical_keyword_sample; small_content_n (120),
2-s2.0-85059686579,USA,YouTube,2018,% of videos with misinformative and/or biased content (content-N=150),77,115/150,CONTENT,,topical,"In our sample of 150 videos, 115 (77%) contained potentially misinformative and/or biased content within the video or comments section, with a total reach of >6 million viewers",first 150 YouTube videos on prostate cancer screening/treatment (neutral keyword search),Share of prostate cancer videos with potentially misinformative and/or biased content (video or comments),Misinformation = scientifically inaccurate/biased content scored on a study-defined 1-5 Likert misinformation scale (analogous to DISCERN); 'potentially misinformative and/or biased content within the,150,full_text_stepb,small_content_n (150); multi-source-topical; broad construct (misinfo OR bias),
2-s2.0-85059686579,USA,YouTube,2018,% of videos with moderate-to-extreme misinformation (content-N=150),20,30/150,CONTENT,,topical,High misinformation (DISCERN score >2) 30 (20) 890 728,first 150 YouTube videos on prostate cancer screening/treatment (neutral keyword search),Share of prostate cancer videos with moderate-to-extreme misinformation (misinformation score >2 of 5),Misinformation = scientifically inaccurate/biased content scored on a study-defined 1-5 Likert misinformation scale (analogous to DISCERN); 'potentially misinformative and/or biased content within the,150,full_text_stepb,small_content_n (150); multi-source-topical; cleaner misinfo-only threshold,
2-s2.0-85059686579,USA,YouTube,2018,% of videos rated moderate-to-poor quality (content-N=150),62,93/150,QUALITY,,topical,Moderate to poor quality (DISCERN score <3) 93 (62) 5 158 189,first 150 YouTube videos on prostate cancer screening/treatment (neutral keyword search),Share of prostate cancer videos rated moderate-to-poor quality (DISCERN score <3),Misinformation = scientifically inaccurate/biased content scored on a study-defined 1-5 Likert misinformation scale (analogous to DISCERN); 'potentially misinformative and/or biased content within the,150,full_text_stepb,small_content_n (150); QUALITY excluded from prevalence,
2-s2.0-85092013677,USA,YouTube,2020,% of videos with moderate-to-high misinformation (content-N=150),21,31/150,CONTENT,,topical,A moderate to high amount of misinformation was present in 21% of videos and reached 1 289 314 viewers,first 150 YouTube videos on 'bladder cancer' (neutral keyword search),Share of bladder cancer videos with moderate-to-high misinformation (misinfo score >2 of 5),"Misinformation = scientifically inaccurate content scored on a 1-5 Likert misinformation scale (analogous to DISCERN), coded by urologists/trainees with intercoder checks.",150,full_text_stepb,small_content_n (150); multi-source-topical; headline misinfo threshold,
2-s2.0-85092013677,USA,YouTube,2020,% of videos with any misinformation (content-N=150),29.3,44/150,CONTENT,,topical,"Forty-four videos had any misinformation (score >1 out of 5), and these videos had 1 483 859 views",first 150 YouTube videos on 'bladder cancer' (neutral keyword search),Share of bladder cancer videos with any misinformation (misinfo score >1 of 5),"Misinformation = scientifically inaccurate content scored on a 1-5 Likert misinformation scale (analogous to DISCERN), coded by urologists/trainees with intercoder checks.",150,full_text_stepb,small_content_n (150); multi-source-topical; broadest (any-misinfo) threshold,
2-s2.0-85092013677,USA,YouTube,2020,% of videos rated moderate-to-poor quality (content-N=150),67,100/150,QUALITY,,topical,"the overall quality of information was moderate to poor in 67%, based on scores of 1-3 out of 5 on the validated DISCERN instrument",first 150 YouTube videos on 'bladder cancer' (neutral keyword search),Share of bladder cancer videos rated moderate-to-poor quality (DISCERN 1-3 of 5),"Misinformation = scientifically inaccurate content scored on a 1-5 Likert misinformation scale (analogous to DISCERN), coded by urologists/trainees with intercoder checks.",150,full_text_stepb,small_content_n (150); QUALITY excluded from prevalence,
2-s2.0-85090430198,United States,TikTok,Jul 2020,% of videos providing misleading/inaccurate health advice (content-N=300),0.66,~2/300,CONTENT,,topical,".66% provided misleading or inaccurate health advice, with the remaining videos depicting everyday quarantine activities in a satirical manner","100 most popular videos in each of the 3 largest COVID-19 hashtags (#covid-19, #covid19, #coronavirus)",Videos providing misleading or inaccurate health advice,"Misleading/inaccurate health advice about COVID-19 (author-coded content category, vs pragmatic-health, satirical/everyday-activity, and healthcare-professional categories).",300,full_text_stepb,"small_content_n (300); multi-source-topical (popularity-based, neutral COVID hashtags)",
W3035025978,Global (6 languages),YouTube,Apr 2020,% of videos presenting medically misleading information (content-N=240),10,24/240,CONTENT,,topical,Twenty-four videos (10%) were flagged as misleading (Table 3),240 YouTube videos (40 per language x 6 languages) via neutral keyword search ('coronavirus'/'corona virus' etc.),Videos presenting medically misleading/scientifically inaccurate COVID-19 information,Misleading = scientifically inaccurate content or ambiguous non-evidence-based claims about COVID-19 (one of four author-defined non-overlapping categories: informative/misleading/personal-experience/,240,full_text_stepb,small_content_n (240); multi-source-topical (neutral keyword),
W3011186656,Global,Twitter,27 Feb 2020,share of content items that are misinfo (content-N),24.8,153,CONTENT,,curated,"In total, after excluding humorous/non-serious posts, 153 tweets (24.8%) included misinformation",serious COVID-19 tweets sampled via 14 trending hashtags/keywords (topic-neutral keyword frame),Tweets refutable against WHO/CDC/peer-reviewed sources (author-coded),A claim of fact that is currently false due to lack of scientific evidence; tweets whose information could be clearly refuted using WHO/CDC/peer-reviewed/major-news references (author-coded vs ground ,673 tweets,full_text_stepb,topical_curated_denominator,
W4407878374,Norway,Twitter,Jan 2020 - Dec 2022,share of content items that are misinfo (content-N),5.11,,CONTENT,,topical,"a dataset of 426,262 tweets is analyzed, identifying approximately 5.11% as misinformation","426,262 Norwegian COVID-19 tweets collected via topic-neutral COVID keywords",Tweets classified as false/inaccurate/misleading by semi-supervised classifier,"Any information that is incorrect, misleading, or false, regardless of disseminator intent (umbrella term following Sanaullah et al.); semi-supervised classifier trained on 994 manually-coded Norwegia","426,262 tweets",full_text_stepb,classifier_labelled,
W4407878374,Norway,Twitter,Jan 2020 - Dec 2022,concentration of SHARING (top 25% of users),75,Gini 0.61,CONCENTRATION,,curated,25% of the most active users contribute to approximately 75% of the misinformation content,users posting misinformation tweets,Concentration of misinformation-tweet production across users (Lorenz/Gini),"Any information that is incorrect, misleading, or false, regardless of disseminator intent (umbrella term following Sanaullah et al.); semi-supervised classifier trained on 994 manually-coded Norwegia","426,262 tweets",full_text_stepb,,
W4306964957,Brazil,Facebook/Twitter/Instagram,2018-2020,share of posts that are misinfo (text-based; content-N),0.0104,421,SHARING,,population,"Using our text-based approach, about 0.01% (421) of politicians' posts contain false stories ... [Table 2] Text 0.0104","4,032,907 posts by 945 politicians 2018-2020","Posts matched to fact-checked false stories (text-based, human-reviewed)",False stories fact-checked as false by Brazilian fact-checking agencies (text-based approach matches posts to Boatos-scraped debunked rumors); domain approach = links to fact-check-flagged low-quality,"4,032,907 posts / 945 politicians",full_text_stepb,elite_population_not_general_public,
W4306964957,Brazil,Facebook/Twitter/Instagram,2018-2020,share of posts that are misinfo (domain-based; content-N),0.9595,38695,SHARING,,population,The domain-based approach suggests a much larger share of posts containing misinformation (0.96%) ... [Table 2] Domain 0.9595,"4,032,907 posts by 945 politicians 2018-2020",Posts linking to fact-check-flagged low-quality/false domains (domain-based),False stories fact-checked as false by Brazilian fact-checking agencies (text-based approach matches posts to Boatos-scraped debunked rumors); domain approach = links to fact-check-flagged low-quality,"4,032,907 posts / 945 politicians",full_text_stepb,elite_population_not_general_public,
W4281770633,United States,Twitter,1 Sep - 15 Dec 2020,concentration of SHARING (top 35 spreaders),28.6,9304879,CONCENTRATION,,curated,"The top 35 accounts alone were responsible for 9,304,879 out of 32,581,921—or 28.6%—of all 'sows doubt' connected retweets and quote tweets we collected","32,581,921 'sows doubt' retweets/quote tweets (ElectionMisinfo2020)",Share of election-misinfo retweets/quote tweets from top 35 repeat spreaders,"Umbrella term for false, misleading, exaggerated, or unsubstantiated claims/rumors about 2020 US election procedures/results, curated in real time by the Election Integrity Partnership (456 stories; 3",44.8M tweets (307 sows-doubt stories),full_text_stepb,concentration_within_curated_misinfo_set,
W4281770633,United States,Twitter,1 Sep - 15 Dec 2020,concentration of SHARING (top 150 spreaders),50,,CONCENTRATION,,curated,We used 150 accounts because they were also responsible for almost exactly half of the retweets and quote tweets in the data,'sows doubt' retweets/quote tweets (ElectionMisinfo2020),Share of election-misinfo retweets/quote tweets from top 150 repeat spreaders,"Umbrella term for false, misleading, exaggerated, or unsubstantiated claims/rumors about 2020 US election procedures/results, curated in real time by the Election Integrity Partnership (456 stories; 3",44.8M tweets (307 sows-doubt stories),full_text_stepb,concentration_within_curated_misinfo_set,
W2582561810,United States,survey (national online panel),week of 28 Nov 2016,recall-exposure: true recalled exposure = fake-recall minus placebo-recall baseline (# participants),1.2,15% fake recall minus 14% placebo recall (95% CI excludes >2.9pp),RECALL,,population,"After weighting for national representativeness, 15 percent of survey respondents recalled seeing the Fake stories ... about 14 percent of people report seeing the placebo stories ... We estimate that the average Fake headline was 1.2 percentage points more likely to be seen and recalled than the average Placebo headline","1,208 post-election US adult survey respondents (SurveyMonkey opt-in panel, weighted to national pop on 10 characteristics)","Self-reported recall of fake-news headlines net of placebo (invented, never-circulated) false-recall baseline","Fake news = news articles that are intentionally and verifiably false and could mislead readers; political, 2016-election-related; coded false if refuted by a mainstream/fact-check site or uncovered-b","1,208 respondents; ~30 fake/placebo headlines tested",full_text_rev2,recall-exposure; opt-in panel reweighted; placebo-corrected,IFCN/factcheck-db
W4293124965,US,web,2017-2021,web-traffic share to untrustworthy news outlets (EXPOSURE),3.36,3.36%,EXPOSURE,TOPICAL,topical,[Table 2] Web traffic 2017-2021: US 3.36%,"% of all news web traffic (visits to news websites), US 2017-2021","generally untrustworthy news outlets (NewsGuard <=60), less-strict definition","Untrustworthy news outlets = NewsGuard score <=60 ('generally untrustworthy', less-strict); stricter subset = outlets 'repeatedly publishing false content'. Source-level (domain) measure, not content-",Comscore panel N=300K (US); 3592 outlets,full_text_stepb,source_level_not_content; news-diet denominator,Comscore; NewsGuard
W4293124965,UK,web,2017-2021,web-traffic share to untrustworthy news outlets (EXPOSURE),0.10,0.10%,EXPOSURE,TOPICAL,topical,[Table 2] Web traffic 2017-2021: UK 0.10%,"% of all news web traffic, UK 2017-2021","generally untrustworthy news outlets (NewsGuard <=60), less-strict","Untrustworthy news outlets = NewsGuard score <=60 ('generally untrustworthy', less-strict); stricter subset = outlets 'repeatedly publishing false content'. Source-level (domain) measure, not content-",Comscore panel N=55.5K (UK); 3592 outlets,full_text_stepb,source_level_not_content; news-diet denominator,Comscore; NewsGuard
W4293124965,France,web,2017-2021,web-traffic share to untrustworthy news outlets (EXPOSURE),4.43,4.43%,EXPOSURE,TOPICAL,topical,[Table 2] Web traffic 2017-2021: France 4.43%,"% of all news web traffic, France 2017-2021","generally untrustworthy news outlets (NewsGuard <=60), less-strict","Untrustworthy news outlets = NewsGuard score <=60 ('generally untrustworthy', less-strict); stricter subset = outlets 'repeatedly publishing false content'. Source-level (domain) measure, not content-",Comscore panel N=23K (FR); 3592 outlets,full_text_stepb,source_level_not_content; news-diet denominator,Comscore; NewsGuard
W4293124965,Germany,web,2017-2021,web-traffic share to untrustworthy news outlets (EXPOSURE),0.97,0.97%,EXPOSURE,TOPICAL,topical,[Table 2] Web traffic 2017-2021: Germany 0.97%,"% of all news web traffic, Germany 2017-2021 (mobile dropped after Aug 2020)","generally untrustworthy news outlets (NewsGuard <=60), less-strict","Untrustworthy news outlets = NewsGuard score <=60 ('generally untrustworthy', less-strict); stricter subset = outlets 'repeatedly publishing false content'. Source-level (domain) measure, not content-",Comscore panel N=27K (GER); 3592 outlets,full_text_stepb,source_level_not_content; news-diet denominator,Comscore; NewsGuard
W4293124965,US,Facebook,2017-2021,Facebook-engagement share with untrustworthy news outlets (SHARING),18.52,18.52%,SHARING,TOPICAL,topical,[Table 2] Facebook engagement 2017-2021: US 18.52%,"% of Facebook engagement with news outlets, US 2017-2021","generally untrustworthy news outlets (NewsGuard <=60), less-strict","Untrustworthy news outlets = NewsGuard score <=60 ('generally untrustworthy', less-strict); stricter subset = outlets 'repeatedly publishing false content'. Source-level (domain) measure, not content-",CrowdTangle; 3592 outlets,full_text_stepb,source_level_not_content; engagement-with-news denominator,NewsGuard
W4293124965,UK,Facebook,2017-2021,Facebook-engagement share with untrustworthy news outlets (SHARING),2.44,2.44%,SHARING,TOPICAL,topical,[Table 2] Facebook engagement 2017-2021: UK 2.44%,"% of Facebook engagement with news outlets, UK 2017-2021","generally untrustworthy news outlets (NewsGuard <=60), less-strict","Untrustworthy news outlets = NewsGuard score <=60 ('generally untrustworthy', less-strict); stricter subset = outlets 'repeatedly publishing false content'. Source-level (domain) measure, not content-",CrowdTangle; 3592 outlets,full_text_stepb,source_level_not_content; engagement-with-news denominator,NewsGuard
W4293124965,France,Facebook,2017-2021,Facebook-engagement share with untrustworthy news outlets (SHARING),23.00,23.00%,SHARING,TOPICAL,topical,[Table 2] Facebook engagement 2017-2021: France 23.00%,"% of Facebook engagement with news outlets, France 2017-2021","generally untrustworthy news outlets (NewsGuard <=60), less-strict","Untrustworthy news outlets = NewsGuard score <=60 ('generally untrustworthy', less-strict); stricter subset = outlets 'repeatedly publishing false content'. Source-level (domain) measure, not content-",CrowdTangle; 3592 outlets,full_text_stepb,source_level_not_content; engagement-with-news denominator,NewsGuard
W4293124965,Germany,Facebook,2017-2021,Facebook-engagement share with untrustworthy news outlets (SHARING),8.52,8.52%,SHARING,TOPICAL,topical,[Table 2] Facebook engagement 2017-2021: Germany 8.52%,"% of Facebook engagement with news outlets, Germany 2017-2021","generally untrustworthy news outlets (NewsGuard <=60), less-strict","Untrustworthy news outlets = NewsGuard score <=60 ('generally untrustworthy', less-strict); stricter subset = outlets 'repeatedly publishing false content'. Source-level (domain) measure, not content-",CrowdTangle; 3592 outlets,full_text_stepb,source_level_not_content; engagement-with-news denominator,NewsGuard
W4309243406,Global,news media,Jan 2019 - Jan 2021,content_share (# content/articles),9,47/535,CONTENT,,topical,"Overall, about 9% of the articles published on GMOs from 2019–2021 that we reviewed contained misinformation, while 91% were factually accurate","535 GMO-related articles from top English-language news media (Boolean keyword search), Jan 2019-Jan 2021",% of GMO news articles at variance with widely-accepted scientific consensus (manual rating),"Information at variance with widely-accepted scientific consensus on GMO safety; manually rated (broad def incl. mis- and dis-information), articles returned by a GMO Boolean keyword search of top Eng",535 articles,full_text_stepb,topical_keyword_denominator,
W4309243406,Africa,news media,Jan 2019 - Jan 2021,content_share (# content/articles),20,,CONTENT,,topical,About 20% - a fifth - of Africa's GMO media content in our database is rated as misinformation,Africa-region GMO articles in the database (deliberately oversampled),% of African GMO news articles rated as misinformation,"Information at variance with widely-accepted scientific consensus on GMO safety; manually rated (broad def incl. mis- and dis-information), articles returned by a GMO Boolean keyword search of top Eng",,full_text_stepb,"non_neutral_region_sample (authors state African media was intentionally over-included, 'thus biasing it'); within-region rate not comparable across regions",
W4309243406,North America,news media,Jan 2019 - Jan 2021,content_share (# content/articles),5,,CONTENT,,topical,The corresponding proportion is 5% for North America and 7% for Europe,North-America-region GMO articles in the database,% of North American GMO news articles rated as misinformation,"Information at variance with widely-accepted scientific consensus on GMO safety; manually rated (broad def incl. mis- and dis-information), articles returned by a GMO Boolean keyword search of top Eng",,full_text_stepb,topical_keyword_denominator,
W4309243406,Europe,news media,Jan 2019 - Jan 2021,content_share (# content/articles),7,,CONTENT,,topical,The corresponding proportion is 5% for North America and 7% for Europe,Europe-region GMO articles in the database,% of European GMO news articles rated as misinformation,"Information at variance with widely-accepted scientific consensus on GMO safety; manually rated (broad def incl. mis- and dis-information), articles returned by a GMO Boolean keyword search of top Eng",,full_text_stepb,topical_keyword_denominator,
2-s2.0-85129781787,India,news media (online English-language newspapers),11 Mar - 30 Apr 2020,content_share: % of treatment-coverage articles giving misleading treatment info (# content/articles),40,40% (text-stated; exact base not tabulated),CONTENT,,topical,"However, 40% of media coverage of treatments options provided misleading information, such as suggesting plasma therapy or chloroquine, were effective","314 articles discussing COVID-19 treatments/cures (subset of 2,422 COVID-19 health articles from the top-5 Indian English-language newspapers; neutral keyword/'Coronavirus'-section search)",Articles whose treatment coverage conveyed misleading/non-evidence-based effectiveness claims vs WHO,Media coverage providing misleading information relative to WHO guidance (e.g. suggesting plasma therapy or chloroquine were effective treatments when not evidence-based).,"314 treatment-coverage articles (of 2,422 total COVID-19 articles)",full_text_rev2,denominator_is_treatment_subset_not_all_articles; value text-stated (no explicit table cell); topical denom (COVID treatment coverage),
2-s2.0-85109464429,Portugal,YouTube,7 May - 5 Aug 2019,content_share (# content/videos),32.6,79/242,CONTENT,,topical,"Um terco dos videos (n=79, 32,6%) apresenta imprecisoes clinicas/cientificas [One third of the videos (n=79, 32.6%) contained clinical/scientific inaccuracies]","242 eligible Portuguese-language AMI YouTube videos (from top-100 results across 10 search terms, after excluding irrelevant/duplicate/no-audio/non-Portuguese)",% of relevant AMI videos containing clinical/scientific inaccuracies (author-coded),"Clinical/scientific inaccuracies ('imprecisoes clinicas/cientificas') in video content, author-coded by two physician reviewers; Portuguese-language acute-myocardial-infarction YouTube videos from the",242 videos,full_text_stepb,small_content_n (242); topical_keyword_denominator,
W7165134935,United States,TikTok,Sep-Oct 2024,% of content items (videos) that are misinfo (content-N),6.0,58/971,CONTENT,content,topical,"In total, (n = 58, 6.0%) TikToks included either broad or specific concerns around sunscreen health risks.","971 most-viewed TikTok videos across 5 most-popular sunscreen hashtags (#sunscreen, #sunscreenviral, #spf, #sunscreenreview, #sunprotection)","Share of most-viewed sunscreen TikToks containing sunscreen-health-risk misinformation (harm or prevents-benefit critique), broad or specific",Sunscreen misinformation = TikTok content critiquing sunscreen for either having harmful effects on the body or preventing the benefits of sun exposure (incl. that sunscreen is unnecessary/ineffective,971 videos,full_text_stepb,,
W3189543626,"Multiple (Spanish-language; Mexico 35.6%, USA 15.3%, Colombia 12.7%, Spain 11.0%)",YouTube,Mar 2020-Feb 2021,% of content items (videos) that are misinfo (content-N),1.7,2/118,CONTENT,content,topical,Hoaxes and conspiracy theories were detected in 2 videos ... Hoaxes/conspiracy theories were identified in 1.7% of the videos.,"118 most-viewed Spanish-language YouTube videos about COVID-19 vaccines (keyword search 'Vacuna Covid', 'Vacuna coronavirus', 'Vacuna Covid19', sorted by views)",Share of most-viewed Spanish COVID-19-vaccine YouTube videos containing hoaxes/conspiracy theories,"Hoaxes/conspiracy theories about COVID-19 vaccines (e.g. mind-control/surveillance chips, sterility, DNA/genetic changes, pandemic-denial) identified by two independent raters among the most-viewed Sp",118 videos,full_text_stepb,small_content_n (118),
W4385567160,Germany,Telegram,Apr 2020-May 2022,"share of messages classified as conspiracy narratives (content-N = 821,903 messages)",8.24,67698,CONTENT,,single_source,"our trained model identified 67,698 messages containing characteristics of conspiracy narratives, representing 8.24% of the total corpus","all 821,903 text messages in 34 open Querdenken Telegram chat groups (29 Apr 2020-29 May 2022)",DistilBERT-classified messages showing signs of conspiracy narratives,"Messages showing signs of conspiracy narratives (DistilBERT-classified against 4-expert hand annotation, kappa 0.82); conspiracy narrative = belief interpreting events as the secret plan of a group of",821903,full_text_stepb,"single_source_sample (one protest-movement corpus; conspiracy-adjacent, not strictly false-claim misinfo)",
W3138656580,United States,TikTok,Dec 2020,content_share: % of trending #covidvaccine videos that falsely claim vaccine availability (# content/videos),31,31/100,CONTENT,,topical,"Falsely Claims Vaccine Availability for Public Uptake 31 15,195,600 43.00%","100 trending videos from the #covidvaccine hashtag (most popular COVID-19 hashtag, ~73.8M views at time of study)",Videos falsely conveying a COVID-19 vaccine was available for public uptake when it was not (single specific verifiable false claim),Falsely conveying that a COVID-19 vaccine was available for public uptake at a time (Dec 2020) when no vaccine was yet distributed in the US; author-coded against CDC fact sheet (kappa=0.94 on 10% dou,100 videos,full_text_rev2,"small_content_n (n=100); single topical hashtag (#covidvaccine); single specific false claim, not overall falsity",
W2901308345,USA,Seeking Alpha,2005-2015,"unconditional share of articles classified as fake (content-N = 203,545 articles)",2.8,,CONTENT,,single_source,"The unconditional probability of a Seeking Alpha article being fake is 2.8% over the entire sample period, peaking at 4.8% in 2008 and dropping to a low of 1.6% in 2013","all 203,545 Seeking Alpha articles 2005-2015 (LIWC-classified)",articles probabilistically classified fake (deceptive paid stock-promotion) vs SEC-validated ground-truth,"Articles classified as fake = probabilistically deceptive paid-for stock-promotion content, via a LIWC authenticity-score algorithm calibrated/validated on 171 SEC-prosecuted 'for-sure' fake articles ",203545,full_text_stepb,single_source_sample (one platform),
W2901308345,USA,Motley Fool,2009-2014,"unconditional share of articles classified as fake (content-N = 147,916 articles)",2.7,,CONTENT,,single_source,"The unconditional probability of fake news on the Motley Fool sample is 2.7%, almost identical to the 2.8% we found for Seeking Alpha","147,916 Motley Fool articles 2009-2014 (LIWC-classified)",articles probabilistically classified fake via LIWC algorithm,"Articles classified as fake = probabilistically deceptive paid-for stock-promotion content, via a LIWC authenticity-score algorithm calibrated/validated on 171 SEC-prosecuted 'for-sure' fake articles ",147916,full_text_stepb,single_source_sample (one platform),
W4416223891,Germany/USA,TikTok,2025,share of posts containing misinformation (content-N = 121 videos),32,,CONTENT,,topical,Thirty-two percent of videos contained some form of medically related misinformation,"121 pharmacology TikTok posts (German and English), popularity-filtered",posts contradicting established scientific literature or clinical guidelines,Posts containing medically related misinformation = claims contradicting established scientific literature or clinical guidelines (verified against PubMed/medical literature).,121,full_text_stepb,"small_content_n (n=121); multi-topical hashtag sample (drug/contraception/hormone hashtags), popularity-filtered",
W4205602257,USA,Twitter,Jan-Sep 2020,"share of shared COVID-19 URLs from fake-news domains, black+red (content-N = 7,062,989 tweets-with-URL; 1.6M-voter panel, 527,958 COVID-tweeters)",1.1,,SHARING,fake/false news domains (black+red),population,URLs from domains that publish fake news only comprise 1.1% of the URLs from COVID-19 tweets,"7,062,989 COVID-19 tweets containing at least one URL (panel of 1.6M registered voters)",black/red fake-news domain URLs per Grinberg classification,"URLs from web domains classified as fake-news (black + red tiers per Grinberg et al. 2019; 'black' = preexisting fake-source lists, 'red' = sites that spread falsehoods reflecting a flawed editorial p",7062989,full_text_stepb,,Voter-panel
W4205602257,USA,Twitter,Jan-Sep 2020,"share of shared COVID-19 URLs from fake-news domains, incl. orange tier (content-N = 7,062,989 tweets-with-URL)",1.8,,SHARING,fake/false news domains (black+red+orange),topical,"if we include web domains rated as orange in our fake news classification system, the percentage of shared fake news URLs increases to 1.8%","7,062,989 COVID-19 tweets containing at least one URL",black/red/orange fake-news domain URLs,"URLs from web domains classified as fake-news (black + red tiers per Grinberg et al. 2019; 'black' = preexisting fake-source lists, 'red' = sites that spread falsehoods reflecting a flawed editorial p",7062989,full_text_stepb,broader (lower-confidence orange tier included),
W3033912864,Global (English-speaking; 73% US),Twitter,"Jan 29 - Mar 4, 2020",% of EN source users who posted >=1 fake-news URL (# users),1.60,33514/2089892,SHARING,sharing,population,"total 33,514 ... 2,089,892 ... 1.60%","all English-speaking source users in COVID-keyword corpus (2,089,892)",Share of users who posted at least one tweet linking to a black/red/orange fake-news site (Grinberg lists) within a COVID-keyword Twitter corpus,"Tweets linking to 'fake news' sites (Grinberg black/red/orange source lists: sites lacking editorial norms for accuracy, publishing fabricated/false content). Source-level URL classification, not nume","2,089,892 EN source users; 117,767 fake-news source tweets; 67.4M tweets / 12M users total corpus",full_text_rev2,"english_only; topical_denominator (COVID-keyword corpus, not whole diet); observed_sharing_not_exposure; arXiv_preprint (Huang & Carley 2020)",
W3033912864,Global (English-speaking; 75% US),Twitter,"Jan 29 - Mar 4, 2020",% of EN retweeters who retweeted >=1 fake-news URL (# users),2.50,104811/4186548,SHARING,sharing,population,"total 104,811 ... 4,186,548 ... 2.50%","all English-speaking retweeters in COVID-keyword corpus (4,186,548)",Share of users who retweeted at least one tweet linking to a fake-news site within a COVID-keyword Twitter corpus,"Tweets linking to 'fake news' sites (Grinberg black/red/orange source lists: sites lacking editorial norms for accuracy, publishing fabricated/false content). Source-level URL classification, not nume","4,186,548 EN retweeters",full_text_rev2,english_only; topical_denominator (COVID-keyword corpus); observed_sharing_not_exposure; arXiv_preprint,
W2953415400,Global,YouTube,Jan 2015 - Dec 2018,% of videos opposing scientific consensus (denial+conspiracy),45.5,91/200,CONTENT,content,topical,16 videos (8%) ... denial ... 91 (45.5%) chemtrail conspiracy ... Sum 89 (44.5%) ... 91 (45.5%) 200 (100%),200 climate videos (10 search terms x 20 top results),Share of videos taking a denial/conspiracy (misinforming) stance vs IPCC consensus,YouTube videos opposing the IPCC scientific-consensus view on anthropogenic climate change = climate-change denial (cat 3) + chemtrail/conspiracy theories (cat 4). Author-coded via thematic analysis a,200 videos,full_text_stepb,small_content_n (200); multi-source-topical (keyword search),
W2953415400,Global,YouTube,Jan 2015 - Dec 2018,% of total views going to consensus-opposing videos,47.4,16254587/34296000,EXPOSURE,exposure,topical,"16,254,587 views (47.4%) 34,296,000 views (100%)","total views of the 200 sampled videos (34,296,000)",Share of total views going to denial/conspiracy videos,YouTube videos opposing the IPCC scientific-consensus view on anthropogenic climate change = climate-change denial (cat 3) + chemtrail/conspiracy theories (cat 4). Author-coded via thematic analysis a,"200 videos / 34,296,000 views",full_text_stepb,small_content_n (200); view-weighted exposure within sample,
W7163893383,Global,TikTok,"Nov 14, 2025",% of statin videos containing >=1 false/misleading claim,39.5,102/258,CONTENT,content,topical,False claims were identified in 39.5% of videos,"258 statin-related TikTok videos meeting inclusion (from 1,349 screened top-viewed)",Share of videos with >=1 expert-adjudicated false/misleading claim,False or misleading claim = claim independently judged false by two cardiology fellows against peer-reviewed evidence; partially-true/misleading/context-lacking claims counted as false. Video flagged ,258 videos,full_text_stepb,small_content_n (258); multi-source-topical (statin search terms); preprint,
W7146985142,Germany,Web browsing (desktop),Jul-Dec 2017,share of untrustworthy news among all news visits (2017); n=#participants,0.75,,EXPOSURE,news diet,population,the share of visits to untrustworthy news outlets among all news visits—in the raw data 0.75% in 2017 and 0.52% in 2024,all news website visits 2017,% of news visits going to NewsGuard-untrustworthy news outlets,Visits to news outlets rated untrustworthy by NewsGuard (score<60 on 0-100 scale),1212 participants; 56M URL visits (1.6% news),full_text_stepb,,NewsGuard
W7146985142,Germany,Web browsing (desktop+mobile),Nov-Dec 2024,share of untrustworthy news among all news visits (2024); n=#participants,0.52,,EXPOSURE,news diet,population,0.75% in 2017 and 0.52% in 2024,all news website visits 2024,% of news visits going to NewsGuard-untrustworthy news outlets,Visits to news outlets rated untrustworthy by NewsGuard (score<60 on 0-100 scale),436 participants; 6M URL visits (2.5% news),full_text_stepb,,NewsGuard
W7146985142,Germany,Web browsing (desktop),"6 months, Jul-Dec 2017",% who ever visited >=1 untrustworthy news site in tracking window (2017); n=#participants,17,,REACH,news diet,population,"During the longer 2017 tracking window, 17% of participants visited at least one untrustworthy news site, compared to just 8% in the shorter 2024 period",all participants 2017,% of participants visiting >=1 NewsGuard-untrustworthy news site,Visits to news outlets rated untrustworthy by NewsGuard (score<60 on 0-100 scale),1212 participants,full_text_stepb,reach highly sensitive to tracking-window length (authors' caveat),NewsGuard
W7146985142,Germany,Web browsing (desktop+mobile),"2 months, Nov-Dec 2024",% who ever visited >=1 untrustworthy news site in tracking window (2024); n=#participants,8,,REACH,news diet,population,compared to just 8% in the shorter 2024 period,all participants 2024,% of participants visiting >=1 NewsGuard-untrustworthy news site,Visits to news outlets rated untrustworthy by NewsGuard (score<60 on 0-100 scale),436 participants,full_text_stepb,reach highly sensitive to tracking-window length (authors' caveat),NewsGuard
2-s2.0-105027587881,"Multinational (English TikTok, US-located account)",TikTok,"Jan 2025 (collected Jan 15-20, 2025)",% of videos containing misinformation (overall); n=#content,31,31/100,CONTENT,video sample,topical,"Misinformation appeared in 31% of videos, with significant variation by creator type",100 most-liked stroke-related TikTok videos (hashtag search),% of sampled stroke videos containing misinformation vs medical ground truth,"Inaccurate/incorrect stroke information vs medical ground truth (unproven treatments, incorrect symptom info, misleading prevention claims, dangerous home remedies, delayed-care advice), coded by two ",100 videos,full_text_stepb,small_content_n (100),
2-s2.0-85085573221,India,survey (self-report),24 Mar - 10 Apr 2020,recall-exposure: recall_received_misinfo (# participants),68.2,517/758,RECALL,,topical,A total of 517 (68.2%) participants accepted receiving misinformation.,758 healthcare-professional survey participants,"Respondents who reported receiving COVID-19 information they deem partially or completely inaccurate/misinformation (study limits itself to misinformation, not disinformation)",Self-reported receipt of COVID-19 information the respondent deemed partially or completely inaccurate / misinformation (false info shared without intent to harm; study limits itself to misinformation,758,full_text_stepb,,
2-s2.0-85085573221,India,survey (self-report),24 Mar - 10 Apr 2020,recall-exposure: recall_received_inaccurate_info (# participants),75,,RECALL,,topical,"Sixty-seven percent and 75% of all respondents either agree or strongly agree about information overload and inaccurate information, respectively.",758 healthcare-professional survey participants,Respondents who agree/strongly agree they received inaccurate COVID-19 information (Likert),Self-reported receipt of COVID-19 information the respondent deemed partially or completely inaccurate / misinformation (false info shared without intent to harm; study limits itself to misinformation,758,full_text_stepb,"overlaps_with_68.2_construct (same self-reported-inaccurate-info construct, looser wording)",
2-s2.0-105014632937,Multi-country (US/Brazil/India/China/Japan),YouTube,2025 (6-week collection),% of analysed news videos with misinformation (# content/videos),38.0,76/200,CONTENT,content,topical,"Sensationalist content attracted higher engagement (30.0%) but had lower credibility, with misinformation prevalent in 38.0% of analysed videos.","200 YouTube news videos selected by recent view counts, sharing metrics and topic diversity (politics/health/entertainment/global)","Videos coded as containing misinformation via content analysis (two coders, kappa=0.82); credibility judged against official data/journalistic sources","YouTube news videos exhibiting misinformation/low-credibility tactics (lack of proper sourcing, conspiratorial language, misleading thumbnails); credibility assessed by referencing official data / jou",200 videos (content); also survey n=100 (not used for this value),full_text_rev2,"small_content_n (200); popularity/topic-selected sample; low_study_quality (muddled mixed-methods, possibly weak journal); single_pass_credibility_coding",
2-s2.0-85212060458,Brazil,Facebook,Jan 2017 - Dec 2020,content_share_disinfo_keyword_search (# content/posts),2.4,6/252,CONTENT,topical,topical,"Disinformation ... No 246 97.6 ... Yes 6 2.4 ... Total 252 100 (Table 3, Keyword search)",252 posts extracted via keyword search across general Facebook pages (Measles Vaccine/Triple Viral/Tetra Viral),Posts identified as disinformation via deductive content analysis (misrepresenting science/media/case reports on vaccines) vs scientific evidence,"Posts identified as disinformation via deductive content analysis: content misrepresenting/distorting scientific studies, media reports, case reports on vaccine safety/efficacy, vs scientific evidence",252,full_text_stepb,small_content_n (~252),
2-s2.0-85212060458,Brazil,Facebook,Dec 2014 - May 2021,content_share_disinfo_antivaccine_page (# content/posts),66.5,115/173,CONTENT,single_source,single_source,"Disinformation was identified in 66.5% of posts on the anti-vaccine page ... Yes 115 66.5 ... Total 173 100 (Table 3, Antivaccine page)",173 posts from the anti-vaccine Facebook page 'O Lado Obscuro das Vacinas' (The Dark Side of Vaccines),Posts identified as disinformation via deductive content analysis vs scientific evidence,"Posts identified as disinformation via deductive content analysis: content misrepresenting/distorting scientific studies, media reports, case reports on vaccine safety/efficacy, vs scientific evidence",173,full_text_stepb,"small_content_n (~173); single_source_sample (one anti-vaccine page, extreme upper bound)",
2-s2.0-85021701404,United States,YouTube,26 Feb 2014,content_share_misinfo_in_testimonial_videos (# content/videos),26.0,6/23,CONTENT,topical,topical,"A minority of patient testimonial videos reported misinformation (n=6, 26%). ... Misinformation reported in the videos was rare (n=6, 26%) but included mention of the fact that the device migrated 'deeper in the skin' over time and that it can cause liver damage or breast lumps.",23 patient testimonial videos (subset of 52 analysed single-rod implant videos),Videos containing factually false claims contradicting medical evidence on the contraceptive implant,"Videos containing factually false claims contradicting medical evidence (e.g. device migrates deeper in skin over time, causes liver damage or breast lumps), rated by reviewers",52,full_text_stepb,very_small_content_n (~23 testimonial videos; 52 total analysed),
2-s2.0-105027959122,Bangladesh,Social networks (Facebook/WhatsApp/Instagram mixed),Apr - Oct 2021,"share_of_users_spreading_misinfo (# participants, observed/coded from public posts)",7.4,89/1200,SHARING,,population,"Of the 1200 respondents, 27.8% had spread facts related to COVID-19, 7.4% spread myths and misinformation. ... Myths and misinformation spread 89 7.4",1200 active social-network-user respondents (publicly shared posts content-coded by researchers),"Users whose publicly shared COVID-19 posts were coded (blinded, via BuzzSumo + WHO/CDC/FDA) as myths/misinformation (fabricated info not replicating scientific fact)","Posts spreading fallacious/fabricated COVID-19 info not replicating scientific fact (myths & misinformation), identified by two blinded researchers via BuzzSumo web-search + WHO MythBusters/CDC/FDA cr",1200,full_text_stepb,,
2-s2.0-105020578144,"Saudi Arabia (majority; 13 countries, 56% Saudi)",Instagram,21 Apr 2025,content_share_nonfactual_claims (# content/posts),35.61,94/264,CONTENT,topical,topical,"mainly were non-factual (36%; Table 1) ... Non-facts 94 35.61 ... Our findings of 36% non-factual claims, particularly in promotional content","264 included Arabic clear-aligner Instagram posts (stratified random, top 20 per 14 hashtags)","Claims contradicting peer-reviewed orthodontic evidence, exaggerating benefits, or making unsupported promises (non-facts)","Claims classified as 'non-facts': statements contradicting established peer-reviewed orthodontic evidence, exaggerating benefits, or making unsupported promises (assessed via established health-misinf",264,full_text_stepb,small_content_n (~264),
2-s2.0-105020578144,"Saudi Arabia (majority; 13 countries, 56% Saudi)",Instagram,21 Apr 2025,content_share_selected_facts_omission (# content/posts),27.65,73/264,QUALITY,topical,topical,Selected facts 73 27.65 ... Posts presenting only positive aspects of clear aligner therapy while omitting well-established limitations or risks,264 included Arabic clear-aligner Instagram posts,Accurate but selectively omitting known negative aspects (partial truth / selected facts),"Claims classified as 'non-facts': statements contradicting established peer-reviewed orthodontic evidence, exaggerating benefits, or making unsupported promises (assessed via established health-misinf",264,full_text_stepb,small_content_n (~264),
2-s2.0-85051037754,Italy,SMsocialnetwork (MS forum),Apr-Jun 2015,"% medical-content posts fake news (content items, n=380)",18.95,72/380,CONTENT,topical,single_source,"the two experts identified 380 posts with medical content ... 308 reported scientific and relevant medical information, whereas 72 posts included fake news",380 medical-content posts,Posts not reflecting scientific truth or partially correct enabling misinterpretation,"Posts with medical content that did not reflect a scientific truth, or partially included scientifically based information that might generate misinterpretation; coded 'fake news' by two blinded exper",380,full_text_stepb,single_source_sample; small_content_n (380),
2-s2.0-85051037754,Italy,SMsocialnetwork (MS forum),Apr-Jun 2015,"% of all wall posts fake news (content items, n=1800)",4.00,72/1800,CONTENT,whole,single_source,We collected 1800 posts from the SMsocialnetwork public wall ... 72 posts included fake news,1800 total wall posts,Fake-news posts as share of all posts collected on the public wall (broadest denominator),"Posts with medical content that did not reflect a scientific truth, or partially included scientifically based information that might generate misinterpretation; coded 'fake news' by two blinded exper",1800,full_text_stepb,single_source_sample,
2-s2.0-85186874194,United States,TikTok,Jan 2023,"% videos non-factual (content items, n=220)",44.55,98/220,CONTENT,topical,topical,"More than half of all videos were categorized as factual (55.5%, n=122) ... Factual No 98 (44.5%)",220 included sinusitis videos,Videos discussing information not validated by literature review / rhinology expert,Videos discussing non-validated (nonfactual) information; factual videos = information validated through a literature review and consultation with a rhinology expert.,220,full_text_stepb,small_content_n (220),
2-s2.0-85056331134,Global,YouTube,Dec 2016,"% videos misleading (content items, n=101)",23.80,24/101,CONTENT,topical,topical,"Overall, 70.3% videos were informative, while 23.8% and 5.9% videos were misleading and related to personal experiences, respectively",101 analysed Zika videos,Videos with erroneous/scientifically unproven information about Zika,"Videos containing erroneous and/or scientifically unproven information about Zika (based on currently available evidence), coded 'misleading' by two reviewers with 100% concordance.",101,full_text_stepb,small_content_n (101),
2-s2.0-85129092713,United States,Twitter,31 Jan - 6 Feb 2021,"% of tweets misinformation (content items, n=436)",56.00,244/436,CONTENT,topical,topical,"vaccine misinformation was found to be the most prominent content type detected (n=244, 56%), followed by public reaction ... (n=122, 28%) and media reporting ... (n=69, 16%)",436 tweets (keywords 'Hank Aaron' + 'vaccine'),Tweets linking Hank Aaron's death to the Moderna COVID-19 vaccine (event-curated keyword sample),Tweets attempting to link Hank Aaron's death to administration of the Moderna COVID-19 vaccine; manually coded as misinformation by trained coders (kappa=0.83).,436,full_text_stepb,small_content_n (436),
2-s2.0-85124823821,Nigeria,Social media (multi-platform),Jun 2020,"recall-exposure: % who received misinformation (self-report survey, n=1127)",93.10,1049/1127,RECALL,whole,population,"Overall, 93.1% (1049/1127) received misinformation about the pandemic through social media",1127 survey respondents,Self-reported receipt of COVID-19 misinformation via social media,"Self-reported receipt of COVID-19 misinformation (e.g. chloroquine, hot water, bleach, herbal remedies as protection) via social media, measured in a cross-sectional online survey.",1127,full_text_stepb,recall-exposure,
2-s2.0-85066941307,United States,Twitter,Jul 2014-Nov 2016,content_disinfo_tweets (hand-coded subsample; n=content),5.5,,CONTENT,news_tweets,topical,1: Pro-Russia 5.5% ... Recoded Disinformation (1) ... the vast majority of tweets (84%) were assigned to the Other category,"10,000 randomly drawn English-language MH17-keyword tweets (representative subsample of the 481,567-tweet keyword sample), manually coded",% of MH17-keyword tweets coded Pro-Russia (disinformation) vs DSB ground truth; lower-bound (precision-prioritised coding),"Disinformation = tweets explicitly rejecting Russian responsibility for the MH17 crash (or asserting Ukraine was responsible), judged against the Dutch Safety Board ground truth (pro-Russian separatis",10000 tweets,full_text_stepb,lower_bound,
2-s2.0-85194953420,United States,TikTok,Jul-Aug 2021,content_videos_misinfo (% of videos; n=content),18,,CONTENT,health_videos,topical,Eighteen percent of the TikTok videos evaluated contained misinformation,"74 top-engagement TikTok videos across 4 female-pelvic-floor hashtags (#UTI, #INC, #OAB, #POP)",% of top-engagement female-pelvic-floor videos scoring >3 on the 5-pt misinformation Likert (Tam scale),"Misinformation = video scoring >3 on a 5-point Likert scale (adapted from Tam et al.) indicating agreement that the video contained misinformation, rated by two female-pelvic-floor specialists (third ",74 videos,full_text_stepb,very_small_content_n (74),
2-s2.0-85194953420,United States,TikTok,Jul-Aug 2021,quality_videos_poor_DISCERN (% of videos; n=content),96,,QUALITY,health_videos,topical,The majority of TikTok videos (96%) were of low quality in terms of medical information (overall mean DISCERN score < 3),74 top-engagement female-pelvic-floor TikTok videos,"% of videos with poor information quality (mean DISCERN <3); QUALITY != falsity, excluded from prevalence synthesis","Misinformation = video scoring >3 on a 5-point Likert scale (adapted from Tam et al.) indicating agreement that the video contained misinformation, rated by two female-pelvic-floor specialists (third ",74 videos,full_text_stepb,very_small_content_n (74),
2-s2.0-85105969129,Global,Multi-platform,Jun 2019-Jun 2020,content_rumours_among_classifiable (% of credibility-assessable stories; n=content),13.05,,CONTENT,health_news,topical,"Among the news classified according to credibility (n = 483), 17.25% are 'verified' and 13.05% are 'rumours'","483 credibility-assessable breast-cancer stories (subset of 1,594 most-shared stories with >=1,000 shares; 69.7% could not be credibility-classified)",% of credibility-classifiable breast-cancer news stories coded as 'rumours' (scientifically false/misleading),"Misinformation umbrella = information lacking scientific evidence (intent unknown). 'Rumours' = scientifically inaccurate/false stories, sub-typed as misleading content, false connection/context, or f",1594 stories collected / 483 classifiable,full_text_stepb,nested_subset_denominator (483 of 1594; 69.7% unclassifiable); user_ok_asis,
2-s2.0-105022108218,Global,YouTube,Dec 16 2020,any-degree misinfo present (% of videos); content-N,87.2,102/117,CONTENT,,population,None 15 (12.8%) ... Severe 1 (0.8%) High 14 (11.9%) Moderate 39 (33.3%) Low 38 (32.4%),all 117 HoLEP surgery videos included (full census of English keyword-matched videos),Videos with any degree (low/moderate/high/severe) of misinformation on the 5-point misinformation scale,"Degree of misinformation in a HoLEP surgical video, rated on a 1-5 Likert scale (none/low/moderate/high/extreme) against current EAU surgical-BPH evidence/guidelines by two endourology surgeons.",117 videos,full_text_stepb,small_content_n (117); topical/multi-source; inflated (includes low-degree),
2-s2.0-105022108218,Global,YouTube,Dec 16 2020,high-or-severe misinfo (% of videos); content-N,12.8,15/117,CONTENT,,population,Severe 1 (0.8%) High 14 (11.9%),all 117 HoLEP surgery videos included,Videos rated high or severe degree of misinformation (whole sample),"Degree of misinformation in a HoLEP surgical video, rated on a 1-5 Likert scale (none/low/moderate/high/extreme) against current EAU surgical-BPH evidence/guidelines by two endourology surgeons.",117 videos,full_text_stepb,small_content_n (117); topical/multi-source,
2-s2.0-85194880315,Russia,Cross-platform,Apr-May 2023,recall-exposure (self-report); n=participants,51,51%,RECALL,,population,"Каждый второй (51 %) сталкивался с ними не менее нескольких раз в месяц, в том числе 15 % – практически ежедневно","1000 surveyed residents, Republic of Mordovia (quota sample)",Respondents who reported encountering fake news at least several times a month,"Fake news = deliberately false or unreliable information spread by interested parties to mislead the audience; mimics real news, sensational, emotion-appealing (author/Allcott-Gentzkow-based definitio",1000 participants,full_text_stepb,,
2-s2.0-85194880315,Russia,Cross-platform,Apr-May 2023,recall-sharing (self-report); n=participants,23,23%,RECALL,,population,"каждый третий опрошенный (32 %) за последний год верил фейкам, а ещё четверть (23 %) делились подобного рода информацией","1000 surveyed residents, Republic of Mordovia (quota sample)",Respondents who reported (over the past year) sharing fake/unreliable information with others; authors flag it as a lower bound,"Fake news = deliberately false or unreliable information spread by interested parties to mislead the audience; mimics real news, sensational, emotion-appealing (author/Allcott-Gentzkow-based definitio",1000 participants,full_text_stepb,self-report lower bound,
2-s2.0-85219054979,Ireland,TikTok,20 Mar 2024,misinfo present (% of videos); content-N,34,17/50,CONTENT,,topical,Misinformation was found in 34% of TikTok videos,"top 50 TikTok kidney-stone videos (keyword 'kidney stones' + information/prevention/treatment, sorted 'top')",TikTok videos containing misinformation about kidney stones vs AUA curriculum,"Incidence of misinformation identified by 4 reviewers (claims contradicting the American Urological Association kidney-stone curriculum / WHO-local health authority standards), e.g. home-remedy cures,",50 videos,full_text_stepb,very_small_content_n (50); topical,
2-s2.0-85219054979,Ireland,YouTube,20 Mar 2024,misinfo present (% of videos); content-N,2,1/50,CONTENT,,topical,Misinformation was present in 34% of TikTok and 2% of YouTube videos,"top 50 YouTube kidney-stone videos (keyword search, sorted 'relevance')",YouTube videos containing misinformation about kidney stones vs AUA curriculum,"Incidence of misinformation identified by 4 reviewers (claims contradicting the American Urological Association kidney-stone curriculum / WHO-local health authority standards), e.g. home-remedy cures,",50 videos,full_text_stepb,very_small_content_n (50); topical,
2-s2.0-85041175995,China,Weibo,March 2015,% of content items (coded posts) containing suicide misinformation; n=content,11.67,580,CONTENT,content,topical,a total of 11.67% of the Weibo posts (n = 580) contained misinformation about suicide,"4969 keyword-matched, relevance-filtered Weibo posts content-analysed",Weibo posts containing incorrect knowledge about suicide signs/treatments (suicide misinformation),"Weibo posts conveying incorrect knowledge about the signs and treatments of suicide (poor suicide literacy), coded by two independent coders against a literacy framework (Calear et al. 2012).",4969,full_text_stepb,topical_keyword_sample,
2-s2.0-85127039075,Canada,YouTube,July 2021,% of videos that are non-factual; n=content (122 videos),10.7,13,CONTENT,content,topical,Thirteen videos (10.7%) contained non-factual information,122 included most-viewed COVID-19 vaccine YouTube videos (of top 150),Videos contradicting WHO/CDC guidance at time of publication,"YouTube videos containing >=1 non-factual statement, defined as contradicting WHO or CDC guidelines at the time of video publication; coded in duplicate by two reviewers with third-reviewer consensus.",122,full_text_stepb,small_content_n (122),
2-s2.0-85127039075,Canada,YouTube,July 2021,% of total viewership accounted for by non-factual videos (view-weighted content share); n=content,11.0,18482373,EXPOSURE,content,topical,No of views ... Non-factual 18 482 373 (11%) ... Factual 150 964 009 (89%),"169,446,382 total views across the 122 videos",Share of total views going to videos containing non-factual information,"YouTube videos containing >=1 non-factual statement, defined as contradicting WHO or CDC guidelines at the time of video publication; coded in duplicate by two reviewers with third-reviewer consensus.",122,full_text_stepb,view_weighted_content_share; small_content_n (122),
2-s2.0-85092483799,United States,Pinterest,Nov 2018,share of all sampled pins containing misinformation (content items; neutral keyword sample),11.4,91/797,CONTENT,content,topical,"Therefore, 11.4% of the sample overall contained misinformation related to breast cancer prevention or treatment",797 Pinterest pins from a 'breast cancer'/'breast'+'cancer' keyword search (Nov 2018),% of all sampled pins containing >=1 false factual claim on breast-cancer prevention/treatment vs reputable sources,"Author-coded: pin text/image contains >=1 false factual claim about breast-cancer prevention/treatment, judged false against reputable sources (Memorial Sloan Kettering, World Cancer Research Fund, NC",797 pins,full_text_stepb,topical_keyword_sample,
2-s2.0-85115631663,Global,Twitter,March 2020,extrapolated share of all collected COVID-19 hashtag tweets that relate to fact-checked debunked misinformation (content items),0.6,"~100,000 of 17,463,220",CONTENT,content,topical,"roughly extrapolating would mean that about 100,000 of the nearly 17.5 million tweets were related to misinformation that we captured","17,463,220 English COVID-19 tweets (retweets removed) collected via 76 COVID-19 hashtags, March 2020","Tweets related to one of 226 fact-checked debunked COVID-19 false stories (Google Fact Check Explorer); estimate = 29% of 690,004 keyword-matched tweets confirmed misinfo-related, extrapolated to full corpus","Tweets related to one of 226 unique COVID-19 false stories debunked/fact-checked via the Google Fact Check Explorer API (rated misleading or false); fact-checker-driven, situational definition (false,","17,463,220 tweets (denominator); 690,004 keyword-matched; 2,097 manually coded",full_text_reexam,extrapolated_estimate; topical hashtag corpus (neutral keyword frame); lower_bound (hashtag-only); stepb_reexam (conf 0.70),
2-s2.0-105041276064,USA,TikTok,Feb 2024,"share of videos containing >=1 physician-adjudicated false claim (content items; neutral search-term sample, aggregate)",9.6,44/458,CONTENT,content,topical,False Claims Yes 5 (4.6%) [physician] ... 7 (10.8%) [non-physician HCP] ... 32 (11.2%) [other],"458 most-viewed IUD-related TikTok videos (12 IUD search terms, top-100 per term)",% of videos containing >=1 statement classified false vs current clinical guidelines (conservative coding),"Physician-adjudicated false claims: statements objectively contradicting evidence-based clinical guidelines (ACOG bulletins, CDC SPR 2024, US MEC 2024 + peer-reviewed literature). Conservative coding ",458 videos,full_text_stepb,,
2-s2.0-105041276064,USA,TikTok,Feb 2024,mean GQS / Modified DISCERN quality scores (excluded from prevalence),,GQS 2.0 / mDISCERN 1.8,QUALITY,content,topical,"Overall informational quality was low, with mean GQS and Modified DISCERN scores of 2.0 and 1.8, respectively",458 IUD-related TikTok videos,mean Global Quality Scale (5-pt) and Modified DISCERN (0-5) scores indicating low quality,"Physician-adjudicated false claims: statements objectively contradicting evidence-based clinical guidelines (ACOG bulletins, CDC SPR 2024, US MEC 2024 + peer-reviewed literature). Conservative coding ",458 videos,full_text_stepb,quality_not_falsity,
2-s2.0-85099807131,USA,Twitter,"July 21-30, 2020",% of reviewed tweets containing misinformation (content-N basis),84.4,1044794/1237999,CONTENT,,topical,Most (84.4%) of the 1 237 999 tweets reviewed contained misinformation,"1,237,999 hydroxychloroquine/chloroquine keyword tweets reviewed (of 2,771,730 collected), Jul 21-30 2020",% of reviewed hydroxychloroquine/chloroquine-keyword tweets/retweets containing thematic misinformation,"Tweets manually annotated as containing thematic COVID/hydroxychloroquine misinformation using categories adapted from prior COVID-19 misinfo studies (rumour/treatment, prevention-treatment incl. folk",1237999,full_text_stepb,,
2-s2.0-85065905229,USA,Mixed_social_media,August 2017 - August 2018,% of most-shared articles classified inaccurate/misleading (content-N basis),30,15/50,CONTENT,,topical,A total of 15/50 articles (30%) were classified as inaccurate or misleading,"50 most-shared genitourinary-cancer articles (top 10 each for prostate, kidney, bladder, testis cancer + PSA testing) on Facebook/Twitter/Pinterest/Reddit",% of the 50 most-shared genitourinary-cancer articles classified inaccurate or misleading,"Articles independently reviewed by two physicians against scientific/consensus data (PubMed, Scopus, WoS, Google Scholar); 'inaccurate' = unsupported/refuted by evidence, 'misleading' = mix of accurat",50,full_text_stepb,very_small_content_n (50),
2-s2.0-85175105353,Global,Twitter,"Feb 25 - July 24, 2022",% of users who shared >=1 misinformation-source link (user-N basis),3.2,321806/10020547,SHARING,,population,"Of the 10,020,547 total users in the data, 321,806 (or 3.2%) shared links to misinformation sources","all 10,020,547 Twitter users in the 117M-tweet Ukraine-war dataset",Users who shared >=1 link whose domain is on the 378-domain MB/FC low-credibility list,"Sharing a link whose top-level domain matches a manually-compiled list of 378 'low-credibility' sources (Media Bias/Fact Check 'questionable' + 'conspiracy-pseudoscience' domains, per Pierri et al. 20",10020547,full_text_stepb,source_level_domain_list,
2-s2.0-85089426034,South Korea,YouTube,Jan 1 - Apr 30 2020,share of videos containing misleading information (# content),37.14,39/105,CONTENT,search,topical,"Of the 105 total videos, 37.14% (39/105) contained misleading information","105 most-viewed Korean-language COVID-19 YouTube videos (from 200 most-viewed, after exclusions)",Videos containing any scientifically unproven information vs KCDC guidelines,Videos with scientifically unproven information judged against KCDC COVID-19 guidelines (as of May 1 2020); a video counted as misleading if it contained ANY misleading information (e.g. hoax/conspira,105 videos,full_text_stepb,small_content_n (~105); multi-source-topical; popularity-sampled neutral denominator,
2-s2.0-85173877860,Malaysia,Twitter,Jan 2018 - Mar 2022,share of prevention/treatment tweets containing misinformation (# content),58.5,456/780,CONTENT,keyword,topical,"From the 780 tweets analysed for content accuracy, 456 (58.5%) misinformation was identified.",780 breast-cancer prevention/treatment tweets (subset of 6221 breast-cancer tweets collected by keyword),Tweets containing inaccurate or fabricated information vs scientific evidence,Health-related false information (umbrella term covering inaccurate/misleading/exaggerated claims AND fabricated claims with no scientific evidence) about breast cancer prevention/treatment; coded by ,780 tweets (from 6221 collected; 4245 unique users),full_text_stepb,multi-source-topical; keyword-sampled neutral frame; Malay tweets full census + English randomly subsampled,
2-s2.0-105039619015,USA,Web (browsing),Aug 24 - Dec 7 2020,share of adults who visited >=1 misinformation website in a period (# participants),39.1,,REACH,visits,population,the 39.1% (95% CI = 36.4-41.8%) of Americans who were exposed to misinformation websites,"nationally representative YouGov web-tracking panel of US adults (N=1,238; ~21M visits)","Adults who visited >=1 of 1,796 misinformation websites Aug-Dec 2020","Misinformation websites = a list of 1,796 sites compiled by Moore et al. 2023 combining NewsGuard 'repeatedly publishing false content' sites + academically-identified misinformation purveyors. (Pink ",1238 participants,full_text_stepb,"reach (% who encountered >=1, not diet-share); time window present",YouGov-Pulse
2-s2.0-105018276467,Vietnam,social networking sites,Sep-Oct 2021,recall-exposure: % self-reporting >=occasional exposure to fake news (# participants),68.8,1273/1850,RECALL,,population,"Overall, 68.8% reported at least occasional exposure to fake news on social networking sites","1850 Vietnamese adolescent/young-adult survey respondents (snowball, 3 cities)",% reporting at least occasional exposure to fake news on SNS (self-report),"Fake news = 'fake stories that might appear to be news, spread on the Internet or other media' (fabricated content resembling actual news). Self-reported via a single 5-point Likert frequency item; no",1850 participants,full_text_stepb,self-reported recall; snowball/non-probability sample,
2-s2.0-105018276467,Vietnam,social networking sites,Sep-Oct 2021,recall-sharing: % self-reporting >=occasional joining-in to share fake news (# participants),7.1,131/1850,RECALL,,population,only a small proportion actively intervened to prevent its spread (16.2%) or report to share it (7.1%),1850 Vietnamese adolescent/young-adult survey respondents,% who join in to share fake news at least occasionally (self-report),"Fake news = 'fake stories that might appear to be news, spread on the Internet or other media' (fabricated content resembling actual news). Self-reported via a single 5-point Likert frequency item; no",1850 participants,full_text_stepb,self-reported recall-sharing (NOT observed sharing),
2-s2.0-85108101418,South Korea,YouTube,Apr 1 2020,share of videos categorized as misleading (# content),45.0,36/80,CONTENT,search,topical,"Among 80 videos, 44 (55.0%) were categorized as reliable, and 36 (45.0%) were categorized as misleading","80 Korean-language RLS YouTube videos (first 100 by relevance, after exclusions)",Videos with inaccurate or scientifically unproven RLS information,"Misleading videos = videos containing inaccurate or scientifically unproven information about RLS (vs reliable = correct scientific info with no inaccuracies). Coded by 2 neurologists, kappa=0.90.",80 videos,full_text_stepb,very_small_content_n (~80); single-topic; keyword-search neutral frame,
2-s2.0-85152674280,United States,Web (browsing),Oct 2 - Nov 9 2020,share of adults who visited >=1 untrustworthy website in a period (# participants),26.2,,REACH,visits,population,"during the 2020 election, only 26.2% (95% CI 22.5% to 29.8%) of Americans were exposed to at least one untrustworthy website","nationally representative YouGov Pulse panel of US adults (N=1,151; 7.5M visits)","Adults who visited >=1 of 1,796 untrustworthy domains in lead-up to 2020 election","Untrustworthy/misinformation websites = web domains rated by NewsGuard as 'repeatedly publishing false content', plus domains from Guess et al. 2020 (490) and Allcott et al. (66); total 1,796 domains.",1151 participants,full_text_stepb,"reach (% who encountered >=1, not diet-share); time window present",YouGov-Pulse
2-s2.0-85079874634,United States,YouTube,May 2019,quality rating (# content/videos = 42),76.0,32/42,QUALITY,,topical,"Of the 42 videos included, only 10 (24%) scored greater than 3 (good score)",42 DBS videos (university/hospital-uploaded) analyzed,% of DBS YouTube videos NOT scoring 'good' (DISCERN <=3),"Low reliability/educational quality of DBS videos, scored with the validated DISCERN tool (DISCERN>3 = 'good'); a QUALITY rating, not a falsity/misinformation measure.",42,full_text_stepb,"very_small_content_n (~42); QUALITY (DISCERN reliability rating, not falsity) -> excluded from prevalence",
2-s2.0-105040026420,Turkey/Global,YouTube,15 Nov 2025,quality rating (# content/videos = 61),47.5,29/61,QUALITY,,topical,"Among the 61 videos, 47.5% were of low quality, 24.6% were moderate quality, and 27.9% were of high quality.","61 English-language erythema nodosum YouTube videos (topical-neutral keyword sample, first 100/term screened)",% of analysed EN videos rated low quality (GQS 1-2),"Low-quality video information on erythema nodosum, scored via Global Quality Scale (GQS 1-2 = low); a QUALITY rating, not a direct falsity/misinformation measure.",61,full_text_stepb,"very_small_content_n (~61); QUALITY (GQS rating, not falsity) -> excluded from prevalence",
2-s2.0-85147303661,Global,YouTube,October 2019 - June 2020,"content share: misinfo (YouTube-removed) videos as % of all coronavirus YouTube videos (content n=8,105 misinfo videos)",1,"8,105 (<1% of all coronavirus videos)",CONTENT,,topical,"Between October, 2019 and June, 2020 there were 8,105 such videos - less than 1% of all YouTube videos about the coronavirus.","all YouTube videos about the coronavirus (stated comparator, not a precisely-counted census)",Coronavirus YouTube videos removed by YouTube for false-information / Community-Guidelines COVID-19 misinformation violations,Coronavirus videos that YouTube removed for breaching its Community Guidelines on COVID-19 medical misinformation (false/medically-unsubstantiated content). Platform-adjudicated removals as the misinf,"8,105 misinfo videos",full_text_reexam,value is upper-bound '<1%'; denominator 'all coronavirus videos' is a rough stated comparator not a counted census; misinfo defined by platform removal (YouTube adjudication); user_ok_asis conf 0.70,
2-s2.0-85084031148,Global,YouTube,Apr 2018,% of content items (videos) classified misleading; n=100 videos,48,48/100,CONTENT,,topical,"32.0% (32/100) of the videos were classified as useful, 48.0% (48/100) were classified as misleading, and 34.0% as neither",100 most-viewed atopic-eczema videos,% of videos classified misleading (scientifically unproven/inaccurate per current evidence),"Videos classified 'misleading' = containing scientifically unproven or inaccurate information vs current scientific evidence (e.g., unfounded claims about pathogenesis/treatment, unproven dietary/herb",100,full_text_stepb,small_content_n (~100),
2-s2.0-105012722892,Saudi Arabia,Instagram,2025,% of content items (posts) classified non-factual; n=144 posts,86.8,125/144,CONTENT,,topical,"In terms of the accuracy of the information, 86.8% of posts contained non-factual claims",144 FMR-hashtag Instagram posts,% of full-mouth-rehabilitation posts containing non-factual/misleading claims vs dental evidence,"Binary factual vs non-factual classification: a post is factual if content aligns with peer-reviewed literature/clinical guidelines/professional dental sources; non-factual = misleading statements, ex",144,full_text_stepb,small_content_n (~144),
2-s2.0-85073061780,Saudi Arabia,Twitter,May-Aug 2018,% of content items (tweets) classified untrustworthy/inaccurate; n=109 doctor-labeled tweets,31.2,34/109,CONTENT,,topical,A total of 34 out of 109 tweets (31.2%) in the dataset used in this study were classified as untrustworthy health information.,109 doctor-labeled health-related tweets,% of health tweets both doctors agreed were inaccurate (untrustworthy),Tweets labeled by two medical doctors as accurate (trustworthy) or inaccurate (untrustworthy) health information; untrustworthy = inaccurate health content. Both doctors had to agree.,109,full_text_stepb,small_content_n (~109),
2-s2.0-105002620495,Brazil,Facebook,Nov 2021-Jan 2022,% of coded COVID-19 claim items classified 'Incorrect' (contradict evidence); content-N=108 items,11.1,12/108,CONTENT,,single_source,"Incorrect 12 11,1% ... Across all themes, 63.7% of the analyzed information was either incorrect or lacked a scientific evidence base.","108 coded COVID-19 claim items (derived from 136 posts + 2,156 comments) in one public Facebook group 'Eu ja tive COVID-19'",% of COVID-19 claim items contradicting DynaMed Plus best-evidence guidelines ('Incorrect' category),COVID-19 claim items coded against DynaMed Plus evidence-based clinical summaries; 'Incorrect' = the claim CONTRADICTS current best scientific evidence (4-level scale: correct / partially correct / in,"108 items (from 136 posts / 2156 comments; group ~16,000 members)",full_text_rev2,single_source_sample (one Facebook OHC); very_small_content_n (108 items); within-source rate not general prevalence; complement-direction 'incorrect' chosen over ambiguous 'partially correct' 18.5% and 'no evidence' 34.3%,
2-s2.0-85212052138,Brazil,Instagram,Aug 2018-Aug 2022,% of content items (posts) classified misinformation; n=500 posts,44,220/500,CONTENT,,topical,A total of 220 posts (44.0%) classified misinformation,500 highest-interaction English dental-caries posts,% of dental-caries posts disseminating false/misleading content vs scientific guidelines,Posts classified information vs misinformation by two trained investigators against scientific guidelines/consensus statements/systematic reviews; 'misinformation' = false or misleading content (broad,500,full_text_stepb,,
2-s2.0-105018193928,Multi-country,YouTube,Jul 2024,mean DISCERN reliability score (0-80) of 516 videos,34.63,,QUALITY,,population,"The mean DISCERN and HON code scores across all videos were 34.63, SD 9.49 and 3.93, SD 1.20, respectively",all 516 analyzed videos,mean DISCERN reliability score (0-80 scale) for medical-cannabis videos; lower = poorer reliability,"Information contradicting WHO/clinical reference standards; operationalised here as low reliability/quality (DISCERN/HON) of medical-cannabis videos, not a falsity classification.",516 videos,full_text_stepb,quality_not_prevalence,
2-s2.0-85215939792,Multi-country (Arabic; Egypt/KSA dominant),TikTok,Jan 2021-Jul 2024,mean mini-DISCERN quality score (1-5) of HCP videos,4.818,,QUALITY,,topical,"videos posted by Lay individuals as opposed to those posted by HCPs and Media [mean: (2.003 +/- 1.641) vs. (4.818 +/- 0.726) vs. (4.053 +/- 1.441), P < 0.001]",56 HCP-created videos (of 129 total),mean mini-DISCERN quality score (1-5) for HCP-created Arabic vaccination videos; higher = better,"Content with demonstrably false or unsupported claims about vaccines (safety, efficacy, conspiracy theories); operationalised via mini-DISCERN quality scoring, not a falsity-share classification.",129 videos total (56 HCP),full_text_stepb,quality_not_prevalence,
2-s2.0-85215939792,Multi-country (Arabic; Egypt/KSA dominant),TikTok,Jan 2021-Jul 2024,mean mini-DISCERN quality score (1-5) of lay videos,2.003,,QUALITY,,topical,"videos posted by Lay individuals as opposed to those posted by HCPs and Media [mean: (2.003 +/- 1.641) vs. (4.818 +/- 0.726) vs. (4.053 +/- 1.441), P < 0.001]",51 lay-individual videos (of 129 total),mean mini-DISCERN quality score (1-5) for lay-created Arabic vaccination videos; higher = better,"Content with demonstrably false or unsupported claims about vaccines (safety, efficacy, conspiracy theories); operationalised via mini-DISCERN quality scoring, not a falsity-share classification.",129 videos total (51 lay),full_text_stepb,quality_not_prevalence,
2-s2.0-85090181268,Brazil,Mixed social media,May 2018-May 2019,% of most-engaged vaccine links that are fake news (content items),13.5,12/89,CONTENT,,topical,"Em relacao a veracidade, 72 textos foram classificados como informacoes verdadeiras (80,9%) e 12 como fake news (13,5%) ... As fake news responderam por 13,5% do total de links com maior engajamento","89 most-engaged vaccine links (BuzzSumo 'vacina' keyword, Facebook/Twitter/Pinterest/Reddit)",links fact-checked as fake news among most-shared vaccine-keyword links,Fake news = a rumor or intentionally misleading information meant to generate disinformation; veracity assessed via fact-checking procedures against verified information.,89 links,full_text_stepb,very_small_content_n (89); topical_keyword_sample,
2-s2.0-85192081358,USA,YouTube,Jan 2024,% of top-viewed acupuncture videos that are misleading (content items),14.8,8/54,CONTENT,,topical,"Of the 54 videos, 57.4% were categorized as useful, 14.8% were misleading, and 27.8% were neither",54 most-viewed acupuncture-for-chronic-pain YouTube videos,videos containing >=1 inaccurate statement about acupuncture definition/mechanism/indications vs evidence,"Misleading = inaccurate definition, mechanism, or indications/effects of acupuncture relative to an evidence-based systematic-review benchmark.",54 videos,full_text_stepb,very_small_content_n (54); topical_popularity_sample,
2-s2.0-85136139565,Global (81 countries),Newspapers (online),2010-2020,% of spider news articles containing factual errors (content items),47,,CONTENT,,topical,"the quality of global articles on spiders was exceedingly poor, with 47% of articles containing errors and 43% being scored as sensationalistic by spider experts","5348 newspaper news items on spider-human encounters, 81 countries / 40 languages, 2010-2020",expert-judged factual errors in spider news articles,Articles containing factual errors about spiders as judged by spider experts (vs scientific ground truth); sensationalism scored separately.,5348 articles,full_text_stepb,topical_census_sample,
2-s2.0-85129456715,Global,Facebook,Jul-Aug 2020,% of most-shared COVID-19 articles that are misinformation (content items),0,0/120,CONTENT,,topical,"Among 120 articles that were shared 6,189,187 times in total during the analyzed period ... No myths or misinformation were found in the most frequently shared articles.","120 most-shared COVID-19 articles (BuzzSumo, keywords 'coronavirus'/'COVID-19', Facebook)",articles classified as myths/misinformation via dichotomous accuracy analysis among most-shared COVID articles,"Myths/misinformation about coronavirus, classified via a narrow dichotomous accuracy analysis (is / is not misinformation) by the authors.",120 articles,full_text_stepb,small_content_n (120); topical_keyword_sample,
2-s2.0-33645965882,USA,Web (general search),2005,% of content elements rated 'mostly incorrect' vs gold standard (content-elements; 39 sites),1,~1% of 943 elements,CONTENT,TOPICAL,topical,"Of 943 elements covered in 39 sites, 94% were ‘‘completely correct,’’ 5% were ‘‘mostly correct’’ and 1% was ‘‘mostly incorrect.’’",943 prostate-cancer content elements covered across the top-39 'prostate cancer' search-result websites (neutral: search-popularity frame),Content elements rated 'mostly incorrect' (accuracy=1 of 3) against Campbell's Urology gold standard,"'Mostly incorrect' (accuracy rating = 1 on a 1-3 scale) of a content element judged against Campbell's Urology textbook as gold standard; i.e., element-level factual inaccuracy vs expert reference.",943 content elements across 39 websites (top-75 'prostate cancer' Webcrawler hits screened),full_text_reexam,topical_neutral_frame (search-popularity); accuracy/quality-rated (not binary false); small_source_n (39 sites),
2-s2.0-85209813530,USA,YouTube,2 Aug 2022,% videos misleading (content-N=66 videos),0,0/66,CONTENT,,topical,"Of the total number of videos analyzed, 22.73% (n=15) of videos were classified as useful, 0% of videos were classified as misleading, and 77.27% (n=51) videos were classified as neither",66 top-viewed cannabis-for-chronic-pain YouTube videos,Videos with inaccurate definition/mechanism/indications of cannabis for chronic pain,"Video 'misleading' = inaccurate definition of cannabis, OR >=1 inaccurate statement on pain-reducing mechanism, OR >=1 inaccurate statement on indications/adverse-effects/benefits/outcomes (vs evidenc",66 videos (top by view count from 150 screened),full_text_stepb,very_small_content_n (~66); topical_neutral_frame (view-count sample),
2-s2.0-85209813530,USA,YouTube,2 Aug 2022,% videos low quality (GQS<3) (content-N=66 videos),27.3,18/66,QUALITY,,topical,"Number of videos, N (%) ... GQS <3 ... 18 (27.30)",66 top-viewed cannabis-for-chronic-pain YouTube videos,Videos scoring GQS<3 (low quality on the Global Quality Scale),"Video 'misleading' = inaccurate definition of cannabis, OR >=1 inaccurate statement on pain-reducing mechanism, OR >=1 inaccurate statement on indications/adverse-effects/benefits/outcomes (vs evidenc",66 videos,full_text_stepb,very_small_content_n (~66); QUALITY not falsity (excluded from prevalence),
2-s2.0-85117399204,United States,"survey (Florida adults, web panel)",3-14 June 2021 (past-6-month recall window),"recall-exposure: self-reported exposure to >=1 of 8 vaccine-misinfo themes, past 6 months (n=600 respondents)",73,73% (body: 73.2%),RECALL,,population,"High levels of misinformation exposure were observed among participants, with 73% reporting some exposure to misinformation about COVID-19 vaccines in the past 6 months",600 surveyed Florida adults (stratified quota web panel),% reporting exposure to >=1 of 8 COVID-19 vaccine misinformation themes in past 6 months,"Self-reported encounter, in the past 6 months, with >=1 of 8 specific COVID-19 vaccine misinformation themes (e.g. live-strain virus, 5G microchips, DNA alteration, infertility) identified from academ",600 participants,full_text_stepb,proxy_8_themes (lower-bound; only 8 themes measured),
2-s2.0-84985993999,United States,mainstream media articles (web),Nov 2013-July 2015,% of articles containing misinformation (content-N=208 articles),74,74% (154/208),CONTENT,,topical,Misinformation was present in 74% (154) of the articles,208 unique brain-death news articles on top-trafficked US media sites,% of brain-death news articles containing misinformation (misleading/incomplete/incorrect),"Misinformation = misleading, incomplete, or incorrect information about brain death (including unclarified misleading quotes), judged against key brain-death concepts from major medical publications.",208 articles (8 websites; searched 'Jahi McMath' / 'Marlise Munoz'),full_text_stepb,topical_neutral_frame (two named brain-death cases; not misinfo-selected); small_content_n (~208),
2-s2.0-85145390598,Canada/United States,Twitter,Dec 2019 - Dec 2020,% of content items (tweets) coded inaccurate; content-N,34.5,132/382 inaccurate (250/382=65.5% accurate),CONTENT,,population,"As for the public, out of 382 tweets, 250 (65.5%) were accurate",general-public nutrition+COVID tweets for which accuracy could be evaluated,% of general-public COVID-19 nutrition tweets coded inaccurate vs expert recommendations,"Tweet content judged inaccurate by comparison against evidence-based, expert nutrition/food recommendations for COVID-19 (Dietitians of Canada, Health Canada, Academy of Nutrition & Dietetics, PubMed/","382 tweets (public; from 1043 users, 1469 coded, 382 accuracy-evaluable)",full_text_stepb,topical_keyword_sample,
2-s2.0-85145390598,Canada/United States,Twitter,Dec 2019 - Dec 2020,% of content items (tweets) coded inaccurate; content-N,7.5,43/575 inaccurate (532/575=92.5% accurate),CONTENT,,single_source,"For dietitians, out of a total of 575 tweets for which accuracy could be evaluated, 532 (92.5%) were accurate",registered-dietitian nutrition+COVID tweets for which accuracy could be evaluated,% of dietitians' COVID-19 nutrition tweets coded inaccurate vs expert recommendations,"Tweet content judged inaccurate by comparison against evidence-based, expert nutrition/food recommendations for COVID-19 (Dietitians of Canada, Health Canada, Academy of Nutrition & Dietetics, PubMed/",575 tweets (dietitians),full_text_stepb,topical_keyword_sample; single_source_class (expert-author subgroup),
2-s2.0-105009372730,overall,social media,,%,38,,CONTENT,,topical,"social media also exhibited the highest misinformation prevalence (38%), whereas official sources maintained near-perfect accuracy (98% compliance with scientific evidence)",Vaccine-related online content (social media: Twitter/Facebook) 2018-2022,Misinformation = content not compliant with scientific evidence from authoritative health organizations,,,abstract,abstract_only,
2-s2.0-105009372730,overall,official health websites,,%,2,,CONTENT,,topical,official sources maintained near-perfect accuracy (98% compliance with scientific evidence),Vaccine-related online content from official health websites (WHO/CDC) 2018-2022,Misinformation = content not compliant with scientific evidence (2% = 100-98% compliance),,,abstract,abstract_only,
2-s2.0-85215785622,overall,overall,,%,86.4,,CONTENT,,curated,Findings show that most fact-checking results were false or misleading (86.4%),419 climate-change items debunked by 9 fact-checking platforms (N America/Europe/Latin America),Fact-check verdict of false or misleading,,419,abstract,abstract_only,
2-s2.0-105036232690,,YouTube,"December 5, 2024",% of content items (videos) judged misleading,13,13/97,CONTENT,,curated,"Among 97 videos, 86% were “useful”, 13% “misleading”, and 1% “neither”","97 most-viewed YouTube videos on non-pharmacological COPD treatment (>30,000 views; EN/DA/NO/SV)",Videos containing ≥1 scientifically incorrect/unsubstantiated claim (vs GOLD report),"'Misleading' video = containing at least one scientifically incorrect or unsubstantiated claim regarding the epidemiology, diagnosis, non-pharmacological treatment, symptoms, risk factors, or treatmen",97 videos,full_text_upgraded,small_content_n (n=97); topical_curated; most_viewed_threshold_>30k_views,
2-s2.0-105029521599,United States,Facebook,2020-2021,% of posts linking to low-fact domains (observed sharing share); content-N + actor-N,0.68,"0.68% of 464,019 posts (N low-fact posts = 1,208)",SHARING,,population,Percentage of Low-fact Posts in total: 0.68%,"464,019 Facebook posts from 4,787 state legislators (2020-2021)",Posts linking to low-factual (MBFC/Grinberg) URL domains,"Posts linking to low-factual-information URL domains, identified from MBFC reliability ratings manually refined to 610 low-fact domains (Grinberg et al. 2019 approach); validated by hand-coding 10% of","464,019 posts; 4,787 legislators",full_text_stepb,population_actor_subset (elected officials),MBFC/MediaBias
2-s2.0-105020894042,China,Douyin,,content_share,74,,CONTENT,,topical,"4% of the videos was classified as useful, 22% was classified as personal experience, and 74% was classified as misleading",100 top-liked stuttering-related Douyin videos,Stuttering videos classified as misleading,,100,abstract,small_content_n (~100); abstract_only,
2-s2.0-86000736431,Germany,Google,,content_share,25,,CONTENT,,topical,the standardized content analysis of search results (n = 8.601) shows that on Google about a quarter support the conspiracy theory,"standardized content analysis of search results (n = 8,601)",Search results supporting the Baerbock/Great Reset conspiracy theory,,8601,abstract,abstract_only,
2-s2.0-85218448454,Brazil,Facebook,Aug 2016-Aug 2021,% of posts containing misinformation (content items; n=500 posts),39.6,198/500,CONTENT,,topical,Misinformation was present in 39.6% of the posts,"500 Brazilian-Portuguese dental-caries Facebook posts (keyword sample via CrowdTangle, ranked by interaction)","Post presents obvious false/misleading info that could harm users, vs caries scientific guidelines","Misinformation (umbrella for mis- and disinformation) = obvious false or misleading content that could harm users, assessed against scientific guidelines/consensus/systematic reviews on dental caries;",500 posts,full_text_upgraded,topical_keyword_sample; interaction-ranked,
2-s2.0-85055079422,China,Weibo,Jun 2015 - May 2016,% of codeable medically-oriented tweets containing misinformation; content n=1547 codeable (2691 collected),33.87,524 of 1547,CONTENT,,topical,66.13% (1023/1547) of the tweets provided true information and 33.87% (524/1547) contained misinformation,1547 medically-oriented gynecologic-cancer tweets (of 2691 collected via breast/cervical cancer keywords; 1144 non-factual personal-emotion tweets excluded as not codeable),Tweets coded misinformation vs true information by expert coders,"False/inaccurate gynecologic-cancer information coded by 2 medical graduate students across background-knowledge, prevention, diagnosis, treatment themes (Krippendorff alpha .88-.95)",2691,full_text_upgraded,translated_from_Chinese; denominator_is_codeable_subset (524/2691=19.5% over all collected),
2-s2.0-85186467273,Singapore,WhatsApp,,content_false,49.0,,CONTENT,,curated,nearly half of the messages were either partly or entirely inaccurate,238 forwarded messages submitted for fact-checking,Messages partly or entirely inaccurate (facticity coding),,238,abstract,small_content_n (~238); abstract_only,
2-s2.0-85123475265,United States,Twitter,Apr 2018-Mar 2019,content falsity (% of information-presenting tweets; content-N=904),41.7,377,CONTENT,,population,"Of tweets coded as presenting information, 41.7% (n=377) contained at least one piece of potential misinformation","904 ENDS tweets presenting nicotine/addiction information (from a random 2% subsample, n=3,116, of keyword-filtered tweets)",Tweets containing >=1 of four potential-misinformation codes,"Potential misinformation about ENDS nicotine/addiction, coded against peer-reviewed/governmental science at the time of the tweet, in four categories: anti-vaping exaggeration, pro-vaping exaggeration",904,full_text_upgraded,topical_keyword_sample; 'potential' misinfo includes embellished-true (exaggeration) statements,
2-s2.0-105008442631,United States,TikTok,,content_false,18.8,22,CONTENT,,topical,"Of the 117 analyzed videos, 64 (54.7%) were accurate, 31 (26.5%) overgeneralizing, and 22 (18.8%) inaccurate",117 informational TikTok videos about OCD,Videos coded inaccurate,,117,abstract,small_content_n (~117); abstract_only,
2-s2.0-105019225029,United States,YouTube,,content_quality,76.0,,QUALITY,,topical,"Most videos were of low to moderate quality, with only 24% rated as high quality",74 YouTube videos on spinal cord rehabilitation,Videos NOT rated high quality (low to moderate),,74,abstract,very_small_content_n (~74); abstract_only,
2-s2.0-105014185875,,TikTok,22 August 2023,% of content items (videos) misleading; #videos,29,29/100,CONTENT,topical,topical,"Among videos discussing OCD, only 18 percent contained accurate information, while 29 percent were misleading",100 top-viewed #OCD videos that discussed OCD,Videos rated 'misleading' (conveyed any inaccurate OCD information),"Videos rated 'misleading' = conveyed any inaccurate information about OCD (vs 'useful'=accurate, 'personal experience'=anecdotal); two trained OCD-researcher raters with a board-certified psychologist",100 videos,full_text_upgraded,"small_content_n (~100); topical hashtag sample (#OCD, sorted by views/likes)",
2-s2.0-85208681084,,TikTok,,pct_videos,46,,CONTENT,,topical,"Quality assessment revealed 61% of videos were understandable, 27% actionable, and 46% contained misinformation",100 reviewed videos,% of videos containing misinformation,,100,abstract,small_content_n (~100); abstract_only,
2-s2.0-85194112418,,TikTok,,pct_videos,18.4,22,CONTENT,,topical,Twenty-two videos (18.4%) contained misinformation,119 included videos,% of OAB videos containing misinformation,,119,abstract,small_content_n (~119); abstract_only,
2-s2.0-105017960510,United States,Twitter,,pct_accounts,2.22,,OTHER,,topical,Findings indicate a low overall bot presence (2.22% at a 0.7 threshold),50191 tweets,% bot presence (Botometer 0.7 threshold),,50191,abstract,abstract_only,
2-s2.0-85107396751,,YouTube,,proportion,8,4/50,CONTENT,,topical,"Regarding the usefulness of information, although 76% were assessed to contain useful information, 8% had misleading information. Particularly, four of these videos contained misleading information",50 most-viewed ESI videos,Videos containing misleading information among top-50 most-viewed,,50,abstract,very_small_content_n (~50); abstract_only,
2-s2.0-85181752010,USA,TikTok,16 Jun 2023,% of content items (videos) with incorrect/misleading info; content n=298,23.2,69 of 298,CONTENT,,topical,"Overall, out of 298 videos, 69 videos (23.2%) had incorrect or misleading information about causes, treatment, symptoms, or information about endometriosis",298 eligible videos = top 100 under each of 3 popular endometriosis search terms (popularity/topic-neutral sampling; non-English/inaudible/duplicate/irrelevant excluded),Videos coded incorrect/misleading vs ACOG-based clinical knowledge,"Incorrect or misleading endometriosis information (incorrect causes, symptoms, treatment, or other) assessed against current clinical knowledge / ACOG guidelines by a reviewer with second-reviewer con",298,full_text_upgraded,small_content_n (298),
2-s2.0-105010728491,Spain,Instagram,,proportion,65,,CONTENT,,single_source,se destacan el uso de desinformacion en el 65% de la muestra,109 Vox Instagram videos,Vox videos using disinformation (pre-2023 Spanish election),,109,abstract,small_content_n (~109); abstract_only,
2-s2.0-85192567032,Brazil,Instagram,,proportion,68.8,,QUALITY,,topical,The quality of the information was classified as very poor in 68.8% of the publications,~300 Instagram publications,Publications rated very poor quality (DISCERN) on diabetes drugs,,300,abstract,abstract_only,
2-s2.0-105002473473,Brazil,Facebook,,%,60,,CONTENT,,topical,Almost 60% of the content on post-COVID had no corresponding scientific evidence,content on post-COVID topic in the online health community,Content with no corresponding scientific evidence (post-COVID topic),,,abstract,abstract_only,
2-s2.0-105002473473,Brazil,Facebook,,%,12.9,,CONTENT,,topical,"Regarding vaccination, 12,9% of the information was incorrect",vaccination information in the online health community,Information incorrect vs current scientific evidence (vaccination),,,abstract,abstract_only,
2-s2.0-105002473473,Brazil,Facebook,,%,33,,CONTENT,,population,"Overall, about one-third of the information circulated on the COS analyzed was totally or partially incorrect",all information circulated in the online community analyzed,Information totally or partially incorrect vs scientific evidence (overall),,,abstract,abstract_only,
2-s2.0-105009619554,Global,TikTok,10 May 2023,ADHD characteristics not matching DSM-5-TR (% of attributed characteristics),55,225/411,CONTENT,mental_health,topical,"Video creators attributed a total of 411 distinct characteristics to ADHD in their videos. Of these, 186 (45 %) corresponded with the DSM-5-TR criteria of ADHD, while 225 (55 %) did not.","411 distinct ADHD characteristics attributed across 100 most-popular #ADHD TikTok videos (For-You search, fresh account)",Characteristic not aligning with DSM-5-TR ADHD criteria,Misinformation = a behavioral characteristic attributed to ADHD in a video that does NOT align with the DSM-5-TR diagnostic criteria for ADHD (deductive coding vs DSM-5-TR; 'concept creep'). Double-co,100 videos / 411 characteristics,full_text_upgraded,"small_content_n (100 videos); multi_source_topical (#ADHD hashtag = neutral topic, not conspiracy hashtag)",
2-s2.0-105038091134,Taiwan,"Other (PTT online forum, 'Gossiping' board)",Jan 2021 - Dec 2022,% of content items (threads) containing misinformation; content n=5818,27.5,1601 of 5818,CONTENT,,topical,"Of 5818 threads, 3830 (65.8%) were identified as true information, and 1601 (27.5%) contained misinformation","5818 vaccine-related threads on PTT, identified by Chinese keyword 'vaccine' (topic-neutral keyword sample)",Threads coded as misleading/disinformation/propaganda/fabricated/conspiracy vs true information,"Umbrella term for false/inaccurate vaccine information: misleading information, disinformation, propaganda, fabricated content, conspiracy (coded by 2 trained coders against a codebook + 3 Taiwanese f",5818,full_text_upgraded,translated_from_Mandarin; single_platform (PTT),
2-s2.0-105033611630,global (EN/PT/ES),Google News + YouTube,May 2013-Apr 2025,% of online sources containing misinformation (content items; n=230 sources),94.35,217/230,CONTENT,,topical,"From these sources, 94.35% (n=217) contained misinformation",230 online sources (Google News articles + YouTube videos) retrieved by species-name Boolean keyword search in EN/PT/ES,Source contains false info not aligned with scientific data on B. insularis/Queimada Grande Island,"False/inaccurate content not aligned with current reliable scientific sources, about Bothrops insularis / Snake Island (venom toxicity, population density, species image, etc.); coded by experts again",230 sources,full_text_upgraded,topical_keyword_sample; narrow_single_species_topic; small_content_n(<300),
2-s2.0-85159486270,English-language (US/Canada gov standard),YouTube,Videos 2008-2021; collected Oct 2021,proportion of videos containing nonfactual info (content items; neutral keyword/view-count sample),70,70/100,CONTENT,produce-washing videos (topic-curated),topical,"Of the 100 videos, 70 contained nonfactual information regarding food safety techniques for washing fruits and vegetables or storing produce at room temperature.","100 YouTube videos retrieved by 3 produce-washing keyword searches, sorted by view count, >1000 views",nonfactual produce-washing info vs CDC/Health Canada recommendations,Produce-washing video content classified 'nonfactual' if it contradicted CDC / Health Canada safe food-handling recommendations (e.g. washing produce with soap/vinegar/salt/chemicals rather than runni,100 videos,full_text_upgraded,small_content_n (100),
2-s2.0-85134325788,,YouTube,,proportion,18.5,,CONTENT,,topical,"65.4% of the videos contained scientifically correct information, whereas 18.5% contained misleading information",130 videos,Asthma YouTube videos providing at least one scientifically incorrect detail (misleading),,130,abstract,small_content_n (~130); abstract_only,
2-s2.0-85134325788,,YouTube,,proportion,65.4,,QUALITY,,topical,"65.4% of the videos contained scientifically correct information, whereas 18.5% contained misleading information",130 videos,Asthma YouTube videos containing scientifically correct information (useful),,130,abstract,small_content_n (~130); abstract_only,
2-s2.0-105005857219,Austria,websites,,percent,80.2,97/121,QUALITY,,topical,"Overall, 80.2% (n = 97/121) recommended at least one non[-guideline-concordant treatment]",121 analysed websites,% LBP websites recommending >=1 non-guideline-concordant treatment,,121,abstract,small_content_n (~121); abstract_only,
2-s2.0-105032253077,,multi-platform,,percent,19.3,,CONTENT,,topical,"Misinformation comprised 19.3% of posts, spreading 2.4 times faster than factual content",1.8 million antibiotic-related posts,% of antibiotic-related posts classified as misinformation,,1800000,abstract,abstract_only,
2-s2.0-105030827603,Brazil,YouTube,December 2024,"% of content items (videos); QUALITY rating, NOT falsity",71.4,,QUALITY,,curated,71.4% of videos demonstrated low reliability (scores ≤ 2/5),43 Portuguese tooth-bleaching YouTube videos (from 3 most-searched Google Trends terms),Videos scoring ≤2/5 on the modified DISCERN reliability scale,"Low informational reliability of videos scored on the modified DISCERN scale (0-5: clarity of aims, reliable sources, impartiality, additional references, acknowledgement of uncertainty) and overall q",43 videos,full_text_upgraded,quality_excluded_from_prevalence; small_content_n (n=43); single_topic_curated; note: abstract 71.4% vs Table-3 cumulative 44.2% ≤ 2 discrepancy,
2-s2.0-105030827603,Brazil,YouTube,December 2024,"% of content items (videos); QUALITY rating, NOT falsity",30.2,13/43,QUALITY,,curated,30.2% scoring minimally for reliability (1/5),43 Portuguese tooth-bleaching YouTube videos,Videos scoring the minimum 1/5 (the 13 'Bleaching Teeth' videos),"Low informational reliability of videos scored on the modified DISCERN scale (0-5: clarity of aims, reliable sources, impartiality, additional references, acknowledgement of uncertainty) and overall q",43 videos,full_text_upgraded,quality_excluded_from_prevalence; small_content_n (n=43); single_topic_curated,
2-s2.0-105018832745,,TikTok,,proportion,10.1,,CONTENT,,topical,Most scleritis-related TikToks are from non-medical professionals with 10.1% containing misinformation.,Scleritis-related TikTok videos analysed,Videos containing misinformation (vs clinical accuracy),,,abstract,abstract_only,
2-s2.0-85162702221,USA,Facebook,cumulative page-likes up to Dec 2016-Jan 2017,"% of users who liked >=1 fake-news page (reach; digital trace, n=806 users)",18.4,148/806,REACH,page_likes,single_source,"Among our 806 subjects, 18.36% (n = 148) liked at least one Facebook page for a fake news source","806 American Facebook users (MTurk convenience sample, non-representative)",Subject liked at least one Facebook page belonging to a fake-news website (Grinberg list match),"Fake-news page = Facebook page whose website matched the Grinberg et al. (2019) fake-news source list (compiled from BuzzFeed, PolitiFact, FactCheck.org, Snopes + academic lists, Allcott & Gentzkow, G","806 users; 25,080 coded pages (46 = fake news)",full_text_upgraded,"reach (% who did >=1, not diet-share); cumulative/lifetime window (no fixed period); mturk_nonrepresentative; authors warn not to extrapolate",
2-s2.0-85162702221,USA,Facebook,cumulative page-likes up to Dec 2016-Jan 2017,mean per-user share of liked pages that are fake-news (diet-share of curated page-likes),0.16,"M=0.16% (SD=0.79%, range 0-11.11%)",EXPOSURE,page_likes,single_source,Fake news share of pages liked: Calculated by dividing subject's number of fake news pages liked by total number of pages liked. Calculated for all pages (M=0.16%; SD=0.79%; range=0.00%-11.11%),all Facebook pages liked by each subject (mean per-user share),per-user fraction of liked pages that are fake-news pages,"Fake-news page = Facebook page whose website matched the Grinberg et al. (2019) fake-news source list (compiled from BuzzFeed, PolitiFact, FactCheck.org, Snopes + academic lists, Allcott & Gentzkow, G",806 users,full_text_upgraded,"page-likes diet (curation), not feed/impression exposure; per_user_mean; mturk_nonrepresentative",
2-s2.0-85122094954,Turkey (study); English-language YouTube videos,YouTube,1 May 2021,proportion of videos containing misinformation (content items; neutral keyword/view-count sample),6,3/50,CONTENT,NIPT videos (topic-curated),topical,Three (6%) of the videos had misinformation.,50 most-viewed English NIPT YouTube videos (after exclusions),"video containing misinformation about NIPT (e.g. defining NIPT as a diagnostic test), clinician-assessed",Yener & Ates 2021: videos judged by two obstetricians to contain 'misinformation' about non-invasive prenatal testing (e.g. presenting NIPT as a diagnostic rather than a screening test).,50 videos,full_text_upgraded,very_small_content_n (50),
2-s2.0-85191807094,,YouTube,,content_prevalence,61,,CONTENT,,topical,61% of videos contained little to no misinformation,99 unique videos,% videos with little/no misinfo (INVERSE; misinfo prevalence ~39%),,99,abstract,very_small_content_n (~99); abstract_only,
2-s2.0-85214504236,Thailand,e-marketplace (Shopee/Lazada),,content_prevalence,85,,CONTENT,,topical,"Of the 332 web pages, 85% contained at least one misinformation statement",332 DS web pages,% pages with >=1 misinfo statement per Thai food-ad regulatory criteria,,332,abstract,abstract_only,
2-s2.0-85214504236,Thailand,e-marketplace (Shopee/Lazada),,content_prevalence,82,,CONTENT,,topical,The most common misinformation was unapproved claims on food benefits (82%),332 DS web pages,% pages with unapproved food-benefit claims,,332,abstract,abstract_only,
2-s2.0-85214504236,Thailand,e-marketplace (Shopee/Lazada),,content_prevalence,48,,CONTENT,,topical,48% contained overclaims of skin or beauty nourishment and weight-loss effects,332 DS web pages,% pages overclaiming skin/beauty/weight-loss effects,,332,abstract,abstract_only,
2-s2.0-85214504236,Thailand,e-marketplace (Shopee/Lazada),,content_prevalence,42,,CONTENT,,topical,42% overclaimed misinformation products' influence on body structure or functions,332 DS web pages,% pages overclaiming influence on body structure/functions,,332,abstract,abstract_only,
2-s2.0-105002578811,,YouTube,,content_prevalence,65,91/139,CONTENT,,topical,Sixty-five percent (91 of 139) of videos contained information reinforcing at least one common misconception regarding eECRB,139 unique videos,% videos reinforcing >=1 common misconception (tennis elbow/eECRB),,139,abstract,small_content_n (~139); abstract_only,
2-s2.0-85143511628,Turkey,YouTube,,quality_rating,50.7,37,QUALITY,,topical,73(48.34%) were included; 36(49.3%) reliable and 37(50.7%) unreliable,73 included videos,Videos rated unreliable/inaccurate by EAU guideline-based reliability assessment,,73,abstract,very_small_content_n (~73); abstract_only,
2-s2.0-105019627019,overall,TikTok,,content_falsity,20,50,CONTENT,,topical,"Of 300 videos pulled, 251 met inclusion criteria ... 50 (20%) as Misleading",251 included videos,Videos classified as Misleading (inaccurate information),,251,abstract,small_content_n (~251); abstract_only,
2-s2.0-85211132788,Brazil,Facebook,Aug 2018-Aug 2022,content falsity (% of posts; content-N=500),39.6,198,CONTENT,,topical,39.6% of posts (n = 198) contained misinformation,500 most-interacted Portuguese toothache-related Facebook posts (selected by total interactions from 899 retrieved),Posts containing false/misleading toothache content vs scientific evidence,"Content (false or misleading regardless of intent; integrates mis- and disinformation per Wardle & Derakhshan) judged against current scientific evidence (toothache-management guidelines, consensus st",500,full_text_upgraded,topical_keyword_sample; popularity-ranked (CrowdTangle highest-interaction),
2-s2.0-105037111223,overall,TikTok,,content_falsity,42,,CONTENT,,topical,Inaccurate or partially accurate posts made up 42% of educational posts,116 educational posts,Educational posts inaccurate or partially accurate,,116,abstract,small_content_n (~116); abstract_only,
2-s2.0-105030082417,Global,YouTube,Dec 2022-Oct 2023,evidence-based recommendations (QUALITY; #recommendations),9.4,8/85,QUALITY,pregnancy_health,topical,"Of the 85 recommendations provided in the videos, only eight (9.4 %) were confirmed to be effective based on available evidence",85 unique NVP recommendations extracted from 45 most-watched English YouTube videos (keyword+views selected; neutral topical frame),"Effective = recommendation confirmed effective for NVP per literature-review evidence (~90% not confirmed evidence-based; 48.2% unclear, 36.5% unstudied)",Health misinformation = false/misleading health info not backed by evidence. Operationalized at the recommendation level via a literature review: each of 85 unique NVP recommendations classified Effec,85 recommendations / 45 videos,full_text_upgraded,QUALITY_excluded_from_prevalence; very_small_content_n (~85 recs / 45 videos),
2-s2.0-105030082417,Global,YouTube,Dec 2022-Oct 2023,potentially unsafe recommendations (QUALITY; #recommendations),4.7,4/85,QUALITY,pregnancy_health,topical,"Several recommendations in the videos were deemed potentially unsafe (n = 4, 4.7 %).",85 unique NVP recommendations from 45 YouTube videos,"Potentially unsafe = recommendation contraindicated/dangerous in pregnancy per evidence (peppermint, chamomile, fennel, CBD oil)",Health misinformation = false/misleading health info not backed by evidence. Operationalized at the recommendation level via a literature review: each of 85 unique NVP recommendations classified Effec,85 recommendations / 45 videos,full_text_upgraded,QUALITY_excluded_from_prevalence; very_small_content_n (~85 recs / 45 videos),
2-s2.0-85213223975,Global,YouTube,30 March 2024,inaccurate/misinformative videos (% of videos),8.5,4/47,CONTENT,reproductive_health,topical,"videos were categorized as Inaccurate or uninformative for 42.9 % and 36.4 % in TikTok and Instagram respectively, compared to the 8.5 % reported for YouTube",47 YouTube videos on hysteroscopic metroplasty (keyword search 'hysteroscopy'+'septate uterus'/'uterine septum'; first 300 screened/platform; neutral topical frame),>50% false info vs hysteroscopy guidelines = 'inaccurate or uninformative',Misinformation = video whose content was >50% false information when fact-checked against accepted hysteroscopy guidelines and literature (categorized 'Inaccurate or uninformative'; vs 'partially accu,47 videos,full_text_upgraded,very_small_content_n (~47); multi_source_topical,
2-s2.0-85213223975,Global,TikTok,30 March 2024,inaccurate/misinformative videos (% of videos),42.9,15/35,CONTENT,reproductive_health,topical,videos were categorized as Inaccurate or uninformative for 42.9 % and 36.4 % in TikTok and Instagram respectively,35 TikTok videos on hysteroscopic metroplasty (keyword search; neutral topical frame),>50% false info vs hysteroscopy guidelines = 'inaccurate or uninformative',Misinformation = video whose content was >50% false information when fact-checked against accepted hysteroscopy guidelines and literature (categorized 'Inaccurate or uninformative'; vs 'partially accu,35 videos,full_text_upgraded,very_small_content_n (~35); multi_source_topical,
2-s2.0-85213223975,Global,Instagram,30 March 2024,inaccurate/misinformative videos (% of videos),36.4,12/33,CONTENT,reproductive_health,topical,"42.9 % and 36.4 % in TikTok and Instagram respectively, compared to the 8.5 % reported for YouTube",33 Instagram videos on hysteroscopic metroplasty (keyword search; neutral topical frame),>50% false info vs hysteroscopy guidelines = 'inaccurate or uninformative',Misinformation = video whose content was >50% false information when fact-checked against accepted hysteroscopy guidelines and literature (categorized 'Inaccurate or uninformative'; vs 'partially accu,33 videos,full_text_upgraded,very_small_content_n (~33); multi_source_topical,
2-s2.0-105034745484,Denmark,Facebook,October 2024,misleading comments (% of relevant comments),9.0,62/667,CONTENT,respiratory_health,single_source,"In the Danish group, 34% (n = 231) were 'useful', 9% (n = 62) were 'misleading', and 57% (n = 384) were 'neither'.","667 relevant comments (of 1,433) in one Danish COPD Facebook group, Oct 2024 census",Misleading = relevant comment with >=1 scientifically unproven detail,Misleading = a relevant comment containing at least one scientifically unproven detail (judged against COPD evidence by 3 medically-trained reviewers; categories useful / misleading / neither). Distin,"667 relevant comments / 48 posts / 1,433 total comments",full_text_upgraded,single_source_sample (one Danish COPD group); denom=relevant comments only,
2-s2.0-105034745484,Global,Facebook,October 2024,misleading comments (% of relevant comments),9.0,63/734,CONTENT,respiratory_health,single_source,"in the English group, 38% (n = 278) were 'useful', 9% (n = 63) were 'misleading', and 53% (n = 393) were 'neither'.","734 relevant comments (of 1,315) in one international English-language COPD Facebook group",Misleading = relevant comment with >=1 scientifically unproven detail,Misleading = a relevant comment containing at least one scientifically unproven detail (judged against COPD evidence by 3 medically-trained reviewers; categories useful / misleading / neither). Distin,"734 relevant comments / 48 posts (top-engagement) / 1,315 total comments",full_text_upgraded,single_source_sample (one English COPD group); denom=relevant comments only,
2-s2.0-85193588807,Poland,Facebook/Twitter,Jan 2020-Jun 2021,misinformation items among top-40 most-engaged (% of items),10.0,4/40,CONTENT,covid_health,topical,"for 'Manipulated News,' there were 4 instances. There were '0' fake news and '0' advertisement items","top 40 most-engaged Polish-language COVID-19 social media items (of 161,404 keyword-matched items)",Manipulated news (4 items); 0 fabricated/fake news,Manipulated news = generally true basic information but with false conclusions/recommendations from over-interpreted or over-extrapolated results (assessed by 2 MDs vs Polish EBM textbook 'Interna Szc,"40 items classified (of 161,404 total)",full_text_upgraded,"very_small_content_n (40); only top-40-by-engagement classified, NOT full 161,404-item corpus (lower bound)",
W4393231882,Finland,Twitter/X,Dec 2019 - Oct 2022,% of (vaccine-related) tweets classified as misinformation,27.3,460087/1683700,CONTENT,,topical,"the misinformation classification model identifies 460,087 tweets as misinformation, accounting for over 27% of the dataset","1,683,700 Finnish-language vaccine-related tweets (147 keyword queries, 60,560 accounts)",Tweets classified as false/inaccurate/conspiratorial COVID-19 & vaccination content (FinBERT classifier),"Misinformation = any false, inaccurate, or conspiratorial information pertaining to COVID-19 and vaccination (no distinction made between misinformation/disinformation or sub-types). Coded via the Mem","1,683,700 tweets (60,560 accounts)",full_text_upgraded,low_classifier_accuracy (misinfo F1=0.67); topical_vaccine_keyword_frame; large_content_n,
2-s2.0-105017757935,,Instagram,25-30 April 2025,% of content items (posts) mostly or completely inaccurate vs guidelines,36.3,29/80,CONTENT,topical,topical,"Overall, 38.8% of posts were completely accurate, while 36.3% were either mostly or completely inaccurate",80 top-performing posts across 4 breastfeeding hashtags,Posts scoring 1 (completely inaccurate) or 2 (mostly inaccurate) on 4-point scale vs CDC/WHO/AAP guidelines,"Posts scored 'mostly inaccurate' (2) or 'completely inaccurate' (1) on a 4-point accuracy scale benchmarked against CDC, WHO and AAP breastfeeding guidelines; two raters + third-rater tiebreak.",80 posts,full_text_upgraded,very_small_content_n (~80); topical hashtag sample (#breastfeeding etc.); ~430 posts screened to reach 80 eligible,
2-s2.0-85072114698,Nigeria,Survey (recall; messages via family/friends/social media),2014 outbreak (recalled in 2017-2018 survey),recalled exposure to a specific false claim (% of respondents; participant-N=703),95.02,668,RECALL,recall-exposure,population,Almost all of them reported having received some information to use salt water for protection against Ebola during the period of the outbreak (95.02%),"703 Nigerian survey respondents (online convenience sample, 97.3% tertiary-educated)",Self-reported having received the (false) salt-water Ebola-prevention message,"The false claim that drinking/bathing in salt water prevents Ebola (a rumour that went viral in Nigeria during the 2014 outbreak, with documented harm).",703,full_text_upgraded,convenience_online_sample; single specific claim; self-report recall,
2-s2.0-85199446608,United States,"Survey (recall; community panel, St. Louis MO)",2021-10-03 to 2022-03-06 (23 weeks),recalled exposure - ever heard claim (% of panelists answering; participant-N=173),80.35,139,RECALL,recall-exposure,population,139 (80.35%) ... Natural immunity—People who have had COVID don't need to get vaccinated ... (n = 173),173 panelists ever answering the natural-immunity item,Self-reported hearing/reading/seeing the natural-immunity false claim >=1 time,Five specific inaccurate COVID-19 claims (natural immunity removes vaccination need; vaccine protection doesn't last; boosters mean vaccines don't work; vaccines won't protect against Omicron; kids un,173,full_text_upgraded,convenience_panel; self-report recall,
2-s2.0-85199446608,United States,"Survey (recall; community panel, St. Louis MO)",2021-10-24 to 2022-02-20 (18 weeks),recalled exposure - ever heard claim (% of panelists answering; participant-N=163),58.90,96,RECALL,recall-exposure,population,96 (58.90%) ... Vaccine doesn't last ... (n = 163),163 panelists ever answering the vaccine-doesn't-last item,Self-reported hearing the vaccine-doesn't-last false claim >=1 time,Five specific inaccurate COVID-19 claims (natural immunity removes vaccination need; vaccine protection doesn't last; boosters mean vaccines don't work; vaccines won't protect against Omicron; kids un,163,full_text_upgraded,convenience_panel; self-report recall,
2-s2.0-85199446608,United States,"Survey (recall; community panel, St. Louis MO)",2021-11-21 to 2022-01-23 (10 weeks),recalled exposure - ever heard claim (% of panelists answering; participant-N=134),47.01,63,RECALL,recall-exposure,population,63 (47.01%) ... Vaccine doesn't work—Booster shots were made because the vaccines don't work. (n = 134),134 panelists ever answering the vaccine-doesn't-work item,Self-reported hearing the vaccine-doesn't-work false claim >=1 time,Five specific inaccurate COVID-19 claims (natural immunity removes vaccination need; vaccine protection doesn't last; boosters mean vaccines don't work; vaccines won't protect against Omicron; kids un,134,full_text_upgraded,convenience_panel; self-report recall,
2-s2.0-85199446608,United States,"Survey (recall; community panel, St. Louis MO)",2021-12-05 to 2022-02-06 (10 weeks),recalled exposure - ever heard claim (% of panelists answering; participant-N=150),53.33,80,RECALL,recall-exposure,population,80 (53.33%) ... Omicron—COVID-19 vaccines will not protect against the new Omicron variant ... (n = 150),150 panelists ever answering the Omicron item,Self-reported hearing the Omicron false claim >=1 time,Five specific inaccurate COVID-19 claims (natural immunity removes vaccination need; vaccine protection doesn't last; boosters mean vaccines don't work; vaccines won't protect against Omicron; kids un,150,full_text_upgraded,convenience_panel; self-report recall,
2-s2.0-85199446608,United States,"Survey (recall; community panel, St. Louis MO)",2022-06-26 to 2022-08-28 (10 weeks),recalled exposure - ever heard claim (% of panelists answering; participant-N=197),29.95,59,RECALL,recall-exposure,population,59 (29.95%) ... Kids at low risk—Kids under 5 years are at low risk of COVID-19 and do not need the vaccine. (n = 197),197 panelists ever answering the kids-at-low-risk item,Self-reported hearing the kids-at-low-risk false claim >=1 time,Five specific inaccurate COVID-19 claims (natural immunity removes vaccination need; vaccine protection doesn't last; boosters mean vaccines don't work; vaccines won't protect against Omicron; kids un,197,full_text_upgraded,convenience_panel; self-report recall,
2-s2.0-85199446608,United States,"Survey (recall; community panel, St. Louis MO)",Aug 2021-Aug 2022,recalled REPEATED exposure - heard claim in >=3 different weeks (range across 5 claims; participant-N=213),,10%-43%,RECALL,recall-exposure,population,"across the 5 claims, 10%-43% of respondents reported hearing the misinformation in >= 3 different weeks",213-panel adults (per-claim answering subset),Range across 5 claims of panelists reporting repeated (>=3 weeks) exposure,Five specific inaccurate COVID-19 claims (natural immunity removes vaccination need; vaccine protection doesn't last; boosters mean vaccines don't work; vaccines won't protect against Omicron; kids un,213,full_text_upgraded,convenience_panel; repeated-exposure intensity metric (not a single prevalence point),
2-s2.0-105011406180,Spain,YouTube,28 Apr-16 May 2025,"% of comments containing misinformation (content items; n=76,398 comments)",46.1,,CONTENT,,topical,"Among all comments, 46.1% are flagged as containing misinformation ... Nearly half of all comments (46.1%) were flagged for containing misinformation","76,398 Spanish-language comments from 360 videos retrieved by keyword 'apagon'",Comments containing false/misleading content per GPT-4o-mini classification,"Comments classified by GPT-4o-mini as containing false or misleading content (incl. conspiracy theories, false/misleading claims, rumors); manual check of 100 flagged comments found 86 clearly misinfo",76398 comments / 360 videos,full_text_upgraded,llm_classified; topical_event_keyword_sample; validation 86/100,
2-s2.0-85207525286,,TikTok,2023-12-24,QUALITY: % of content items (videos) classified misleading vs ASRS-v1.1 screener; content-N=50 videos,92,46/50,QUALITY,,topical,"Out of the 50 included #adhdtest videos, 92% (n = 46) were misleading. ... Out of the 50 selected videos, useful videos amounted to 8% (n = 4), while 92% (n = 46) were misleading videos.","Top 50 English #adhdtest TikTok videos (hashtag/keyword sample, sorted by relevance, collected single day)",Author-coded against validated ASRS-v1.1 screener (>=4 of 6 questions = useful; else misleading),Videos coded 'useful' if content contained >=4 of the 6 ASRS-v1.1 screener questions (the validated WHO adult-ADHD screening items); otherwise coded 'misleading'. 'Misleading' = ADHD self-tests not gr,50,full_text_upgraded,very_small_content_n (50); quality_not_falsity (excluded from prevalence synthesis); global_english_topic_sample (no country frame; authors NZ-based),
2-s2.0-85159153364,Cross-national (global; ~70% English on Twitter),Facebook,Jan-Apr 2022,proportion of all conflict-topic posts that share low-credibility news links (content items),0.4,80066/19.5M,CONTENT,Russia-Ukraine conflict posts (topical keyword stream),topical,"80,066 posts (0.4% of all posts) sharing links to low-credibility news websites","all 19.5M conflict-keyword Facebook posts (CrowdTangle), Jan 1 - Apr 24 2022",% of conflict posts linking to Iffy-Index low-credibility news sites,"Pierri et al. 2023 (WebSci): 'misinformation' = posts/tweets sharing links to (a) low-credibility news sites from the Iffy Index of Unreliable Sources (>600 MBFC-based domains, political leaning NOT a","19,500,000 posts",full_text_upgraded,"lower-bound (news-article links only, excludes multimedia)",
2-s2.0-85159153364,Cross-national (global),Facebook,Jan-Apr 2022,proportion of all conflict-topic posts that share Russian-propaganda links (content items),0.25,51269/19.5M,CONTENT,Russia-Ukraine conflict posts (topical keyword stream),topical,"On Facebook, we identified 51,269 posts (0.25% of all posts) sharing links to Russian propaganda outlets","all 19.5M conflict-keyword Facebook posts (CrowdTangle), Jan 1 - Apr 24 2022",% of conflict posts linking to state-affiliated Russian propaganda outlets,"Pierri et al. 2023 (WebSci): 'misinformation' = posts/tweets sharing links to (a) low-credibility news sites from the Iffy Index of Unreliable Sources (>600 MBFC-based domains, political leaning NOT a","19,500,000 posts",full_text_upgraded,lower-bound (news-article links only),
2-s2.0-85159153364,Cross-national (global; ~70% English),Twitter,Jan-Apr 2022,proportion of all conflict-topic tweets that share low-credibility news links (content items),0.4,997886/250M,CONTENT,Russia-Ukraine conflict tweets (topical keyword stream),topical,"997,886 tweets sharing links to low-credibility news websites (0.4% of all tweets)","all ~250M conflict-keyword tweets, Jan 1 - Apr 24 2022",% of conflict tweets linking to Iffy-Index low-credibility news sites,"Pierri et al. 2023 (WebSci): 'misinformation' = posts/tweets sharing links to (a) low-credibility news sites from the Iffy Index of Unreliable Sources (>600 MBFC-based domains, political leaning NOT a","250,000,000 tweets",full_text_upgraded,lower-bound (news-article links only),
2-s2.0-85159153364,Cross-national (global; ~70% English),Twitter,Jan-Apr 2022,proportion of all conflict-topic tweets that share Russian-propaganda links (content items),0.2,567587/250M,CONTENT,Russia-Ukraine conflict tweets (topical keyword stream),topical,"On Twitter, we identified 567,587 tweets (0.2% of all tweets) sharing links to Russian propaganda outlets","all ~250M conflict-keyword tweets, Jan 1 - Apr 24 2022",% of conflict tweets linking to state-affiliated Russian propaganda outlets,"Pierri et al. 2023 (WebSci): 'misinformation' = posts/tweets sharing links to (a) low-credibility news sites from the Iffy Index of Unreliable Sources (>600 MBFC-based domains, political leaning NOT a","250,000,000 tweets",full_text_upgraded,lower-bound (news-article links only),
2-s2.0-85159153364,Cross-national (global; ~70% English),Twitter,Jan-Apr 2022,concentration of SHARING (top-15 spreader accounts' share of retweets),68,top 15 accounts,CONCENTRATION,,topical,generate over 68% of all retweets linking to these [Russian propaganda] websites,all retweets linking to Russian propaganda websites on Twitter,top-15 superspreader accounts' share of all retweets of Russian propaganda,"Pierri et al. 2023 (WebSci): 'misinformation' = posts/tweets sharing links to (a) low-credibility news sites from the Iffy Index of Unreliable Sources (>600 MBFC-based domains, political leaning NOT a",15 accounts (of users sharing/amplifying),full_text_upgraded,concentration among users who share (kept per L37),
2-s2.0-85159153364,Cross-national (global),Facebook,Jan-Apr 2022,concentration of SHARING (top-15 accounts' share of interactions),80,top 15 accounts,CONCENTRATION,,topical,they generate over 80% of all interactions around links to Russian propaganda and low-credibility information websites,all interactions around Russian-propaganda + low-credibility links on Facebook,top-15 superspreader accounts' share of all interactions with misinfo links,"Pierri et al. 2023 (WebSci): 'misinformation' = posts/tweets sharing links to (a) low-credibility news sites from the Iffy Index of Unreliable Sources (>600 MBFC-based domains, political leaning NOT a",15 accounts (of users sharing/amplifying),full_text_upgraded,concentration among users who share (kept per L37),
2-s2.0-105019533649,United States,Facebook,Nov 2020 - Feb 2021,% of news posts received on FB feed from misinfo sources (aggregate over all posts),5.9,"5.9% of 123,708 news posts",EXPOSURE,received,population,"On Facebook, 5.9% of our users' news exposure comes from sources known for spreading misinformation","123,708 news-related posts received by 467 users on Facebook (aggregate news-diet share)","share of received FB news posts from misinfo-rated sources (source-level, upper bound)","News from sources rated by Media Bias/Fact Check (and NewsGuard) as 'known for spreading misinformation'; source-level labelling, which the authors note gives an UPPER BOUND on misinfo prevalence.","467 users; 123,708 news posts",full_text_upgraded,source_level_upper_bound; prolific_nonrepresentative_sample (65% female); denominator = news diet (not whole feed),NewsGuard; MBFC/MediaBias
2-s2.0-105019533649,United States,Off-platform web,Nov 2020 - Feb 2021,% of news article visits off Facebook from misinfo sources (aggregate),2.6,"2.6% of 70,587 visits",EXPOSURE,visits,population,"off-platform, only 2.6% of our users' news consumption is from misinformation sources","70,587 news article URLs visited off Facebook by 629 users (aggregate news-diet share)","share of off-platform news article visits from misinfo-rated sources (source-level, upper bound)","News from sources rated by Media Bias/Fact Check (and NewsGuard) as 'known for spreading misinformation'; source-level labelling, which the authors note gives an UPPER BOUND on misinfo prevalence.","629 users; 70,587 article visits",full_text_upgraded,source_level_upper_bound; prolific_nonrepresentative_sample; denominator = news diet,NewsGuard; MBFC/MediaBias
2-s2.0-105019533649,United States,Facebook,Nov 2020 - Feb 2021,median per-user fraction of FB news exposure that is misinfo,2,"median 2% (mean 6%, SD 12%)",EXPOSURE,received,population,"for the median user, the fraction of misinformation in their news exposure is 2% (x=6%, SD=12%)",per-user share of received FB news posts that are misinfo (median across users),typical (median) user's misinfo share of FB news exposure; source-level,"News from sources rated by Media Bias/Fact Check (and NewsGuard) as 'known for spreading misinformation'; source-level labelling, which the authors note gives an UPPER BOUND on misinfo prevalence.",467 users,full_text_upgraded,per_user_median (distinct from 5.9% aggregate); source_level_upper_bound; prolific_nonrepresentative,NewsGuard; MBFC/MediaBias
2-s2.0-105019533649,United States,Facebook,Nov 2020 - Feb 2021 (12 weeks),% of users exposed to misinfo at least once on Facebook (reach),63,,REACH,received,population,"63% of users were exposed to misinformation at least once on Facebook, while 46% of users consumed misinformation at least once off Facebook",467 FB users over the 12-week study window,user encountered >=1 news post from a misinfo-rated source on FB,"News from sources rated by Media Bias/Fact Check (and NewsGuard) as 'known for spreading misinformation'; source-level labelling, which the authors note gives an UPPER BOUND on misinfo prevalence.",467 users,full_text_upgraded,reach (>=1 in window); source_level; prolific_nonrepresentative,NewsGuard; MBFC/MediaBias
2-s2.0-105019533649,United States,Off-platform web,Nov 2020 - Feb 2021 (12 weeks),% of users who consumed misinfo at least once off Facebook (reach),46,,REACH,visits,population,"63% of users were exposed to misinformation at least once on Facebook, while 46% of users consumed misinformation at least once off Facebook",629 users with off-platform browsing over the 12-week window,user visited >=1 news article from a misinfo-rated source off FB,"News from sources rated by Media Bias/Fact Check (and NewsGuard) as 'known for spreading misinformation'; source-level labelling, which the authors note gives an UPPER BOUND on misinfo prevalence.",629 users,full_text_upgraded,reach (>=1 in window); source_level; prolific_nonrepresentative,NewsGuard; MBFC/MediaBias
2-s2.0-105011696813,Brazil,Twitter,,actor_output_disinfo_share,41.24,113/275,SHARING,,single_source,"41,24% dos tweets de Bolsonaro em outubro de 2022 continham algum tipo de desinformacao",275 tweets posted by @jairbolsonaro in October 2022,% of Bolsonaro's own tweets coded as containing political disinformation (October),,275,full_text,,
2-s2.0-105011696813,Brazil,Twitter,,actor_output_disinfo_share,20,50/245,SHARING,,single_source,a categoria 'desinformacao' que em agosto teve 50 tweets (20%),245 tweets posted by @jairbolsonaro in August 2022,% of Bolsonaro's own tweets coded as containing political disinformation (August),,245,full_text,,
2-s2.0-85194733750,United States,Twitter,Aug-Nov 2020,% of shared political news links that are fake-news (average day; observed sharing),7.0,7.0% [95% CI 6.7-7.4],SHARING,,topical,"On an average day, 7.0% [95% confidence interval (CI): 6.7%, 7.4%] of all political news shared by the panel of 664,391 individuals linked to fake news sources","all political news links shared by panel of 664,391 registered US voters",share of shared political-news links pointing to fake-news domains (source-level),"Source-level fake news: external links to domains that portray as legitimate news outlets but lack editorial norms for accuracy (Grinberg et al. 2019 manually-labelled list, updated with NewsGuard); r","664,391 voters",full_text_upgraded,denominator = political news links only (topical); source_level,Voter-panel
2-s2.0-85194733750,United States,Twitter,Aug-Nov 2020,concentration of SHARING: top 0.3% of users = 80% of fake-news shares,0.3,2107/664391 -> 80% of fake-news tweets,CONCENTRATION,,population,an extremely small fraction of our sample (0.3%; only 2107 people) accounted for 80% of the tweets linking to fake news sources,"664,391 registered US voters in panel",supersharers = smallest set of users accounting for 80% of fake-news shares,"Source-level fake news: external links to domains that portray as legitimate news outlets but lack editorial norms for accuracy (Grinberg et al. 2019 manually-labelled list, updated with NewsGuard); r","664,391 voters",full_text_upgraded,"concentration of SHARING (audience/user-level, kept per L37); aggregate",Voter-panel
W3129222959,Germany,Twitter,1-10 Sep 2017,junk-news share of relevant political news/info links shared (content items),11.5,1055/9182,CONTENT,election-hashtag political news/info links (topical share),topical,"Germany II ... Percent of relevant content that is 'Junk News' 11.5; Junk News 1,055 ... Relevant Content Subtotal 9,182","9,182 'relevant' political news/info links shared (after removing other-non-political, spam, inaccessible, language) within 11,646 classified link-tweets, from 984,713 election tweets",junk-news links as a share of all relevant political news/info links shared,"Neudert, Kollanyi & Howard 2017 (Oxford COMPROP data memo, not peer-reviewed): 'junk news' = sources that deliberately publish misleading/deceptive/incorrect information purporting to be real news; id","9,182 relevant links (11,646 classified; 984,713 tweets / 149,573 users)",full_text_upgraded,non-peer-reviewed data memo,
W4414446446,Germany,Public broadcast TV (all news + talk shows),June 2023 - June 2024,% of TV episodes containing ≥1 fact-checked false claim,4.85,67/1382,CONTENT,,population,"It finds 77 matches in 67 episodes, amounting to 4.85% of the 1382 episodes during the sampling period between June 2023 and June 2024.",1382 episodes of 4 news + 6 talk shows (near-census of most-viewed German public-broadcast programs),Episodes containing ≥1 statement matching a fact-checked false claim,"A statement on TV that semantically matches a claim previously fact-checked and rated as false/misleading/exaggeration/unfounded by one of six German fact-checking organizations (AFP, Correctiv, dpa, ",1382 episodes (462 checked claims matched),full_text_upgraded,lower_bound_factcheck_matched_only; non_representative_per_authors,
W4414446446,Germany,Public broadcast TV (talk shows),June 2023 - June 2024,% of talk-show episodes containing ≥1 fact-checked false claim,11.62,,CONTENT,,population,"talk shows demonstrated a greater propensity (14.79%, or 11.62% without Hart aber Fair matches with itself) for matches than news shows (2.28%)","talk-show episodes (excl. Hart aber Fair self-checks), Jun 2023-Jun 2024",Talk-show episodes containing ≥1 fact-checked false claim,"A statement on TV that semantically matches a claim previously fact-checked and rated as false/misleading/exaggeration/unfounded by one of six German fact-checking organizations (AFP, Correctiv, dpa, ",talk-show episodes within 1382 total,full_text_upgraded,lower_bound_factcheck_matched_only; platform_subtype,
W4414446446,Germany,Public broadcast TV (news),June 2023 - June 2024,% of news-show episodes containing ≥1 fact-checked false claim,2.28,,CONTENT,,population,than news shows (2.28%),"news-show episodes, Jun 2023-Jun 2024",News-show episodes containing ≥1 fact-checked false claim,"A statement on TV that semantically matches a claim previously fact-checked and rated as false/misleading/exaggeration/unfounded by one of six German fact-checking organizations (AFP, Correctiv, dpa, ",news-show episodes within 1382 total,full_text_upgraded,lower_bound_factcheck_matched_only; platform_subtype,
2-s2.0-85205688160,United States,Facebook,Aug-Oct 2020,% of image posts containing misinfo (random sample of US political images; content-level),22.6,226/1000 (95% CI 20.1-25.1),CONTENT,,topical,"In the Overall Sample, 226 out of 1,000 images contained elements of misinformation. Adjusted for sampling error, the estimate is between 20.1% and 25.1% at the 95% confidence interval.","random sample of 1,000 image posts about US politics from full corpus of 13,723,654 image posts",image post containing elements of misinformation (post-level expert-consensus coding),"Post-level (not source-level): an image post 'contains elements of misinformation' if it promotes unsubstantiated conspiracy theories, spreads known political disinformation, makes demonstrably false ","1,000 images (corpus 13,723,654)",full_text_upgraded,neutral random sample (passes circularity test); headline estimate; topical=US politics,
2-s2.0-85205688160,United States,Facebook,Aug-Oct 2020,% of political-figure image posts containing misinfo (random sample; content-level),19.6,196/1000 (95% CI 17.5-21.6),CONTENT,,topical,"Of the 1,000 images, 196 contained misinformation (17.5%-21.6% at 95%).","random sample of 1,000 image posts containing a top US political figure from 572,857 such posts",image post containing elements of misinformation; sample restricted to images of a top political figure,"Post-level (not source-level): an image post 'contains elements of misinformation' if it promotes unsubstantiated conspiracy theories, spreads known political disinformation, makes demonstrably false ","1,000 images (sub-corpus 572,857)",full_text_upgraded,neutral random sample; narrower denominator (images with a political figure),
2-s2.0-85205688160,United States,Facebook,Aug-Oct 2020,% of top-reposted GROUP political images containing misinfo (content-level),30,34/111,CONTENT,,topical,"For groups, of the 300 images, 111 were labeled as about U.S. politics; 34 of 111 (30%) images about U.S. politics were misleading;","top 300 most-reposted (deduplicated) images from 11,454 US public groups; 111 coded as US politics",image post containing elements of misinformation; most-reposted group images about US politics,"Post-level (not source-level): an image post 'contains elements of misinformation' if it promotes unsubstantiated conspiracy theories, spreads known political disinformation, makes demonstrably false ","111 images (of top 300; 11,454 groups)",full_text_upgraded,"popularity-selected (most-reposted) -> engagement-weighted denominator, not random; neutral re misinfo-status; small_content_n (<300)",
2-s2.0-85205688160,United States,Facebook,Aug-Oct 2020,% of top-reposted PAGE political images containing misinfo (content-level),26,71/270,CONTENT,,topical,"For pages, of the 300 images, 270 were labeled as about U.S. politics; 71 of 270 (26%) images about U.S. politics contained elements of misinformation.","top 300 most-reposted (deduplicated) images from 14,532 US public pages; 270 coded as US politics",image post containing elements of misinformation; most-reposted page images about US politics,"Post-level (not source-level): an image post 'contains elements of misinformation' if it promotes unsubstantiated conspiracy theories, spreads known political disinformation, makes demonstrably false ","270 images (of top 300; 14,532 pages)",full_text_upgraded,"popularity-selected (most-reposted) -> engagement-weighted denominator, not random; neutral re misinfo-status; small_content_n (<300)",
SUPP-ice2026-antimicrobial,Global,Twitter/Reddit/Facebook,,content analysis (NLP classifier),19.3,19.3% of 1.8M posts,CONTENT,TOPICAL,topical,"Misinformation comprised 19.3% of posts, spreading 2.4 times faster than factual content","1.8 million antibiotic-related posts across Twitter/X, Reddit, Facebook (2015-2025)",antibiotic-related misinformation themes (transformer-classified),,1800000,abstract,abstract_only,
PMID-41189872,US,YouTube,,CONTENT,50,25/50,CONTENT,topic_search,topical,"Twenty-five videos claimed that chiropractic manipulation could ""fix"" the Eustachian tube, and 14 videos (28%) asserted nerve correction; none mentioned antibiotics or tympanostomy tubes.",50 videos,Videos asserting unverified chiropractic claim of fixing Eustachian tube for otitis media,,50,abstract,very_small_content_n (~50); abstract_only,
PMID-41189872,US,YouTube,,CONTENT,28,14/50,CONTENT,topic_search,topical,14 videos (28%) asserted nerve correction; none mentioned antibiotics or tympanostomy tubes.,50 videos,Videos asserting nerve-correction misinformation claim,,50,abstract,very_small_content_n (~50); abstract_only,
PMID-40061772,India,YouTube,May 2024,content falsity (% of videos; content-N=72),55.5,40,CONTENT,,topical,"From the 72 videos selected, about 40 (55.5%) of them had misleading information and about 32 (44.5%) of them had useful information",72 English/Tamil oral-health YouTube videos (first 3 pages of incognito keyword searches),Videos with misleading/inaccurate oral-health content vs current evidence,"Videos classified as accurate (useful) vs misleading/inaccurate content, judged against established current evidence by two coders (e.g., 'charcoal improves teeth colour' coded misleading).",72,full_text_upgraded,very_small_content_n (~72); topical_keyword_sample skewed to home-remedy queries,
PMID-42295743,Global (English 'epilepsy' search; Western platforms),TikTok + Instagram Reels + YouTube Shorts (multiplatform),Videos 2016-2025; collected Jun 2025,proportion of short-form videos containing dis/misinformation (content items; neutral keyword sample),18.1,102/562,CONTENT,epilepsy short-form videos (topic-curated),topical,"In total, 102 videos (18.1% [14.9-21.3]) were classified as containing disinformation/misinformation","562-563 epilepsy short-form videos (from 750 'epilepsy' keyword URLs, 250/platform, after unavailable/off-topic/animal/duplicate exclusions)",short-form video containing info contradicting clinical recommendations on epilepsy,St-Pierre et al. 2026 (Epileptic Disorders): video classified as containing disinformation/misinformation if it contained information contradicting clinical recommendations (e.g. promotion of unverifi,"562-563 videos (167 TikTok, 195-196 IG Reels, 200 YT Shorts)",full_text_upgraded,minor N discrepancy in paper (562 vs 563),
PMID-37632797,USA,Facebook,1 May 2015 - 30 April 2016,% of content items (posts) that are the most common misinformation topic; #posts and #sources,1.5,73/4956,CONTENT,single_source,single_source,"Among 9 health misinformation topics identified, the most common was the promotion of UV tanning as a safe way to get Vitamin D (n=73, 1.5%).",4956 posts sampled from 147 indoor-tanning-business Facebook pages across 50 states,Posts promoting most-common misinformation topic (UV tanning safe for Vitamin D) per author codebook,"False/inaccurate health claims (author-developed codebook, 9 tanning-health-misinformation topics, e.g. UV tanning as a safe way to get Vitamin D; benchmarked against American Academy of Dermatology g",4956 posts; 147 business pages,full_text_upgraded,"single_source/industry-curated denominator (indoor-tanning business pages, an upper-bound-prone source); value is the TOP single misinfo category only (range 0.5-1.5% across the 9 topics; ~221/4956=4.5% any misinfo); body text states 1.3% but 73/4956=1.47%~1.5% (abstract correct)",
PMID-33304681,NR,Facebook,,CONTENT,22.3,~101/454,CONTENT,keyword_search,topical,"In total, 22.3% included misinformation, 19.6% were unverifiable, and 27.5% included correct information verifiable by the WHO or CDC.",454 posts,COVID-19 Facebook posts containing misinformation vs WHO/CDC-verifiable correct info,,454,abstract,abstract_only,
OA-W3091627927,Italy,Twitter,,CONTENT,1.44,,SHARING,,topical,"Only 1,44% of the tweets collected are fake news, plus they circulate only in very specific periods and within closed communities","7,237,581 tweets collected during Covid-19 emergency",% of collected Italian tweets classified as fake news,,7237581,abstract,abstract_only,
OA-W2524060751,USA,TV,,reported,30,,CONTENT,political_ads,population,"Of all the English-language paid political ads that aired on television during the 2008 general election, just under 30% contained at least one inaccuracy",English-language paid political TV ads 2008 general election,% of political ads containing at least one inaccuracy,,,abstract,abstract_only,
OA-W4413457235,Global,Instagram;YouTube,1-14 January 2025,posts with outright false/misleading claims (% of posts),33.9,296/874,CONTENT,surgical_health,topical,we classified 33.9% of posts as containing outright false/misleading claims,874 posts (432 Instagram + 442 YouTube) on 4 elective surgeries (#rhinoplasty/#breastaugmentation/#spinalfusion/#gastricsleeve; top-150/dyad ranked; neutral topical frame),Post with >=1 outright false/misleading claim (5-category factual matrix + DISCERN),"Outright false/misleading = post containing at least one outright false or misleading claim, scored on a 5-category factual matrix (true / partially true / misleading by omission / outright false / ou",874 posts,full_text_upgraded,journal_quality_concern (InfoScience Trends/InfoPub; AI-generation hallmarks); multi_source_topical,
OA-W4413457235,Global,Instagram,1-14 January 2025,posts with outright false/misleading claims (% of posts),41.2,178/432,CONTENT,surgical_health,topical,"Instagram hosting significantly more misinformation than YouTube (41.2% vs. 26.7%, p < 0.001)",432 Instagram posts on 4 elective surgeries (hashtag top-posts; neutral topical frame),Post with >=1 outright false/misleading claim,"Outright false/misleading = post containing at least one outright false or misleading claim, scored on a 5-category factual matrix (true / partially true / misleading by omission / outright false / ou",432 posts,full_text_upgraded,journal_quality_concern; multi_source_topical,
OA-W4413457235,Global,YouTube,1-14 January 2025,posts with outright false/misleading claims (% of posts),26.7,118/442,CONTENT,surgical_health,topical,"Instagram hosting significantly more misinformation than YouTube (41.2% vs. 26.7%, p < 0.001)",442 YouTube posts on 4 elective surgeries (hashtag search-ranked; neutral topical frame),Post with >=1 outright false/misleading claim,"Outright false/misleading = post containing at least one outright false or misleading claim, scored on a 5-category factual matrix (true / partially true / misleading by omission / outright false / ou",442 posts,full_text_upgraded,journal_quality_concern; multi_source_topical,
OA-W4411120829,USA;South Africa,YouTube,,reported,31.55,,CONTENT,covid_health_search,topical,We found that 31.55% of the top-10 search re[sults],915K YouTube search results (top-10 across 48 queries x 4 filters x 6 geolocations x 10 days),% of top-10 YouTube search results containing COVID-19 misinformation,,,abstract,abstract_only,
OA-W2914761925,,YouTube,,reported,75,115,CONTENT,prostate_cancer,topical,over 75 percent of those videos included misinformative content ... 115 of those contained biased information,top 150 prostate cancer videos,% of prostate cancer videos with misinformative/biased content,,150,abstract,small_content_n (~150); abstract_only,
OA-W3113799821,USA,search,,reported,1,,EXPOSURE,covid_search,topical,we use search log analysis to investigate the extent ... we find that only around 1% of queries [are misinformation],Bing COVID-19 search queries (US),% of search queries classified as misinformation-seeking,,,abstract,abstract_only,
OA-W4394831676,Levant,social_media,,recall-exposure: reported,81.6,,RECALL,covid_health,population,81.6 percent of respondents had read Covid-19-related material that turned out to be untrue,online survey respondents (Levant),% self-reporting having read COVID-19 material that was untrue,,,abstract,abstract_only,
OA-W7155615941,,social media,,content_share,25,~one-quarter,CONTENT,health/melanoma content,topical,"Misinformation was identified in approximately one-quarter of media articles, while none of the peer-reviewed journal articles contained misinformation or harmful information.",high-engagement melanoma media articles,% of media articles containing misinformation,,,abstract,abstract_only,
OA-W7165570035,Brazil,Instagram,,content_share,21.8,109/500,CONTENT,dental caries posts,topical,The findings indicated that 21.8% of the analyzed posts contained misinformation,500 Instagram posts (Aug 2018-Aug 2022),% of analyzed posts containing misinformation,,500,abstract,abstract_only,
OA-W4410388894,,TikTok,,content_share,55,11/20,CONTENT,hormonal birth control videos,topical,"Among videos with the direct purpose of public health education (n=20), 55% contained inaccurate, non-evidence-based, or misleading information",20 top TikTok #hormonalbirthcontrol public-health-education videos,% of education-purpose videos with inaccurate/misleading info,,20,abstract,very_small_content_n (~20); abstract_only,
OA-W7133343648,Bosnia and Herzegovina,WhatsApp,Mar-Aug 2022,overall misinformation rate among substantive group messages (content items; neutral census),14.7,1889/12847,CONTENT,"agricultural WhatsApp group messages (topic-curated, multi-group census)",topical,The overall misinformation rate was 14.7% of all technically substantive messages.,"12,847 messages archived across 84 farming WhatsApp groups","technically incorrect agricultural advice that could cause crop damage, economic loss, or health risk","Hadzic Beganovic et al. 2024: 'misinformation' = technically incorrect advice that could cause crop damage, economic loss, or health risk, rated by two trained agronomists (7-point scale, ICC=0.83) on","12,847 messages / 84 groups",full_text_upgraded,multi-source census; possible low-quality journal,
OA-W4410566265,Australia,TikTok,15 September 2023 - 15 March 2024,% of content items (posts) completely inaccurate; #posts,10.8,27/250,CONTENT,topical,topical,"TikTok had a larger proportion of completely inaccurate posts (10.8%), mainly related to weight loss.","250 TikTok nutrition posts (keyword-sampled: healthy eating, healthy food, diet, weight loss)",Posts coded 'completely inaccurate' per modified Social Media Evaluation Checklist + evidence-coding framework,Posts scored 'completely inaccurate' on an accuracy scale using a modified Social Media Evaluation Checklist and evidence-coding framework (accuracy of nutrition claims vs evidence).,250 TikTok posts (500 total across both platforms),full_text_upgraded,"small_content_n (~250); conference-abstract only (Proc Nutr Soc, full text = abstract); topical keyword sample",
OA-W4291473423,United States,Twitter,,content_falsity,29.9,,CONTENT,topical,topical,Misinformation tweets rose from 29.9% in July 2021 to 45.1% in December 2021.,COVID-19-vaccine + fertility tweets sampled July 2021 (one word re COVID vaccination + one re fertility),Tweets coded as misinformation (factual vs misinformation) re COVID-19 vaccine and infertility,,,full_text,very_small_content_n (~19); abstract_only,
OA-W4291473423,United States,Twitter,,content_falsity,45.1,,CONTENT,topical,topical,Misinformation tweets rose from 29.9% in July 2021 to 45.1% in December 2021.,COVID-19-vaccine + fertility tweets sampled December 2021 (one word re COVID vaccination + one re fertility),Tweets coded as misinformation (factual vs misinformation) re COVID-19 vaccine and infertility,,,full_text,very_small_content_n (~19); abstract_only,
OA-W7154838691,Global,multi-platform,,content_falsity,48.0,480/1000,CONTENT,topical,topical,"Of the 1,000 posts analyzed, 480 (48.0%) were coded as containing health misinformation, while 520 (52.0%) were coded as factual or accurate health content.","1,000 health-related posts (250 each from Twitter/X, Facebook, TikTok, YouTube), Jan 2022-Dec 2023","Health-related information that is factually false or inaccurate, presented as health information (Vraga & Bode)",,1000,full_text,abstract_only,
OA-W7154838691,Global,TikTok,,content_falsity,58.4,146/250,CONTENT,topical,topical,"TikTok exhibited the highest misinformation prevalence (58.4%, n = 146), followed by Facebook (54.8%, n = 137), Twitter/X (41.2%, n = 103), and YouTube (38.8%, n","250 health-related TikTok posts, Jan 2022-Dec 2023","Health-related information that is factually false or inaccurate, presented as health information (Vraga & Bode)",,250,full_text,small_content_n (~250); abstract_only,
OA-W7154838691,Global,Facebook,,content_falsity,54.8,137/250,CONTENT,topical,topical,"TikTok exhibited the highest misinformation prevalence (58.4%, n = 146), followed by Facebook (54.8%, n = 137), Twitter/X (41.2%, n = 103), and YouTube (38.8%, n","250 health-related Facebook posts, Jan 2022-Dec 2023","Health-related information that is factually false or inaccurate, presented as health information (Vraga & Bode)",,250,full_text,small_content_n (~250); abstract_only,
OA-W7154838691,Global,Twitter,,content_falsity,41.2,103/250,CONTENT,topical,topical,"TikTok exhibited the highest misinformation prevalence (58.4%, n = 146), followed by Facebook (54.8%, n = 137), Twitter/X (41.2%, n = 103), and YouTube (38.8%, n","250 health-related Twitter/X posts, Jan 2022-Dec 2023","Health-related information that is factually false or inaccurate, presented as health information (Vraga & Bode)",,250,full_text,small_content_n (~250); abstract_only,
OA-W7154838691,Global,YouTube,,content_falsity,38.8,,CONTENT,topical,topical,"Twitter/X (41.2%, n = 103), and YouTube (38.8%, n","250 health-related YouTube posts, Jan 2022-Dec 2023","Health-related information that is factually false or inaccurate, presented as health information (Vraga & Bode)",,250,full_text,small_content_n (~250); abstract_only,
OA-W4407797130,Serbia,survey,June 2023,recall-exposure: % self-reported having heard the narrative,77.4,,RECALL,whole,population,Narrative N6 that states that COVID-19 pandemic was artificially caused by the West is the highest reaching narrative,"800 national-sample respondents (Serbia, aged 18-74, online, quota by sex/age/region, MoE ±3.5%)",Self-reported having heard narrative N6 (COVID-19 artificially caused by the West) before,Disinformation = deliberately falsified information intended to cause harm (Wardle & Derakhshan 2017). Seven specific debunked narratives identified from three Serbian fact-checking portals (Istinomer,800 respondents,full_text_upgraded,narratives_factcheck_selected; recall-exposure; no_placebo_false_recall_uncorrected; online_only_sample,
OA-W4407797130,Serbia,survey,June 2023,recall-exposure: % self-reported having heard the narrative,37.1,,RECALL,whole,population,even the least heard narrative (N2) still reaching a third of the survey population,800 national-sample respondents (Serbia),Self-reported having heard narrative N2 (Pentagon admitted 46 biolabs in Ukraine) before — lowest-reaching narrative,Disinformation = deliberately falsified information intended to cause harm (Wardle & Derakhshan 2017). Seven specific debunked narratives identified from three Serbian fact-checking portals (Istinomer,800 respondents,full_text_upgraded,narratives_factcheck_selected; recall-exposure; floor_value,
OA-W3206858890,Brazil,survey (self-report; mainly Facebook/WhatsApp),2019,"recall-exposure: % who self-report having received fake health news (n=1,195 respondents)",89.4,1069/1195,RECALL,whole,population,"Most of the respondents, 1,069 (89.4%), received some fake news about health.","1,195 Brazilian survey respondents (>18y, online questionnaire)",Self-reported receiving fake health news; fake news = intentionally false manipulative info resembling credible news,"Fake news = intentionally false information similar to credible news, with intent to manipulate the recipient; self-reported receipt of fake HEALTH news (Facebook/WhatsApp main routes).",1195,full_text_upgraded,nonprobability_snowball_sample; higher-education-skewed,
OA-W4401812299,Canada,Twitter,,actor_share,25.0,,SHARING,whole,population,"Of the total accounts collected, approximately 25% were spreading pro-Russian talking points.",All Canadian Twitter accounts in the war-related retweet network (filtered from 6.2M global tweets since Jan 2022),Accounts spreading pro-Russian disinformation/talking points re Russia-Ukraine war,,,full_text,abstract_only,
OA-W4417124855,Australia,multi-platform (self-report; mostly social media),,recall-exposure: self-reported exposure,50.41,62 of 123 participants,RECALL,self-reported across all sources,population,"within our sample, 50.41% of participants (n = 62) reported seeing election-related misinformation during the 5-days surrounding the election",participants in 5-day experience-sampling study,self-reported seeing election-related misinformation (participant-perceived),,123,full_text,abstract_only,
OA-W4417124855,Australia,multi-platform (self-report; mostly social media),,recall-exposure: self-reported exposure,17.72,2.37 instances/person avg,RECALL,self-reported across all sources,population,"On average, participants reported 2.37 instances of misinformation across the ESM period, and in 17.72% of surveys answered",ESM surveys answered (four/day over 5 days),self-reported seeing election-related misinformation (participant-perceived),,123,full_text,abstract_only,
OA-W4281924559,Global (English-language; mostly North America/Europe),Twitter (most-shared news articles),Apr 2020 - Apr 2021,proportion of most-shared news articles containing misinformation (content items),26.3,30/114,CONTENT,most-shared COVID-19 news articles (topic+popularity sample),topical,"In total, 30 news articles (26.3%) contained misinformation.","114 most-shared COVID-19 news articles (top-10 per topic x 4 time windows, via BuzzSumo), de-duplicated",article title containing information contradicting evidence-based/reputable COVID-19 sources,"Khamar et al. 2022 (STEM Fellowship J): news-article titles judged to contain misinformation via comparison with evidence-based/reputable sources (government agencies, international organizations, pee",114 articles,full_text_upgraded,small_content_n (114); titles-only assessment; 20 articles unassessable,
OA-W7161796591,Spanish-language (mostly unspecified; Mexico most common identifiable origin),TikTok,May-Jul 2025,% of content items (videos) not aligned with official protocols; content n=246,73.81,~182 of 246,QUALITY,,topical,"Overall, 26.19% aligned with at least one protocol, while 73.81% contained unsupported or non-aligned information","246 Spanish-language oral-hygiene TikTok videos sampled via 11 oral-hygiene/toothbrushing hashtags (topic-neutral; fresh account, no history)","Videos containing unsupported or protocol-non-aligned oral-hygiene information (dual-rater, kappa 0.86, third-reviewer adjudication)","Oral-hygiene content not aligned with official dental protocols (FDI, ADA, FOE/Ecuador Ministry of Health, FDE-Spain); 'aligned' = at least one recommendation matching an official protocol",246,full_text_upgraded,"small_content_n (246); quality_not_falsity (non-aligned/unsupported, NOT verified false); topical_denominator",
OA-W7125772788,Nigeria,multi-platform (digital news + social media; self-report),,recall-exposure: self-reported exposure,54,of 282 respondents (HIV),RECALL,self-reported across digital feeds,population,"In the case of HIV, 54% of respondents suspected misinformation in their digital feeds, often related to 'permanent cure' narratives",282 active digital users surveyed,respondent-suspected unverified/cure misinformation in digital feeds,,282,full_text,abstract_only,
OA-W7125772788,Nigeria,multi-platform (digital news + social media),,relative reach,40,N/A (relative to official communiqués),EXPOSURE,health-information content reach,topical,"a high volume of traditional/unverified cure mentions, achieving a social reach 40% higher than that of official public health communiqués",unverified cure mentions vs official public-health communiqués,unverified/traditional cure mentions re HIV/HBV/Polio/COVID-19,,7234 data points,full_text,abstract_only,
OA-W4377015071,United States,Instagram,,content analysis,36.5,of posts with medical content,CONTENT,N/A,topical,"Of posts containing medical information, 63.5% were accurate, and 36.5% contained misinformation",Instagram posts with >=250 likes containing medical content (abortion hashtags),medically inaccurate content on abortion (vs medical evidence),,not reported,full_text,small_content_n (~250); abstract_only,
OA-W2992531903,France,web (comScore),,reach,3.1,1.5 million people,EXPOSURE,news+false news,population,"The most popular, Sante+ Magazine...reached 3.1% (this equates to around 1.5 million people)",French online population,"For-profit fabrication, politically-motivated fabrication and malicious hoaxes designed to masquerade as news (false news sites)",,38 false news sites tracked (top 20 reported),full_text,abstract_only,
OA-W2992531903,France,web (comScore),,reach,1.0,,EXPOSURE,news+false news,population,"On average, most reached just 1% or fewer of the French online population each month in 2017",French online population,"For-profit fabrication, politically-motivated fabrication and malicious hoaxes masquerading as news",,38 false news sites (top 20 reported),full_text,abstract_only,
OA-W2992531903,France,web (comScore),,audience_overlap,45.4,,OTHER,news+false news,single_source,"45.4% of Sante+ Magazine users also used Le Figaro in October 2017, and 34% used Le Monde",Sante+ Magazine desktop users (Oct 2017),For-profit/politically-motivated fabrication and malicious hoaxes masquerading as news,,desktop users,full_text,abstract_only,
OA-W2992531903,Italy,web (comScore),,reach,3.1,just over 1 million people,EXPOSURE,news+false news,population,the most widely-used false news website in our sample-Retenews24-reached 3.1% of the online Italian population (just over 1 million people) on average each month,Italian online population,For-profit/politically-motivated fabrication and malicious hoaxes masquerading as news,,21 false news sites tracked (top 20 reported),full_text,abstract_only,
OA-W2992531903,Italy,web (comScore),,reach,1.0,,EXPOSURE,news+false news,population,"As in France, most of the other sites were typically accessed by 1% or fewer",Italian online population,For-profit/politically-motivated fabrication and malicious hoaxes masquerading as news,,21 false news sites (top 20 reported),full_text,abstract_only,
OA-W2992531903,Italy,web (comScore),,audience_overlap,62.2,,OTHER,news+false news,single_source,"in October 2017, 62.2% of Retenews24 users also visited the website of Il Corriere della Sera, and 52.3% used La Repubblica",Retenews24 desktop users (Oct 2017),For-profit/politically-motivated fabrication and malicious hoaxes masquerading as news,,desktop users,full_text,abstract_only,
OA-W4360608277,United States,TikTok,,content_share,48.3,28/58 videos,CONTENT,health/COVID,topical,Most videos were of the opinion that the COVID-19 infection causes infertility in men (48.3%) but not the vaccine (37.9%),58 TikTok videos (#covidvaccine #malefertility),"Misleading/medically inaccurate claims about COVID-19 infection/vaccination effect on male fertility, contradicting scientific evidence",,58,full_text,very_small_content_n (~58); abstract_only,
OA-W4360608277,United States,TikTok,,content_share,6.9,4/58 videos,CONTENT,health/COVID,topical,Few videos believed that the vaccine was responsible for male infertility (6.9%),58 TikTok videos (#covidvaccine #malefertility),"Misleading claims that the COVID-19 vaccine causes male infertility, contrary to evidence",,58,full_text,very_small_content_n (~58); abstract_only,
2-s2.0-85074511992,France,Twitter,13-19 March 2017,"share of all classified shared web-sources that are junk news (content-of-diet, source-coded)",4.2,366/8783,CONTENT,,population,"Junk News and Information 366 4.2 (France, Table 3)",all classified web sources shared in election-related tweets (France),junk news: deliberately produced misleading/deceptive/incorrect propaganda meeting >=3 of 5 criteria (domain-level),"Junk News and Information: domain-level sources that meet >=3 of 5 criteria (professionalism, style, credibility, bias, counterfeit) = deliberately produced misleading, deceptive, incorrect propaganda","8783 classified shared sources (from 843,146 tweets)",full_text_stepb,multi_source_topical; domain-level source coding,
2-s2.0-85074511992,United Kingdom,Twitter,27 May-2 June 2017,"share of all classified shared web-sources that are junk news (content-of-diet, source-coded)",10.3,2797/27059,CONTENT,,population,Junk News and Information account for 10.3% of all content shared,all classified web sources shared in election-related tweets (UK),junk news: deliberately produced misleading/deceptive/incorrect propaganda meeting >=3 of 5 criteria (domain-level),"Junk News and Information: domain-level sources that meet >=3 of 5 criteria (professionalism, style, credibility, bias, counterfeit) = deliberately produced misleading, deceptive, incorrect propaganda","27059 classified shared sources (from 2,488,804 tweets)",full_text_stepb,multi_source_topical; domain-level source coding,
2-s2.0-85074511992,Germany,Twitter,1-10 September 2017,"share of all classified shared web-sources that are junk news (content-of-diet, source-coded)",9.1,1055/11646,CONTENT,,population,"Junk News and Information 1055 9.1 (Germany, Table 3)",all classified web sources shared in election-related tweets (Germany),junk news: deliberately produced misleading/deceptive/incorrect propaganda meeting >=3 of 5 criteria (domain-level),"Junk News and Information: domain-level sources that meet >=3 of 5 criteria (professionalism, style, credibility, bias, counterfeit) = deliberately produced misleading, deceptive, incorrect propaganda","11646 classified shared sources (from 984,713 tweets)",full_text_stepb,multi_source_topical; domain-level source coding,
2-s2.0-85078014559,Italy,Twitter,1 January-27 May 2019,audience/user concentration of SHARING: top ~20% of sharers account for >90% of disinfo tweets (n=users),90,~4000/23243 users -> >90% of 354746 tweets,CONCENTRATION,,population,approximately 20% of the community (~4k users) accounts for more than 90% of total tweets (~330k),"all users sharing disinformation articles (23,243 users; 354,746 tweets)","disinformation: articles from 63 fact-checker-flagged Italian outlets (inaccurate/misleading news, hyper-partisan/propaganda, hoaxes, conspiracy)","Disinformation = articles from a manually curated list of 63 Italian websites flagged by fact-checkers for fabricating/spreading inaccurate and misleading news, hyper-partisan/propaganda stories, hoax","23,243 users / 354,746 tweets",full_text_stepb,concentration_of_sharing (user-level); user_ok_asis,
2-s2.0-105040091272,Turkey,Instagram,1-5 Nov 2025,QUALITY: % posts low reliability (MTIR); n=500 content items,40.0,200/500,QUALITY,,curated,"In terms of reliability categories, 51.4% (n = 257) were moderate, 40.0% (n = 200) were low, and 8.6% (n = 43) were high",All 500 Top Posts under #disbeyazlatma (tooth whitening hashtag),Posts scoring low (0-2) on Modified Treatment-Information Reliability (0-8 DISCERN-adapted scale),"Posts rated LOW on information-quality instruments (Modified Treatment-Information Reliability, MTIR, 0-8; and Descriptive Coverage Index, DCI, 0-7). This is QUALITY/reliability of dental information,",500 posts,full_text_stepb,QUALITY_not_falsity; exclude_from_prevalence; single_topic_hashtag; small_content_n(500 ok but topic-curated),
2-s2.0-105040091272,Turkey,Instagram,1-5 Nov 2025,QUALITY: % posts low coverage (DCI); n=500 content items,17.0,85/500,QUALITY,,population,"Most posts were classified as moderate quality (68.0%; n = 340), with 17.0% (n = 85) rated low and 15.0% (n = 75) rated high",All 500 Top Posts under #disbeyazlatma (tooth whitening hashtag),Posts scoring low (0-2) on Descriptive Coverage Index (0-7 information-coverage scale),"Posts rated LOW on information-quality instruments (Modified Treatment-Information Reliability, MTIR, 0-8; and Descriptive Coverage Index, DCI, 0-7). This is QUALITY/reliability of dental information,",500 posts,full_text_stepb,QUALITY_not_falsity; exclude_from_prevalence; single_topic_hashtag,
2-s2.0-85037352356,United States,Web (desktop browsers IE11/Edge),18 Jul - 8 Nov 2016 (avg per day),REACH: avg daily % of users visiting >=1 fake-news domain; n=>10^8 browser machines,0.34,1 in 290 users,REACH,fake news websites,population,"visits to fake news websites were relatively rare—on an average day during the election campaign period, only 0.34% of users visited any of the fake news domains that we monitored (i.e., about 1 in every 290 users)",IE11/Edge desktop browser users (combined install base >10^8 machines),Average daily share of browser users who visited any of 70 third-party-listed fake-news domains,"Visits to 70 fake-news web domains compiled from third-party lists: Wikipedia 'List of fake news websites' (sites that 'intentionally publish hoaxes and disinformation'), Snopes Field Guide to Fake Ne",>100000000 machines,full_text_stepb,per_day_reach; passive_browsing_telemetry,
2-s2.0-85047794238,United States,Facebook/Twitter (most-shared health articles),2015 shares; reviewed 2016,QUALITY: % media articles inaccurately reporting the study; n=64 content items,58,,QUALITY,,topical,"Fifty-eight percent of media articles were found to have inaccurately reported the question, results, intervention, or population of the academic study.",64 most-shared media articles of 2015 (covering 50 academic studies),% of media articles that inaccurately reported question/results/intervention/population of the source academic study,"Articles judged by trained reviewers to (a) inaccurately report the question/results/intervention/population of the underlying academic study (media), or (b) be rated low/very-low strength of causal i",64 media articles,full_text_stepb,QUALITY_not_falsity; exclude_from_prevalence; very_small_content_n(64),
2-s2.0-85047794238,United States,academic journals (most-shared studies),2015 shares; reviewed 2016,QUALITY: % academic studies low/very-low causal inference; n=50 content items,70,,QUALITY,,topical,"Seventy percent of academic studies were considered low or very low strength of inference, with only 6% considered high or very high strength of causal inference.",50 most-shared academic health articles of 2015,% of academic studies rated low or very low strength of causal inference,"Articles judged by trained reviewers to (a) inaccurately report the question/results/intervention/population of the underlying academic study (media), or (b) be rated low/very-low strength of causal i",50 academic articles,full_text_stepb,QUALITY_not_falsity; exclude_from_prevalence; very_small_content_n(50),
2-s2.0-85055756722,United Kingdom,Twitter,May-Jun 2017,RECALL-sharing: self-report willfully shared made-up news; n=1313 respondents,8.9,108/1313,RECALL,,population,You thought was made up when you shared it ... 108 / 8.9,survey respondents (N=1313 UK Twitter users who shared political news in 2017 campaign),"% self-reporting they shared news they thought was made up at the time of sharing (willful), past month","Self-reported sharing on social media, in the past month, of news that the respondent (a) thought was made up when sharing (willful), (b) knew was exaggerated, (c) later found was made up (unintention",1313,full_text_stepb,self_report_recall; cleanest_falsity_item,
2-s2.0-85055756722,United Kingdom,Twitter,May-Jun 2017,RECALL-sharing: self-report shared news later found made-up (unintentional); n=1313 respondents,29.9,362/1313,RECALL,,population,"Seemed accurate at the time, but you later found was made up ... 362 / 29.9",survey respondents (N=1313),"% self-reporting they shared news they later found was made up (unintentional), past month","Self-reported sharing on social media, in the past month, of news that the respondent (a) thought was made up when sharing (willful), (b) knew was exaggerated, (c) later found was made up (unintention",1313,full_text_stepb,self_report_recall; unintentional,
2-s2.0-85055756722,United Kingdom,Twitter,May-Jun 2017,RECALL-sharing: self-report shared exaggerated news (aware); n=1313 respondents,17.1,207/1313,RECALL,,population,"Was exaggerated, and you were aware of this ... 207 / 17.1",survey respondents (N=1313),"% self-reporting they willfully shared news they knew was exaggerated, past month","Self-reported sharing on social media, in the past month, of news that the respondent (a) thought was made up when sharing (willful), (b) knew was exaggerated, (c) later found was made up (unintention",1313,full_text_stepb,self_report_recall; exaggeration_not_falsity,
2-s2.0-85055756722,United Kingdom,Twitter,May-Jun 2017,RECALL-sharing: self-report shared any problematic news; n=1313 respondents,67.7,,RECALL,,population,Fully two-thirds (67.7%) admitted to having shared news that was problematic in some way in the past month,survey respondents (N=1313),"% self-reporting sharing any problematic (later-false / exaggerated / willfully made-up) news, past month","Self-reported sharing on social media, in the past month, of news that the respondent (a) thought was made up when sharing (willful), (b) knew was exaggerated, (c) later found was made up (unintention",1313,full_text_stepb,self_report_recall; broad_bundles_exaggeration,
2-s2.0-85056602344,United States,Twitter,May 2016 - early 2017,"CONCENTRATION of SHARING: % of misinfo (claim) tweets produced by top 10% most-active accounts; n=93,210 accounts / 219,324 claim tweets",50,10% accounts -> ~50% tweets,CONCENTRATION,,curated,the 10% most active accounts produce about 50% tweets for claims and 30% for fact-checking,claim (misinformation) tweets in the matched-pairs Hoaxy corpus,share of misinformation (claim) tweets produced by the top 10% most active claim-sharing accounts,"'Claims' = tweets linking to 120 low-credibility websites (fake news, conspiratorial, junk-news sources flagged by expert journalists); manual sampling showed <15% of such claims could be verified.","93,210 accounts / 219,324 claim tweets",full_text_stepb,concentration_of_sharing; curated_misinfo_source_list_denom,
2-s2.0-85056802427,United States,Twitter,mid-May 2016 to end of March 2017,concentration of sharing (bot accounts; % of low-cred tweets spread by 6% bot accounts),31,31%,CONCENTRATION,,population,"Only 6% of accounts in the sample are labeled as bots using this method, but they are responsible for spreading 31% of all tweets linking to low-credibility content, and 34% of all articles from low-credibility sources","13,617,425 tweets linking to low-credibility sources (random sample of 915 accounts assessed)","Share of low-credibility-source tweets spread by the 6% of accounts classified as bots (concentration of SHARING / spreading, per L37)","Content from low-credibility sources: 120 websites flagged by third-party news/fact-checking orgs as routinely publishing fabricated, manipulated, imposter, false-context, misleading, false-connection",13.6M tweets; 915-account random sample; 120 low-cred sources,full_text_stepb,concentration_of_spreading,
2-s2.0-85060013655,United States,fake news websites,2016 US election (Sep 18 - Nov 9 2016),% completely false (body main claim); % of content items,1.7,1.7%,CONTENT,,population,"Completely false stories were uncommon, with only 4.7% of headlines being fake and 1.7% of the body's main claim being verifiably untrue.","646 stories sampled (random constructed weeks) from 46 sites pre-labeled 'fake news' (Zimdars list, cross-matched to most-shared 2016 election sites)",Body main claim coded completely false (=5 on falsity scale) vs ground truth,"Misinformation coded story-by-story against ground truth on a 5-point scale (True/Mostly true/Half-true-Mixture/Mostly false/False), fact-checked against Politifact/Snopes and reputable sources; conse",646 stories; 46 sites,full_text_stepb,"multi_source_topical (fake-news-labeled sites; within-source upper bound, L25)",
2-s2.0-85060013655,United States,fake news websites,2016 US election (Sep 18 - Nov 9 2016),% mostly+completely false (body); % of content items,11.8,10.1% + 1.7%,CONTENT,,curated,"Mostly false stories comprised 9.3% (headline) and 10.1% (body) of the sample. Completely false stories were uncommon, with only ... 1.7% of the body's main claim being verifiably untrue.",646 stories sampled from 46 fake-news-labeled sites,Body coded mostly false (10.1%) OR completely false (1.7%),"Misinformation coded story-by-story against ground truth on a 5-point scale (True/Mostly true/Half-true-Mixture/Mostly false/False), fact-checked against Politifact/Snopes and reputable sources; conse",646 stories; 46 sites,full_text_stepb,multi_source_topical,
2-s2.0-85060013655,United States,fake news websites,2016 US election (Sep 18 - Nov 9 2016),% body containing any misinformation; % of content items,43.5,100% - 56.5%,CONTENT,,curated,Descriptive statistics reveal that 53.8% of headlines and 56.5% of body content did not contain misinformation at all,646 stories sampled from 46 fake-news-labeled sites,Body containing any misinformation (not 'None' on the falsity scale),"Misinformation coded story-by-story against ground truth on a 5-point scale (True/Mostly true/Half-true-Mixture/Mostly false/False), fact-checked against Politifact/Snopes and reputable sources; conse",646 stories; 46 sites,full_text_stepb,multi_source_topical,
2-s2.0-85066887935,Brazil,WhatsApp (public political groups),21 Sep - 20 Oct 2018,% junk-news links among all classified links shared (content/links; 130 groups),13.1,"5,093 / 38,800",SHARING,TOPICAL,topical,junk news sources account for 13.1% of all links in our dataset (see Table 1).,"38,800 classified links shared in 130 public political WhatsApp groups (neutral: all shared links, not selected by misinfo)",Links to junk-news sources (>=3 of 5 criteria) as share of all shared/classified links,"'Junk News and Information': sources that deliberately publish/aggregate misleading, deceptive or incorrect information purporting to be real news; must meet >=3 of 5 criteria (lack of professionalism","38,800 classified links; 130 groups",full_text_reexam,topical_political_sample (election WhatsApp groups); single-platform; share-of-shared-links,
2-s2.0-85066894147,United States,Twitter,Jul-early Aug 2016 (before conventions),fraction of candidate-mentioning news-URL shares from fake-news publishers (before conventions),20,~20%,SHARING,,population,While the average fraction of fake news content is about 20% before the conventions,candidate-mentioning tweets containing an external news URL (daily uniformly-random sample; f = fake-URL shares / (fake + traditional URL shares)),"Share of news-URL shares (Trump/Clinton-mention tweets) that linked to a fake-news publisher domain, before the party conventions","Fake news = content from publisher (web-domain) level fake-news producer list aggregated by Allcott/Gentzkow [4] from 5 lists (Grinberg, PolitiFact, BuzzFeed, Guess, FactCheck); defined by intent/proc",~1.7M unique news URLs; millions of tweets; ~600K users,full_text_reexam,"topical denominator (candidate-mention news traffic, neutral sampling); time-resolved; stepb_reexam (conf 0.78)",
2-s2.0-85066894147,United States,Twitter,Aug-Sep 2016 (post-nomination),fraction of candidate-mentioning news-URL shares from fake-news publishers (after nominations),30,~30%,SHARING,,topical,it lies at approximately 30% after the nominations,candidate-mentioning tweets containing an external news URL,"Share of news-URL shares that linked to a fake-news publisher domain, after the nominations","Fake news = content from publisher (web-domain) level fake-news producer list aggregated by Allcott/Gentzkow [4] from 5 lists (Grinberg, PolitiFact, BuzzFeed, Guess, FactCheck); defined by intent/proc",~1.7M unique news URLs; millions of tweets,full_text_reexam,topical denominator; time-resolved; stepb_reexam (conf 0.78),
2-s2.0-85066894147,United States,Twitter,early Nov 2016 (pre-election),fraction of candidate-mentioning news-URL shares from fake-news publishers (pre-election peak),40,~40%,SHARING,,topical,and reaches approximately 40% right before the election,candidate-mentioning tweets containing an external news URL,"Share of news-URL shares that linked to a fake-news publisher domain, right before the election","Fake news = content from publisher (web-domain) level fake-news producer list aggregated by Allcott/Gentzkow [4] from 5 lists (Grinberg, PolitiFact, BuzzFeed, Guess, FactCheck); defined by intent/proc",~1.7M unique news URLs; millions of tweets,full_text_reexam,topical denominator; time-resolved; stepb_reexam (conf 0.78),
2-s2.0-85088969117,Global,Twitter,6-7 Feb 2020,% of posts coded false news (keyword sample); % of content items,9.20,177/1923,CONTENT,,topical,"9,20% of tweets were coded as false news, before 3.69% of Weibo posts","1923 tweets retrieved via keyword 'coronavirus' (neutral keyword sample, two days)","Tweets containing false information (rumours, conspiracy, myths, hoaxes that are false)","False news = tweets/Weibo posts containing false information (rumours, conspiracy ideas, myths, hoaxes) that are false and have negative public-sphere impact; coded by a bicultural team via fact-check",1923 tweets,full_text_stepb,,
2-s2.0-85088969117,China,Sina Weibo,6-7 Feb 2020,% of posts coded false news (keyword sample); % of content items,3.69,71/1923,CONTENT,,topical,"9,20% of tweets were coded as false news, before 3.69% of Weibo posts","1923 Weibo posts retrieved via keyword 'coronavirus' (neutral keyword sample, two days)","Weibo posts containing false information (rumours, conspiracy, myths, hoaxes that are false)","False news = tweets/Weibo posts containing false information (rumours, conspiracy ideas, myths, hoaxes) that are false and have negative public-sphere impact; coded by a bicultural team via fact-check",1923 Weibo posts,full_text_stepb,,
2-s2.0-85088969117,Global,Twitter,6-7 Feb 2020,% of retweets that are false news; share of shares,52.31,204/390,SHARING,,topical,There were more retweets of false-information on Twitter (52.31%) than Weibo reposts (0.09%) coded under this category,390 retweets in the Twitter sample (categorized RT),Share of retweets coded as spreading false news,"False news = tweets/Weibo posts containing false information (rumours, conspiracy ideas, myths, hoaxes) that are false and have negative public-sphere impact; coded by a bicultural team via fact-check",390 retweets,full_text_stepb,"small_content_n (n=390 retweets, borderline)",
2-s2.0-85088969117,China,Sina Weibo,6-7 Feb 2020,% of reposts that are false news; share of shares,0.09,28/31009,SHARING,,topical,more retweets of false-information on Twitter (52.31%) than Weibo reposts (0.09%) coded under this category,"31,009 Weibo reposts",Share of Weibo reposts coded as spreading false news,"False news = tweets/Weibo posts containing false information (rumours, conspiracy ideas, myths, hoaxes) that are false and have negative public-sphere impact; coded by a bicultural team via fact-check","31,009 reposts",full_text_stepb,,
2-s2.0-85091698994,Italy,Twitter,16 Nov - 16 Dec 2019,% of news-link tweets from disinformation sources; % of content items,14.39,"99,569/692,032",CONTENT,,population,We can notice a 6:1 ratio in the volume of shared tweets between mainstream and disinformation ... approximately 15% of the total share of news in Italy,"692,032 news-link tweets (99,569 disinfo + 592,463 mainstream), 16/11-16/12/2019",Tweets linking to disinformation outlets (false news / propaganda / conspiracy) as share of all news-link tweets,"Disinformation = articles from outlets that notably produce and share misleading/harmful information (false news, propaganda, conspiracy theories, hyperpartisan, clickbait, unverified rumours). Italy:","692,032 tweets; 6,732 disinfo URLs; 60+ disinfo sources",full_text_stepb,,
2-s2.0-85091698994,France,Twitter,25 Nov - 25 Dec 2019,% of news-link tweets from disinformation sources; % of content items,10.42,"247,173/2,372,954",CONTENT,,population,(9:1 ratio between mainstream and disinformation) ... approximately ... 10% in France,"2,372,954 news-link tweets (247,173 disinfo + 2,125,781 mainstream), 25/11-25/12/2019",Tweets linking to disinformation outlets (fake-news / untrustworthy sources) as share of all news-link tweets,"Disinformation = articles from outlets that notably produce and share misleading/harmful information (false news, propaganda, conspiracy theories, hyperpartisan, clickbait, unverified rumours). Italy:","2,372,954 tweets; 28,499 disinfo URLs; ~50+ disinfo sources",full_text_stepb,,
2-s2.0-85069463611,Brazil,WhatsApp,16 Aug - 7 Oct 2018,share of distinct messages that are fact-checked fake (content-item N),0.18,69/37674,CONTENT,,population,This process led to the identification of 69 distinct textual messages containing previously checked misinformation. These messages were shared 578 times in our dataset.,"37,674 distinct filtered textual messages (>180 chars) in 364 randomly-selected Brazilian political WhatsApp public groups","Distinct messages matching (cosine>0.4, manually verified) a fact-check-labeled fake fact","Textual WhatsApp messages whose cosine similarity (>0.4, manually verified) matches the summary of a claim previously labeled FAKE by one of six Brazilian fact-checking sites (Aos Fatos, Me Engana Que","37674 distinct messages / 364 groups / 18,725 users",full_text_stepb,,
2-s2.0-85069463611,Brazil,WhatsApp,16 Aug - 7 Oct 2018,share of message-shares (incl. duplicates) that are fact-checked fake,0.96,578/59979,CONTENT,,population,This process led to the identification of 69 distinct textual messages containing previously checked misinformation. These messages were shared 578 times in our dataset.,"59,979 filtered textual messages (>180 chars), including duplicates/reposts, in 364 groups","Message-shares matching a fact-check-labeled fake fact (manually verified, retractions excluded)","Textual WhatsApp messages whose cosine similarity (>0.4, manually verified) matches the summary of a claim previously labeled FAKE by one of six Brazilian fact-checking sites (Aos Fatos, Me Engana Que",59979 message-shares / 364 groups,full_text_stepb,,
2-s2.0-85145881152,Saudi Arabia,WhatsApp,Feb-Apr 2021,% health messages invalid or inaccurate (content-item N),86,280/326,CONTENT,,curated,"Around 280 (86%) of the studied messages were either invalid with or without potential risk (63.2%) or inaccurate (22.4%), and only 14.4% were valid",326 health-related WhatsApp messages contributed by 282 randomly-selected first-year KSU students (messages they/relatives had recently read),Physician-judged invalid (incorrect) or inaccurate (mixed) health messages,"Health WhatsApp messages judged by two of four board-certified physicians (evidence-based review, disagreements consensus-resolved) as INVALID (incorrect, with or without potential health risk) or INA",326 messages / 282 students,full_text_stepb,small_content_n (n=326 msgs); validity-rating measure (borderline QUALITY); topical (health) curated denominator,
2-s2.0-85160248068,United States,Google Search,2018,% of SERPs exposed containing >=1 unreliable domain (2018),2.05,NA,EXPOSURE,algorithmic_exposure,population,"unreliable news was less prevalent in the URLs they were exposed to on Google Search (2.05% in 2018, 0.72% in 2020)","102,114 SERPs shown to participants, 2018","Fraction of exposed search-result pages containing >=1 unreliable news domain, 2018 wave","URLs/domains classified as 'unreliable news' using NewsGuard plus the Grinberg et al. black/red/orange unreliable-domain lists, measured on participants' actual Google Search result pages (SERPs) coll","333 participants / 102,114 SERPs",full_text_stepb,,NewsGuard
2-s2.0-85160248068,United States,Google Search,2020,% of SERPs exposed containing >=1 unreliable domain (2020),0.72,NA,EXPOSURE,algorithmic_exposure,population,"unreliable news was less prevalent in the URLs they were exposed to on Google Search (2.05% in 2018, 0.72% in 2020)","226,035 SERPs shown to participants, 2020","Fraction of exposed search-result pages containing >=1 unreliable news domain, 2020 wave","URLs/domains classified as 'unreliable news' using NewsGuard plus the Grinberg et al. black/red/orange unreliable-domain lists, measured on participants' actual Google Search result pages (SERPs) coll","459 participants / 226,035 SERPs",full_text_stepb,,NewsGuard
2-s2.0-85160248068,United States,Google Search,2018,"% of engaged URLs that are unreliable (clicks/follows), NOT exposure",3.03,NA,OTHER,engagement_diet,population,"overall engagement (3.03% in 2018, 1.86% in 2020)","Google Search engagements (clicks/visits) of participants, 2018","Average proportion of unreliable news among URLs participants engaged with, 2018","URLs/domains classified as 'unreliable news' using NewsGuard plus the Grinberg et al. black/red/orange unreliable-domain lists, measured on participants' actual Google Search result pages (SERPs) coll",333 participants,full_text_stepb,not_exposure (active engagement) per L34,NewsGuard
2-s2.0-85160248068,United States,Google Search,2020,"% of engaged URLs that are unreliable (clicks/follows), NOT exposure",1.86,NA,OTHER,engagement_diet,population,"overall engagement (3.03% in 2018, 1.86% in 2020)","Google Search engagements (clicks/visits) of participants, 2020","Average proportion of unreliable news among URLs participants engaged with, 2020","URLs/domains classified as 'unreliable news' using NewsGuard plus the Grinberg et al. black/red/orange unreliable-domain lists, measured on participants' actual Google Search result pages (SERPs) coll",459 participants,full_text_stepb,not_exposure (active engagement) per L34,NewsGuard
2-s2.0-85160248068,United States,Google Search,2018,% of participants accounting for 90% of unreliable exposures,31.3,NA,CONCENTRATION,NA,population,31.3% of participants accounting for 90% of all unreliable news exposures in 2018 (25.1% in 2020),"All unreliable-news exposures across participants, 2018","Concentration of EXPOSURE: share of participants accounting for 90% of all unreliable-news exposures (lower=more concentrated), 2018","URLs/domains classified as 'unreliable news' using NewsGuard plus the Grinberg et al. black/red/orange unreliable-domain lists, measured on participants' actual Google Search result pages (SERPs) coll",333 participants,full_text_stepb,,NewsGuard
2-s2.0-85160248068,United States,Google Search,2020,% of participants accounting for 90% of unreliable exposures,25.1,NA,CONCENTRATION,NA,population,31.3% of participants accounting for 90% of all unreliable news exposures in 2018 (25.1% in 2020),"All unreliable-news exposures across participants, 2020","Concentration of EXPOSURE: share of participants accounting for 90% of all unreliable-news exposures (lower=more concentrated), 2020","URLs/domains classified as 'unreliable news' using NewsGuard plus the Grinberg et al. black/red/orange unreliable-domain lists, measured on participants' actual Google Search result pages (SERPs) coll",459 participants,full_text_stepb,,NewsGuard
2-s2.0-85164339474,United States,broadcast TV news (all 6 networks),1 Oct 2020 - 30 Sep 2021,% transcripts containing >=1 specific COVID misinfo claim (content-item N),7.56,71/939,CONTENT,NA,population,Total Misinformation Index ... 71 (7.56%),939 coded COVID-19-related broadcast news transcripts (random 20% weekly sample across 6 networks),Share of transcripts containing >=1 of 7 specific widespread COVID-19 misinfo claims,"A transcript is coded as containing misinformation if it includes >=1 of seven specific widespread COVID-19 false claims (masks not protective, vaccine rushed, vaccine for money/power, vaccine ineffec",939 transcripts,full_text_stepb,many claims appear in order to be REFUTED (refutation index 64.8%); inflates index vs uncorrected exposure,
2-s2.0-85164339474,United States,CNN,1 Oct 2020 - 30 Sep 2021,% transcripts containing >=1 specific COVID misinfo claim,11.4,25/220,CONTENT,NA,topical,Total Misinformation Index ... CNN 25 (11.4%),220 coded CNN COVID-19-related transcripts,Share of CNN transcripts containing >=1 specific COVID-19 misinfo claim,"A transcript is coded as containing misinformation if it includes >=1 of seven specific widespread COVID-19 false claims (masks not protective, vaccine rushed, vaccine for money/power, vaccine ineffec",220 transcripts,full_text_stepb,96% of CNN misinfo claims refuted within transcript,
2-s2.0-85164339474,United States,FOX,1 Oct 2020 - 30 Sep 2021,% transcripts containing >=1 specific COVID misinfo claim,10.8,16/148,CONTENT,NA,topical,Total Misinformation Index ... FOX 16 (10.8%),148 coded FOX COVID-19-related transcripts,Share of FOX transcripts containing >=1 specific COVID-19 misinfo claim,"A transcript is coded as containing misinformation if it includes >=1 of seven specific widespread COVID-19 false claims (masks not protective, vaccine rushed, vaccine for money/power, vaccine ineffec",148 transcripts,full_text_stepb,0% of FOX misinfo claims refuted (all uncorrected),
2-s2.0-85164339474,United States,MSNBC,1 Oct 2020 - 30 Sep 2021,% transcripts containing >=1 specific COVID misinfo claim,14.8,22/149,CONTENT,NA,topical,Total Misinformation Index ... MSNBC 22 (14.8%),149 coded MSNBC COVID-19-related transcripts,Share of MSNBC transcripts containing >=1 specific COVID-19 misinfo claim,"A transcript is coded as containing misinformation if it includes >=1 of seven specific widespread COVID-19 false claims (masks not protective, vaccine rushed, vaccine for money/power, vaccine ineffec",149 transcripts,full_text_stepb,77.3% of MSNBC misinfo claims refuted,
2-s2.0-85164339474,United States,ABC,1 Oct 2020 - 30 Sep 2021,% transcripts containing >=1 specific COVID misinfo claim,1.66,2/120,CONTENT,NA,topical,Total Misinformation Index ... ABC 2 (1.66%),120 coded ABC COVID-19-related transcripts,Share of ABC transcripts containing >=1 specific COVID-19 misinfo claim,"A transcript is coded as containing misinformation if it includes >=1 of seven specific widespread COVID-19 false claims (masks not protective, vaccine rushed, vaccine for money/power, vaccine ineffec",120 transcripts,full_text_stepb,,
2-s2.0-85164339474,United States,CBS,1 Oct 2020 - 30 Sep 2021,% transcripts containing >=1 specific COVID misinfo claim,2.29,3/131,CONTENT,NA,topical,Total Misinformation Index ... CBS 3 (2.29%),131 coded CBS COVID-19-related transcripts,Share of CBS transcripts containing >=1 specific COVID-19 misinfo claim,"A transcript is coded as containing misinformation if it includes >=1 of seven specific widespread COVID-19 false claims (masks not protective, vaccine rushed, vaccine for money/power, vaccine ineffec",131 transcripts,full_text_stepb,,
2-s2.0-85164339474,United States,NBC,1 Oct 2020 - 30 Sep 2021,% transcripts containing >=1 specific COVID misinfo claim,1.75,3/171,CONTENT,NA,topical,Total Misinformation Index ... NBC 3 (1.75%),171 coded NBC COVID-19-related transcripts,Share of NBC transcripts containing >=1 specific COVID-19 misinfo claim,"A transcript is coded as containing misinformation if it includes >=1 of seven specific widespread COVID-19 false claims (masks not protective, vaccine rushed, vaccine for money/power, vaccine ineffec",171 transcripts,full_text_stepb,,
2-s2.0-85164694763,multinational,Twitter,,low-credibility share of domains shared by no-vax communities,26,NA,SHARING,NA,topical,26% of the domains shared by no-vax communities came from lists of known low-credibility domains versus only 2.4% of those cited by the other users (P<.001),"Domains/URLs shared by no-vax community users (28 countries, 11 languages)",Proportion of domains shared by no-vax communities that are low-credibility; LC lists in IT/FR/EN only,"URLs/domains appearing on curated lists of 'low-credibility' domains (Bufale, Wikipedia, Media Bias/Fact-Check, Le Monde, dwrean); 1732 domains, only IT/FR/EN/GR.",NA,full_text,community_conditioned (no-vax communities); contrast to 2.4% rest-of-network,
2-s2.0-85164694763,multinational,Twitter,,"low-credibility share of domains cited by rest-of-network (""other users"")",2.4,NA,SHARING,TOPICAL,topical,26% of the domains shared by no-vax communities ... versus only 2.4% of those cited by the other users (P<.001),Domains/URLs shared by non-no-vax (other) users,Proportion of domains shared by other (non-no-vax) users that are low-credibility (comparison baseline),"URLs/domains appearing on curated lists of 'low-credibility' domains (Bufale, Wikipedia, Media Bias/Fact-Check, Le Monde, dwrean); 1732 domains, only IT/FR/EN/GR.",NA,full_text,"near-general for vaccine topic (rest of network, excl. no-vax communities)",
2-s2.0-85168270535,Global,Twitter,Mar 2020 - Mar 2022,share of topic-relevant tweets that are misinformation (RoBERTa-classified content),21.9,9857/44913,CONTENT,,topical,"[Table 2] Misinformation 9857; Not-misinformation 35,056 ... Overall, there are substantially more not-misinformation tweets than misinformation tweets","44,913 topic-relevant classified tweets (misinformation + not-misinformation, excluding 36,949 irrelevant)",Earthquake-prediction misinformation tweets as a share of topic-relevant earthquake-prediction tweets (machine-classified),"Tweets claiming ability to predict a future earthquake (location/time/magnitude), false per state-of-the-art seismology (earthquakes cannot be predicted); author-coded by two seismology social scienti",44913 tweets,full_text_stepb,,
2-s2.0-85168270535,Global,Twitter,Mar 2020 - Mar 2022,share of all classified tweets that are misinformation (incl. irrelevant),12.0,9857/81862,CONTENT,,topical,"In total, 82,129 tweets were considered for the analysis and classified into three categories... 39,266 were found to be irrelevant... [Table 2: Misinformation 9857; Total 81,862]","81,862 classified tweets (full RoBERTa corpus, incl. 36,949 irrelevant)",Earthquake-prediction misinformation as a share of the full keyword corpus including topically-irrelevant tweets (dilutes the rate),"Tweets claiming ability to predict a future earthquake (location/time/magnitude), false per state-of-the-art seismology (earthquakes cannot be predicted); author-coded by two seismology social scienti",81862 tweets,full_text_stepb,,
2-s2.0-85168270535,Global,Twitter,Mar 2020 - Mar 2022,share of hand-labeled tweets that are misinformation,19.5,698/3584,CONTENT,,topical,"Misinformation 698 19.5 [% Tweets] ... Not-misinformation 1328 37.1 ... Irrelevant 1558 43.4 [Table 1, manually labeled subset]","3,584 manually hand-labeled tweets (two seismology coders, kappa 0.995)",Earthquake-prediction misinformation share in the human gold-standard subset (incl. irrelevant),"Tweets claiming ability to predict a future earthquake (location/time/magnitude), false per state-of-the-art seismology (earthquakes cannot be predicted); author-coded by two seismology social scienti",3584 tweets,full_text_stepb,small_content_n_no,
2-s2.0-85172813494,Spain,Survey (self-report),narrative window 14 Feb-7 Mar 2022; survey Mar 2022,"recall-exposure: % respondents who had heard the narrative (self-reported reach, per narrative)",29,,RECALL,self-report,population,"Just one of the narratives shows limited reach (N1-Covid&WHO), being heard by 29% of respondents.",1003 survey respondents (Spanish residents 18-74),N1 Covid&WHO disinfo narrative: self-reported % who had heard it (lowest-reach narrative),Disinformation narratives = clusters of fact-check-identified false/misleading content sharing a common idea/story; 6 national narratives identified from Newtral/Maldita/Verificat fact-checks over 3 w,1003 respondents,full_text_stepb,per_narrative_not_pooled,
2-s2.0-85172813494,Spain,Survey (self-report),narrative window 14 Feb-7 Mar 2022; survey Mar 2022,recall-exposure: % respondents who had heard the narrative,60,,RECALL,self-report,population,"Other two narratives (N3-MENAS and N5-CovidVaccines), related to immigration and covid-related disinformation, were spread among 60%.",1003 survey respondents,N3 MENAS (immigration) disinfo narrative: self-reported % who had heard it,Disinformation narratives = clusters of fact-check-identified false/misleading content sharing a common idea/story; 6 national narratives identified from Newtral/Maldita/Verificat fact-checks over 3 w,1003 respondents,full_text_stepb,per_narrative_not_pooled,
2-s2.0-85172813494,Spain,Survey (self-report),narrative window 14 Feb-7 Mar 2022; survey Mar 2022,recall-exposure: % respondents who had heard the narrative,60,,RECALL,self-report,population,N3-MENAS and N5-CovidVaccines ... were spread among 60%.,1003 survey respondents,N5 CovidVaccines disinfo narrative: self-reported % who had heard it,Disinformation narratives = clusters of fact-check-identified false/misleading content sharing a common idea/story; 6 national narratives identified from Newtral/Maldita/Verificat fact-checks over 3 w,1003 respondents,full_text_stepb,per_narrative_not_pooled,
2-s2.0-85172813494,Spain,Survey (self-report),narrative window 14 Feb-7 Mar 2022; survey Mar 2022,recall-exposure: % respondents who had heard the narrative,73,,RECALL,self-report,population,"all other narratives show levels of reach between 60-70%, being just N6 close to 73%",1003 survey respondents,"N6 Spanish-in-CAT disinfo narrative: self-reported % who had heard it (highest, ~73%)",Disinformation narratives = clusters of fact-check-identified false/misleading content sharing a common idea/story; 6 national narratives identified from Newtral/Maldita/Verificat fact-checks over 3 w,1003 respondents,full_text_stepb,per_narrative_not_pooled,
2-s2.0-85172813494,Spain,Survey (self-report),narrative window 14 Feb-7 Mar 2022; survey Mar 2022,recall-exposure: % respondents who had heard the narrative,,>70%,RECALL,self-report,population,"there were three other narratives that overpass 70% reach. These were N2 (Russia&NATO), N4 (Labor law) and N6 (Spanish in CAT)",1003 survey respondents,N2 Russia&NATO disinfo narrative: self-reported reach overpassing 70% of respondents,Disinformation narratives = clusters of fact-check-identified false/misleading content sharing a common idea/story; 6 national narratives identified from Newtral/Maldita/Verificat fact-checks over 3 w,1003 respondents,full_text_stepb,per_narrative_not_pooled,
2-s2.0-85173224200,Spain,Twitter,Nov 2020-Nov 2021,% of a single actor's (Abascal) most-retweeted tweets containing any mis/disinfo category,77,77/100,SHARING,,single_source,"En el caso espanol, donde fueron identificados 77 tuits que tenian alguna categoria de mis o disinformation [out of 100 tweets analysed]","100 most-retweeted original tweets by Santiago Abascal (VOX leader, Spain)",Share of Abascal's 100 most-retweeted tweets containing >=1 Wardle mis/disinfo type,Tweets coded into Wardle & Derakhshan (2017) seven mis/disinformation types (misleading/manipulated/fabricated/false-context/false-connection/imposter/satire); author-coded by two researchers with cro,100 tweets (1 actor),full_text_stepb,single_source_sample;small_content_n,
2-s2.0-85173224200,Brazil,Twitter,Nov 2020-Nov 2021,% of a single actor's (Bolsonaro) most-retweeted tweets containing any mis/disinfo category,45,45/100,SHARING,,single_source,"los 45 tuits con alguna categoria de mis o disinformation [out of 100 Bolsonaro tweets, of which 99 analysed]",99-100 most-retweeted original tweets by Jair Bolsonaro (Brazil president),Share of Bolsonaro's most-retweeted tweets containing >=1 Wardle mis/disinfo type,Tweets coded into Wardle & Derakhshan (2017) seven mis/disinformation types (misleading/manipulated/fabricated/false-context/false-connection/imposter/satire); author-coded by two researchers with cro,100 tweets (1 actor),full_text_stepb,single_source_sample;small_content_n,
2-s2.0-85174615177,USA,TikTok,Apr-May 2023,% of videos containing misinformation (content-N=723 videos),5.4,39/723,CONTENT,,topical,"Among the total 723 videos, 5.4% (n = 39) contained misinformation",723 popular ophthalmology TikTok videos (top-20 most-liked across 37 ophthalmology hashtags),% of popular ophthalmology TikTok videos containing misinformation (author-coded against ophthalmology guidelines),"Any ophthalmic-related assertion rooted in anecdotal evidence, falsehood, or deception due to the absence of established scientific understanding; videos fact-checked against accepted ophthalmology gu",723,full_text_stepb,topical_multisource_sample,
2-s2.0-85182846541,Global,Twitter,4-25 March 2021,% of tweets referencing low-credibility domains (content-N=36.5M tweets),0.28,"100,708 / 36.5M",CONTENT,,topical,"We identified 100,708 COVID-19-related tweets which referenced low-credibility domains (0.28% of all COVID-19-related tweets, and 1.9% of those containing URLs)","36.5M COVID-19-related tweets (1% Twitter API keyword stream, 4-25 March 2021)",% of COVID-19-related tweets referencing an Iffy+ low-credibility domain,"Low-credibility = URL domains on the Iffy+ Misinfo/Disinfo List (812 domains, March 2021) that regularly publish mis/disinformation, collated from independent fact-checkers (MBFC, FactCheck.org, Polit",36500000,full_text_stepb,,
2-s2.0-85182846541,Global,Twitter,4-25 March 2021,"% of AstraZeneca-topic tweets referencing low-credibility domains (content-N=336,483 tweets)",0.72,"2,419 / 336,483",CONTENT,,topical,"2,419 AZ-related tweets which referenced low-credibility domains (0.72% of all AZ-related tweets, and 2.9% of those containing URLs)","336,483 AstraZeneca-related COVID tweets, 4-25 March 2021",% of AstraZeneca-related tweets referencing an Iffy+ low-credibility domain,"Low-credibility = URL domains on the Iffy+ Misinfo/Disinfo List (812 domains, March 2021) that regularly publish mis/disinformation, collated from independent fact-checkers (MBFC, FactCheck.org, Polit",336483,full_text_stepb,,
2-s2.0-85187117251,Global,Twitter,15-29 Jan 2023,% of tweets from low-credibility domains (content-N=~2.1M COVID tweets),3.77,,CONTENT,,topical,low-credibility domains present in 3.77% of tweets on COVID-19 and 1.69% of tweets on climate change,"~2.1M original COVID-19 tweets (English keyword search, 15-29 Jan 2023)",% of COVID-19 tweets containing a low-credibility (score<=0.4) URL domain,"Low-credibility = tweets sharing URLs from domains with an aggregate credibility score <=0.4 (Lin/Lasser/Pennycook PCA scores over major rating sets, incl. NewsGuard); high-credibility >=0.6. Used as ",2100000,full_text_stepb,,
2-s2.0-85187117251,Global,Twitter,15-29 Jan 2023,% of tweets from low-credibility domains (content-N=~600k climate tweets),1.69,,CONTENT,,topical,low-credibility domains present in 3.77% of tweets on COVID-19 and 1.69% of tweets on climate change,"~600k original climate-change tweets (English keyword search, 15-29 Jan 2023)",% of climate-change tweets containing a low-credibility (score<=0.4) URL domain,"Low-credibility = tweets sharing URLs from domains with an aggregate credibility score <=0.4 (Lin/Lasser/Pennycook PCA scores over major rating sets, incl. NewsGuard); high-credibility >=0.6. Used as ",600000,full_text_stepb,,
2-s2.0-85188806397,United States,Twitter,27 Oct-3 Nov 2020,"% of NewsGuard-classified news URLs that are untrustworthy, swing-state tweets (URL-N)",26.06,,CONTENT,,curated,"When looking at links pointing to untrustworthy news sites (N), the concentration for swing states - 26.06%. - is higher than for safe states - 22.25%","NewsGuard-classified (trustworthy T + untrustworthy N) news URLs in swing-state tweets, validated dataset",% of classified news-source URLs (T+N) tagged untrustworthy among swing-state election tweets,"Untrustworthy (N) = news domain rated non-trustworthy by NewsGuard (publisher/source-level: regularly publishes false news, no fact/opinion separation, no corrections, etc.). Satire (S), platforms (P)",299210,full_text_stepb,curated_news_url_denominator,NewsGuard
2-s2.0-85188806397,United States,Twitter,27 Oct-3 Nov 2020,"% of NewsGuard-classified news URLs that are untrustworthy, safe-state tweets (URL-N)",22.25,,CONTENT,,curated,for safe states - 22.25%. The concentration of trustworthy links (T) is higher for safe states - 50.66% vs 28.30% for swing states,"NewsGuard-classified (trustworthy T + untrustworthy N) news URLs in safe-state tweets, validated dataset",% of classified news-source URLs (T+N) tagged untrustworthy among safe-state election tweets,"Untrustworthy (N) = news domain rated non-trustworthy by NewsGuard (publisher/source-level: regularly publishes false news, no fact/opinion separation, no corrections, etc.). Satire (S), platforms (P)",34586,full_text_stepb,curated_news_url_denominator,NewsGuard
2-s2.0-85192635397,France,Twitter,Jan 2019-Nov 2021,% of news-outlet tweets from questionable sources (content-N=7.08M tweets),13.16,"932,105 / 7,083,659",CONTENT,,population,"France 7,083,659 ... Reliable 6,151,554 ... Questionable tweets 932,105","all tweets from NewsGuard-rated French news outlets (reliable+questionable), 2019-2021",% of French news-outlet tweets posted by questionable (trust<60) outlets,Questionable source = news outlet with NewsGuard trust score <60 (vs Reliable >=60). Outlet/publisher-level. Tweets are the timelines of NewsGuard-rated news outlets based in each country (2019-2021).,7083659,full_text_stepb,outlet_timeline_denominator,NewsGuard
2-s2.0-85192635397,Germany,Twitter,Jan 2019-Nov 2021,% of news-outlet tweets from questionable sources (content-N=4.90M tweets),4.38,"214,993 / 4,904,179",CONTENT,,population,"Germany 4,904,179 ... Reliable 4,689,186 ... Questionable tweets 214,993","all tweets from NewsGuard-rated German news outlets (reliable+questionable), 2019-2021",% of German news-outlet tweets posted by questionable (trust<60) outlets,Questionable source = news outlet with NewsGuard trust score <60 (vs Reliable >=60). Outlet/publisher-level. Tweets are the timelines of NewsGuard-rated news outlets based in each country (2019-2021).,4904179,full_text_stepb,outlet_timeline_denominator,NewsGuard
2-s2.0-85192635397,Italy,Twitter,Jan 2019-Nov 2021,% of news-outlet tweets from questionable sources (content-N=4.94M tweets),8.26,"407,801 / 4,936,407",CONTENT,,population,"Italy 4,936,407 ... Reliable 4,528,606 ... Questionable tweets 407,801","all tweets from NewsGuard-rated Italian news outlets (reliable+questionable), 2019-2021",% of Italian news-outlet tweets posted by questionable (trust<60) outlets,Questionable source = news outlet with NewsGuard trust score <60 (vs Reliable >=60). Outlet/publisher-level. Tweets are the timelines of NewsGuard-rated news outlets based in each country (2019-2021).,4936407,full_text_stepb,outlet_timeline_denominator,NewsGuard
2-s2.0-85192635397,UK,Twitter,Jan 2019-Nov 2021,% of news-outlet tweets from questionable sources (content-N=8.20M tweets),5.06,"415,113 / 8,201,352",CONTENT,,population,"UK 8,201,352 ... Reliable 7,786,239 ... Questionable tweets 415,113","all tweets from NewsGuard-rated UK news outlets (reliable+questionable), 2019-2021",% of UK news-outlet tweets posted by questionable (trust<60) outlets,Questionable source = news outlet with NewsGuard trust score <60 (vs Reliable >=60). Outlet/publisher-level. Tweets are the timelines of NewsGuard-rated news outlets based in each country (2019-2021).,8201352,full_text_stepb,outlet_timeline_denominator,NewsGuard
2-s2.0-85192635397,Multi (FR/DE/IT/UK),Twitter,Jan 2019-Nov 2021,"% of news-outlet tweets from questionable sources, pooled (content-N=25.1M tweets)",7.84,"1,970,012 / 25,125,597",CONTENT,,population,"Total 25,125,597 ... Reliable tweets 23,155,585 ... Questionable tweets 1,970,012","all tweets from NewsGuard-rated outlets across 4 countries (reliable+questionable), 2019-2021","% of news-outlet tweets posted by questionable (trust<60) outlets, 4-country pool",Questionable source = news outlet with NewsGuard trust score <60 (vs Reliable >=60). Outlet/publisher-level. Tweets are the timelines of NewsGuard-rated news outlets based in each country (2019-2021).,25125597,full_text_stepb,outlet_timeline_denominator,NewsGuard
2-s2.0-85195353413,United States,Twitter,December 2020,"concentration of SHARING: top 0.23% deplatformed users' share of all misinfo URLs (content-N at panel scale; n=550,000 users)",24.13,1361 deplatformed users (0.23% of panel) = 24.13% of misinfo URLs shared,CONCENTRATION,,population,These deplatformed users accounted for 4.35% of all URL sharing and 24.13% of all misinformation URLs shared among our sample during December 2020,all misinformation URLs shared in panel (December 2020),"1,361 deplatformed users (top 0.23% of panel by deplatforming) account for 24.13% of all misinformation URLs shared","Tweets/retweets containing a URL from a domain on published lists of misinformation/disinformation (fake-news/unreliable-source domains); measures source unreliability, not truth-value of contents; do","550,000 panel users; 1,361 deplatformed",full_text_stepb,,
2-s2.0-85195353413,United States,Twitter,2 Sep 2020 - 29 Jan 2021,"share of users who shared >=1 misinfo URL (observed SHARING; n=550,000 users)",7.46,"44,743 of ~550,000 users",SHARING,,population,"A total of 44,743 users (7.46% of the full panel) were misinformation sharers (users who shared at least one misinformation URL during the 2020 election cycle)",full voter-file-matched active Twitter panel (2020 election cycle),Users sharing >=1 misinformation URL during the 2020 election cycle,"Tweets/retweets containing a URL from a domain on published lists of misinformation/disinformation (fake-news/unreliable-source domains); measures source unreliability, not truth-value of contents; do","550,000 panel users",full_text_stepb,,
2-s2.0-85209206311,United States,Edge browser (web),Aug-Sep 2021,"EXPOSURE diet-share: median low-quality-news visits per 1,000,000 total county browser requests, news-desert counties (no local paper)",0.0721,"median 721 low-quality visits per 1,000,000 total requests",EXPOSURE,low_quality_news,population,news deserts appear to view less low-quality information per million requests (median=721) than locations with two or more local papers (median=1461),all browser requests in the county (per million); counties with no local newspaper,"Median low-quality-domain visits as a share of all browser requests, news-desert counties; 721/1e6 = 0.0721%",Visits to 'low-quality' news domains = sites rated poor information sources by >=2 of four lists (3 academic researcher lists + Media Bias/Fact Check); >1300 domains. Site-level quality rating applied,millions of US Edge users (~10% of US desktop browsing); county-day aggregated,full_text_rev2,aggregated_county_level; desktop_browser_skews_older; subgroup_by_news_desert_status; kept_caveat; news-desert subgroup (low end; representative ~0.13-0.15%),
2-s2.0-85209206311,United States,Edge browser (web),Aug-Sep 2021,"EXPOSURE diet-share: median low-quality-news visits per 1,000,000 total requests, single-local-paper counties",0.1302,"median 1302 per 1,000,000 requests",EXPOSURE,low_quality_news,population,the amount of low-quality information viewed in locations with a single paper and locations with multiple papers are similar (median=1302 vs. median=1461),all browser requests in the county (per million); single-local-paper counties,"Median low-quality-domain visits as a share of all requests, single-paper counties; 1302/1e6 = 0.1302%",Visits to 'low-quality' news domains = sites rated poor information sources by >=2 of four lists (3 academic researcher lists + Media Bias/Fact Check); >1300 domains. Site-level quality rating applied,millions of US Edge users; county-day aggregated,full_text_rev2,aggregated_county_level; desktop_browser_skews_older; subgroup_by_news_desert_status; kept_caveat,
2-s2.0-85209206311,United States,Edge browser (web),Aug-Sep 2021,"EXPOSURE diet-share: median low-quality-news visits per 1,000,000 total requests, multi-local-paper counties (>=2 papers)",0.1461,"median 1461 per 1,000,000 requests",EXPOSURE,low_quality_news,population,locations with two or more local papers (median=1461),all browser requests in the county (per million); counties with two or more local papers,"Median low-quality-domain visits as a share of all requests, multi-paper counties; 1461/1e6 = 0.1461%",Visits to 'low-quality' news domains = sites rated poor information sources by >=2 of four lists (3 academic researcher lists + Media Bias/Fact Check); >1300 domains. Site-level quality rating applied,millions of US Edge users; county-day aggregated,full_text_rev2,aggregated_county_level; desktop_browser_skews_older; subgroup_by_news_desert_status; kept_caveat,
2-s2.0-85209547248,United States,Web browsing (cross-device),24 Aug - 7 Dec 2020 (~3.5 months),"REACH: % of US adults exposed to >=1 misinformation website (n=1,238 participants; ~21M visits)",39.1,39.1% (95% CI 35.0-43.1),REACH,misinformation_websites,population,"based on our data, 39.1% (95% CI = 35.0-43.1%) of American adults were exposed to a misinformation website during the same time period","nationally representative sample of 1,238 US adults","Share of US adults visiting >=1 of 1,796 misinformation websites during the 2020 election period","Visits to 'misinformation websites' = sites NewsGuard labels as repeatedly publishing false content PLUS academic-list known false-news purveyors (1,796 sites). QAnon websites = 324 sites curated by H","1,238 participants; ~21M website visits",full_text_stepb,"reach (% who encountered >=1, not diet-share)",
2-s2.0-85209547248,United States,Web browsing (cross-device),24 Aug - 7 Dec 2020,"EXPOSURE diet-share: median % of news diet that is QAnon websites among the exposed (n=48 exposed of 1,238)",0.16,0.16% (95% quantile CI .005-2.8),EXPOSURE,qanon_websites,population,"For the median exposed person, only 0.16% of their news diet consisted of QAnon websites (95% quantile CI = .005, 2.8%)",news diet of the median QAnon-exposed participant,"Median share of personal news diet that is QAnon websites, among those exposed to >=1 QAnon site","Visits to 'misinformation websites' = sites NewsGuard labels as repeatedly publishing false content PLUS academic-list known false-news purveyors (1,796 sites). QAnon websites = 324 sites curated by H","1,238 participants (48 QAnon-exposed)",full_text_stepb,conditional_on_exposed (median among exposed only),
2-s2.0-85217829893,Chile,WhatsApp,8 Mar - 8 May 2023,CONTENT: share of UNIQUE viral political messages coded as disinformation (content-N=342 unique deduplicated messages),23,78 of 342 unique political messages,CONTENT,,curated,"luego desinformación (N=78, 23%) ... Tipos de Contenido Político (N=342)","342 unique (deduplicated, >4-repetition) viral political WhatsApp messages","Lax disinformation share among deduplicated viral political messages (conspiracy/false/unverifiable, excl. opinion)","Lax 'desinformación': conspiracy theories, verifiably false content, and unverifiable/speculative claims (excludes opinion). Coded by 4 trained RAs (Krippendorff alpha=0.69 for content type); a subset",342 unique political messages / 214 groups / 3874 users,full_text_rev2,topical_curated (political/electoral); convenience_sample (non-representative public groups); small_content_n (342); single_country_constitutional_campaign,
2-s2.0-85093940530,China,Weibo,2018,share of GMO posts coded as misinformation (content items; excl. unknown),33.4,161 of 482 coded posts,CONTENT,,curated,"The content coding identified 137 posts with verifiably true information and 161 posts with verifiable misinformation about GMOs, with 184 posts as unknown.","482 top-reposted GMO posts (top 500 of 68,237 keyword-matched, minus 18 off-topic)","Post with verifiably false/incorrect/misleading statement(s) about GMOs (intent-agnostic), fact-check + expert verified","Misinformation = a post containing verifiably false, incorrect, or misleading statement(s) about GMOs, regardless of intent (fake news, satire, rumor, manipulated/fabricated content). Verified against","482 posts (of 68,237 keyword-matched)",full_text_stepb,topical_curated,
2-s2.0-85094820438,Canada/USA,Google search,1 April 2020,% of returned webpages portraying immune boosting as beneficial for COVID-19 (human-coded content items),85.5,194 of 227,CONTENT,content,topical,"Over 85% of webpages portrayed the concept of immune boosting as beneficial, with less than 10% of the webpages critiquing the concept of immune boosting and its lack of evidence.","227 unique English-language webpages returned by Google searches 'boost immunity' AND 'coronavirus' (Canada + USA regions, 1 Apr 2020), after excluding 35 irrelevant/paywalled/broken URLs",Webpage states immune boosting is beneficial for preventing COVID-19 (author-defined misleading/scientifically inaccurate claim),Webpage portrays 'immune boosting' as beneficial for preventing/avoiding COVID-19 - a claim the authors define as misleading and scientifically inaccurate (no evidence any product/practice besides a v,227 webpages,full_text_reexam,"small_content_n (227); topical/keyword sample (neutral frame, full census of returned results); single_platform (Google); stepb_reexam (conf 0.82)",
2-s2.0-85097940672,Singapore,Telegram,19 January - 8 March 2020,"% of group messages that are fact-checked misinformation (content items; n=37,285 messages)",0.2,84 of 37285,CONTENT,,single_source,"These pieces of misinformation are contained in 84 messages, representing 0.2% of all messages.","37,285 non-system Telegram messages (of 48,050 collected) in the SG Fight COVID-19 group, first 6 weeks, 10,765 users",Messages discussing one of 27 authority/fact-checker-identified COVID-19 misinformation claims (13 of 27 appeared in the group),"Messages discussing one of 27 COVID-19 misinformation claims identified/corrected by Singapore authorities (gov.sg/factually, MOH) and the fact-checker Black Dot Research. Fact-check-list-anchored; ma",37285,full_text_stepb,"single_source_sample (one Telegram group, not representative of population)",
2-s2.0-85100218180,United States,Twitter,16 Jan - 15 Apr 2020,"LQMS share of all URL links shared in COVID-19 tweets (links; 67.6M tweets/RTs/quotes, 7.28M with URLs)",2.7,LQMS = 2.7% of all shared links,CONTENT,TOPICAL,topical,"links to TNS comprise over 20% of links in our dataset, while LQMS represent 2.7% and HQHS account for 1.8%","all URL links shared in COVID-19-hashtag tweets/retweets/quotes (the ~7,275,642 URL-bearing items of 67,602,036 total)","Share of all shared URL links from low-quality misinformation domains (1,249-domain 'fake' blacklist)","Links to 'low-quality/misinformation sources' (LQMS): domains on a 1,249-entry blacklist aggregated from NewsGuard's COVID misinformation list plus scholarly/fact-checker 'fake' lists (Zimdars, MBFC, ","67,602,036 tweets/RTs/quotes (7,275,642 with URLs); 1,249 LQMS domains",full_text_reexam,"domain_level_blacklist (prevalence varies markedly by list chosen, per paper's robustness check); hashtag-collected COVID sample (topical)",
2-s2.0-85102849802,Spain,Facebook (ads),2019 (28 April + 10 November campaigns),"% of campaign ads containing disinformation (content items; n=14,684 ads)",1.99,292 / 14684,CONTENT,,population,"nor as examples of disinformation per se (292 ads, 1.99% of the total) ... Contains disinformation 292 1.99%","all 14,684 Facebook ads posted by the 5 major Spanish parties in the two 2019 general-election campaigns",Ad content is misleading or directly false (disinformation); manual content analysis,Ad 'contains disinformation' = ad content is misleading or directly false (deliberately false/misleading information to manipulate or discredit an opponent). Manual content analysis of visually-identi,14684,full_text_stepb,topical (political party ad corpus),
2-s2.0-85105454127,United States,Twitter,tweets through mid-Jan 2019 (~70% post-2016 election),"SHARING/CONTENT: % of tweeted national-news links (fake or real) that come from fake-news-source domains (content-N=85,344 news links)",4,"3,269 of 85,344 news links",SHARING,,population,"Of the tweeted news links, 3,269 (≈ 4%) come from websites with a history of publishing fake news","all 85,344 national-news links (fake or real) tweeted/retweeted by the panel (= ~3% of 2.7M total tweets)","Share of shared national-news URLs from publisher domains on a fake-news blacklist (publisher-level, not story-verified)","Links to domains on a 608-source 'fake news' blacklist (sources with a registered history of publishing debunked/fabricated stories that mimic news); publisher/domain-level, not story-level verificati","85,344 news links / 2,337 participants",full_text_rev2,"domain_level_blacklist; denominator = news-links only (news = ~3% of all tweets), NOT whole diet or population",
2-s2.0-85105454127,United States,Twitter,tweets through mid-Jan 2019 (~70% post-2016 election); reach window,"REACH: % of panel participants who shared >=1 fake-news-source link in the observation window (user-N=2,337)",11,"11% of 2,337 panelists",REACH,,population,11% of them are responsible for sharing all fake news sources,"all 2,337 panel participants (YouGov U.S. Twitter panel)","Proportion of panelists who shared at least one fake-news-source link over the window (observed behaviour, not self-report)","Links to domains on a 608-source 'fake news' blacklist (sources with a registered history of publishing debunked/fabricated stories that mimic news); publisher/domain-level, not story-level verificati","2,337 participants",full_text_rev2,domain_level_blacklist; REACH (% who shared >=1 in period); reach_requires_time_window,YouGov-Pulse
2-s2.0-85105454127,United States,Twitter,tweets through mid-Jan 2019,CONCENTRATION of SHARING: share of all shared fake-news-publisher links attributable to the top 1% of panelists (user-level),75,top 1% -> ~75% of fake-news links,CONCENTRATION,,population,1% of the panelists are responsible for sharing about 75% of all links to fake news publishers,"all fake-news-publisher links shared by the panel (N=3,269)",Top 1% of panelists account for ~75% of all fake-news-publisher links shared (user-level concentration of sharing; cf. top 1% real-news supersharers ~30%),"Links to domains on a 608-source 'fake news' blacklist (sources with a registered history of publishing debunked/fabricated stories that mimic news); publisher/domain-level, not story-level verificati","2,337 participants / 3,269 fake-news links",full_text_rev2,"concentration_of_sharing (audience/user-level, top 1% = 75%)",
2-s2.0-85105511315,Global,Twitter,1 Jan - 31 Oct 2020,% of credibility-rated content links that are low-credibility (mean ratio; n=content links),32,,CONTENT,,population,Twitter exhibits a higher ratio of low-credibility information than Facebook (32% vs. 21% on average),low- plus high-credibility content links (tweets+retweets); not whole diet,Mean share of low-credibility links among credibility-rated (low+high) links,Links to low-credibility domains: sources rated 'Very Low'/'Low' factual reporting plus 'Questionable'/'Conspiracy-Pseudoscience' by Media Bias/Fact Check (674-domain list); source-level (not article-,"899,035 low-cred + 2,918,459 high-cred Twitter tweets/retweets",full_text_stepb,"denominator=rated-links-only (low+high), not whole diet; source-level labels",
2-s2.0-85105511315,Global,Facebook,1 Jan - 31 Oct 2020,% of credibility-rated content links that are low-credibility (mean ratio; n=content links),21,,CONTENT,,population,Twitter exhibits a higher ratio of low-credibility information than Facebook (32% vs. 21% on average),low- plus high-credibility content links (posts+reshares); not whole diet,Mean share of low-credibility links among credibility-rated (low+high) links,Links to low-credibility domains: sources rated 'Very Low'/'Low' factual reporting plus 'Questionable'/'Conspiracy-Pseudoscience' by Media Bias/Fact Check (674-domain list); source-level (not article-,"20,765,154 low-cred + 99,610,607 high-cred Facebook posts/reshares",full_text_stepb,"denominator=rated-links-only (low+high), not whole diet; source-level labels; FB biased toward popular pages",
2-s2.0-85105511315,Global,Twitter,1 Jan - 31 Oct 2020,concentration of SHARING: verified-account share of low-cred retweets (n=accounts),40,,CONCENTRATION,,curated,verified accounts yield almost 40% of low-credibility retweets on Twitter and almost 70% of reshares on Facebook,low-credibility retweets on Twitter,Share of low-credibility retweets coming from verified accounts (1.9% of root accounts),Links to low-credibility domains: sources rated 'Very Low'/'Low' factual reporting plus 'Questionable'/'Conspiracy-Pseudoscience' by Media Bias/Fact Check (674-domain list); source-level (not article-,1.9% of root accounts are verified,full_text_stepb,"concentration of who SPREADS (verified accounts), per L37; not audience-exposure concentration",
2-s2.0-85105511315,Global,Facebook,1 Jan - 31 Oct 2020,concentration of SHARING: verified-account share of low-cred reshares (n=accounts),70,,CONCENTRATION,,curated,verified accounts yield almost 40% of low-credibility retweets on Twitter and almost 70% of reshares on Facebook,low-credibility reshares on Facebook,Share of low-credibility reshares coming from verified accounts (4.5% of root accounts),Links to low-credibility domains: sources rated 'Very Low'/'Low' factual reporting plus 'Questionable'/'Conspiracy-Pseudoscience' by Media Bias/Fact Check (674-domain list); source-level (not article-,4.5% of root accounts are verified,full_text_stepb,"concentration of who SPREADS (verified accounts), per L37; not audience-exposure concentration",
2-s2.0-85108273495,United States,TikTok,12 Jun 2016 - 30 Jun 2020,"% of all #prostatecancer videos with a significant amount of misinformation; CONTENT, topical-keyword hashtag census (content-N = 55 videos)",12.7,7/55,CONTENT,,population,"Among 17 videos (totaling 95285 views) with objective information, 7 (41%, 3795 views) had a significant amount of misinformation","all 55 analysed #prostatecancer TikTok videos (full hashtag census: 65 retrieved minus 7 private + 3 non-English). Of these, only 17 carried 'objective information'; the 7 misinfo videos are a subset of those 17 (41% of 17). 12.7% expresses the 7 over the full 55-video census.",Share of #prostatecancer videos containing a significant amount of misinformation. NB the paper's own headline metric is 41% = 7/17 informational videos; the 38 non-informational awareness/tribute videos make no factual claims (coded as no significant misinfo). 7/55=12.7% is the broadest-denominator reading.,"Presence of a significant amount of misinformation in a video, expert-rated on a published 5-point Likert scale by two coders with prostate-cancer (PCa) clinical expertise (e.g. promoting routine PSA ",55 videos analysed (17 informational; 53 unique publishers),full_text_rev2,"very_small_content_n (55; only 17 informational); topical_keyword_census (#prostatecancer, passes L24 neutrality); single_platform; value-fidelity caution: paper reports 41% of informational videos (7/17) not 12.7% of all videos -- source_quote is the 41% figure; broadest-denominator pick over the 41% sub-denominator (L15); kept_caveat",
2-s2.0-85108996494,Brazil,Facebook/Twitter/Pinterest/Reddit (BuzzSumo),22 May 2018 - 21 May 2019,% of most-engaged vaccine links rated false/fake-news (n=links),5.7,5/87,CONTENT,,topical,"Estas ultimas representam 3,4% e 5,7% da amostra, respectivamente. ... informacoes falsas seriam os conteudos enganosos, tais como as fake news","87 most-engaged Portuguese 'vacina'-keyword links (BuzzSumo, 22 May 2018-21 May 2019)",Share of analysed links rated false/deceptive (fake news),Author-coded 'caráter da informação' using adapted Ibero-American science-journalism content-analysis protocol. Falsas (false) = deceptive content such as fake news (e.g. 'virgin teen got pregnant fro,87 links,full_text_stepb,"very_small_content_n (87); topical (keyword 'vacina' + most-engagement), multi-source",
2-s2.0-85108996494,Brazil,Facebook/Twitter/Pinterest/Reddit (BuzzSumo),22 May 2018 - 21 May 2019,% of most-engaged vaccine links rated distorted (n=links),3.4,3/87,CONTENT,,topical,"Estas ultimas representam 3,4% e 5,7% da amostra ... informacoes distorcidas como aquelas que trazem informacoes corretas, mas fora de contexto ou com manchetes que induzem a uma interpretacao equivocada","87 most-engaged Portuguese 'vacina'-keyword links (BuzzSumo, 22 May 2018-21 May 2019)",Share of analysed links rated distorted (out of context / misleading headlines),Author-coded 'caráter da informação' using adapted Ibero-American science-journalism content-analysis protocol. Falsas (false) = deceptive content such as fake news (e.g. 'virgin teen got pregnant fro,87 links,full_text_stepb,"very_small_content_n (87); topical (keyword 'vacina' + most-engagement), multi-source",
2-s2.0-85111545521,United States,Web (desktop browsing),"90-day window, c. 28 Dec 2017 - 30 Apr 2018",% of respondents who visited >=1 untrustworthy site in 90 days (n=respondents),39.2,,REACH,untrustworthy news sites,population,visits to these untrustworthy websites were very rare; 60.8% of respondents visited zero sites and 95.6% visited four or less. The mean number of visits across respondents was 1.19,671 US adult Facebook-recruited social-media users with 90-day browsing histories,Share of respondents who visited at least one of 668 untrustworthy sites (Allcott 2019) during the 90-day window (=100%-60.8% visited zero),Untrustworthy ('fake news') sites = list of 668 sites compiled by Allcott et al. (2019) from five prior researcher/journalist/fact-checker lists; sites not driven by journalistic accuracy norms that p,671 participants,full_text_stepb,"reach (% who encountered >=1, not diet-share); non-probability Facebook convenience sample",
2-s2.0-85111545521,United States,Web (desktop browsing),"90-day window, c. 28 Dec 2017 - 30 Apr 2018",mean number of visits to untrustworthy sites per respondent over 90 days (n=respondents),,1.19,EXPOSURE,untrustworthy news sites,population,The mean number of visits across respondents was 1.19 (SD = 3.60) and the range was from 0 to 49 sites visited,"671 US adults; median participant visited 432 domains, >15M total visits",Mean count of visits to 668 untrustworthy sites per respondent over 90 days,Untrustworthy ('fake news') sites = list of 668 sites compiled by Allcott et al. (2019) from five prior researcher/journalist/fact-checker lists; sites not driven by journalistic accuracy norms that p,671 participants,full_text_stepb,"intensity_mean_count (L40) - mean count, not a share or reach; exclude from diet-share EXPOSURE synthesis",
2-s2.0-85121019757,United States,Facebook,Dec 2018,% of clicks to fake-news domains (representative Nielsen panel) (n=URLs),2.5,2.5% of clicks,CONTENT,,population,"we found that 2.5% of clicks were to fake news, 24% of clicks were to not-fake news, and 74% of clicks were to not-news sites","random sample of 1,000 URLs clicked from Facebook newsfeed by Nielsen desktop panelists, Dec 2018 (uncensored, representative)","Clicks to fake-news domains as share of all Facebook-referred clicks, representative panel","Fake news = 624 websites previously identified by researchers, professional fact-checkers, and journalists as sources of fake, deceptive, low-quality, or hyperpartisan news (Allen et al. 2020 domain l","1,000 sampled URLs (Nielsen desktop panel)",full_text_stepb,"CLEAN estimate (representative, uncensored); desktop-only",Nielsen
2-s2.0-85121019757,United States,Facebook,Jan 2017 - Dec 2018,% of clicks to fake-news domains (Facebook censored URLs dataset) (n=URLs),12,12% of clicks per month,CONTENT,,population,"From 1/2017-12/2018, an average of 12% of clicks per month went to fake news content, 32% went to not-fake news content, and 56% went to other, not-news content.","all US clicks in Facebook URLs dataset (URLs publicly shared 100+ times), Jan 2017-Dec 2018","Clicks to fake-news domains as share of all clicks, in the 100-public-share-censored Facebook URLs dataset","Fake news = 624 websites previously identified by researchers, professional fact-checkers, and journalists as sources of fake, deceptive, low-quality, or hyperpartisan news (Allen et al. 2020 domain l",Facebook URLs dataset (38M+ URLs; censored to >=100 public shares),full_text_stepb,BIASED UPWARD ~4-5x by 100-public-share censoring (paper's central finding); use 2.5% representative figure instead,FB-URLs (Social Science One)
2-s2.0-85122105134,Costa Rica,social media,13-19 May 2019,% who self-report having shared news they considered false on social media (n=participants),19,0.19,RECALL,recall-sharing,population,"En el caso de redes sociales, 81% afirmo no haberlo hecho y 19%, si.",805 Costa Rican mobile-phone-owning adults (representative random-stratified national sample),Share of respondents who reported having shared news they considered false on social media,"Noticias falsas (fake news) = deliberately created pseudo-journalistic disinformation with three features: low facticity, imitation of news form, and intent to deceive (Egelhofer & Lecheler 2019; Tand",805 participants,full_text_stepb,"self-reported (recall-sharing per L33), not observed sharing",
2-s2.0-85122105134,Costa Rica,WhatsApp,13-19 May 2019,% who self-report having shared news they considered false via WhatsApp (n=participants),18,0.18,RECALL,recall-sharing,population,El numero es casi identico en el caso de WhatsApp: 18% compartio noticias falsas y 82% afirmo que no.,805 Costa Rican mobile-phone-owning adults (representative random-stratified national sample),Share of respondents who reported having shared news they considered false via WhatsApp,"Noticias falsas (fake news) = deliberately created pseudo-journalistic disinformation with three features: low facticity, imitation of news form, and intent to deceive (Egelhofer & Lecheler 2019; Tand",805 participants,full_text_stepb,"self-reported (recall-sharing per L33), not observed sharing",
2-s2.0-85122752247,Global,Twitter and Facebook,8 Mar - 1 May 2020,% of human-coded posts from 'more credible' sources containing misinformation (stratified sample; n=posts),5.33,0.0533,CONTENT,content,population,"more credible traditional media sources (5.33% misinformation, 95% CI: 3.41-7.26, n = 525) ... (5.33% misinformation, 95% CI: 3.41-7.26, n = 600)",600 COVID-19 posts with URLs from 'more credible' sources (stratified random subsample of 3000),Share of human-coded 'more credible'-source posts containing COVID-19 misinformation,"Human-coded: post contains egregious falsehoods, conspiracy theories, or misleading use of data related to COVID-19 (incl. news reports repeating/promoting such claims); 3 annotators, Krippendorff alp",600 posts (75 high-quality health + 525 traditional media),full_text_reexam,stratified by credibility category (CANNOT pool across strata); per-stratum CONTENT rate; neutral COVID-keyword frame; stepb_reexam (conf 0.75),
2-s2.0-85122752247,Global,Twitter and Facebook,8 Mar - 1 May 2020,% of human-coded posts from 'less credible' sources containing misinformation (stratified sample; n=posts),8.50,0.085,CONTENT,content,population,"intermediate ""less credible"" sources (8.50% misinformation, 95% CI: 6.11-10.89)",~600 COVID-19 posts with URLs from 'less credible' sources (stratified random subsample),Share of human-coded 'less credible'-source posts containing COVID-19 misinformation,"Human-coded: post contains egregious falsehoods, conspiracy theories, or misleading use of data related to COVID-19 (incl. news reports repeating/promoting such claims); 3 annotators, Krippendorff alp",~600 posts (200 per platform stratum),full_text_reexam,stratified by credibility category (CANNOT pool across strata); per-stratum CONTENT rate; not sig. diff from more-credible; stepb_reexam (conf 0.75),
2-s2.0-85122752247,Global,Twitter and Facebook,8 Mar - 1 May 2020,% of human-coded posts from 'unrated' sources containing misinformation (stratified sample; n=posts),7.33,0.0733,CONTENT,content,population,"""unrated"" sources (7.33% misinformation, 95% CI: 5.10-9.56)",~600 COVID-19 posts with URLs from 'unrated' sources (stratified random subsample),Share of human-coded unrated-source posts containing COVID-19 misinformation,"Human-coded: post contains egregious falsehoods, conspiracy theories, or misleading use of data related to COVID-19 (incl. news reports repeating/promoting such claims); 3 annotators, Krippendorff alp",~600 posts (200 per platform stratum),full_text_reexam,stratified by credibility category (CANNOT pool across strata); per-stratum CONTENT rate; not sig. diff from more-credible; stepb_reexam (conf 0.75),
2-s2.0-85122752247,Global,Twitter and Facebook,8 Mar - 1 May 2020,% of human-coded 'in platform' posts containing misinformation (stratified sample; n=posts),5.17,0.0517,CONTENT,content,population,"""in platform"" sources (5.17% misinformation, 95% CI: 4.26-6.07)",~600 COVID-19 in-platform posts (Twitter-from-Twitter / FB-from-FB) (stratified random subsample),Share of human-coded in-platform posts containing COVID-19 misinformation,"Human-coded: post contains egregious falsehoods, conspiracy theories, or misleading use of data related to COVID-19 (incl. news reports repeating/promoting such claims); 3 annotators, Krippendorff alp",~600 posts (200 per platform stratum),full_text_reexam,stratified by credibility category (CANNOT pool across strata); per-stratum CONTENT rate; not sig. diff from more-credible; stepb_reexam (conf 0.75),
2-s2.0-85127622287,United States,web (Google search),2020,"% of catalogued vaccination web pages confirmed as medical misinformation (content items, content-N denominator)",3.3,56/1672,CONTENT,,topical,"we were able to catalog data for 1672 web pages about vaccination in the U.S. ... Of these, 56 were confirmed as presenting medical misinformation",1672 catalogued US vaccination web pages found via broad alphabet-spanning Google (also Bing/DuckDuckGo) searches,% of catalogued vaccination web pages confirmed by a public-health expert as presenting medical misinformation,"Web pages confirmed by a public-health expert as presenting strictly MEDICAL misinformation about vaccination (e.g. vaccines cause autism, vaccines are full of toxins); conservative coding that exclud",1672,full_text_stepb,"multi_source_topical; neutral keyword-based sampling frame (broad vaccination searches, NOT misinfo-selected)",
2-s2.0-85128357498,Global (English-language),YouTube,Mar 2020 - Jul 2021,"% of COVID-19 YouTube comments BERT-classified as fake; CONTENT, topical multi-channel frame (content-N ~2.5M comments on 1565 videos)",21,0.21,CONTENT,,topical,"Overall, the classifier categorized about 21% of the comments and 15% of the replies as fake","~2.5M English COVID-19 YouTube comments on 1565 keyword-matched pandemic videos from CNN, Fox News, The Epoch Times and WHO (videos posted 11 Mar 2020 - 29 Jul 2021)",% of YouTube comments classified 'fake' (verifiably-untrue claims/speculation) by the BERT classifier; range across the four channels 16-25%,"Social-media comments making claims and putting forward verifiably-untrue speculation, classified 'fake' vs 'legitimate' by a supervised BERT classifier (test accuracy 91%; fake-class precision 0.93 /","~2,500,000 comments (on 1565 videos, 4 channels)",full_text_rev2,"automated_classifier (BERT, 91% acc, fake recall 0.86); multi-channel topical COVID frame (passes L24); comments-not-articles unit; kept_caveat",
2-s2.0-85128357498,Global (English-language),YouTube,Mar 2020 - Jul 2021,% of COVID-19 YouTube comment REPLIES BERT-classified as fake; CONTENT (content-N ~900k replies),15,0.15,CONTENT,,topical,"Overall, the classifier categorized about 21% of the comments and 15% of the replies as fake",~900k replies to COVID-19 YouTube comments on the same 1565 videos (4 channels),% of YouTube comment replies classified 'fake' by the BERT classifier; range across channels 13-19%,"Social-media comments making claims and putting forward verifiably-untrue speculation, classified 'fake' vs 'legitimate' by a supervised BERT classifier (test accuracy 91%; fake-class precision 0.93 /","~900,000 replies",full_text_rev2,automated_classifier; topical COVID frame; kept_caveat,
2-s2.0-85131964464,Brazil,Twitter,Jan 2020 - Jun 2021,% of content items flagged disinformation (content-N = 100 tweets),19.0,19/100,CONTENT,NA,single_source,"Dentre as publicacoes com maior numero de retuites, 19 mensagens estavam no levantamento da Agencia Aos Fatos como conteudos contendo desinformacao. ... Cabe destacar que 19% das mensagens com maior numero de compartilhamentos eram conteudos de desinformacao","100 most-retweeted @jairbolsonaro tweets (curated by retweet popularity, single account)",Share of Bolsonaro's 100 most-retweeted tweets flagged as disinformation by fact-checker Aos Fatos,"Disinformation as flagged by the Brazilian fact-checker Aos Fatos (Agencia Aos Fatos), applied within the Wardle & Derakhshan information-disorder framework.",100 tweets,full_text_stepb,small_content_n (~100); single_source_sample (one account); curated-popularity denominator,
2-s2.0-85134489939,USA,YouTube,5 May 2021,% of videos rated low content quality GQS 1-2 (content-N = 167 videos),25.2,42/167,QUALITY,NA,topical,GQS (1-5 points) Low content quality (1 or 2 points) 42 (25.2),167 CRPS YouTube videos included (first 300 of 672 'complex regional pain syndrome' search results screened),Share of CRPS videos rated low content quality (GQS 1-2 of 5),"Low content quality of CRPS information videos, operationalised by Global Quality Score (GQS 1-2 of 5) = poor flow / most information missing or of limited use; a quality/accuracy proxy, not falsity p",167 videos,full_text_stepb,small_content_n (~167); QUALITY-not-falsity (excluded from prevalence per protocol),
2-s2.0-85137779722,USA,Twitter,Jan 2020 - Apr 2021,% of content items (tweets) from MBFC questionable/conspiracy domains (content-N = 1.44B COVID tweets),0.88,12689165/1443871621,CONTENT,NA,population,"This resulted in a COVID-19 misinformation data subset totaling 12,689,165 tweets. [out of] 1,443,871,621 tweets from January 21, 2020, through April 30, 2021","All COVID-19 keyword-collected tweets, 1% stream, Jan 2020-Apr 2021 (N=1,443,871,621)","Tweets sharing URLs from MBFC questionable/conspiracy-pseudoscience domains, as share of all COVID-19 tweets","Tweets sharing a URL from a domain classified by Media Bias/Fact Check (MBFC) as 'questionable' or 'conspiracy-pseudoscience' (may publish unverifiable/unsupported info, propaganda, hoaxes, fake news)","12,689,165 misinfo tweets / 1,443,871,621 COVID tweets",full_text_stepb,large content-N (whole keyword-corpus); English-keyword collection bias,MBFC/MediaBias
2-s2.0-85138526885,Brazil,Twitter,1-8 Sep 2021,"% of URL-linked news occurrences coded fabricated or hoax; CONTENT, topical keyword frame (content-N = 4995 news occurrences across 47 outlets)",19.9,992/4995,CONTENT,,curated,"Ao todo, foram registradas 4.995 ocorrencias. [traditional] 100% ... noticias genuinas (n=1.774); [independent] 90% genuinas (n=410), 10% fabricadas (n=46); [partidarios] 61% genuinas (n=1.681), 23% fabricadas (n=634), 11% embustes (n=312)  ['In all, 4,995 occurrences were recorded ... traditional 100% genuine; independent 90% genuine / 10% fabricated; partisan 61% genuine / 23% fabricated / 11% hoax']","4,995 news occurrences from 47 outlets, drawn from the 170 most-co-occurring (>=10) URLs shared in 40,000 '7 de setembro' (Brazil Independence Day) keyword-sampled tweets, 1-8 Sep 2021","Fabricated (634 partisan + 46 independent = 680) + hoax (312 partisan) = 992 misinformation occurrences as a share of all 4,995 classified news occurrences = 19.9%. Fabricated/hoax appear only in partisan and (10%) independent outlets; traditional outlets 100% genuine.","News occurrences classified per Rubin, Chen & Conroy (2016) as genuine, fabricated (fraudulent/sensationalist unverified reporting), or hoax (deliberate fabrication/falsification disguised as news). A","4,995 news occurrences (47 outlets; sampled from 40,000 tweets via 170 top URLs)",full_text_rev2,"non_english_translated (Portuguese); topical/keyword denominator (Brazil Independence Day political event); URL sub-sample (top 170 of 2,262 unique URLs) -> popularity-curated subsample; author-coded (Rubin et al. typology), not fact-check; kept_caveat",
2-s2.0-85142238598,United States,TikTok,2022,"mean accuracy/misinformation-index score 1-5 (QUALITY, not a falsity share); content-items",,2.6,QUALITY,,topical,"Across all men's health topics on TT, educational posts had a mean misinformation index score of 2.6 ± 1.7","educational men's-health TikTok posts scored for accuracy (top-40 per topic = top 20 posts x top 2 hashtags; 234 posts coded overall, fewer educational)",Mean accuracy score 1-5 across all men's-health educational TikTok posts; lower = more misinformation,"Misinformation index = accuracy score 1 (complete lack of accurate information / most inaccurate) to 5 (most accurate), adapted from a validated prostate-cancer-on-YouTube scoring method; lower score ",~119 educational TikTok posts (of 234 coded),full_text_stepb,QUALITY_not_prevalence; very_small_content_n; quality_rating_not_falsity_share,
2-s2.0-85142238598,United States,TikTok,2022,mean accuracy score 1-5 for one topic (QUALITY); content-items,,1.5,QUALITY,,topical,the least accurate topic was semen retention with an average score of 1.5 ± 1.2,educational TikTok posts on semen retention scored for accuracy,Mean accuracy score 1-5; semen retention = least accurate topic,"Misinformation index = accuracy score 1 (complete lack of accurate information / most inaccurate) to 5 (most accurate), adapted from a validated prostate-cancer-on-YouTube scoring method; lower score ",semen-retention educational TikTok posts (subset of 234),full_text_stepb,QUALITY_not_prevalence; very_small_content_n,
2-s2.0-85142238598,United States,TikTok,2022,mean accuracy score 1-5 for one topic (QUALITY); content-items,,5.0,QUALITY,,topical,The most accurate topic discussed on TT was vasectomy with an average score of 5 ± 0,educational TikTok posts on vasectomy scored for accuracy,Mean accuracy score 1-5; vasectomy = most accurate topic,"Misinformation index = accuracy score 1 (complete lack of accurate information / most inaccurate) to 5 (most accurate), adapted from a validated prostate-cancer-on-YouTube scoring method; lower score ",vasectomy educational TikTok posts (subset of 234),full_text_stepb,QUALITY_not_prevalence; very_small_content_n,
2-s2.0-85142396682,United States,Twitter,Jan 2016 - Mar 2022,% of posted links pointing to untrustworthy domains (observed actor sharing); links/tweets,3.86,Republicans 3.86%,SHARING,actor_output,population,"Republicans share 9.1 times more links to websites considered unstrustworthy than Democrats (Republicans 3.86%, Democrats 0.43%, difference 3.44%, 1.65 SD)","all NewsGuard-rated links posted by US Republican members of Congress, 2016-2022 (US corpus 1,694,403 tweets; NewsGuard covers 46.5% of links)",% of posted links pointing to NewsGuard <60 (untrustworthy) domains,Untrustworthy information = links pointing to web domains scored below 60 on NewsGuard's 0-100 nutrition scale (professional fact-checker assessment of whether a domain 'generally adheres to basic sta,"1,023 US Congress handles; 1,694,403 US tweets",full_text_stepb,,NewsGuard
2-s2.0-85142396682,United States,Twitter,Jan 2016 - Mar 2022,% of posted links pointing to untrustworthy domains (observed actor sharing); links/tweets,0.43,Democrats 0.43%,SHARING,actor_output,population,"Republicans 3.86%, Democrats 0.43%, difference 3.44%, 1.65 SD","all NewsGuard-rated links posted by US Democratic members of Congress, 2016-2022",% of posted links pointing to NewsGuard <60 (untrustworthy) domains,Untrustworthy information = links pointing to web domains scored below 60 on NewsGuard's 0-100 nutrition scale (professional fact-checker assessment of whether a domain 'generally adheres to basic sta,"1,023 US Congress handles; 1,694,403 US tweets",full_text_stepb,,NewsGuard
2-s2.0-85142396682,Germany,Twitter,Jan 2016 - Mar 2022,% of posted links pointing to untrustworthy domains (observed actor sharing); links/tweets,0.18,CDU/CSU 0.18%,SHARING,actor_output,population,"For Germany, members of the CDU/CSU post 6.3 times more links to such websites than members of the SPD (CDU/CSU 0.18%, SPD 0.03%, difference 0.15%, 0.04 SD)","all NewsGuard-rated links posted by German CDU/CSU parliamentarians, 2016-2022 (DE corpus 754,233 tweets)",% of posted links pointing to NewsGuard <60 (untrustworthy) domains,Untrustworthy information = links pointing to web domains scored below 60 on NewsGuard's 0-100 nutrition scale (professional fact-checker assessment of whether a domain 'generally adheres to basic sta,"822 DE handles; 754,233 DE tweets",full_text_stepb,very_low_absolute_counts (author-noted),NewsGuard
2-s2.0-85142396682,Germany,Twitter,Jan 2016 - Mar 2022,% of posted links pointing to untrustworthy domains (observed actor sharing); links/tweets,0.03,SPD 0.03%,SHARING,actor_output,population,"CDU/CSU 0.18%, SPD 0.03%, difference 0.15%, 0.04 SD","all NewsGuard-rated links posted by German SPD parliamentarians, 2016-2022",% of posted links pointing to NewsGuard <60 (untrustworthy) domains,Untrustworthy information = links pointing to web domains scored below 60 on NewsGuard's 0-100 nutrition scale (professional fact-checker assessment of whether a domain 'generally adheres to basic sta,"822 DE handles; 754,233 DE tweets",full_text_stepb,very_low_absolute_counts (author-noted),NewsGuard
2-s2.0-85142396682,United Kingdom,Twitter,Jan 2016 - Mar 2022,% of posted links pointing to untrustworthy domains (observed actor sharing); links/tweets,0.25,Tory 0.25%,SHARING,actor_output,population,"members of the Tories post 4.7 times more links to untrustworthy domains than members of the Labour Party (Tory 0.25%, Labour 0.05%, difference 0.19%, 0.08 SD)","all NewsGuard-rated links posted by UK Conservative parliamentarians, 2016-2022 (UK corpus 960,114 tweets)",% of posted links pointing to NewsGuard <60 (untrustworthy) domains,Untrustworthy information = links pointing to web domains scored below 60 on NewsGuard's 0-100 nutrition scale (professional fact-checker assessment of whether a domain 'generally adheres to basic sta,"726 UK handles; 960,114 UK tweets",full_text_stepb,very_low_absolute_counts (author-noted),NewsGuard
2-s2.0-85142396682,United Kingdom,Twitter,Jan 2016 - Mar 2022,% of posted links pointing to untrustworthy domains (observed actor sharing); links/tweets,0.05,Labour 0.05%,SHARING,actor_output,population,"Tory 0.25%, Labour 0.05%, difference 0.19%, 0.08 SD","all NewsGuard-rated links posted by UK Labour parliamentarians, 2016-2022",% of posted links pointing to NewsGuard <60 (untrustworthy) domains,Untrustworthy information = links pointing to web domains scored below 60 on NewsGuard's 0-100 nutrition scale (professional fact-checker assessment of whether a domain 'generally adheres to basic sta,"726 UK handles; 960,114 UK tweets",full_text_stepb,very_low_absolute_counts (author-noted),NewsGuard
2-s2.0-85142886759,Global (English),Twitter,Sep 1-8 2020,% of URL-bearing vaccine/COVID-keyword tweets citing low-credibility sources; content-items (messages),2.7,"42,271 low-cred messages (before halt); 36,906 (after halt)",CONTENT,,topical,"We identified 14,215 (2%) URLs from 377 low credibility information sources that are shared in 42,271 (2.7%) messages posted before the halt of trials, and 12,768 URLs from 363 low credibility sources shared in 36,906 (2.7%) messages posted after the halt of trials","URL-bearing AstraZeneca/COVID/vaccine-keyword Twitter messages (3,958,864 URL-bearing messages in full collection, Sep 1-15 2020)","% of URL-bearing keyword-collected tweets that cite low-credibility (MBFC/Factual questionable, conspiracy-pseudoscience, or low-credibility) domains","URLs pointing to domains rated low-credibility (questionable sources, conspiracy-pseudoscience, or (very) low credibility) by Media Bias/Fact Check and The Factual.","42,271 low-cred messages / ~3.96M URL-bearing message base",full_text_rev2,topical_keyword_denominator; source_level_credibility_rating_not_item_falsity,MBFC/MediaBias
2-s2.0-105007027777,Morocco,X/Twitter,Sep 8 - Dec 31 2023,% of earthquake-hashtag tweets manually coded as misinformation; content-items (tweets),9.16,512 misinformation of 5594 coded tweets (paper rounds to 9%),CONTENT,,topical,the dataset was categorized into misinformation (n=512) and not-misinformation (n=5082)... the highest percentage of not-misinformation (91%) in relation to misinformation (9%),"5,594 Al-Haouz earthquake tweets retained after cleaning (from 9,057 collected via earthquake hashtags in Arabic/French/English/Spanish)",Tweets coded false/misleading by veracity analysis (fact-check platforms + reverse-image search + official-report cross-check),"Tweets manually coded false/misleading via veracity analysis (review content, fact-check via platforms + reverse-image search, cross-check official reports); both misinfo and not-misinfo coded.","5,594 tweets coded (9,057 collected)",full_text_rev2,topical_hashtag_denominator; low_intercoder_reliability (kappa=0.49 misinfo/not-misinfo),
2-s2.0-105008525623,Spain,survey (online),March 2023,self-reported prior exposure to narrative (recall-exposure); % of respondents,29,,RECALL,recall-exposure,population,"la mayor parte de narrativas presenta porcentajes de exposicion de mas del 60% de los encuestados, con la unica excepcion de la N1 que llega solo al 29%",1003 Spanish residents aged 18-74,Self-reported having heard disinformation narrative N1 (WHO/OMS lawsuit) before the survey,Disinformation narratives = false or misleading stories spread intentionally to deceive (Lewandowsky 2017); six specific narratives identified from material flagged as disinformation by Spanish fact-c,1003,full_text_stepb,,
2-s2.0-105008525623,Spain,survey (online),March 2023,self-reported prior exposure to narrative (recall-exposure); % of respondents,71,,RECALL,recall-exposure,population,Tabla 2 ... 2 OTAN 71% (Exposicion a narrativa),1003 Spanish residents aged 18-74,Self-reported having heard disinformation narrative N2 (NATO bases around Russia) before the survey,Disinformation narratives = false or misleading stories spread intentionally to deceive (Lewandowsky 2017); six specific narratives identified from material flagged as disinformation by Spanish fact-c,1003,full_text_stepb,,
2-s2.0-105008525623,Spain,survey (online),March 2023,self-reported prior exposure to narrative (recall-exposure); % of respondents,64,,RECALL,recall-exposure,population,Tabla 2 ... 3 Inmigracion 64% (Exposicion a narrativa),1003 Spanish residents aged 18-74,Self-reported having heard disinformation narrative N3 (immigrant housing benefits) before the survey,Disinformation narratives = false or misleading stories spread intentionally to deceive (Lewandowsky 2017); six specific narratives identified from material flagged as disinformation by Spanish fact-c,1003,full_text_stepb,,
2-s2.0-105008525623,Spain,survey (online),March 2023,self-reported prior exposure to narrative (recall-exposure); % of respondents,71,,RECALL,recall-exposure,population,Tabla 2 ... 4 Reforma laboral 71% (Exposicion a narrativa),1003 Spanish residents aged 18-74,Self-reported having heard disinformation narrative N4 (labor reform voted by error) before the survey,Disinformation narratives = false or misleading stories spread intentionally to deceive (Lewandowsky 2017); six specific narratives identified from material flagged as disinformation by Spanish fact-c,1003,full_text_stepb,,
2-s2.0-105008525623,Spain,survey (online),March 2023,self-reported prior exposure to narrative (recall-exposure); % of respondents,60.9,,RECALL,recall-exposure,population,"Tabla 2 ... 5 Vacunas 60,9% (Exposicion a narrativa)",1003 Spanish residents aged 18-74,Self-reported having heard disinformation narrative N5 (mRNA COVID vaccines unproven) before the survey,Disinformation narratives = false or misleading stories spread intentionally to deceive (Lewandowsky 2017); six specific narratives identified from material flagged as disinformation by Spanish fact-c,1003,full_text_stepb,,
2-s2.0-105008525623,Spain,survey (online),March 2023,self-reported prior exposure to narrative (recall-exposure); % of respondents,73.7,,RECALL,recall-exposure,population,"Tabla 2 ... 6 Catalan en las escuelas 73,7% (Exposicion a narrativa)",1003 Spanish residents aged 18-74,Self-reported having heard disinformation narrative N6 (Spanish not taught in Catalan schools) before the survey,Disinformation narratives = false or misleading stories spread intentionally to deceive (Lewandowsky 2017); six specific narratives identified from material flagged as disinformation by Spanish fact-c,1003,full_text_stepb,,
2-s2.0-105009525336,United States,TikTok,Aug-Sep 2023,median DISCERN-T quality score of videos (content-N=100),,27,QUALITY,health,topical,the content showed poor reliability and quality ... with a median DISCERN-T score of 27 (min-max: 24-30.5),100 top contraception videos (5 hashtags x top 20),Median total DISCERN score 27 = poor quality (scale: <26 very low; 27-38 poor),All false or misleading contraceptive health information (term 'misinformation' used for all false/misleading content regardless of intent; Wardle & Derakhshan 2017); operationalized via DISCERN relia,100,full_text_stepb,small_content_n (~100); quality_score_not_falsity,
2-s2.0-105012550022,China/Global,TikTok,Mar 2025,median PEMAT-U understandability score; content-N=100,77,77% (IQR 69-83),QUALITY,health,topical,The median score of PEMAT-U was 77% (IQR 69%-83%) for TikTok,100 top uterine-fibroid TikTok videos,Median PEMAT understandability quality score (higher=better quality),"Uterine-fibroid video quality/reliability via GQS, mDISCERN, PEMAT; 'misinformation and incomplete content may undermine efficacy' - quality scores, no direct falsity ground-truth.",100,full_text_stepb,small_content_n (~100); quality_score_not_falsity,
2-s2.0-105012550022,China/Global,Bilibili,Mar 2025,median PEMAT-U understandability score; content-N=100,77,77% (IQR 69-85),QUALITY,health,topical,"For Bilibili videos, the median PEMAT-U and PEMAT-A scores are 77% (IQR 69%-85%) and 67%",100 top uterine-fibroid Bilibili videos,Median PEMAT understandability quality score (higher=better quality),"Uterine-fibroid video quality/reliability via GQS, mDISCERN, PEMAT; 'misinformation and incomplete content may undermine efficacy' - quality scores, no direct falsity ground-truth.",100,full_text_stepb,small_content_n (~100); quality_score_not_falsity,
2-s2.0-105027856675,Germany,Twitter/X,2020-2021,share of politician news-link tweets that are misinfo (content-N tweets),1.49,1027/68871,SHARING,TOPICAL,topical,"DE ... 68,871 ... 1027",68871 NewsGuard-matched politician news-link tweets (DE),% politician news-link tweets to NewsGuard domains scoring <60,"Tweet links to news domains rated below 60 by NewsGuard (domain-level credibility, source-based approach); misinformation = any information misleading, unreliable, and/or turns out false.",68871 tweets; 765 DE politicians,full_text_stepb,,NewsGuard
2-s2.0-105027856675,Italy,Twitter/X,2020-2021,share of politician news-link tweets that are misinfo (content-N tweets),9.46,5888/62212,SHARING,TOPICAL,topical,"IT ... 62,212 ... 5888",62212 NewsGuard-matched politician news-link tweets (IT),% politician news-link tweets to NewsGuard domains scoring <60,"Tweet links to news domains rated below 60 by NewsGuard (domain-level credibility, source-based approach); misinformation = any information misleading, unreliable, and/or turns out false.",62212 tweets; 692 IT politicians,full_text_stepb,,NewsGuard
2-s2.0-105027856675,United Kingdom,Twitter/X,2020-2021,share of politician news-link tweets that are misinfo (content-N tweets),0.33,380/116354,SHARING,TOPICAL,topical,"UK ... 116,354 ... 380",116354 NewsGuard-matched politician news-link tweets (UK),% politician news-link tweets to NewsGuard domains scoring <60,"Tweet links to news domains rated below 60 by NewsGuard (domain-level credibility, source-based approach); misinformation = any information misleading, unreliable, and/or turns out false.",116354 tweets; 903 UK politicians,full_text_stepb,,NewsGuard
2-s2.0-105027856675,United States,Twitter/X,2020-2021,share of politician news-link tweets that are misinfo (content-N tweets),2.30,3767/163910,SHARING,TOPICAL,topical,"US ... 163,910 ... 3,767 ... Domains with a score below 60 are considered misinformation",163910 NewsGuard-matched politician news-link tweets (US),% politician news-link tweets to NewsGuard domains scoring <60,"Tweet links to news domains rated below 60 by NewsGuard (domain-level credibility, source-based approach); misinformation = any information misleading, unreliable, and/or turns out false.",163910 tweets; 917 US politicians,full_text_stepb,,NewsGuard
2-s2.0-105027856675,DE/IT/UK/US,Twitter/X,2020-2021,share of politician news-link tweets that are misinfo (content-N tweets),2.69,11062/411347,SHARING,TOPICAL,topical,"Total ... 411,347 ... 11,062","411347 NewsGuard-matched politician news-link tweets, 4 countries",% politician news-link tweets to NewsGuard domains scoring <60,"Tweet links to news domains rated below 60 by NewsGuard (domain-level credibility, source-based approach); misinformation = any information misleading, unreliable, and/or turns out false.",411347 tweets; 3277 politicians,full_text_stepb,,NewsGuard
2-s2.0-105028205558,United States,TikTok,Jul 2021-Nov 2023,% of analysed videos coded misleading (content-N videos),50.4,63/125,CONTENT,TOPICAL,topical,"We assessed 50.4% (63/125) of the videos as misleading, 30.4% (38/125) as personal experience, and 19.2% [as useful]","125 most-liked #adhd TikTok videos (popularity sample; 84% English, 38.4% US)",% videos containing false/atypical/overgeneralized ADHD information,"Videos coded 'misleading' if they contained false information on ADHD, showed symptoms not typical for ADHD (vs German S3 guideline + ICD-11), or were overgeneralizing (e.g. 'everybody with this sympt",125 videos; 73 creators,full_text_stepb,small_content_n (125); popularity-sampled topical; misleading-coding includes overgeneralization (broad),
SEED-cordonnier2021,France,web (all online),,behavioural web-navigation (Storyzy),0.16,0.16% of total internet connection time,EXPOSURE,WHOLE_DIET,population,"fake news = 0.16% of total internet connection time (Cordonnier & Brest 2021, via Berriche 2024 thesis Annexe 1 p.420)","total internet connection time, n=2,372, France, Sep-Oct 2020",unreliable/fake-news sources per Storyzy algorithm,,2372,seed_berriche,abstract_only,
SEED-cordonnier2021,France,web (online news),,behavioural web-navigation (Storyzy),5,5% of total online news time,EXPOSURE,TOPICAL,topical,"fake news = 5% of total online news time (Cordonnier & Brest 2021, via Berriche 2024 thesis Annexe 1 p.420)","total online NEWS time, n=2,372, France",unreliable/fake-news sources per Storyzy algorithm,,2372,seed_berriche,abstract_only,
SEED-cordonier2021,France,web_tracking,Sep-Oct 2020,unreliable_time_share_overall,0.16,,EXPOSURE,WHOLE_DIET,population,"5% of connected time dedicated to information was spent consulting information sources considered to be unreliable, which equates to 0.16% of total connected time",total connected time (all participants),Share of total internet time spent on unreliable/disinformation sources across all participants,,2372,full_text,abstract_only,
SEED-cordonier2021,France,web_tracking,Sep-Oct 2020,unreliable_news_share_overall,5,,EXPOSURE,TOPICAL,topical,"Among all participants, 5% of connected time dedicated to information was spent consulting information sources considered to be unreliable",time dedicated to information (all participants),Share of news/information time spent on unreliable sources across all participants,,2372,full_text,abstract_only,
SEED-allcott2017,United States,fake news websites,Oct-Nov 2016,fake-site web impressions as share of fake+top-news impressions (diet share),5,"159M / 3,159M impressions",EXPOSURE,fake news,population,there were 159 million impressions on the 65 websites ... or 0.64 impressions per adult. This is dwarfed by the 3 billion impressions on the 665 top news websites over the same period,"159M fake-site impressions vs 3 billion top-news impressions (web browsing, Alexa)",Fake-site web impressions as share of fake+top-news impressions,'Fake news' = news articles that are intentionally and verifiably false and could mislead readers; database = 156 election stories rated false by Snopes/PolitiFact/BuzzFeed in 3 months pre-election.,65 fake sites vs 665 top-news sites (web-browsing panel),full_text_stepb,diet-share is fake-vs-top-news only (not whole web diet),IFCN/factcheck-db
SEED-allcott2017,United States,Facebook/social media,Nov 2016,% adults who recalled seeing a fake election headline (self-report),15,,RECALL,fake news,population,"After weighting for national representativeness, 15 percent of survey respondents recalled seeing the Fake stories, and 8 percent both recalled seeing the story and said they believed it",1208 weighted US adults 18+,Share recalling seeing fake election headlines (vs 14% placebo; true-recall diff ~1.2pp),'Fake news' = news articles that are intentionally and verifiably false and could mislead readers; database = 156 election stories rated false by Snopes/PolitiFact/BuzzFeed in 3 months pre-election.,1208,full_text_stepb,recall-exposure; placebo recall 14% (true-recall diff only ~1.2pp),IFCN/factcheck-db
SEED-allcott2017,United States,Facebook/social media,Aug-Nov 2016,mean fake stories read per adult (intensity),,~3 stories per adult,EXPOSURE,fake news,population,"the 38 million shares of fake news in our database translates into 760 million instances of a user clicking through and reading a fake news story, or about three stories read per American adult",248 million American adults (20 visits/share upper bound),Estimated reads of database fake stories per adult,'Fake news' = news articles that are intentionally and verifiably false and could mislead readers; database = 156 election stories rated false by Snopes/PolitiFact/BuzzFeed in 3 months pre-election.,248M adults; 156 articles,full_text_stepb,intensity_mean_count - exclude from diet-share synthesis (L40),IFCN/factcheck-db
SEED-allcott2017,United States,fake news websites,Oct-Nov 2016,mean fake-site impressions per adult (intensity),,0.64 impressions per adult,EXPOSURE,fake news,population,there were 159 million impressions on the 65 websites ... or 0.64 impressions per adult,248 million American adults (web browsing),"Fake-site web impressions per adult, month around election",'Fake news' = news articles that are intentionally and verifiably false and could mislead readers; database = 156 election stories rated false by Snopes/PolitiFact/BuzzFeed in 3 months pre-election.,248M adults; 65 fake sites,full_text_stepb,intensity_mean_count - exclude from diet-share synthesis (L40),IFCN/factcheck-db
SEED-allcott2017,United States,Facebook/social media,Nov 2016,mean fake stories seen+remembered per adult (intensity),,1.14 fake stories per adult,RECALL,fake news,population,this implies that the average adult saw and remembered 0.03/million x 38 million ~ 1.14 fake news articles from our fake news database,248 million American adults,Avg fake stories seen+remembered (Fake minus Placebo recall diff),'Fake news' = news articles that are intentionally and verifiably false and could mislead readers; database = 156 election stories rated false by Snopes/PolitiFact/BuzzFeed in 3 months pre-election.,1208 survey / 248M adults,full_text_stepb,intensity_mean_count - exclude from diet-share synthesis (L40),IFCN/factcheck-db
2-s2.0-85177420309,12 countries (pooled),Google Search,2021,% of first-page search results that confirm the CT (content-N results),14.9,187/1259,CONTENT,conspiracy theory search results,topical,We analysed temporally stable URLs (N = 1259) ... 187 [confirming results],1259 first-page Google organic results for 11 CTs across 12 countries,Share of CT-confirming links among first-page Google results,"First-page Google organic results coded as 'CT-confirming' (propagating/supporting the conspiracy theory) vs neutral/debunking, for 11 conspiracy theories.",1259 results,full_text_stepb,,
2-s2.0-85177420309,Australia,Google Search,2021,% of first-page search results that confirm the CT (content-N results),5,,CONTENT,conspiracy theory search results,topical,"It is lowest in Australia, Brazil, Germany and Switzerland ... with shares below 10%",~104 first-page Google results,Share of CT-confirming links among first-page results,"First-page Google organic results coded as 'CT-confirming' (propagating/supporting the conspiracy theory) vs neutral/debunking, for 11 conspiracy theories.",~104,full_text_stepb,small_content_n (~104),
2-s2.0-85177420309,Brazil,Google Search,2021,% of first-page search results that confirm the CT (content-N results),7,,CONTENT,conspiracy theory search results,topical,"It is lowest in Australia, Brazil, Germany and Switzerland ... with shares below 10%",~71 first-page Google results,Share of CT-confirming links among first-page results,"First-page Google organic results coded as 'CT-confirming' (propagating/supporting the conspiracy theory) vs neutral/debunking, for 11 conspiracy theories.",~71,full_text_stepb,very_small_content_n (~71),
2-s2.0-85177420309,Czech Republic,Google Search,2021,% of first-page search results that confirm the CT (content-N results),17,,CONTENT,conspiracy theory search results,topical,"In the Czech Republic, Hungary, Italy and Ukraine almost every fifth search result links to CT confirming content",~115 first-page Google results,Share of CT-confirming links among first-page results,"First-page Google organic results coded as 'CT-confirming' (propagating/supporting the conspiracy theory) vs neutral/debunking, for 11 conspiracy theories.",~115,full_text_stepb,small_content_n (~115),
2-s2.0-85177420309,Germany,Google Search,2021,% of first-page search results that confirm the CT (content-N results),8,,CONTENT,conspiracy theory search results,topical,"It is lowest in Australia, Brazil, Germany and Switzerland ... with shares below 10%",~113 first-page Google results,Share of CT-confirming links among first-page results,"First-page Google organic results coded as 'CT-confirming' (propagating/supporting the conspiracy theory) vs neutral/debunking, for 11 conspiracy theories.",~113,full_text_stepb,small_content_n (~113),
2-s2.0-85177420309,Ghana,Google Search,2021,% of first-page search results that confirm the CT (content-N results),12,,CONTENT,conspiracy theory search results,topical,followed by Ghana and Poland at 12%,~103 first-page Google results,Share of CT-confirming links among first-page results,"First-page Google organic results coded as 'CT-confirming' (propagating/supporting the conspiracy theory) vs neutral/debunking, for 11 conspiracy theories.",~103,full_text_stepb,small_content_n (~103),
2-s2.0-85177420309,Hungary,Google Search,2021,% of first-page search results that confirm the CT (content-N results),17,,CONTENT,conspiracy theory search results,topical,"In the Czech Republic, Hungary, Italy and Ukraine almost every fifth search result links to CT confirming content",~115 first-page Google results,Share of CT-confirming links among first-page results,"First-page Google organic results coded as 'CT-confirming' (propagating/supporting the conspiracy theory) vs neutral/debunking, for 11 conspiracy theories.",~115,full_text_stepb,small_content_n (~115),
2-s2.0-85177420309,Italy,Google Search,2021,% of first-page search results that confirm the CT (content-N results),19,,CONTENT,conspiracy theory search results,topical,"In the Czech Republic, Hungary, Italy and Ukraine almost every fifth search result links to CT confirming content",~101 first-page Google results,Share of CT-confirming links among first-page results,"First-page Google organic results coded as 'CT-confirming' (propagating/supporting the conspiracy theory) vs neutral/debunking, for 11 conspiracy theories.",~101,full_text_stepb,small_content_n (~101),
2-s2.0-85177420309,Poland,Google Search,2021,% of first-page search results that confirm the CT (content-N results),12,,CONTENT,conspiracy theory search results,topical,followed by Ghana and Poland at 12%,~111 first-page Google results,Share of CT-confirming links among first-page results,"First-page Google organic results coded as 'CT-confirming' (propagating/supporting the conspiracy theory) vs neutral/debunking, for 11 conspiracy theories.",~111,full_text_stepb,small_content_n (~111),
2-s2.0-85177420309,Romania,Google Search,2021,% of first-page search results that confirm the CT (content-N results),26,,CONTENT,conspiracy theory search results,topical,Most problematic are the search results in the CEE countries Serbia and Romania ... one out of four (Romania),~107 first-page Google results,Share of CT-confirming links among first-page results,"First-page Google organic results coded as 'CT-confirming' (propagating/supporting the conspiracy theory) vs neutral/debunking, for 11 conspiracy theories.",~107,full_text_stepb,small_content_n (~107),
2-s2.0-85177420309,Serbia,Google Search,2021,% of first-page search results that confirm the CT (content-N results),30,,CONTENT,conspiracy theory search results,topical,Most problematic ... Serbia and Romania ... almost one out of three search results (Serbia),~103 first-page Google results,Share of CT-confirming links among first-page results,"First-page Google organic results coded as 'CT-confirming' (propagating/supporting the conspiracy theory) vs neutral/debunking, for 11 conspiracy theories.",~103,full_text_stepb,small_content_n (~103),
2-s2.0-85177420309,Switzerland,Google Search,2021,% of first-page search results that confirm the CT (content-N results),5,,CONTENT,conspiracy theory search results,topical,"It is lowest in Australia, Brazil, Germany and Switzerland ... with shares below 10%",~109 first-page Google results,Share of CT-confirming links among first-page results,"First-page Google organic results coded as 'CT-confirming' (propagating/supporting the conspiracy theory) vs neutral/debunking, for 11 conspiracy theories.",~109,full_text_stepb,small_content_n (~109),
2-s2.0-85177420309,Ukraine,Google Search,2021,% of first-page search results that confirm the CT (content-N results),19,,CONTENT,conspiracy theory search results,topical,"In the Czech Republic, Hungary, Italy and Ukraine almost every fifth search result links to CT confirming content",~107 first-page Google results,Share of CT-confirming links among first-page results,"First-page Google organic results coded as 'CT-confirming' (propagating/supporting the conspiracy theory) vs neutral/debunking, for 11 conspiracy theories.",~107,full_text_stepb,small_content_n (~107),
2-s2.0-105021775752,United States,Twitter,"March 2-22, 2020",% of shared news sources that are 'problematic',16,,SHARING,,population,"In March 2020, the share of problematic news sources shared on Twitter was 16% of all shared news sources.","all news sources shared (~1 million links) in political-keyword Twitter, March 2020",Share of shared news sources classified as problematic (Jack 2017) via source-labelling sites,"'Problematic' sources per Jack (2017): information that is 'inaccurate, misleading, inappropriately attributed, or altogether fabricated'. Sources labelled mainstream vs problematic using AllSides, Me","~1,000,000 shared news-article links across 3 windows (~3,000,000 tweets captured)",full_text_upgraded,topical_political_keyword_frame,
2-s2.0-105021775752,United States,Twitter,Dec 24 2020 - Jan 4 2021,% of shared news sources that are 'problematic',30,,SHARING,,population,"In December, the share of problematic news sources almost doubled to 30%.","all news sources shared in political-keyword Twitter, Dec 2020-Jan 2021",Share of shared news sources classified as problematic (Jack 2017),"'Problematic' sources per Jack (2017): information that is 'inaccurate, misleading, inappropriately attributed, or altogether fabricated'. Sources labelled mainstream vs problematic using AllSides, Me","~1,000,000 shared news-article links across 3 windows",full_text_upgraded,topical_political_keyword_frame,
2-s2.0-105021775752,United States,Twitter,"March 10-22, 2021",% of shared news sources that are 'problematic',11,,SHARING,,population,"In March 2021, the share of problematic sources dropped significantly to 11%.","all news sources shared in political-keyword Twitter, March 2021 (post-Capitol-purge)",Share of shared news sources classified as problematic (Jack 2017),"'Problematic' sources per Jack (2017): information that is 'inaccurate, misleading, inappropriately attributed, or altogether fabricated'. Sources labelled mainstream vs problematic using AllSides, Me","~1,000,000 shared news-article links across 3 windows",full_text_upgraded,topical_political_keyword_frame,
2-s2.0-85106913853,USA/global (English),Twitter,2016,"% of top-retweeted Zika tweets containing misinformation (content items; n=5,000 reviewed)",8.0,400/5000,CONTENT,,topical,"De los 5 000 tuits sobre el zika mas retuiteados en el 2016, detectamos un total de 400 que contenian informacion erronea y los verificamos. [Of the 5,000 most-retweeted Zika tweets in 2016, we detected a total of 400 containing misinformation and verified them.]","top 5,000 most-retweeted English Zika tweets of 2016 (systematically reviewed)",Tweet content not based on evidence vs CDC/WHO/peer-review/fact-checks,"Misinformation = tweet content not based on evidence, judged against peer-reviewed literature, official/health-agency reports (CDC, WHO) and fact-checking sites.",5000 tweets,full_text_upgraded,popularity-ranked_topical_sample; translated_from_Spanish,
2-s2.0-85131073869,United States,Telegram,Oct 2018-Sep 2019,% of curated news-link posts that link a misleading source (content-N posts),37.5,76056/202571,SHARING,TOPICAL,curated,"Professional News 126,515(62%) ... Misleading 76,056(38%) ... Total 202,571",202571 posts linking to professional-OR-misleading curated sources (only 3% of all hyperlinked posts),links to curated list of misleading sources (94 sources: misleading/false/hyper-partisan/hoax/conspiracy/clickbait),"Links to a curated list of 94 'misleading sources' (Pierri et al.): misleading/false/hyper-partisan news, hoaxes, conspiracy, clickbait; contrasted with a list of 14 US most-trusted professional news ","202571 posts; 28,000 channels (US-focused English Telegram)",full_text_stepb,curated-list denominator (misleading-vs-professional only; excludes the 97% of links to other sites),
2-s2.0-105002155467,United States,Web,Jan-Dec 2018 (12-month window),"REACH: % of panelists who visited >=1 unreliable page over 12 months (misinfo-direction, complement of the 79% who visited none); n = participants",21.0,~21% visit >=1 unreliable page (100% - ~79%),REACH,WHOLE_DIET,population,"the vast majority, that is ~79%, do not visit any page classified as unreliable","N~140,000 US web-browsing Nielsen panelists (weighted), Jan-Dec 2018",unreliable = Grinberg (2019) misinfo domains merged with NewsGuard score <60 (504 domains),"Unreliable = union of Grinberg et al. (2019) misinformation domain list (510 domains, compiled from BuzzFeed/PolitiFact/FactCheck.org/Snopes + Allcott&Gentzkow/Guess) and NewsGuard sites with trust sc","140000 participants (136,054 with full demographics)",full_text_stepb,reach (% who encountered >=1 over 12 mo); derived as complement of reported 79% zero-exposure,Nielsen; NewsGuard
2-s2.0-105002155467,United States,Web,Jan-Dec 2018,CONCENTRATION of EXPOSURE: top 1% of panelists account for 65.3% of all unreliable pageviews; n = participants,65.3,1% of panelists = 65.3% of unreliable pages,CONCENTRATION,WHOLE_DIET,population,This 1% of the panelists are responsible for visiting 65.3% of all unreliable pages in our data,all unreliable pages visited by the panel (Jan-Dec 2018),unreliable = Grinberg (2019) misinfo domains merged with NewsGuard score <60 (504 domains),"Unreliable = union of Grinberg et al. (2019) misinformation domain list (510 domains, compiled from BuzzFeed/PolitiFact/FactCheck.org/Snopes + Allcott&Gentzkow/Guess) and NewsGuard sites with trust sc",140000 participants,full_text_stepb,audience-level concentration of EXPOSURE (L9),NewsGuard
2-s2.0-85153931706,Global,Twitter,Mar-Jun 2020,CONTENT: % of COVID-informative image clusters labelled misinformation; n = content (image clusters),7.1,165/2316 informative clusters,CONTENT,TOPICAL,topical,"out of 7,668 clusters, we identify 2,316 informative clusters ... the two annotators agree on 165 image clusters to be COVID-19 misinformation image clusters","2,316 COVID-19 informative (related) image clusters drawn from the 1% Twitter stream, Mar 1-Jun 16 2020",Wu et al. 'informative content that contains incorrect or inaccurate information'; 5 COVID image types,"Wu et al. definition: 'informative content that contains incorrect or inaccurate information', regardless of intent; operationalised via a 5-type codebook (COVID conspiracies, wrong threat-severity un","2316 content (image clusters); 339,952 underlying images / 2.3M COVID tweets",full_text_stepb,"topical/keyword frame (COVID hashtags); denominator restricted to images that clustered (>=5 occurrences), so popular-image subset",
2-s2.0-85194075145,United States,Facebook,Nov 2 2020-Feb 15 2021,misinfo-source share of NEWS posts (not whole feed),5.1,0.051,EXPOSURE,TOPICAL,topical,On average 5.1% of news posts users encounter on Facebook are from sources known to post misinformation repeatedly.,"143,129 news posts seen by 472 US data-donor (CheckMyNews) users, Nov 2020-Feb 2021",Sources rated by MBFC/NewsGuard as repeatedly spreading misinformation/conspiracy,"Misinformation sources = news domains rated by Media Bias/Fact Check or NewsGuard as repeatedly spreading misinformation and conspiracy theories (456/4,149 established domains = 11% low-quality). Sour","472 participants; 143,129 news posts",full_text_stepb,"denominator=news-posts only, not whole-diet (adversarial fix)",NewsGuard; MBFC/MediaBias
2-s2.0-85159598935,United States,Twitter,27 Oct-3 Nov 2020,CONTENT: % of news-link URLs (T+N) in swing-state political tweets that point to non-trustworthy (N) news domains; n = content (URLs),23.47,N share of swing URLs,CONTENT,TOPICAL,topical,"Considering links pointing to non-trustworthy news sites (N), the concentration for swing states - 23.47% - is higher than that for safe ones - 18.33%.","URLs in swing-state political tweets, validated dataset (keyword: US state name + candidate; English only)",NewsGuard non-trustworthy news domains (N tag),"NewsGuard 'non-trustworthy' (N) news domains: sources that regularly publish false news, do not distinguish fact from opinion, do not correct errors. URLs labelled by domain reputation; satire (S) and",352606 swing URLs across 2.91M swing tweets,full_text_rev2,domain-reputation labelling of content items (URLs); keyword/topical election frame; denom is news-link URLs not all tweets,NewsGuard
2-s2.0-85159598935,United States,Twitter,27 Oct-3 Nov 2020,CONTENT: % of news-link URLs in safe-state political tweets that point to non-trustworthy (N) news domains; n = content (URLs),18.33,N share of safe URLs,CONTENT,TOPICAL,topical,the concentration for swing states - 23.47% - is higher than that for safe ones - 18.33%.,"URLs in safe-state political tweets, validated dataset",NewsGuard non-trustworthy news domains (N tag),"NewsGuard 'non-trustworthy' (N) news domains: sources that regularly publish false news, do not distinguish fact from opinion, do not correct errors. URLs labelled by domain reputation; satire (S) and",45989 safe URLs across 404182 safe tweets,full_text_rev2,domain-reputation labelling of content items; keyword/topical election frame,NewsGuard
2-s2.0-105019625689,Taiwan,YouTube,12 Jan-1 Feb 2024,% of collected party-account videos that are voter-fraud misinfo (content),3.01,170/5641,CONTENT,TOPICAL,topical,"we identify a total of 170 videos as related to voter fraud ... we compiled a dataset of 5,641 videos from three main parties",all 5641 videos uploaded by selected party-aligned/grassroots accounts (12 Jan-1 Feb 2024),"voter-fraud narrative videos (codebook, TFC-debunked)","Voter-fraud narrative videos: claims that ballots were stuffed, stolen, or otherwise manipulated; debunked as misinformation by Taiwan FactCheck Center. Misinformation = false/misleading information (",5641 videos,full_text_stepb,,
2-s2.0-105019603181,United States,Web (browsing panel),Aug 24 - Dec 7 2020 (period reach),REACH: % of nationally-representative participants who visited >=1 misinfo article (broadest topic available: US Electoral Politics) during the period; n = participants + content,12.7,12.7% (95% CI 10.9-14.7),REACH,TOPICAL,topical,"the most consumed type of misinformation articles was about U.S. Electoral Politics, with 12.7% (95% CI [10.9, 14.7]) of participants being exposed to at least one such article.",1240 nationally representative US adults (YouGov Pulse passive web-browsing panel; 21M URL visits),"behavioural visit to a misinfo-list domain, US-electoral-politics topic","Nyhan & Reifler: information that is false, misleading, or unsubstantiated. Operationalised as visits to misinformation DOMAINS = NewsGuard 'repeatedly publishes false content' sites + academic lists ","1240 participants; 91,424 unique misinfo+hard-news URLs scraped",full_text_rev2,"behavioural browsing reach (not self-report); TOPIC-SPECIFIC max (no all-topic overall misinfo reach reported); other topics: social 10.9%, COVID 6.7%, health 4.3%; time-window documented per L39",YouGov-Pulse
2-s2.0-105019357120,United States,Reddit,Jan 2020 - Jun 2021,CONTENT: % of news-link SUBMISSIONS (to reliable OR unreliable news sites) that link to an unreliable site; n = content (submissions),7.74,633585 / 8180502,CONTENT,TOPICAL,topical,"we identify 633,585 submission hyperlinks to our set of unreliable news websites and a total of 7,546,917 submission hyperlinks to our set of reliable news websites.","8,180,502 Reddit submissions hyperlinking a reliable OR unreliable news website (Jan 2020-Jun 2021; 2.2B comments, 491M submissions corpus)","unreliable-list / MBFC-Low domains, content-item (submission) level","Unreliable domains = websites that regularly publish false information about current events / fail to correct errors (MBFC 'Low' factual + prior academic unreliable lists; 1,054 unreliable, 3,754 reli","8,180,502 news-link submissions",full_text_rev2,"denom = news-link submissions (reliable+unreliable), not all Reddit submissions; domain-reputation labelling of content items",MBFC/MediaBias
2-s2.0-105019357120,United States,Reddit,Jan 2020 - Jun 2021,CONTENT: % of news-link COMMENTS (responding to reliable OR unreliable news submissions) that respond to an unreliable-news submission; n = content (comments),1.94,5290000 / 272290000,CONTENT,TOPICAL,topical,we find 633.59K submissions of unreliable news websites and a corresponding set of 5.29 million comments; we further find 7.55 million submissions that link to our set of reliable websites and 267 million corresponding comments.,272.29M Reddit comments responding to submissions linking reliable OR unreliable news,"unreliable-list / MBFC-Low domains, comment-engagement level","Unreliable domains = websites that regularly publish false information about current events / fail to correct errors (MBFC 'Low' factual + prior academic unreliable lists; 1,054 unreliable, 3,754 reli","272,290,000 news-link-responding comments",full_text_rev2,comment-engagement variant; denom = comments on reliable+unreliable news submissions,MBFC/MediaBias
2-s2.0-85114317455,United States,Twitter,13 Jul - 9 Aug 2020,"junk news exposure rate (% of external-link exposures); content-N = 1103 labeled domains, 8 emulated agents",6.9,6.9%,EXPOSURE,WHOLE_DIET,topical,"Junk news saw an increased share of external links, from 6.9% in chronological timelines to 9.9% in algorithmic timelines","all external-link exposures in chronological (baseline, time-sorted) timelines of 8 emulated agents over 4 weeks",Junk news exposures as % of all external-link exposures in the baseline chronological Twitter timeline,"Junk news = web domains that 'deliberately publish misleading, deceptive, or incorrect information packaged as real news', operationalized via Bradshaw et al. (2020) 5-criteria source typology (meets ",8 agents; 1103 labeled domains; 11038 unique external links,full_text_stepb,"very_small_agent_n (8 agents); emulated/sock-puppet agents, not real users; synthetic sock-puppet agents, external-links-only denom; not human whole-diet (adversarial fix)",
2-s2.0-85114317455,United States,Twitter,13 Jul - 9 Aug 2020,"junk news exposure rate (% of external-link exposures); content-N = 1103 labeled domains, 8 emulated agents",9.9,9.9%,EXPOSURE,WHOLE_DIET,curated,"Junk news saw an increased share of external links, from 6.9% in chronological timelines to 9.9% in algorithmic timelines, such that a random surfer would see proportionally more junk news in the algorithmic timeline",all external-link exposures in algorithmic (curated) timelines of 8 emulated agents over 4 weeks,Junk news exposures as % of all external-link exposures in the algorithmic (curated) Twitter timeline,"Junk news = web domains that 'deliberately publish misleading, deceptive, or incorrect information packaged as real news', operationalized via Bradshaw et al. (2020) 5-criteria source typology (meets ",8 agents; 1103 labeled domains; 11038 unique external links,full_text_stepb,"very_small_agent_n (8 agents); emulated/sock-puppet agents, not real users",
2-s2.0-105038215392,Italy,TikTok,13 Jan 2025,"median VIQI information-accuracy score (quality rating, not falsity %); content-N=150 videos",,info-accuracy VIQI: healthcare 4.0 vs patient 2.5 (of 5),QUALITY,TOPICAL,topical,Information Accuracy (4.0 [IQR: 4.0-4.0] for healthcare vs 2.5 [IQR: 2.0-3.0] for patients),"150 TikTok 'Induction of Labor' videos (top-ranked of 482), stratified by creator type","Median VIQI information-accuracy score (1-5), healthcare- vs patient-created IOL videos, fact-checked vs IOL guidelines","Misinformation level coded per video by fact-checking against WHO/obstetric IOL guidelines: >50% misinfo = 'inaccurate/misinformative', 25-50% = 'partially accurate', <25% = 'accurate/evidence-based'.",150 videos,full_text_stepb,QUALITY_not_prevalence; small_content_n (150); excluded from prevalence synthesis,
2-s2.0-85163629989,Australia,"mixed (self-report, all sources)",1-5 May 2025 (5-day window around 3 May 2025 election),recall-exposure: % of participants self-reporting >=1 misinfo exposure over 5-day window,50.41,50.41% (n=62),RECALL,WHOLE_DIET,population,"within our sample, 50.41% of participants (n = 62) reported seeing election-related misinformation during the 5-days surrounding the election.",123 participants in a 5-day experience-sampling study around the 2025 Australian federal election,% of participants who self-reported SEEING (not sharing) election-related misinformation over the 5-day ESM window,"Self-reported (perceived) misinformation = participant-judged 'what they thought was misinformation related to the Australian election'; no external veracity coding (authors stress it is perceived, no",123 participants,full_text_stepb,self-reported/perceived (not verity-coded); recall over 5-day window,
2-s2.0-85163629989,Australia,"mixed (self-report, all sources)",1-5 May 2025,recall-exposure: % of ESM surveys in which misinfo exposure was reported,17.72,17.72% of surveys,RECALL,WHOLE_DIET,population,"On average, participants reported 2.37 instances of misinformation across the ESM period, and in 17.72% of surveys answered.","all experience-sampling surveys answered (four/day x 5 days, N=123 participants, 2278 observations)",% of ESM survey moments in which the participant self-reported seeing election misinformation since the last survey,"Self-reported (perceived) misinformation = participant-judged 'what they thought was misinformation related to the Australian election'; no external veracity coding (authors stress it is perceived, no",123 participants; 2278 survey observations,full_text_stepb,self-reported/perceived (not verity-coded); momentary recall-exposure,
2-s2.0-85179481261,India,Twitter,"week of Mar 24-30, 2020 (pre-shock baseline)",% of all tweets that are anti-Muslim fake news (content share; baseline week),0.1,,CONTENT,TOPICAL,topical,the share of tweets reporting anti-Muslim false stories - around 0.1% of total tweets in the week preceding the Tablighi shock,"all georeferenced tweets posted in India (week before shock; full sample 1,863,349 tweets Mar 24-Apr 6)",Share of tweets containing anti-Muslim COVID fake-news keywords over all tweets (pre-shock baseline week),"Following Guess et al. (2019): ""false or misleading content intentionally dressed up to look like news articles."" Operationalized as tweets containing anti-Muslim COVID fake-news keywords/hashtags com","content: 1,863,349 tweets (Mar 24-Apr 6 window) by 187,787 distinct users",full_text_stepb,narrow_single_event_topic (anti-Muslim COVID fake news only),
2-s2.0-85179481261,India,Twitter,"Apr 1, 2020 (peak day, day after Mar 30 shock)",% of all tweets that are anti-Muslim fake news (content share; peak day),3.3,,CONTENT,TOPICAL,topical,"jumped to 2.8% on March 31, then peaked at 3.3% a day later","all georeferenced tweets posted in India (daily, Apr 1)",Peak daily share of tweets containing anti-Muslim COVID fake-news keywords over all tweets,"Following Guess et al. (2019): ""false or misleading content intentionally dressed up to look like news articles."" Operationalized as tweets containing anti-Muslim COVID fake-news keywords/hashtags com","content: 1,863,349 tweets (Mar 24-Apr 6 window) by 187,787 distinct users",full_text_stepb,"narrow_single_event_topic; peak_value (transient spike, not steady-state)",
2-s2.0-85181200454,Multiple,Online,Jan-Feb 2021 (last-week recall),"recall-exposure: perceived (self-report saw false/misleading info, last week) [% of respondents]",53.9,,RECALL,TOPICAL,topical,Affirmative answers were summed to create binary measures that measured PME to information related to the COVID (Yes = 53.9%; Norway = 29.8% to Columbia = 72.3%),"online news users across 46 countries (DNR 2021, representative of online populations)",Perceived misinformation exposure: % who report having seen false/misleading info about coronavirus in the last week,"Perceived Misinformation Exposure (PME), adopting Stubenvoll et al. (2021): 'information that lacks facticity in the eyes of the individual, regardless of its actual facticity and the perceived intent","participants: 91,061 respondents (46 countries)",full_text_stepb,perceived/self-report (not observed exposure); cross-country range Norway 29.8% - Colombia 72.3%,
2-s2.0-85181200454,Multiple,Online,Jan-Feb 2021 (last-week recall),"recall-exposure: perceived (self-report saw false/misleading info, last week) [% of respondents]",43.1,,RECALL,TOPICAL,topical,and politics (Yes = 43.1%; Denmark = 19.9% to Kenya = 63.4%),"online news users across 46 countries (DNR 2021, representative of online populations)",Perceived misinformation exposure: % who report having seen false/misleading info about politics in the last week,"Perceived Misinformation Exposure (PME), adopting Stubenvoll et al. (2021): 'information that lacks facticity in the eyes of the individual, regardless of its actual facticity and the perceived intent","participants: 91,061 respondents (46 countries)",full_text_stepb,perceived/self-report (not observed exposure); cross-country range Denmark 19.9% - Kenya 63.4%,
2-s2.0-85060549676,USA,Twitter,Aug-Dec 2016 (2016 election season),fake news share of political-news exposures,5.0,,EXPOSURE,TOPICAL,topical,"When totaled across all panel members and the entire 2016 U.S. election season, 5.0% of aggregate exposures to political URLs were from fake news sources.","aggregate exposures to political URLs (all panel members, 2016 season)",Fake-news-source content as % of aggregate exposures to political URLs; aggregate share (individual-mean was 1.18%),"Content from 'fake news sources' - websites identified (via Lazer et al. and journalistic lists, partitioned into black/red/orange tiers by editorial standards) as routinely publishing fabricated/fals",16442 participants (panel of registered US voters on Twitter),full_text_stepb,aggregate (L36: kept aggregate over 1.18% individual-mean for cross-study comparability),
2-s2.0-85060549676,USA,Twitter,Aug-Dec 2016 (2016 election season),fake news share of political-news shares,6.7,,SHARING,TOPICAL,topical,"Similar trends were observed in content sharing, with 6.7% of political URLs shared by the panel coming from fake news sources.",political URLs shared by the panel,Fake-news-source content as % of political URLs shared by the panel,"Content from 'fake news sources' - websites identified (via Lazer et al. and journalistic lists, partitioned into black/red/orange tiers by editorial standards) as routinely publishing fabricated/fals",16442 participants (panel of registered US voters on Twitter),full_text_stepb,,
2-s2.0-85060549676,USA,Twitter,Aug-Dec 2016 (2016 election season),concentration of exposure,,1% = 80%,CONCENTRATION,TOPICAL,topical,1% of panel members consumed 80.0% of the volume from fake news sources.,panel members (registered US voters on Twitter),Share of fake-news-source exposures attributable to top 1% of panel members,"Content from 'fake news sources' - websites identified (via Lazer et al. and journalistic lists, partitioned into black/red/orange tiers by editorial standards) as routinely publishing fabricated/fals",16442 participants,full_text_stepb,audience-level concentration (L9/L10 exposure),
2-s2.0-85060549676,USA,Twitter,Aug-Dec 2016 (2016 election season),concentration of sharing,,0.1% = 79.8%,CONCENTRATION,TOPICAL,topical,A mere 0.1% of the panel accounted for 79.8% of shares from fake news sources.,panel members (registered US voters on Twitter),Share of fake-news-source shares attributable to top 0.1% of panel members,"Content from 'fake news sources' - websites identified (via Lazer et al. and journalistic lists, partitioned into black/red/orange tiers by editorial standards) as routinely publishing fabricated/fals",16442 participants,full_text_stepb,audience/user-level concentration of sharing (L9),
2-s2.0-85060025053,USA,Facebook,2016,% of people who shared >=1 fake news article,8.5,,SHARING,WHOLE_DIET,population,"According to our main measure of fake news content, 8.5% of respondents for whom we have linked Facebook data shared at least one such article to their friends.",respondents with linked Facebook profile data,% of respondents who shared at least one fake-news-domain article to friends in 2016,"Articles from fake-news domains - a list of websites that 'published false or misleading content intentionally dressed up to look like news articles' (compiled from Allcott & Gentzkow, BuzzFeed, Polit",participants: 3500 survey respondents; 1191 with linked Facebook data,full_text_stepb,"reach_format (% who shared >=1; observed behavioural, but not diet-share)",
2-s2.0-85060025053,USA,Facebook,2016,avg # fake news articles shared (conservatives),,0.75,SHARING,WHOLE_DIET,population,"On average, a conservative respondent shared 0.75 such stories [95% confidence interval (CI), 0.537 to 0.969]",conservative respondents with linked Facebook data,Mean number of fake-news-domain stories shared by a conservative respondent,"Articles from fake-news domains - a list of websites that 'published false or misleading content intentionally dressed up to look like news articles' (compiled from Allcott & Gentzkow, BuzzFeed, Polit",participants: 3500 survey respondents; 1191 with linked Facebook data,full_text_stepb,"intensity_mean_count (L40: mean count, not a share)",
2-s2.0-85060025053,USA,Facebook,2016,% of people who shared >=1 fake news article (Trump supporters),18.1,,SHARING,WHOLE_DIET,population,we find that this proportion is larger for those who reported voting for Trump (18.1%) and smaller for those who reported voting for Clinton (3.5%),Trump-voting respondents with linked Facebook data,% of Trump voters who shared >=1 fake-news-domain article (subgroup of the 8.5%),"Articles from fake-news domains - a list of websites that 'published false or misleading content intentionally dressed up to look like news articles' (compiled from Allcott & Gentzkow, BuzzFeed, Polit",participants subset of 1191 with linked Facebook data,full_text_stepb,"subgroup_nested (nests inside the 8.5% all-respondents figure; subgroup, not a separate population)",
2-s2.0-85081743293,USA,web (desktop/laptop browsing),"Oct 7 - Nov 14, 2016 (final weeks of 2016 campaign)",% of people who visited >=1 (reach),44.3,,REACH,WHOLE_DIET,population,"We estimate that 44.3% of Americans aged 18 or older visited an article on an untrustworthy website during our study period, which covered the final weeks of the 2016 election campaign (95% CI = 40.8-47.7%).","Americans aged 18 or older (YouGov Pulse panel, survey-weighted)","% who visited >=1 article on an untrustworthy website, final weeks of campaign",Content from 'untrustworthy' / 'factually dubious' websites - domains classified (following Pennycook/Lazer-type source lists) as routinely publishing false or low-quality news. Publisher/domain-level,participants: 2525 with page-level web traffic,full_text_stepb,"reach (% who encountered >=1, not diet-share; L39 time window documented)",YouGov-Pulse
2-s2.0-85081743293,USA,web (desktop/laptop browsing),"Oct 7 - Nov 14, 2016",untrustworthy share of news diet,5.9,,EXPOSURE,TOPICAL,topical,articles on these factually dubious websites represented an average of 5.9% of all of the articles that Americans read on websites that focused on hard-news topics during this period (95% CI = 5.1-6.7%).,articles read on websites focused on hard-news topics (plus untrustworthy sites),Untrustworthy-website articles as % of hard-news article reading (information diet),Content from 'untrustworthy' / 'factually dubious' websites - domains classified (following Pennycook/Lazer-type source lists) as routinely publishing false or low-quality news. Publisher/domain-level,participants: 2016 (information-diet n),full_text_stepb,,YouGov-Pulse
2-s2.0-85081743293,USA,web (desktop/laptop browsing),"Oct 7 - Nov 14, 2016",concentration of exposure,,20% = 62%,CONCENTRATION,TOPICAL,topical,62% of all page-level traffic to untrustworthy websites observed in our data during the study period came from the 20% of news consumers with the most conservative information diets.,page-level traffic to untrustworthy websites,Share of untrustworthy-website page visits from the 20% most-conservative-diet consumers,Content from 'untrustworthy' / 'factually dubious' websites - domains classified (following Pennycook/Lazer-type source lists) as routinely publishing false or low-quality news. Publisher/domain-level,participants: 2525 with page-level web traffic,full_text_stepb,audience-level concentration of exposure,YouGov-Pulse
2-s2.0-85083323285,USA,overall (TV+desktop+mobile),2016-2018,share of daily media diet,0.15,fake news = 0.15% of daily media diet,EXPOSURE,WHOLE_DIET,population,"Third, fake news comprises only 0.15% of Americans' daily media diet ... comprising only about one-tenth of 1% of Americans' overall daily media diet","total daily media consumption (~460 min/person/day across TV, desktop, mobile)","Time on 98 fake/deceptive/low-quality/hyperpartisan news sites (publisher-level), as share of all media time",Time spent on 98 'fake news' sites - publisher-level list of fake/deceptive/low-quality/hyperpartisan news domains (defined as sites publishing demonstrably false or misleading content styled as news),"panel: Nielsen TV N~=100,000; Comscore desktop+mobile nat-rep panel; Nielsen web panel 90,000 (2016) to 60,000 (2018); content: 98 fake-news sites + 800+ news sites",full_text_stepb,,Comscore; Nielsen
2-s2.0-85083323285,USA,overall (incl. TV),2016-2018,share of overall news consumption,1.0,fake news ~1% of overall news consumption,EXPOSURE,TOPICAL,topical,we find that fake news itself is only 1% of overall news consumption ... nor did it occupy more than 1% of their overall news consumption (i.e. including TV),total news consumption (TV + online news minutes),Time on 98 fake-news sites as share of all news (TV + online) consumption,Time spent on 98 'fake news' sites - publisher-level list of fake/deceptive/low-quality/hyperpartisan news domains (defined as sites publishing demonstrably false or misleading content styled as news),"panel: Nielsen TV ~100,000; Comscore desktop+mobile nat-rep panel; Nielsen web panel 90,000->60,000; content: 98 fake-news sites",full_text_stepb,,Comscore; Nielsen
2-s2.0-85059494932,USA,Twitter,Jun-Nov 2016,% of news-link tweets directing to fake-only sites (content share),10.0,10% of news-outlet-link tweets point to fake-news sites,CONTENT,TOPICAL,topical,"among the 30.7 million tweets containing an URL directing to a news outlet website, 10% point toward websites containing fake news or conspiracy theory and 15% point toward websites with extremely biased news",30.7M tweets containing a URL to a news outlet,fake-news-only share of news-link tweets ('extremely biased' excluded as not-false),"Tweets with URLs to 'fake news or conspiracy' websites - source/website-level classification (sites known to publish fabricated/conspiratorial news), distinguished from 'extremely biased' (hyperpartis","content: 30.7M news-link tweets (2,991,073 fake-news tweets); users posting fake-news links N=204,899",full_text_stepb,fake-only kept over fake+biased per L36,
2-s2.0-85059494932,USA,Twitter,Jun-Nov 2016,% of distinct news-sharing users posting >=1 fake/biased link (user share),12.0,12% of news-link-sharing users post fake/extremely-biased links,SHARING,TOPICAL,topical,the share going to fake news and extremely biased news is equal to 12% ... users posting fake and extremely biased news are around twice more active in average,~2.3M distinct users who tweeted a URL to a news outlet,actor-level; differs from the 25% tweet share because such users are ~2x more active,"Tweets with URLs to 'fake news or conspiracy' websites - source/website-level classification (sites known to publish fabricated/conspiratorial news), distinguished from 'extremely biased' (hyperpartis","users: ~2.3M distinct news-link-sharing users (fake-news users N=204,899; extreme-bias-right N=294,175)",full_text_stepb,user-level (L19); combines fake+extremely-biased (broader than the 10% fake-only content row),
2-s2.0-85092033301,Global,Gab,1 Jan - 14 Feb 2020,share of MBFC-classified URL-posts linking to a questionable outlet (content items; denom = MBFC-matchable URL-posts),38.0,"Questionable 0.38 (Table 4, Gab)",CONTENT,TOPICAL,topical,Questionable 0.38 ... Gab is the environment more susceptible to misinformation dissemination,"Gab posts containing a URL matched to an MBFC-classified outlet (matched 0.47 of 3,778 URL-posts of 6,252 total Gab posts)","Share of MBFC-classified URL-posts linking to questionable (extreme bias / conspiracy-pseudoscience / fake / low-transparency) outlets, COVID-keyword sample","Questionable source (MBFC): news outlet 'systematically showing one or more of: extreme bias, consistent promotion of propaganda/conspiracies, poor/no sourcing, information not supported by evidence/u","Gab: 6,252 posts; 3,778 with a URL; ~1,776 MBFC-matched; 2,629 users; outlet list 800 questionable vs 1,837 reliable",full_text_reexam,"source_level_classification; small_content_n (MBFC-matched URL-posts ~1.8k, raw URL-posts 3,778)",MBFC/MediaBias
2-s2.0-85092033301,Global,Twitter,27 Jan - 14 Feb 2020,share of MBFC-classified URL-posts linking to a questionable outlet (content items; denom = MBFC-matchable URL-posts),10.0,"Questionable 0.10 (Table 4, Twitter)",CONTENT,TOPICAL,topical,in mainstream social media the number of posts produced by questionable sources represents a small fraction of posts produced by reliable ones ... Questionable 0.10,"Twitter posts containing a URL matched to an MBFC-classified outlet (matched 0.27 of 356,448 URL-posts of 1,187,482 total tweets)","Share of MBFC-classified URL-posts linking to questionable outlets on Twitter, COVID-keyword sample","Questionable source (MBFC): news outlet 'systematically showing one or more of: extreme bias, consistent promotion of propaganda/conspiracies, poor/no sourcing, information not supported by evidence/u","Twitter: 1,187,482 posts; 356,448 with a URL; ~96,000 MBFC-matched; 390,866 users; outlet list 800 questionable vs 1,837 reliable",full_text_reexam,source_level_classification,MBFC/MediaBias
2-s2.0-85092033301,Global,YouTube,1 Jan - 14 Feb 2020,share of MBFC-classified URL-posts linking to a questionable outlet (content items; denom = MBFC-matchable URL-posts),6.4,"Questionable 0.064 (Table 4, YouTube)",CONTENT,TOPICAL,topical,Questionable 0.064 (Table 4) ... in mainstream social media the number of posts produced by questionable sources represents a small fraction,"YouTube posts containing a URL matched to an MBFC-classified outlet (matched 0.035 of 351,786 URL-posts)","Share of MBFC-classified URL-posts linking to questionable outlets on YouTube, COVID-keyword sample","Questionable source (MBFC): news outlet 'systematically showing one or more of: extreme bias, consistent promotion of propaganda/conspiracies, poor/no sourcing, information not supported by evidence/u","YouTube: 111,709 posts; 351,786 URL-posts; ~12,300 MBFC-matched; 3,199,525 users; outlet list 800 questionable vs 1,837 reliable",full_text_reexam,source_level_classification,MBFC/MediaBias
2-s2.0-85092033301,Global,Instagram,1 Jan - 14 Feb 2020,share of MBFC-classified URL-posts linking to a questionable outlet (content items; denom = MBFC-matchable URL-posts),5.0,"Questionable 0.05 (Table 4, Instagram)",CONTENT,TOPICAL,topical,Questionable 0.05 (Table 4),"Instagram posts containing a URL matched to an MBFC-classified outlet (matched 0.09 of 1,328 URL-posts)","Share of MBFC-classified URL-posts linking to questionable outlets on Instagram, COVID-keyword sample","Questionable source (MBFC): news outlet 'systematically showing one or more of: extreme bias, consistent promotion of propaganda/conspiracies, poor/no sourcing, information not supported by evidence/u","Instagram: 26,576 posts; 1,328 URL-posts; ~120 MBFC-matched; 52,339 users; outlet list 800 questionable vs 1,837 reliable",full_text_reexam,source_level_classification; small_content_n (only ~120 MBFC-matched URL-posts),MBFC/MediaBias
2-s2.0-85092033301,Global,Reddit,1 Jan - 14 Feb 2020,share of MBFC-classified URL-posts linking to a questionable outlet (content items; denom = MBFC-matchable URL-posts),4.5,"Questionable 0.045 (Table 4, Reddit)",CONTENT,TOPICAL,topical,Questionable 0.045 (Table 4) ... the same thing happens in Reddit,"Reddit posts containing a URL matched to an MBFC-classified outlet (matched 0.55 of 10,084 URL-posts)","Share of MBFC-classified URL-posts linking to questionable outlets on Reddit, COVID-keyword sample","Questionable source (MBFC): news outlet 'systematically showing one or more of: extreme bias, consistent promotion of propaganda/conspiracies, poor/no sourcing, information not supported by evidence/u","Reddit: 10,084 posts; 10,084 URL-posts; ~5,546 MBFC-matched; 89,456 users; outlet list 800 questionable vs 1,837 reliable",full_text_reexam,source_level_classification,MBFC/MediaBias
NEW-jung-icwsm,United States; South Africa,YouTube (search),30 Jan - 9 Feb 2023,"CONTENT: % of top-10 YouTube SERP results (videos) supporting COVID-19 misinfo, pooled US+SA; content n=10,139 unique videos / 915,440 search results; no human participants (12 sock-puppet bots)",31.55,31.55% supporting; 36.03% opposing; 32.42% neither,CONTENT,search-results audit,topical,"we observe that nearly a third of the top-10 search results were misinformative: 31.55% of the search results supported COVID-19 misinformation, 36.03% were opposing, and 32.42% belonged to the remaining classes.",top-10 YouTube search-result videos returned for 48 queries across 8 COVID-19 misinfo topics x 4 filters x 3 geolocations/country x 10 days,classifier-labeled stance supporting COVID-19 misinformation per Google/WHO policy,"Videos whose stance SUPPORTS COVID-19 misinformation, machine-classifier-labeled (DeBerta-v3-large, 0.85 acc) on a ground-truth set annotated by an expert + AMT workers; heuristics based on Google/WHO","10,139 unique videos (915,440 results); 0 participants (bots)",full_text_newcorp,topical_misinfo_seeded_queries; classifier_15pct_error; SA significantly > US in top-10 (r=0.49) and Relevance filter (r=0.86),
NEW-vanantwerpen-esm,Australia,"any/mixed (social media, conversation, TV, news; election context)",1-5 May 2025 (5-day window around election),"RECALL-exposure: % of participants who self-reported seeing >=1 election misinfo over the 5-day ESM period (reach-style, self-report)",50.41,50.41% (n=62 of 123),RECALL,recall-exposure,population,"within our sample, 50.41% of participants (n = 62) reported seeing election-related misinformation during the 5-days surrounding the election.","123 ESM participants (convenience sample, Australian residents, left-leaning)",self-reported/perceived election misinformation seen or heard,"PERCEIVED / self-reported misinformation. ESM item: 'since the last survey, have you seen or heard misinformation about the Australian election?' (Yes/No) four times daily; baseline/follow-up: 'how of","123 participants; 2,278 ESM observations",full_text_newcorp,self_report_perceived; left_leaning_convenience_sample,
NEW-vanantwerpen-esm,Australia,any/mixed,1-5 May 2025 (5-day window around election),RECALL-exposure intensity: % of completed ESM surveys in which participant reported seeing misinfo since last survey (% of time/moments),17.72,17.72% of surveys answered,RECALL,recall-exposure,population,"On average, participants reported 2.37 instances of misinformation across the ESM period, and in 17.72% of surveys answered.","completed ESM surveys (momentary observations, 2,278 total)",self-reported/perceived election misinformation seen or heard since last survey,"PERCEIVED / self-reported misinformation. ESM item: 'since the last survey, have you seen or heard misinformation about the Australian election?' (Yes/No) four times daily; baseline/follow-up: 'how of","123 participants; 2,278 ESM observations",full_text_newcorp,self_report_perceived; share_of_moments_not_diet,
NEW-vanantwerpen-esm,Australia,any/mixed,1-5 May 2025,"RECALL-exposure intensity: mean self-reported misinfo instances per participant over 5 days (count, not a share)",,2.37 instances / 5 days (baseline recall 3.28/wk; follow-up 2.32/wk),RECALL,recall-exposure,population,"On average, participants reported 2.37 instances of misinformation across the ESM period... At baseline, participants reported seeing election-related misinformation across the past week at an average frequency of 3.28 times. At follow up, this rate decreased to 2.32 times.",123 participants,self-reported/perceived election misinformation,"PERCEIVED / self-reported misinformation. ESM item: 'since the last survey, have you seen or heard misinformation about the Australian election?' (Yes/No) four times daily; baseline/follow-up: 'how of","123 participants; 2,278 ESM observations",full_text_newcorp,intensity_mean_count; exclude_from_diet_share_synthesis (L40); self_report_perceived,
