id,country,country_norm,country_scope,platform,platform_norm,date,year,measure_type,value_pct,value_raw,value_kind,construct,recall_subtype,sharing_subtype,exposure_type,reach_subtype,conc_group_pct,conc_share_pct,conc_unit,conc_dimension,conc_group_label,denominator,definition,misinfo_def,n,source_quote,page_loc,population_scope,breadth,classification_level,ground_truth,ground_truth_detail,unit,denom_scope,denom_selection,sampling_frame,topic,definition_variant,within_misinfo_content,borderline,moderator_quote,confidence,notes,_paper_title,_text_status
W3171657220,Zambia,Zambia,single,Online self-administered questionnaire (Google Forms) distributed through Zambian WhatsApp groups; the encounter item does not name a platform,survey,June to July 2020,2020,% of respondents who have ever heard that COVID-19 symptoms are connected to 5G mobile network radiation,62.9,"162/258 (62.9%); No 72 (27.8%), Not sure 24 (9.3%)",proportion,RECALL,exposure,,,,,,,,,258 internet-using Zambian adults who completed an online questionnaire circulated through Zambia-only WhatsApp groups (all 258 answered this item),Respondent answered 'Yes' to 'Have you ever heard that symptoms of COVID-19 seem to be connected to 5G mobile network radiation?',there have been conspiracy theories that were circulating on social media platforms perpetuating that radiation from 5G towers are linked to symptoms associated with COVID-19,258 respondents,Have you ever heard that symptoms of COVID-19 seem to be connected to 5G mobile network radiation? | 258 | 162 | 62.9 | 72 | 27.8 | 24 | 9.3,"Table 1 'Response on various questions on 5G and COVID-19', p. 35; also Results text p. 35 ('63% agreed they have heard such information') and Abstract ('About 62% of respondents have heard the conspiracy theories linking 5G to COVID-19 symptoms')",general_public,false,claim_level,self_report,"Respondent self-report on a single named claim; the falsity of the 5G-COVID link is asserted by the authors, who also report their own chi-square analyses showing no link. No external coding, no reliability statistic.",person,population,,convenience,covid19,False,False,False,Random sampling was used to administer online questionnaire using various WhatsApp groups to get wide range of respondents. Only groups with participants from Zambia were used. ... A total of 258 respondents answered the online questionnaires.,high,"Agrees with the screen (62.9%, RECALL). The paper calls the design 'random sampling' and reports a Cochran sample-size calculation (95% confidence, 5.4% margin, minimum 249), but recruitment was self-selected distribution through WhatsApp groups among internet users only, so this is a convenience sample of online Zambians and not a population sample; sampling_frame coded convenience accordingly. The abstract rounds to 'about 62%' and the body to '63%'; Table 1's 62.9% is the exact figure and is what is recorded here.",5G Awareness and its Link to COVID-19: Case of Zambians with Access to Internet,ok
W4210350805,"Nigeria (Anambra State, South-East Nigeria)",Nigeria,single,Paper questionnaire; the item asks about exposure to the report through any channel,survey,Not stated; the rumour dates to 11 October 2017 and the paper was published in 2021,2021,% of respondents exposed to the 11 October 2017 Army 'deadly vaccine' report (any channel),100.0,"Yes 332 (100.0), No 0 (0.0), Total 332 (100.0)",proportion,RECALL,exposure,,,,,,,,,"332 Anambra State civil servants working in the State Secretariat, Awka, who returned a questionnaire (341 distributed, 97.4% recovered)",Respondent answered 'Yes' to having been exposed to the 11 October 2017 report that Nigerian Army officers were forcibly injecting schoolchildren with a vaccine containing monkeypox virus; the item wording is never printed,"subsequent official reports showed that the reported deadly vaccine was a mere rumuor which emanated from a school head in Ekwusigo Local Government Area of Anambra State who, on seeing the soldiers who came to the school on a medical outreach, raised the alarm that the soldiers had come to infect the pupils",332 respondents,"Table 7 Respondents' Exposure to the Army ""Deadly Vaccine"" Report | Yes 332 100.0 | No 0 0.0 | Total 332 100.0","Table 7, p. 13",general_public,false,claim_level,self_report,"Single-item self-report on one named rumour; falsity established by the authors from press and Army statements, not by any coding procedure. Instrument validity was checked only by a 20-person pilot and a two-week retest described qualitatively ('no significant difference'); no reliability statistic is reported and the questionnaire items are not reproduced.",person,population,,survey_sample,vaccines,False,False,False,"Table 3 shows that of the total of 341 questionnaire copies distributed, 332 representing 97.4% were recovered as against 9 representing 2.6% that were not.",low,"WARNING ACTED ON: a 100.0% exposure rate with literally zero non-exposed respondents is not credible on its face, and the item wording is nowhere printed, so the item may have been leading or may have functioned as a screener. Recorded as the paper states it, with confidence low; the more usable figures from the same paper are the channel-restricted rows below (85.5% via social media, 74.1% social media as first source). Separate data-quality flag for a human: Figure 1's gender split is 50.9% male and 41.1% female, which sums to 92%, so the demographic tabulations in this paper are not internally consistent.",BELIEVABILITY OF SOCIAL MEDIA POSTS: A STUDY OF ALLEGED FORCEFUL INJECTION OF MONKEY POX VIRUS IN SCHOOL CHILDREN,ok
W4210350805,"Nigeria (Anambra State, South-East Nigeria)",Nigeria,single,Social media (all platforms combined),multi_platform,Not stated; the rumour dates to 11 October 2017 and the paper was published in 2021,2021,% of respondents exposed to the Army 'deadly vaccine' report via social media,85.5,"Yes 284 (85.5), No 48 (14.5), Total 332 (100.0)",proportion,RECALL,exposure,,,,,,,,,The same 332 Anambra State civil servants (not restricted to social media users; 93.4% of the sample reported having social media access),Respondent answered 'Yes' to having been exposed to the 11 October 2017 'deadly vaccine' report VIA social media,subsequent official reports showed that the reported deadly vaccine was a mere rumuor which emanated from a school head in Ekwusigo Local Government Area of Anambra State,332 respondents,"Table 8 Respondents' Exposure to the Army ""Deadly Vaccine"" Report Via Social Media | Yes 284 85.5 | No 48 14.5 | Total 332 100.0","Table 8, p. 13",general_public,false,claim_level,self_report,Single-item self-report; falsity established by the authors from press and Army statements. No reliability statistic; item wording not printed.,person,population,,survey_sample,vaccines,True,False,False,"Table 8 shows that 85.5% of the respondents were exposed to the Army ""deadly vaccine"" report via the social media, while 14.5% were not.",medium,"Channel-restricted variant of the 100% row: the numerator requires encounter specifically on social media, the denominator stays the whole sample of 332. This is the most usable figure in the paper given that the unrestricted 100% is not credible.",BELIEVABILITY OF SOCIAL MEDIA POSTS: A STUDY OF ALLEGED FORCEFUL INJECTION OF MONKEY POX VIRUS IN SCHOOL CHILDREN,ok
W4210350805,"Nigeria (Anambra State, South-East Nigeria)",Nigeria,single,Social media (all platforms combined),multi_platform,Not stated; the rumour dates to 11 October 2017 and the paper was published in 2021,2021,% of respondents for whom social media was the FIRST source of exposure to the Army 'deadly vaccine' report,74.1,"Yes 246 (74.1), No 86 (25.9), Total 332 (100.0)",proportion,RECALL,exposure,,,,,,,,,The same 332 Anambra State civil servants,"Respondent reported that social media was the first place they encountered the 'deadly vaccine' report (as opposed to school authorities, colleagues, relatives, neighbours)",subsequent official reports showed that the reported deadly vaccine was a mere rumuor which emanated from a school head in Ekwusigo Local Government Area of Anambra State,332 respondents,"Table 10 Social Media Platforms as First Source of Respondents' Exposure to the Army ""Deadly Vaccine"" Report | Yes 246 74.1 | No 86 25.9 | Total 332 100.0","Table 10, p. 14",general_public,false,claim_level,self_report,Single-item self-report; item wording not printed; no reliability statistic.,person,population,,survey_sample,vaccines,True,False,False,"Table 10 indicates that for 74.1% of the respondents, social media was the first source of exposure to the Army ""deadly vaccine"" report, while it was not for 25.9%.",medium,Stricter variant again: first-source rather than any-source encounter on social media. Kept because it is a printed share of the whole sample with its counts.,BELIEVABILITY OF SOCIAL MEDIA POSTS: A STUDY OF ALLEGED FORCEFUL INJECTION OF MONKEY POX VIRUS IN SCHOOL CHILDREN,ok
W4210350805,"Nigeria (Anambra State, South-East Nigeria)",Nigeria,single,WhatsApp,WhatsApp,Not stated; the rumour dates to 11 October 2017 and the paper was published in 2021,2021,% of respondents who received the Army 'deadly vaccine' report via WhatsApp,65.7,WhatsApp 218 (65.7); Facebook 56 (16.9); Others 10 (3.0); No answer 48 (14.5); Total 332 (100.0),proportion,RECALL,exposure,,,,,,,,,The same 332 Anambra State civil servants; the 48 'no answer' responses are exactly the 48 who reported no social media exposure in Table 8,Respondent named WhatsApp as the platform via which they received the report,subsequent official reports showed that the reported deadly vaccine was a mere rumuor which emanated from a school head in Ekwusigo Local Government Area of Anambra State,332 respondents,"Table 9 Social Media Platforms Via Which Respondents Received the Report of the Army ""Deadly Vaccine"" | Facebook 56 16.9 | WhatsApp 218 65.7 | Others 10 3.0 | No Answer 48 14.5 | Total 332 100.0","Table 9, p. 14",general_public,false,claim_level,self_report,Single-item self-report; item wording not printed; no reliability statistic.,person,population,,survey_sample,vaccines,False,False,False,"Table 9 shows that 16.9% of the respondents were exposed to the Army ""deadly vaccine"" report via Facebook, 65.7% via WhatsApp, 3% via other platforms, while 14.5% gave no answer.",medium,"Per-platform split, extracted as its own row under the country x platform rule. The item appears to be single-response (the four categories sum to 332), so this is the platform respondents named, not every platform on which they saw it. Only 78.9% of the sample reported having WhatsApp access at all, so 65.7% of the whole sample naming WhatsApp is high but arithmetically possible.",BELIEVABILITY OF SOCIAL MEDIA POSTS: A STUDY OF ALLEGED FORCEFUL INJECTION OF MONKEY POX VIRUS IN SCHOOL CHILDREN,ok
W4210350805,"Nigeria (Anambra State, South-East Nigeria)",Nigeria,single,Facebook,Facebook,Not stated; the rumour dates to 11 October 2017 and the paper was published in 2021,2021,% of respondents who received the Army 'deadly vaccine' report via Facebook,16.9,Facebook 56 (16.9); WhatsApp 218 (65.7); Others 10 (3.0); No answer 48 (14.5); Total 332 (100.0),proportion,RECALL,exposure,,,,,,,,,The same 332 Anambra State civil servants; the 48 'no answer' responses are exactly the 48 who reported no social media exposure in Table 8,Respondent named Facebook as the platform via which they received the report,subsequent official reports showed that the reported deadly vaccine was a mere rumuor which emanated from a school head in Ekwusigo Local Government Area of Anambra State,332 respondents,"Table 9 Social Media Platforms Via Which Respondents Received the Report of the Army ""Deadly Vaccine"" | Facebook 56 16.9 | WhatsApp 218 65.7 | Others 10 3.0 | No Answer 48 14.5 | Total 332 100.0","Table 9, p. 14",general_public,false,claim_level,self_report,Single-item self-report; item wording not printed; no reliability statistic.,person,population,,survey_sample,vaccines,False,False,False,"Table 9 shows that 16.9% of the respondents were exposed to the Army ""deadly vaccine"" report via Facebook, 65.7% via WhatsApp, 3% via other platforms, while 14.5% gave no answer.",medium,Per-platform split from the same single-response item as the WhatsApp row.,BELIEVABILITY OF SOCIAL MEDIA POSTS: A STUDY OF ALLEGED FORCEFUL INJECTION OF MONKEY POX VIRUS IN SCHOOL CHILDREN,ok
W4221007759,"United States (geotagged tweets from US user profiles, 51 states/DC)",United States,single,Twitter,Twitter/X,19 April 2021 to 30 June 2021,2021,% of collected US vaccine-related tweets and retweets that carried a link to a domain on a fake-news/unreliable-source list,0.68,"26,998 fake-news-related tweets out of 'nearly four million geotagged tweets as well as the retweets'; 26,998/4,000,000 = 0.68%. The percentage itself is never printed and the exact corpus size is never printed.",proportion,SHARING,,content_share,,,,,,,,"Nearly four million geotagged US English tweets AND retweets matching COVID-19 vaccine keywords, 19 Apr-30 Jun 2021 (the exact N is never printed; the paper reports a mean of 79,894 geotagged tweets per state, which over 51 states implies about 4.07 million). The denominator includes the large majority of tweets that carry no URL at all, since untagged and URL-free tweets were classed 'others'.","A tweet (original, retweet or quote) containing a URL whose domain name appeared on the Columbia Journalism Review list of 1,125 domains tagged fake, conspiracy, bias or unreliable; the tweet's own text was never judged for truth","if the URL's domain name was judged on the basis of the opinion of communications scholar to be related to the websites containing fake news, conspiracy theories, unreliable contents, or extremely biased news, the tweets that were associated with (i.e., contained/retweeted/quoted) this URL were classified as fake-news-related","approximately 4,000,000 tweets and retweets","Using the aforementioned URL-based tweet classification method, we detected 26,998 fake-news-related (fake news, conspiracy theories, unreliable contents, or extremely biased news) and 456,061 fact-related tweets.","Results, section 3, p. 3; denominator from Methods section 2.1.1, p. 2",general_public,,source_level,domain_list,"Columbia Journalism Review list of 1,125 unique domains, built by merging the curated fake-news site lists of PolitiFact, FactCheck, OpenSources and Snopes; the authors kept the domains tagged fake, conspiracy, bias and unreliable. No tweet was itself truth-coded; the only manual work was a 100-tweet-per-class check that tweeters endorsed rather than debunked the linked content. No inter-rater statistic.",item,topical,,keyword_topical,vaccines,False,False,True,"Nearly four million geotagged tweets as well as the retweets posted from April 19, 2021, to June 30, 2021, were collected. The average number of geotagged tweets per state is 79,894 (Min = 2,796, Max = 715,871, and SD = 119,637).",low,"OVERRULED THE SCREEN ON CONSTRUCT: filed as CONTENT, coded here as SHARING (sharing_subtype content_share). The denominator is a keyword-collected stream of tweets AND retweets, i.e. what users chose to post and repost, classified by the domain of the link they carried, with no item-level truth judgement. Under the denominator rule that is behaviour-filtered content, and the re-extraction campaign already ruled the identical shape (a planetary-scale COVID tweet corpus classified by domain) SHARING rather than CONTENT. SOURCE-LEVEL, recorded as such: this is the share of tweets carrying a link to a flagged DOMAIN, not the share of tweets that were false. TWO THINGS A HUMAN MUST DECIDE. (1) R8: the 0.68% is not printed anywhere and the denominator appears only as the verbal 'nearly four million', so the value is a computation over an approximate denominator; applied strictly, R8 would drop this row. It is recorded here because the numerator is exact and the shape of the estimate is clear, but it should not be treated as a printed value. (2) Addendum D: the flagged group is a disjunction, 'fake news, conspiracy theories, unreliable contents, or extremely biased news', and the paper defines the last branch as sources that 'come from a particular point of view and may rely on propaganda, decontextualized information, and opinions distorted as facts'. That is hyperpartisan, which addendum D treats as different from unreliable, so the numerator is broader than the review's construct. breadth left empty because the classification is source-level.",Misinformation versus Facts: Understanding the Influence of News regarding COVID-19 Vaccines on Vaccine Uptake,ok
W4306960737,Not stated for the sample as a whole; 77.5% of the videos were created in North America and 13.3% in Europe,Global,global,YouTube,YouTube,Search conducted September 2021,2021,% of kidney cancer YouTube videos in which misinformation was found (any level),49.7,Misinformation was found in 49.7% of the videos analysed; the other 50.3% scored as having no misinformation,proportion,CONTENT,,,,,,,,,,"The first 120 videos returned by a default-relevance YouTube search for 'kidney cancer' that met the inclusion criteria (English, longer than one minute, more than 500 views, actually about renal cancer); over 4,000 videos were returned and 250 were reviewed to reach 120","The video scored above the lowest point of a 5-point misinformation Likert scale, where 1 indicates good quality information with low levels of misinformation and 5 indicates high levels; accuracy was judged by consistency with the latest EAU or AUA guidelines","Information on the accuracy of information was assessed on the basis of consistency with either the latest European Association of Urology or American Urological Association guidelines. ... Misinformation was assessed using a 5-point Likert scale. On this scale, a score of 1 point indicated good quality information with low levels of misinformation, and a score of 5 points indicated high levels of misinformation.",120 videos,"Misinformation was found in 49.7% of the videos analysed, and 22.5% contained moderate to high levels of misinformation. The other 50.3% were scored as having no misinformation.","Results, p. 317 (Quality and misinformation analysis)",general_public,misleading,claim_level,researcher_coding,"Two authors (J.S., R.S.) independently reviewed all 120 videos against the latest EAU or AUA guidelines, with a third author (D.A.) holding the deciding vote on discrepancies; alternative-therapy claims were checked against a literature search. No inter-rater agreement statistic is reported.",item,topical,curated,keyword_topical,health_other,False,False,True,"The YouTube search for the term ""kidney cancer"" identified over 4000 videos. Two hundred fifty videos were saved into a playlist for further review, and the first 120 that met the criteria were included in the study.",medium,"WARNING ACTED ON - the paper contradicts itself and BOTH figures are recorded, this row for the value the paper leads with and the next row for the arithmetically consistent one. The Results say 49.7% with misinformation and 50.3% with none; Table 4 gives misinformation score 1 = 61 videos (50.8%), which leaves 59/120 = 49.2%, and the Discussion states 49.2%. 49.7% and 50.3% are not reproducible from any count in the paper. borderline=true because the instrument is a graded Likert on which the lowest point is defined as 'low levels of misinformation' rather than none, so treating score 1 as no misinformation (which the Results text does explicitly) is the paper's own reading rather than a clean true/false split.",A Quality Assessment of Information Available on Renal Cancer on YouTube,ok
W4306960737,Not stated for the sample as a whole; 77.5% of the videos were created in North America and 13.3% in Europe,Global,global,YouTube,YouTube,Search conducted September 2021,2021,"% of kidney cancer YouTube videos with misinformation (any level), from the Table 4 score counts",49.2,"Misinformation score 1 = 61/120 (50.8%), so scores 2-5 = 59/120 = 49.2%; Discussion: 'proportion of videos with misinformation (49.2%)'",proportion,CONTENT,,,,,,,,,,The same 120 included videos (Table 4 misinformation score column: 61 + 32 + 18 + 7 + 2 = 120),The video scored 2 or above on the 5-point misinformation Likert scale (score 1 = good quality information with low levels of misinformation),"Misinformation was assessed using a 5-point Likert scale. On this scale, a score of 1 point indicated good quality information with low levels of misinformation, and a score of 5 points indicated high levels of misinformation.",120 videos,"Misinformation score, n (%) | 1 61 (50.8) | 2 32 (26.7) | 3 18 (15) | 4 7 (5.8) | 5 2 (1.7) | Median 2 — and in the Discussion: 'proportion of videos with misinformation (49.2%)'","Table 4 'Quality and misinformation analysis', p. 317; Discussion, p. 317",general_public,misleading,claim_level,researcher_coding,"Two authors independently reviewed all 120 videos against EAU/AUA guidelines, third author adjudicated; no reliability statistic.",item,topical,curated,keyword_topical,health_other,True,False,True,"Misinformation score, n (%) 1 61 (50.8) 2 32 (26.7) 3 18 (15) 4 7 (5.8) 5 2 (1.7)",medium,"The arithmetically consistent version of the row above. 49.2% is printed verbatim in the Discussion and is exactly what Table 4's counts give (59/120); the Results section's 49.7% cannot be reproduced from any count in the paper. If only one of the two is to be kept, this is the defensible one. Flagged as definition_variant because it is the same measure as the 49.7% row rather than a separate estimate; a human should choose one, not pool both.",A Quality Assessment of Information Available on Renal Cancer on YouTube,ok
W4306960737,Not stated for the sample as a whole; 77.5% of the videos were created in North America and 13.3% in Europe,Global,global,YouTube,YouTube,Search conducted September 2021,2021,% of kidney cancer YouTube videos containing moderate to high levels of misinformation (Likert 3-5),22.5,22.5% contained moderate to high levels of misinformation; Table 4 scores 3-5 = 18 + 7 + 2 = 27/120 = 22.5%,proportion,CONTENT,,,,,,,,,,The same 120 included videos,"The video scored 3, 4 or 5 on the 5-point misinformation Likert scale, i.e. moderate to high levels of misinformation","Misinformation was assessed using a 5-point Likert scale. On this scale, a score of 1 point indicated good quality information with low levels of misinformation, and a score of 5 points indicated high levels of misinformation.",120 videos,"Misinformation was found in 49.7% of the videos analysed, and 22.5% contained moderate to high levels of misinformation.","Results, p. 317; Table 4 counts, p. 317; repeated in Discussion ('Of these, 22.5% scored between moderate and extreme levels of misinformation')",general_public,misleading,claim_level,researcher_coding,"Two authors independently reviewed all 120 videos against EAU/AUA guidelines, third author adjudicated; no reliability statistic.",item,topical,curated,keyword_topical,health_other,True,False,False,"Misinformation score, n (%) 3 18 (15) 4 7 (5.8) 5 2 (1.7)",high,"Stricter definition variant of the same measure: substantial rather than any misinformation. This is the one figure in the paper that is both printed and exactly reproducible from Table 4 (27/120 = 22.5%). The Discussion phrases it as 'of these, 22.5%', which would read as a share of the videos with misinformation, but the arithmetic shows it is a share of all 120.",A Quality Assessment of Information Available on Renal Cancer on YouTube,ok
W4313324568,"Greece (northern Greece, Thrace and South Macedonia)",Greece,single,Online questionnaire; the item does not name a platform,survey,November to December 2021,2021,% of respondents who say they have been deceived by news that later proved to be fake,58.3,"58,3% (n=67) responded positively",proportion,RECALL,exposure,,,,,,,,,"115 Greek pupils and students aged 12-24, recruited by posting the questionnaire to nation-wide social media groups and asking members to pass it on to younger respondents (snowball)",Respondent answered positively to having been deceived by news that has later proven to be fake,the participants' being deceived by news that has later proven to be fake,115 respondents,"With regard to the question of the participants' being deceived by news that has later proven to be fake, 58,3% (n=67) responded positively, which is an important finding in our survey","Section 'Resilience to Fake News', p. 470; also stated at p. 467 as '58,3% stated that they have been influenced by disinformation'",general_public,false,claim_level,self_report,"Single self-report item; the respondent's own retrospective judgement that a news item they believed was later shown to be fake. No external verification, no reliability statistic, item wording not reproduced beyond the paraphrase above.",person,population,,convenience,general_news,False,False,False,"In order to achieve the most representative sample, we posted the questionnaire to nation-wide social media groups asking members of the desired age group to respond anonymously. ... We gathered responses from a total sample of 115 young people students aged between 12 and 24 years old.",medium,"Agrees with the screen (58.3%, RECALL). Eligible under addendum A (belief-conditional recall counts: being deceived entails having met the item). Sample caveats that limit what the value means: N = 115, no probability sampling and no weighting, snowball recruitment through social media groups with pass-along to under-13s, ages 12-24, and only northern Greece (Thrace and South Macedonia) despite the 'nation-wide' description of the recruitment groups. The 67 who answered yes were asked what they did next (67.1% ignored it, 20.7% reported it, 12.2% commented); those are conditional follow-ups, not exposure.",Generation Z: Media Consumption and MIL,ok
W4313324568,"Greece (northern Greece, Thrace and South Macedonia)",Greece,single,Online questionnaire; the item does not name a platform,survey,November to December 2021,2021,% of respondents who say they encounter fake news often,25.2,"28,7% answered not very often, 25,2% answered often and 22,6% answered rarely",proportion,RECALL,exposure,,,,,,,,,The same 115 respondents (the printed categories cover only 76.5% of them; the remaining categories appear only in Figure 11),Respondent chose 'often' on a frequency scale for encountering fake news,The percentages regarding the frequency they encounter fake news,115 respondents,"The percentages regarding the frequency they encounter fake news are the following: 28,7% answered not very often, 25,2% answered often and 22,6% answered rarely","p. 467, with Figure 11 'Frequency of Fake News Feed Spotted by Gen Zers'",general_public,false,claim_level,self_report,"Single self-report frequency item; no external verification, no reliability statistic, item wording and full response scale not reproduced.",person,population,,convenience,general_news,True,False,True,"The percentages regarding the frequency they encounter fake news are the following: 28,7% answered not very often, 25,2% answered often and 22,6% answered rarely (Figure 10).",low,"A distinct measure from the deceived-by-fake-news row: frequency of encountering fake news rather than having been taken in by it. Recorded with low confidence because the three printed categories sum to only 76.5%, so at least one response option (plausibly 'very often' and 'never') exists in Figure 11 but is never printed. A cumulative share (encountered at least sometimes, or at least often) therefore cannot be reconstructed, and 25.2% is a floor for frequent encounter rather than the full top-box share. The text calls the display Figure 10 while the caption calls it Figure 11.",Generation Z: Media Consumption and MIL,ok
W4318617911,Brazil,Brazil,single,Twitter,Twitter/X,"Three 24-hour windows: 15-16 April 2020 (abortion), 20-21 November 2020 (racism), 9-10 April 2021 (COVID-19 inquiry)",2020,% of the most-retweeted tweets in three Brazilian political conflicts that contained some type of information disorder,31.7,"95/300 (Table 4: satire or parody 17, misleading content 63, imposter content 2, fabricated content 15, false connection 18, false context 1, manipulated content 2 = 118 classifications over 95 double-coded tweets; no mis/disinformation 140; suspended or deleted account 65)",proportion,CONTENT,,,,,,,,,,"300 tweets: the 100 most-retweeted tweets from each of three keyword-collected conflict corpora (91,251 / 429,863 / 623,537 tweets). 65 of the 300 could not be inspected because the post had been deleted or the account suspended, and they remain in the denominator as coded by the paper","The tweet was judged to contain at least one Wardle and Derakhshan information disorder (satire or parody, misleading content, imposter content, fabricated content, false connection, false context, manipulated content) after checking its text, image or video against traditional news portals; tweets could receive more than one type","se analizaron todos los mensajes de las publicaciones analizadas, ya sea texto, imagen o video, y se verifico en portales de noticias tradicionales la veracidad de la informacion presentada [all the messages analysed were examined, whether text, image or video, and the veracity of the information presented was verified against traditional news portals]",300 tweets,"Profundizando en los datos de esta tabla, se constata que cuando se observan los tres conflictos juntos, casi un tercio de las publicaciones de la muestra presentan algun tipo de trastorno de la informacion (95 en total). [Going deeper into this table's data, it is found that when the three conflicts are observed together, almost a third of the sample's posts show some type of information disorder (95 in total).]","Results section 4.2, p. 79, with Table 4 'Analisis de los desordenes informativos'",general_public,misleading,claim_level,researcher_coding,Two human coders; category and inter-coder reliability testing following Sampaio and Lycariao (2021) is stated to have been performed but NO reliability coefficient is reported. Veracity checked against traditional news portals.,item,topical,curated,keyword_topical,politics_elections,False,False,True,"Se investigaron los 100 tuits mas influyentes de cada uno mediante un analisis cualitativo de contenido. Estos 100 tuits mas retuiteados representan los mensajes con mayor alcance y visibilidad, totalizando un alcance de 300 tuits analizados en total. [The 100 most influential tweets of each were investigated through a qualitative content analysis. These 100 most-retweeted tweets represent the messages with the greatest reach and visibility, totalling 300 tweets analysed.]",medium,"WARNING ACTED ON - ambiguous denominator, recorded as the paper's own arithmetic supports it. 95/300 = 31.7% is what the paper claims ('casi un tercio de las publicaciones de la muestra'), and 300 is the sample it states. But 65 of the 300 could not be inspected because the post was deleted or the account suspended, so among tweets that could actually be coded the share is 95/235 = 40.4%; the paper never says which denominator it means, and 235 is a figure I computed (300 minus 65, equivalently 140 plus 95), so under R8 it cannot be a row of its own. TWO FURTHER CAVEATS FOR A HUMAN. (1) 17 of the 95 are 'satire or parody', which this review would not normally count as falsity; excluding them gives 78/300 = 26.0%, again a computed complement and so not keepable as a row. (2) The authors describe much of the largest category, misleading content (63 tweets), as users stating opinion as if it were fact ('la opinion del usuario como si fuera la verdad'), which is a broad reading of misleading. borderline=true for those two reasons. Construct kept as CONTENT, against the alternative of SHARING: although the sample is rank-selected by retweet count, the denominator is a set of posts that exist and every post was individually truth-coded, so this is not a share of sharing activity; the popularity selection is recorded as denom_selection=curated. Topic coded politics_elections because the paper frames all three as political conflicts, but the three issues are heterogeneous (abortion law, a racist killing, a COVID-19 inquiry). year set to 2020, the first and modal collection year; the third window is April 2021.",Desórdenes informativos y polarización afectiva: emociones en publicaciones con desinformación en tres conflictos políticos brasileños en Twitter,ok
W4383851554,Not stated; posts were included if in English or Hindi and the authors are based in India,Global,global,Instagram,Instagram,Third week of August 2022,2022,% of relevant diabetes Instagram posts whose information was judged false,4.24,False 19 (4.24%); Authentic and verified 208 (46.43%); Cannot be determined 221 (49.33%); Total 448 (100.00%),proportion,CONTENT,,,,,,,,,,"448 posts judged relevant to diabetes, out of the top-performing 100 posts under each of six diabetes hashtags (600 in total, drawn from an estimated 7.7 million posts); the denominator INCLUDES the 221 posts (49.33%) whose authenticity the researchers could not determine",The post's information was classified false when assessed against the latest WHO guidelines about diabetes,To assess the relevance and authenticity of the said data concerning the latest WHO guidelines about diabetes.,448 posts,The authenticity of the information presented via the published posts was unable to be determined in 221 posts (49.33%). Authentic and verified information was published in 208 posts (46.43%) and misinformation was reported in 19 posts (4.24%). (Table 8),"Results, p. 65, and Table 8 'Authenticity of information in the published posts (N = 448)'",general_public,false,claim_level,researcher_coding,"Each researcher took one or two hashtags and collected the data through Google Forms, judging authenticity against the latest WHO diabetes guidelines; uncertainties were discussed with a mentor and resolved. Posts were not double-coded and no inter-rater reliability statistic is reported.",item,topical,curated,keyword_topical,health_other,False,False,False,"The study was conducted among the top-performing hundred posts tagged under each of the six hashtags, making a total of 600 posts. ... Out of 600 posts selected from 7.7 million posts tagged under diabetes and its related hashtags on Instagram, only 448 posts were found to be relevant to this study.",medium,"Agrees with the screen (4.24%, CONTENT). The value is a LOWER BOUND on falsity: authenticity could not be determined for 221 of the 448 posts (49.33%), and those posts stay in the denominator. Among the 227 posts where a judgement was actually made the share false would be 19/227 = 8.4%, but 227 is a cross-category sum I computed and the paper never prints it, so under R8 it is not extracted as a row; it is recorded here so a human can see the size of the effect. Two other signs the paper's tabulation is not careful, neither of which touches this row: Table 2 prints image posts as 424 (94.64%) but the Results text says 96.64%, and the same table gives a garbled '810.71%' for meme/cartoon representation. The Discussion also misdescribes the undetermined category as posts that 'originated from unverifiable sources', conflating undetermined authenticity with source verification; the unverified-SOURCE share is a separate 39.29% in Table 4.",A web-based cross-sectional observational study on the analysis of information on diabetes on Instagram,ok
W4385325063,United States,United States,single,Facebook (Feed),Facebook,24 September to 23 December 2020,2020,% of all Facebook Feed content exposures that came from sources Facebook identifies as repeat misinformation offenders (control group),0.76,the average proportion of exposures decreased ... from 0.76% to 0.55% for content from misinformation repeat offenders (a reduction of 0.62 views per day on average),proportion,EXPOSURE,,,proportion,,,,,,,"ALL Facebook Feed content exposures (views) of the control-group participants over the three-month treatment period, not just news or political content: 23,377 consenting US adult Facebook users were randomised to treatment or control with equal probability, so the control group is roughly half that number; the exact control-group N and the exact number of exposures are not printed in the main text",A Feed exposure was counted in the numerator when the content came from a source identified by Facebook as repeatedly posting misinformation; the individual post was not itself judged true or false,content from misinformation repeat offenders (sources identified by Facebook as repeatedly posting misinformation),"All Feed exposures of the control group (about half of 23,377 randomised participants); exposure count not printed","Substantively, the average proportion of exposures decreased from 0.034% to 0.030% for content with slur words (a reduction of 0.01 views per day on average), from 3.15% to 2.81% for uncivil content (a reduction of 1.24 views per day on average), and from 0.76% to 0.55% for content from misinformation repeat offenders (a reduction of 0.62 views per day on average).","Results, 'Treatment effects on content exposure', p. 141-142; measurement details are in Supplementary Information section 1.3",general_public,,source_level,domain_list,"A Meta-internal designation: sources (friends, Pages, groups) that Facebook has identified as repeatedly posting misinformation, a status the platform assigns off the back of its third-party fact-checking programme. The classifier was supplied by Meta, who co-authored the paper; the measurement details sit in Supplementary Information section 1.3, which is not in the text file on disk, so no accuracy or reliability figures could be checked. No item-level truth coding at any point.",exposure,all_media,,panel_trace,general_news,False,False,False,"In total, the sample for this study consists of 23,377 US-based adult Facebook users who were recruited via survey invitations placed at the top of their Facebook feeds in August and September 2020, provided informed consent to participate and completed at least one post-election survey ... Respondents were assigned to treatment or control with equal probability using block randomization ... The Feed of participants in the control condition was not systematically altered.",high,"WARNING ACTED ON - SOURCE-LEVEL, under addendum rule H. This is the share of Feed exposures coming FROM sources Facebook flags as repeat misinformation offenders, not the share of exposures that were themselves false; classification_level is set to source_level and breadth is left empty for that reason. DENOMINATOR, which is the thing to get right here: it is ALL Feed content exposures, not political or news exposures. Civic content is a median 6.9% of what users see and news a median 6.7% (Supplementary Table 11), so 0.76% of everything is a substantial share of the political slice, but the two must not be confused and no within-news equivalent is printed. Three further qualifications for a human. (1) 0.76% is the CONTROL-GROUP mean inside a randomised experiment among consenting volunteers, not a population descriptive; the paper's descriptive arm (231 million monthly active US Facebook users) reports like-minded exposure only, so there is no population-level repeat-offender figure in this paper. (2) The denominator is exposures, not people, which makes this EXPOSURE rather than REACH; the paper gives no reach figure for repeat-offender content. (3) Meta co-authored the paper and supplied the classifier, and the classifier's documentation is in Supplementary Information section 1.3, which is not in the file on disk. Agrees with the screen on value and construct.",Like-minded sources on Facebook are prevalent but not polarizing,ok
W4389633384,"Not stated; English-language posts only, authors based in Canada",Global,global,Tumblr,other,18 to 21 August 2023 inclusive (4 days),2023,% of perinatal-health Tumblr text posts flagged as misinformation,3.0,"Misinformation, although present on the platform, accounted for only 3% of the total sample of posts (7/235)",proportion,CONTENT,,,,,,,,,,"235 English-language Tumblr TEXT posts relevant to perinatal and women's health, reached from 676 posts collected on 43 keywords over four days by removing non-text posts (244), duplicates (80), near-duplicate spam at 85% Jaro-Winkler similarity (15), non-English posts (9) and posts judged irrelevant by both first authors (93)","The post was flagged as misinformation on the content of the post, within the 30-post 'Misinformation/advertisement' theme; the flagged posts promoted non-evidence-based treatments and natural remedies (essential oils for labour pain, herbs for menopause, products to conceive quickly, natural cures for hair loss and migraine in pregnancy)","Some posts promoted the use of herbs and medications (e.g., essential oils, natural vitamins, herbs to relieve menopause or pregnancy symptoms) without sufficient scientific evidence supporting their use.",235 posts,"Misinformation, although present on the platform, accounted for only 3% of the total sample of posts (7/235).","Discussion, section 5, p. 8; supported by section 4.1.6 'Misinformation/advertisement': 'Of the 30 posts, 7 were flagged as ""misinformation"" due to the content of the post'; repeated in section 5.4",general_public,misleading,claim_level,researcher_coding,"Two co-authors (JT and VC) analysed the data; relevance screening was done independently by both first authors with disagreements resolved by consensus, but no such procedure is described for the misinformation flag itself and NO inter-rater reliability statistic is reported anywhere. The falsity standard is the absence of sufficient scientific evidence for the promoted remedy, applied by the coders rather than against a named guideline or fact-check.",item,topical,,keyword_topical,health_other,False,False,True,"All posts were gathered on a 4-day period, from August 18 to 21, 2023 inclusively. The 4-day period was chosen to represent a ""snapshot"" of Tumblr while obtaining enough posts for analysis. ... There were 676 posts collected that used at least one of the searched keywords.",medium,"WARNING ACTED ON, and it is the reason for borderline=true: the falsity judgement is two co-authors with no reliability statistic, and every flagged example is a promotional post pushing a natural remedy or a product, so the misinformation/advertising boundary is thin and a different coder could plausibly have called these adverts rather than false claims. The collection window is only four days and the denominator is small, so the estimate is a snapshot rather than a stable platform prevalence; the authors say so themselves in their limitations. The screen changed its ruling from EXCLUDE to INCLUDE on the restored pages, and that change is right: the truncated text showed only the mixed 'Misinformation/advertisement' theme (n = 30), which would have failed addendum G, but section 4.1.6 breaks that theme into 7 content-flagged misinformation posts, 7 media advertisements and 16 doctor advertisements, so the 3% figure rests on individually flagged posts. 3% is the paper's own rounding of 7/235 = 2.98%.",A Tumblr thematic analysis of perinatal health: Where users go to seek support,ok
W4400887711,"not stated (English-language TikTok videos; author based in Birmingham, UK; NICE UK guidelines used as the standard)",Global,global,TikTok,TikTok,not stated; hashtag search conducted before submission (received 1 July 2024); references cited as accessed 16 May 2024,2024,% of educational #Psoriasis TikTok videos judged unreliable against NICE guidance,45,45% (n = 21) of 47 educational videos deemed unreliable; 55% (n = 26) reliable,proportion,CONTENT,,,,,,,,,,"47 videos categorised as EDUCATIONAL content, out of 134 English-language on-topic #Psoriasis videos retained from the first 200 videos in the TikTok #Psoriasis hashtag feed (65 excluded as non-English, 1 as off-topic). Only the educational subset was reliability-coded; the denominator is type-conditional.",An educational video was 'deemed unreliable' when the information it shared did not accord with the NICE psoriasis guideline and NICE Clinical Knowledge Summaries; the unreliable content is described as centred on discontinuing prescribed medication in favour of dietary change.,The paper gives no formal definition; it operationalises misinformation as content not 'reliable and evidence based' when checked against 'the NICE guidelines and NICE clinical knowledge summaries'.,47 educational videos,"We found that of the 47 educational videos, around 55% (n = 26) were classed as reliable whilst the remaining 45% (n = 21) were deemed unreliable.","p. 1 of 2, Results paragraph on educational content; Table 1",general_public,misleading,claim_level,researcher_coding,"Single author (research letter) coded each educational video's information as reliable or unreliable against the NICE psoriasis guideline (CG153) and NICE Clinical Knowledge Summaries. No coder count, no codebook and no intercoder reliability statistic reported.",item,topical,curated,keyword_topical,health_other,False,False,False,"we first searched TikTok using “#Psoriasis” and navigated our way to the hashtag section. From here, we selected the first 200 videos to include in our study. ... Therefore, our final study size was 134 videos in total. ... Specifically for educational content, we used the NICE guidelines2 and NICE clinical knowledge summaries3 to determine whether the information being shared was reliable or not.",medium,"Type-conditional denominator (warning acted on): the 45% is a share of the 47 EDUCATIONAL videos, not of the 134 videos in the sample. The whole-sample equivalent 21/134 = 15.7% is arithmetically available but is NOT printed by the paper and is not extracted. Rank-truncated sample (first 200 hashtag videos) hence denom_selection=curated. Coded claim_level because reliability was judged from the information in each video against a clinical guideline, not from the identity of the source; the unreliable content is described as advising discontinuation of prescribed medication, i.e. advice contrary to a standard, so this is accuracy rather than a generic quality score. Confidence medium: single-author two-page research letter, no reliability statistic, no coding protocol, small denominator (47).",Descaling psoriasis narratives on TikTok: A cross-sectional study,ok
W4409319996,United States (Johns Hopkins; US NRMP match; APD guidelines),United States,single,"TikTok, Reddit and Student Doctor Network (SDN)",multi_platform,March 2024 (searches conducted),2024,% of social media sources discussing away rotations whose advice contradicts the official APD guideline on the number of away rotations,38.0,"8 of 21 sources (38.0%) suggested completing as many away rotations as possible, against an APD maximum of two (three without a home programme)",proportion,CONTENT,,,,,,,,,,"21 sources that COVERED THE TOPIC OF AWAY ROTATIONS, out of 34 social media sources on the dermatology match (10 TikTok, 14 Reddit, 10 SDN) retrieved in March 2024. The denominator is topic-conditional; no whole-corpus (n = 34) inaccuracy share is reported anywhere in the paper.","A source counted in the numerator if its advice was to complete as many away rotations as possible, which the authors state contradicts the Association of Professors of Dermatology guideline recommending a maximum of two external rotations (three for students without a home dermatology programme).","No formal definition. The paper frames its object as 'the accuracy of dermatology match information' and says advice on these platforms 'can be misleading', with online material 'compared with the official National Residency Matching Program (NRMP) 2022 match data' and the APD guidelines.",21 sources discussing away rotations,"Nineteen of 21 sources (90.5%) recommended participation in away rotations. Eleven of these (52.3%) provided a specific number, averaging 3.9 rotations, while 8 (38.0%) suggested completing as many as possible — contradicting APD guidelines, which recommends a maximum of two external rotations for students with home dermatology programs and three for those without.[2]","Results, third paragraph of the research letter; same figures in the Abstract",general_public,misleading,claim_level,researcher_coding,"Authors (three, Johns Hopkins Dermatology) compared the content of each source with the official NRMP 2022 match data and the APD Residency Program Directors Section guidance for the 2023-2024 cycle. Quantitative claims were tested with Student's t-tests; qualitative claims were 'qualitatively compared'. No codebook, no coder-blinding, and no intercoder reliability statistic reported.",item,topical,curated,keyword_topical,other,False,False,True,"In March 2024, we used the search terms ""how to match into dermatology"" and ""advice for the dermatology match process,"" identifying 34 sources and corresponding response comments from TikTok (10), Reddit (14), and SDN (10). ... Representative quotes were qualitatively compared to NMRP data and the Association of Professors of Dermatology (APD) Residency Program Directors Section Information Regarding the 2023-2024 Application Cycle guidelines.[2] Inclusion criteria required at least one numeric data point for comparison.",low,"Borderline. The numerator is ADVICE discordant with a written professional guideline rather than a false factual claim, so this sits at the CONTENT/QUALITY boundary; it is coded CONTENT because the discordance is judged against a specific external standard (the APD letter) and stated as a contradiction. Topic coded 'other', not health_other: the subject is residency-application advice, not clinical or health information. Denominator is topic-conditional (21 of 34 sources) and small; no whole-corpus inaccuracy share exists in the paper and none is computed here. Internal inconsistencies noted by the screen and confirmed in the text: the abstract says 15 Reddit posts while the manuscript says 14 (34 = 10 + 14 + 10 only with 14); '11 of these (52.3%)' should read 52.4%. Confidence low: preprint research letter, n = 21 in the denominator, no reliability statistics, and the falsity judgement is about advice.",The Quality of Dermatology Match Information on Social Media Platforms: Cross-Sectional Analysis,ok
W4414259328,United States,United States,single,"Web browsing across all websites, tracked by YouGov Pulse web-tracking software (desktop and mobile browsing, not a single platform)",web_cross_platform,"Wave 2 browsing window, 19 September 2020 to 7 December 2020 (Wave 1 browsing 24 August to 18 September 2020; surveys 18 September and 7 December 2020)",2020,% of tracked panellists who visited at least one untrustworthy website during the Wave 2 window,39.6,"39.6% (95% CI [36.8, 42.4])",proportion,REACH,,,,exposure,,,,,,"1,194 American adults recruited by YouGov who completed both surveys and installed the YouGov Pulse web-tracking software; the denominator is PEOPLE, not browsing observations. The N = 21M reported in the abstract is the count of browsing observations across the panel, not the denominator of this share.","A participant counted in the numerator if they made at least one recorded page view to a URL within any of 1,796 domains on the study's untrustworthy-website list during the Wave 2 observation period (19 September to 7 December 2020). Exposure is judged at the DOMAIN level, not claim by claim: any page view to a listed domain counts, whether or not that particular page carried a false claim.","Operationalised as visits to 'untrustworthy websites', a list of 1,796 domains for the 2020 US election context combining Guess, Nyhan and Reifler (2020) (itself 490 domains from Grinberg et al. 2019 plus 66 from Allcott and Gentzkow 2017) with 1,240 domains NewsGuard classified as 'repeatedly publishing false content' during the 2020 study period.","1,194 tracked US adults","In our data, 39.6% (95% CI [36.8, 42.4]) of our participants were exposed to at least one untrustworthy website in Wave 2.","Section 5, 'Untrustworthy Website Exposure and Belief Relationship Estimation Results', first paragraph",general_public,,source_level,domain_list,"A 1,796-domain untrustworthy-website list assembled by the authors: the Guess, Nyhan and Reifler (2020) list (490 Grinberg et al. 2019 domains + 66 Allcott and Gentzkow 2017 domains) plus 1,240 domains rated by NewsGuard, an organisation of journalists rating news sources, as 'repeatedly publishing false content' during the 2020 study period. No item-level verification; no coder reliability applies because no human coding of content was done.",person,population,,panel_trace,politics_elections,False,False,False,"To identify participant visits to untrustworthy websites, we followed the procedure used in recent studies (Moore, Dahlke, and Hancock 2023; W. Ahmad et al. 2024) by creating a comprehensive list of 1,796 domains for the 2020 US election context. ... Our primary independent variable, binary untrustworthy website exposure, was coded “1” if a participant visited at least one unique domain from this list during the Wave 2 observation period (September 19, 2020, to December 7, 2020), and “0” otherwise. Any recorded page view to a URL within a listed domain constituted a visit.",high,"SOURCE-LEVEL (warning acted on): exposure is judged at the domain level against a 1,796-domain untrustworthy list, so this is the share of people who visited at least one FLAGGED SITE, not the share who met a verified false claim. The paper itself concedes the gap: 'not every URL from an untrustworthy website necessarily contains false or misleading' content. breadth is left blank accordingly. The 21 million figure in the abstract is browsing OBSERVATIONS, not the denominator; the denominator is the 1,194 tracked people. Sample is a YouGov panel with survey weights supplied to match a nationally representative population, but the weights are described as applied 'in our regression analyses'; whether the 39.6% descriptive share is weighted is not stated, so it is safest to read it as the raw panel share. Coverage limitation stated by the authors: the trace captures web browsing only, not in-app or other channels. Confidence high: the value is printed verbatim with a CI, the denominator is explicit, and the measurement procedure is fully specified.",Untrustworthy Website Exposure and Election Beliefs: Selective Exposure and Ideological Asymmetry,ok
W4414351820,"Nigeria (Delta State: Ethiope West and Ughelli North LGAs, Delta Central senatorial district)",Nigeria,single,"Social media in general (respondents' most-used platforms: Facebook 40.2%, WhatsApp 31.8%, Twitter 13.9%); measured by questionnaire",survey,not stated; no fieldwork dates given anywhere in the paper. Published 2025.,2025,% of surveyed youth agreeing (strongly agree + agree) that most political information on social media is false and unreliable,57.7,Strongly agree 177 (37%) + agree 97 (20%) = 274 of 475 (57.7%); the text reports this as 'N =58%; X = 3.4; SD =1.5',proportion,RECALL,exposure,,,,,,,,,"475 youth resident in Delta State, Nigeria, who returned usable questionnaires out of 500 distributed (95% response rate); multi-stage sample (stratified to one senatorial district, then two LGAs, then five towns each, then accidental sampling of 50 per town).",A respondent counted in the numerator if they chose Strongly Agree or Agree on the five-point Likert item 'Most political information on social media are false and unreliable'.,No definition is offered. The construct is carried entirely by the item wording 'false and unreliable' political information on social media.,475 survey respondents,"Table 2 showed that although the respondents identified the peculiar nature of social media political awareness to be false, unreliable (N =58%; X = 3.4; SD =1.5) and largely centered on trivial issues of the society (N =52%; X = 3.1; SD =1.6), the awareness are often current (N = 86%; X =1.9; SD =1.0) and targeted at majority of citizens (N = 77%; X = 4.1; SD=1.5). [Table 2, item 2: 'Most political information on social media are false and unreliable' SA 177 (37) A 97 (20) UD 13 (3) D 131 (28) SD 57 (12), X 3.4 (1.5), Accept]","Table 2, item 2, p. 11, and the paragraph immediately following Table 2",general_public,false,mixed,self_report,Respondents' own global judgement on a five-point Likert item; no external classification of any content. Instrument content-validated by two research and media studies experts; pilot with 20 youth in Effurun gave Cronbach's alpha .878 for the scale as a whole.,person,population,,survey_sample,politics_elections,False,False,True,"Data were collected using a structured likert scale questionnaire with responses ranging from 1 (Strongly Disagree) to 5 (Strongly Agree). ... Out of the 500 copies of the distributed questionnaire, 475 copies were appropriately filled, returned and found usable, representing a 95% response rate.",medium,"Borderline construct: this is agreement with a perception statement about how much political information on social media is false, not a 'did you encounter misinformation' frequency item. It is admitted under the section 1 rule that perceived amount of misinformation in one's environment counts as RECALL. classification_level coded 'mixed' because nothing is classified by anyone but the respondent, and the judgement is a global one about a body of content rather than about a claim or a named source. VALUE: 274/475 = 57.7% from the verbatim table counts; the text's 'N = 58%' is the sum of the rounded row percentages (37 + 20 = 57) reported as 58, so the paper's own two statements of this figure differ by about a point. Both are the same cells, so no cross-category sum is involved. INTERNAL INCONSISTENCY in the paper, which does not touch this row but bears on confidence: the summarising paragraph misaligns with Table 2 for the OTHER items - it reports the trivial-issues item as 'N =52%; X = 3.1; SD =1.6' while Table 2 item 4 shows 69 + 9 = 78% with X = 4.1, SD = 1.5, and it reports 'N = 86%; X =1.9; SD =1.0' for an item Table 2 marks Reject with only 6 + 3 = 9% agreement. Item 2's mean and SD (3.4, 1.5) do match between text and table, so the extracted row is the internally consistent one. No fieldwork dates are given; year is the publication year. Confidence medium.",The use of social media in the creation political awareness of youth in Delta State,ok
W4417119300,Brazil,Brazil,single,"YouTube (YouTube Brazil, www.youtube.com.br)",YouTube,Videos downloaded 21 September 2024; content evaluation October to November 2024,2024,"% of analysed YouTube videos containing at least one piece of incorrect information (score 1 or 2, 'totally wrong' or 'partially wrong', on at least one of six content variables)",10.6,Eleven videos (10.6%) of 104,proportion,CONTENT,,,,,,,,,,"104 videos, being those of the first 200 results for the Portuguese keyword 'boca ferida radioterapia' on YouTube Brazil that lasted 1 to 15 minutes and were on topic (5 excluded as shorter than 1 minute, 39 as longer than 15 minutes, 52 as off-topic). The denominator is restricted by video length and topic relevance.","A video counted in the numerator if at least one of the six a priori content variables was scored 1 ('the information is totally wrong') or 2 ('the information is partially wrong') against the reference definition for that variable, which made the video 'poor' in the paper's classification.","No formal definition of misinformation. Operationalised through the scoring scale: score 1 'The information is totally wrong'; score 2 'The information is partially wrong', against reference definitions of six content variables drawn from current scientific literature. The abstract calls these videos poor 'due to the presence of misinformation'.",104 videos,Eleven videos (10.6%) were classified as ‘poor’ because they contained at least one incorrect information.,"Results, 'Video Content Quality Assessment' paragraph, and Abstract; Table 2",general_public,false,claim_level,researcher_coding,"Six content variables with reference definitions defined before the search by a panel of three dentists specialised in cancer care, based on current scientific literature. Videos were watched offline and scored independently by two trained and calibrated evaluators; a senior investigator resolved non-consensus. Calibration in two stages (10 videos then 5 more) with Cohen's kappa > 0.8.",item,topical,curated,keyword_topical,health_other,False,False,False,"A YouTube Brazil search (www.youtube.com.br) was conducted using the term “boca ferida radioterapia” (“mouth sore radiotherapy”), applying only the default relevance filter. All searches were performed on the same day using a research-dedicated account to avoid result variation from history or cookies. The first 200 videos were selected, but only those lasting 1–15 min were included ... Videos unrelated to the topic were also excluded. ... Based on the Likert scale, videos were categorized into three groups: Group 1 – incorrect information (scores 1–2), Group 2 – information not mentioned (score 3), and Group 3 – correct and comprehensive information (scores 4–5).",high,"The paper's headline framing is quality, but this particular cell is an accuracy count: 'poor' is defined solely by the presence of at least one variable scored as totally or partially wrong against a stated reference definition, so it meets the CONTENT test in section 3 rather than the QUALITY exclusion. The neighbouring 32.7% 'fair' category is an OMISSION measure (the information was not mentioned) and is not accuracy; it is deliberately not extracted. Rank-truncated and length-restricted denominator, hence denom_selection=curated and a denominator stated in words. Single keyword, in Portuguese only, acknowledged by the authors as a limitation. Confidence high: verbatim value with counts, explicit denominator, two independent coders with kappa > 0.8, and a pre-specified codebook. One internal inconsistency of no consequence to the row: the aim breakdown is given as 85.6% in the abstract and 85.5% in Table 1, and the exclusion arithmetic is stated as '200 initially screened, 104 included and 52 excluded for being off-topic' without restating the length exclusions in the same sentence.",Quality Assessment of Videos about Radiotherapy-Related Oral Mucositis on YouTube in Brazil,ok
W7117302408,"Nigeria (Lafia Metropolis, Nasarawa State)",Nigeria,single,"Social media generally; the paper names Facebook, WhatsApp, Instagram and X as the dominant platforms. Measured by questionnaire.",survey,not stated; no fieldwork dates are given anywhere in the paper. Published 2025.,2025,"% of surveyed residents reporting exposure to misinformation and fake news as a challenge, i.e. that misleading or false information on social media created confusion about the NIN-SIM policy",69,"69 (Table 4, 'Exposure to misinformation and fake news', Percentage (%) column); text: 'About 69% of respondents'",proportion,RECALL,exposure,,,,,,,,,"371 adult residents of Lafia Metropolis, Nigeria, who returned valid questionnaires out of 384 administered; availability (convenience) sample of urban residents who were active social media users exposed to the NIN-SIM registration campaign.","A respondent counted in the numerator if they reported exposure to misinformation and fake news as a challenge to government social media communication; the text glosses this as indicating that misleading or false information circulating on social media created confusion regarding the objectives, procedures and implications of the NIN-SIM registration policy. The item wording itself is not printed, only the Table 4 row label and this gloss.",No definition. Carried by the Table 4 row label 'Exposure to misinformation and fake news' and the text's 'misleading or false information circulating on social media platforms'.,371 survey respondents,"About 69% of respondents indicated that misleading or false information circulating on social media platforms created confusion regarding the objectives, procedures, and implications of the NIN–SIM registration policy. [Table 4: 'Exposure to misinformation and fake news' — 69]","Section 3.3 (structural and informational challenges), p. 285-286, and Table 4",general_public,false,mixed,self_report,"Respondent self-report on a structured questionnaire with five-point Likert responses; items developed from the literature and the Technology Acceptance Model, reviewed by communication research experts for validity, with test-retest over a two-week interval for reliability. No coefficient is reported, only that responses were 'consistent'. No item wordings are printed and no response distributions are given behind the Table 4 percentages.",person,population,,convenience,politics_elections,False,False,True,"Participants were selected through availability sampling due to the heterogeneity of the urban population and practical constraints associated with large-scale field surveys. ... Out of the 384 questionnaires administered, 371 were successfully retrieved and found valid for analysis. ... Responses were measured on a five-point Likert scale ranging from strongly agree to strongly disagree.",low,"Borderline, and coded generously. The row label states EXPOSURE to misinformation and fake news, which is what makes it eligible; but the accompanying text frames the same 69% as respondents saying that false information CREATED CONFUSION, which adds a consequence judgement to the encounter. Because the item wording is never printed, it cannot be settled whether a respondent who met misinformation but was not confused by it would have been counted. Topic coded politics_elections: the subject is government policy communication (the NIN-SIM registration mandate), not an election. classification_level 'mixed' because nothing is classified by anyone but the respondent, and the judgement is global rather than about a specific claim or source. Reporting is thin throughout: no fieldwork dates, no item wordings, no frequency counts behind any percentage, no reliability coefficient, and a non-probability availability sample. Confidence low. HUMAN DECISION NEEDED: the screen flagged this record as a boundary case to be ruled on together with W4407598524 (a nurses paper the screen excluded because its 44.1% is a top-two-box on a 'how great a challenge' severity scale). W4407598524 is NOT in this batch, so the pair could not be ruled together here; the two should still be reconciled before the arm closes, since both are single rows in a challenges battery and neither paper prints its item wording.",From Awareness to Compliance Government Social Media Communication and Citizens' Behaviour toward NIN-SIM Registration in Nigeria,ok
W7161962711,"Nigeria (Uyo metropolitan area, Akwa Ibom State)",Nigeria,single,"Social media generally; Table 1 covers Facebook, Twitter/X, WhatsApp and Instagram. Measured by questionnaire.",survey,2025 (the paper states it targets 'residents of Uyo as the population for 2025'); no fieldwork month is given. Published May 2026.,2025,% of surveyed residents reporting very frequent or frequent exposure to misinformation on social media during political campaigns,72.7,Very Frequent 170 (42.6%) + Frequent 120 (30.1%) = 290 of 399 (72.7%),proportion,RECALL,exposure,,,,,,,,,"399 adult residents of Uyo, Nigeria, the sample size derived from Taro Yamane's formula for a population of about 1,457,020 at a 5% margin of error; combined cluster sampling (randomly selected wards or neighbourhoods) and simple random sampling within clusters. Every table row in the paper totals exactly 399, i.e. no item nonresponse is reported anywhere.",A respondent counted in the numerator if they placed their experience of 'Exposure to misinformation' at Very Frequent or Frequent on the four-point frequency scale (Very Frequent / Frequent / Rare / Never). The item wording is not printed; only the row label is given.,"The paper defines the term in its literature review: 'misinformation refers to false or misleading information shared without necessarily' an intent to deceive, distinguished from disinformation. No operational definition is given for the survey item.",399 survey respondents,"Table 2 reveals that respondents most frequently reported exposure to misinformation (72.7%) and fake campaign promises (70.2%), while contradictory messages (65.2%) and delayed clarifications (67.7%) were also significant. [Table 2, row 'Exposure to misinformation': Very Frequent 170 (42.6%), Frequent 120 (30.1%), Rare 70 (17.5%), Never 39 (9.8%), Total 399 (100%)]","Table 2 and the paragraph following it, p. 1985-1986; repeated in the Discussion of Findings and the Abstract",general_public,false,mixed,self_report,"Respondent self-report on a structured questionnaire. Pilot test with about 10% of the calculated sample (around 40 people) outside the main clusters; internal consistency assessed with Cronbach's alpha, reported only as 'a reliability coefficient of at least 0.70', with no actual value given. No item wordings printed, no coder or classification step of any kind.",person,population,,survey_sample,politics_elections,False,False,True,"Using Taro Yamane’s formula for sample size determination, with a margin of error (e) set at 5% (0.05), the sample size 𝑛 was calculated and a sample of about 399 respondents was drawn. The sampling technique combined cluster sampling and simple random sampling ... Data were collected using a structured questionnaire instrument, with items designed to measure aspects such as exposure to campaign social media messages, internal campaign communication perception, misinformation exposure, and response practices.",low,"POSSIBLE DATA-INTEGRITY PROBLEM, recorded on the row so it travels with the value (warning acted on). The paper's tables show the signature of construction rather than observation. Every cell is a round multiple of ten except a residual chosen to make the row total exactly 399 (39, 49, 69, 99), and every row in Tables 1, 2 and 3 totals exactly 399, so no item is missing a single response. The same count vectors recur across tables: Table 2's 'Exposure to misinformation' row is 170 / 120 / 70 / 39, and Table 3's 'Negative perception of campaigns' row is the identical 170 / 120 / 70 / 39, which is why both are reported as 72.7%; Table 2's 'Contradictory messages' row (150 / 110 / 90 / 49) is identical to Table 3's 'Increased political apathy' row and to Table 1's Facebook row (150 / 120 / 80 / 49 is close but distinct). I extract the value the paper prints and that its own arithmetic supports (170 + 120 = 290 of 399 = 72.7%), and flag the whole table as possibly fabricated. Confidence low for that reason, not because the arithmetic fails. Additional weaknesses: the item wording is never printed, only the row label; the Cronbach's alpha is given as a floor ('at least 0.70') rather than a value; the venue is a low-barrier journal (IRE Journals); no fieldwork dates. classification_level 'mixed' because nothing is classified except by the respondent. HUMAN DECISION NEEDED: whether a paper whose tables may be constructed should contribute a row at all.",When Social Media Becomes a Problem: Communication Failures in Nigerian Political Campaigns,ok
W7162938155,Indonesia,Indonesia,single,TikTok and Facebook,multi_platform,not stated; no collection dates are given. The comments concern the Prabowo-era government (Prabowo took office October 2024) and the article was published 2026.,2026,% of scraped social media comments about the Prabowo-era government manually labelled as hoax,23,"approximately ... 23% are classified as Hoax and 77% as Non-Hoax (of 5,385 comments)",proportion,CONTENT,,,,,,,,,,"5,385 user COMMENTS (not posts or articles) crawled from TikTok and Facebook via the Apify platform, restricted to discussions about the Prabowo-era government in Indonesia.","A comment was labelled Hoax by manual annotation 'based on information validity, including misleading content, exaggeration, and lack of credible sources'.","No standalone definition. The operational rule is the labelling criterion: 'Hoax and Non-Hoax, based on information validity, including misleading content, exaggeration, and lack of credible sources.'","5,385 comments","The data distribution is imbalanced, where approximately 34% of the data belong to the FOMO category and 66% to Non-FOMO, while 23% are classified as Hoax and 77% as Non-Hoax.","Section 2.2, Data Collection and Description",general_public,misleading,claim_level,researcher_coding,"Manual labelling by the authors against predefined indicators for three label sets (FOMO/Non-FOMO, Hoax/Non-Hoax, sentiment). No coder count, no codebook beyond the one-line criterion, no coder training, no adjudication procedure and no reliability statistic of any kind are reported. The classification accuracies quoted in the paper (0.82, 0.89, 0.84) are MODEL performance against these labels, not inter-annotator agreement.",item,topical,curated,keyword_topical,politics_elections,False,False,True,"The dataset used in this study was obtained from TikTok and Facebook through web crawling using the Apify platform. A total of 5,385 comments related to discussions about the Prabowo-era government were collected. ... The dataset is manually labeled into several categories based on predefined indicators: ... b. Hoax and Non-Hoax, based on information validity, including misleading content, exaggeration, and lack of credible sources.",low,"Borderline on the CONTENT/QUALITY line, and this is the substantive risk in the row (warning acted on). The labelling rule mixes a falsity judgement ('misleading content') with two markers that are not falsity judgements ('exaggeration', 'lack of credible sources'); under section 3 of the instructions, a label a wholly true item could receive points toward QUALITY. It is kept as CONTENT because 'information validity' is stated as the governing criterion and the class is named Hoax, but a human may reasonably move it. The unit is user COMMENTS, which are shorter and less claim-like than posts or articles; a comment is often an opinion rather than an assertion of fact. ON THE HEADLINE-VERSUS-CONFUSION-MATRIX DISCREPANCY the warning raises: the 23% is the labelled share of the full 5,385, while the confusion matrix reports 269 hoax cases among the 1,077 comments in the 20% test split, i.e. 25.0%. These are not necessarily in conflict; 269 is about 1.7 standard errors above the 248 expected from a random 20% draw at a 23% base rate, which random splitting can produce, and the paper never says the split was stratified. I therefore extract the full-corpus labelled share and record the test-split share here rather than treating either as an error. Confidence low: no collection dates, no reliability statistic, no coder count, a machine-learning venue, and a label definition that is not purely about truth.",FOMO as a driver of hoax dissemination in the Prabowo era using MLP,ok
W7163665229,"India (Tumkur, Karnataka)",India,single,"Social media generally (Instagram and WhatsApp leading, then YouTube)",survey,"not stated; paper received 23.01.2026, accepted 29.05.2026",2026,% of postgraduate students who report encountering fake news or misleading content on social media frequently,22.58,22.58% frequently (of 93 valid respondents),proportion,RECALL,exposure,,,,,,,,,"93 valid postgraduate-student respondents (Tumkur University and affiliated colleges, purposive sample; all respondents were asked, denominator is the whole survey sample)",Respondent selected 'frequently' on a four-point self-report frequency scale for encountering fake news or misleading content on social media,No explicit definition given; the item wording is 'fake news or misleading content',93 respondents,"Exposure to fake news or misleading content is common, with 48.39% of the respondents encountering it sometimes, 22.58% frequently, and 19.35% rarely. Only 9.68% students reported never encountering such content.","Section 4 Analysis and Results, 'Role of Social Media in Media Literacy', p. 4",other,misleading,claim_level,self_report,"Respondent self-report on a four-point frequency scale (frequently / sometimes / rarely / never); no verification of what was encountered, no recall window stated",person,population,,purposive,general_news,False,False,False,"A purposive sampling technique was adopted to ensure representation across diverse courses such as M. Sc, MA, MCom, Journalism, MSW, and Library Science. After excluding incomplete, duplicate, or ineligible responses through a systematic data cleaning process, the final sample consisted of 93 valid respondents (45 males, 46 females, and 2 who preferred not to disclose gender).",medium,"OVERRULES THE SCREEN. The screen recorded 90.3% (ever encountered), derived as 100 minus the 9.68% who said never. That is a computed complement and R8 forbids keeping it: the paper never prints 90.3 anywhere. Stored instead is the verbatim 'frequently' category. No recall window is given and the item wording is not reproduced, so the scale anchors are unknown. Non-probability student sample in one Indian district.",INVESTIGATING THE ROLE OF SOCIAL MEDIA IN MEDIA LITERACY EDUCATION AMONG POST GRADUATION STUDENTS OF TUMKUR,ok
W7163665229,"India (Tumkur, Karnataka)",India,single,"Social media generally (Instagram and WhatsApp leading, then YouTube)",survey,"not stated; paper received 23.01.2026, accepted 29.05.2026",2026,% of postgraduate students who report encountering fake news or misleading content on social media sometimes,48.39,48.39% sometimes (of 93 valid respondents),proportion,RECALL,exposure,,,,,,,,,"93 valid postgraduate-student respondents (Tumkur University and affiliated colleges, purposive sample)",Respondent selected 'sometimes' on the same four-point self-report frequency scale; a looser frequency band than the 'frequently' row,No explicit definition given; the item wording is 'fake news or misleading content',93 respondents,"Exposure to fake news or misleading content is common, with 48.39% of the respondents encountering it sometimes, 22.58% frequently, and 19.35% rarely. Only 9.68% students reported never encountering such content.","Section 4 Analysis and Results, 'Role of Social Media in Media Literacy', p. 4",other,misleading,claim_level,self_report,Respondent self-report on a four-point frequency scale; no verification,person,population,,purposive,general_news,True,False,False,"The survey included a total of 93 valid respondents, comprising 45 males, 46 females, and 2 who preferred not to disclose their gender.",medium,"Second frequency band of the same distribution, kept as a definition variant of the 'frequently' row. The four categories (22.58 + 48.39 + 19.35 + 9.68) sum to exactly 100.00, but any 'ever encountered' figure would be a cross-category sum or a complement and is therefore not stored.",INVESTIGATING THE ROLE OF SOCIAL MEDIA IN MEDIA LITERACY EDUCATION AMONG POST GRADUATION STUDENTS OF TUMKUR,ok
W7163821603,United Kingdom (London),United Kingdom,single,"Social media generally (TikTok most used, 68%)",survey,not stated; conference held 20-21 January 2026,2026,% of adolescent respondents who report having encountered nutrition misinformation on social media,71,71% of 24 participants (about 17 of 24),proportion,RECALL,exposure,,,,,,,,,"24 London secondary school / college students aged 16-18+ recruited from three schools (all questionnaire respondents, not a topic-restricted subset)","Respondent reported having encountered nutrition misinformation on social media; item wording, response options and recall window are not reproduced in the abstract",No definition given; the abstract refers to 'nutrition misinformation' and 'widespread nutrition misinformation on these platforms',24 respondents,"Although 71% had encountered nutrition misinformation, few consistently verified the nutrition qualifications of creators (13%), and most didn't routinely fact-check (54%).","Abstract, results paragraph (Proc Nutr Soc 85(OCE1): E38)",other,misleading,claim_level,self_report,Respondent self-report via questionnaire analysed in SPSS; no verification of the content encountered; no reliability statistics,person,population,,convenience,health_other,False,False,False,"A mixed-methods study design was used with a sample of London adolescents (n=24, aged 16-18+) recruited from three secondary schools/colleges across London. Questionnaires and four focus groups were used for data collection.",medium,"Agrees with the screen. Abstract-only source: no methods, no item wording, no recall period, no confidence interval. Denominator of 24 is very small (71% of 24 is about 17 people), so the estimate is imprecise; topic is nutrition specifically, not health or misinformation generally.",A study exploring the relationship between social media use and nutrition-related practices among secondary school students in London,abstract_only
W7166447493,Not stated (content sampled from global digital platforms; study conducted in Türkiye),Global,global,"YouTube (60), YouTube Music (20), Instagram (20), Fizy (15), Spotify (15), Apple Music (10), Deezer (10)",multi_platform,"not stated; article received 11 December 2025, accepted 10 April 2026",2026,"% of healing-frequency audio items whose audio did not contain the Hz value promised in the item's title, by FFT spectrum analysis",92,138/150 containing incorrect/incomplete frequency (92%); 12/150 containing the promised frequency (8%),proportion,CONTENT,,,,,,,,,,"150 digital music items ACROSS SEVEN PLATFORMS THAT ALREADY MAKE A HEALING-FREQUENCY CLAIM: every item in the sample was selected because it named a specific Hz value (432, 528 or 639 Hz) in its title or description and had at least 10,000 interactions. The denominator is therefore topic-conditional and popularity-truncated, not all music content or all health content on these platforms.","An item counted as inaccurate when the Hz value stated in its title was NOT the dominant spectral peak within a +/-3 Hz tolerance in an FFT analysis of the first stable 60 seconds. The coded variable is only whether the audio contains the frequency it advertises; the health claims attached to these frequencies (DNA repair, cellular resonance, liver detox) were described discursively but never coded true or false.",The paper speaks of 'digital disinformation' and 'the gap between the perception of miraculous frequencies created by popular culture and neuroscientific reality'; it gives no formal definition of misinformation and operationalises accuracy purely as technical frequency correspondence.,150 audio items,Table 2. Distribution of the technical accuracy of the contents | Technical Criterion | Number of Contents (n=150) | % | Containing the Promised Frequency | 12 | %8 | Containing Incorrect/Incomplete Frequency | 138 | %92 ... The fact that the promised Hertz value was found in only 12 contents (8%) points to a serious inconsistency regarding the technical accuracy of content marketed as healing frequencies.,"Results and Discussion, Table 2 and following paragraph, p. 99",other,false,claim_level,researcher_coding,"Instrumental verification, not human judgement: each file analysed three times with a digital spectrum analyser and Voxengo SPAN at 44.1 kHz, dominant frequency compared with the titled value at +/-3 Hz tolerance. Two independent researchers coded the data set and Krippendorff alpha was 0.82, but that alpha covers the discursive/thematic coding, not the FFT test, which is instrumental and needs no rater agreement.",item,topical,curated,keyword_topical,health_other,False,False,True,"A total of 150 different digital contents were selected using the criterion sampling technique, one of the purposive sampling methods. The main criteria were that the content had received at least 10,000 interactions and included a specific Hz value in its title or description section, such as 432 Hz, 528 Hz, or 639 Hz.",medium,"WARNING ACTED ON (narrow claim). The measured variable is whether the audio actually contains the frequency named in its title, verified by signal analysis, NOT whether the health claims are true; the health claims were never coded. Every item in the sample already makes a healing-frequency claim, and items needed at least 10,000 interactions to enter, so the denominator is both topic-conditional and popularity-truncated. This row is a within-genre technical-accuracy rate and must not be pooled or read as a general misinformation prevalence; borderline is set true and confidence held at medium for that reason. Agrees with the screen on the value. Data-collection dates are not reported anywhere in the paper, so year is the publication year.",Therapeutic frequencies in digital music culture: A content analysis on technical accuracy and the expectation effect,ok
W7168027278,Nigeria (six geopolitical zones),Nigeria,single,"Social media generally; WhatsApp, Facebook and TikTok named as the main channels",survey,"not stated; published 2026 (IJDEIH Vol. 2, No. 03)",2026,% of Catholic youth who rate their exposure to religious misinformation on social media as high or very high,75,a combined 75% report high or very high exposure (of 500 surveyed); only 10% report low or very low,proportion,RECALL,exposure,,,,,,,,,"500 young Nigerian Catholics surveyed by Google Forms across the six geopolitical zones (all respondents; self-selected online recruitment through online platforms, email and parish youth centres, no response rate reported)","Respondent placed their own exposure level at 'high' or 'very high' on a five-point self-rating scale (very high / high / moderate / low / very low). The scale rates perceived exposure level, not a count of encounters, and the object is RELIGIOUS misinformation specifically.","""The Merriam-Webster Dictionary (2009) defines misinformation as incorrect or misleading information... false information shared unwittingly by people who believe it to be true.""",500 respondents,"The figure above shows that a combined 75% of respondents report high or very high exposure to religious misinformation, confirming that misinformation is a pervasive part of their daily social media encounters.","Presentation of Results, Figure 1 caption text, p. 216; repeated in Discussion p. 219 and in the abstract",other,misleading,claim_level,self_report,"Respondent self-rating on a five-point exposure scale; no verification of what was encountered, no recall window, no item wording reproduced",person,population,,convenience,other,False,False,False,"The quantitative part involved a survey of 500 young Catholics, distributed via Google Forms on online platforms, email, and parish youth centres.",medium,"Agrees with the screen's value. Two restrictions to carry: the object is religious misinformation, not misinformation in general (topic coded 'other'), and the measure is a self-rated exposure LEVEL rather than a count or a frequency of encounters, so it is closer to perceived amount than to a counted encounter. 75% is stated verbatim in the text and abstract, so it is kept even though it is also the sum of the two top pie-chart slices. Sampling is self-selected online recruitment with no response rate and no fieldwork dates.",Digital Battle for Truth: Misinformation on Social Media and Youth Evangelisation (Nigerian Catholic Church),ok
W7168027278,Nigeria (six geopolitical zones),Nigeria,single,Social media generally; WhatsApp groups named as the main forwarding channel,survey,not stated; published 2026,2026,% of Catholic youth who say they share religious misinformation / unverified messages onward without checking,12.8,12.8% still share misinformation without checking (of 500 surveyed); phrased in the Discussion as '12.8% share messages without verification',proportion,RECALL,sharing,,,,,,,,,"500 young Nigerian Catholics surveyed (all respondents; the response-to-misinformation item is asked of the whole sample, not only of those who reported exposure)","Respondent chose 'share messages without verification' as their response to religious misinformation encountered online, from a set of response options (ignore 35.2%, consult a priest or catechist 25.6%, cross-check with the Catechism or Bible 20.4%, share without verification 12.8%, use online fact-checking tools 6%)","""The Merriam-Webster Dictionary (2009) defines misinformation as incorrect or misleading information... false information shared unwittingly by people who believe it to be true.""",500 respondents,"The figure above shows that only 46% use reliable verification methods, while 35.2% ignore and scroll past, and 12.8% still share misinformation without checking.","Presentation of Results, Figure 4 caption text, p. 218; restated in Discussion, 'Youth Response to Misinformation', p. 221",other,misleading,claim_level,self_report,Respondent self-report of their own response behaviour; no behavioural or platform data,person,population,,convenience,other,False,False,True,"The data indicate that 35.2% of respondents ignore misleading content, 25.6% consult a priest or catechist, 20.4% cross-check with the Catechism or the Bible, 12.8% share messages without verification, and only 6% use online fact-checking tools.",medium,"ADDITION TO THE SCREEN, which recorded only the exposure figure and filed the response behaviour as out of scope. This is a self-reported SHARING share and RECALL sharing is in scope, so it is extracted. Borderline is set true because the two printings differ in what is shared: Figure 4's text says 'share misinformation without checking' while the Discussion says 'share messages without verification', so the numerator may be unverified religious content rather than content established as false. No recall window is given.",Digital Battle for Truth: Misinformation on Social Media and Youth Evangelisation (Nigerian Catholic Church),ok
W7168358815,"Europe (products marketed in Europe; websites in English, Spanish, French, Italian, German or Portuguese; individual countries not enumerated)",Multi-country,multi,"Product labels and official brand websites, sampled via Amazon, Google Shopping and the Informed Sport platform",other,search conducted August 2024,2024,"% of nitrate/beetroot supplements whose recommended intake protocol COMPLIED with the protocols established in the scientific literature (compliance share, not a misinformation share)",38.9,Only 38.9% of the supplements did comply with the protocols established by the literature (of 18 products); the non-compliant complement is not printed,proportion,QUALITY,,,,,,,,,,"18 nitrate- or beetroot-juice supplement products marketed in Europe, the whole analysed sample, selected from 1,242 search results by format, single-active-ingredient composition, language and website availability. The denominator is topic-conditional (only nitrate/beetroot sports supplements) and rank-truncated (first 10 pages of Amazon and Google Shopping results by default relevance ranking).","A product counted as compliant when its recommended intake protocol matched the literature-established protocol (dose 300-500 mg, timing about 2-3 h pre-exercise). The most common failure was stating a 1 h rather than a 2 h pre-exercise timing; failure to state conditions of use also counts against a product, so a product making no false statement can be coded non-compliant.","No definition of misinformation; the paper frames its object as 'the compliance of nutrition-related claims and recommended dosages ... with current scientific evidence and international consensus recommendations' and refers to 'incomplete, inaccurate, or confusing claims'.",18 products,"Only 38.9% of the supplements did comply with the protocols established by the literature, among those who did not comply with the protocols we found that the most common reason was that they made a mistake in the time to take the pre-exercise supplement, stating that they had to take it 1 h before exercise instead of 2 h.","Results section 3, p. 06 (right column)",other,,claim_level,researcher_coding,"Two researchers (P.E.N. and J.M.M.-S.) independently coded every product against a closed set of dichotomous presence/absence checklist items, with all disagreements resolved jointly to 100% agreement; the paper states no inter-coder reliability coefficient was computed and the checklist was not formally validated. Ground truth is international consensus documents on nitrate/beetroot supplementation, not EFSA authorisation (no EFSA opinion exists for these substances).",item,topical,curated,keyword_topical,health_other,False,False,True,"The search for the sample products was conducted in August 2024 through Amazon and Google Shopping... the keywords used were ""Nitrates"" or ""beetroot juice"", which filtered by European region. In all the platforms, the initial search was carried out on the first 10 pages after applying the inclusion criteria.",low,"WARNING ACTED ON, and the screen is PARTLY OVERRULED. (1) Value sign: the paper prints only 38.9% (compliant). The screen's 61.1% is a computed complement, banned by R8, and 61.1% appears in this paper for a different quantity (products dosing 300-500 mg per serving), so the compliant side is stored and the measure_type says so explicitly. Anyone pooling this row must not read 38.9 as a misinformation share. (2) Construct: coded QUALITY, not CONTENT, because non-compliance mixes genuine inaccuracy (wrong pre-exercise timing) with omission of conditions of use and terminology mismatch, and §3 sends that ambiguity to QUALITY with borderline=true. The paper therefore yields no prevalence estimate. (3) Denominator of 18 products is below the corpus minimum of 20. (4) No inter-coder reliability statistic; the paper says the checklist was not formally validated.",From labels to influencers: evaluating the alignment of nitrate and beetroot juice claims on sports supplement marketing with scientific consensus,ok
W7170181457,"Not stated (global platform content; study conducted at Stanford University, USA)",Global,global,YouTube,YouTube,17-24 July 2024,2024,% of hashtag-retrieved YouTube videos classified 'misinformed and/or false' (whole-platform denominator),0,"0/98 YouTube videos; 'no videos were classified as ""misinformed and/or false""'",proportion,CONTENT,,,,,,,,,,"All 98 YouTube videos retrieved under the hashtags #alopecia or #alopeciatreatment and retained after screening; this is the WHOLE-PLATFORM denominator used in the abstract, and 76% of it (n=75) did not address alopecia areata treatment at all","Video coded 'misinformed and/or false' = inaccurate or misleading claims, content directly contradicting established medical guidelines, promoting unsupported curative claims, or recommending treatments without supporting evidence","""misinformed and/or false (inaccurate or misleading claims)""",98 videos,"Of the YouTube videos analyzed, 76% (n=75) were categorized as ""other,"" 13% (n=13) as ""accurate and medical data-backed,"" and 10% (n=10) as ""limited or anecdotal evidence""; no videos were classified as ""misinformed and/or false.""","Abstract, Results; also Results, YouTube Content Analysis, p. 2-3 and Figure 1",general_public,misleading,claim_level,researcher_coding,"Manual coding by a single reviewer (SF) against American Academy of Dermatology and National Alopecia Areata Foundation guidelines; FDA-approved therapies treated as evidence-based, off-label therapies judged against those guidelines; no second coder and no interrater reliability reported",item,topical,,keyword_topical,health_other,False,False,False,"A total of 98 and 222 posts were collected from YouTube and TikTok respectively between July 17, 2024, and July 24, 2024.",medium,"WARNING ACTED ON (denominator switching). This row uses the whole-platform denominator of 98, the one the abstract uses. The companion row for the same count uses the 23 treatment-related videos. Zero misinformed videos on YouTube on either denominator, so the two agree here; the switch matters for the 'limited or anecdotal' rows. One-week collection window, single coder, no interrater reliability.",Assessing Alopecia Areata Misinformation: Social Media Analysis,ok
W7170181457,"Not stated (global platform content; study conducted at Stanford University, USA)",Global,global,YouTube,YouTube,17-24 July 2024,2024,% of YouTube videos that actually addressed alopecia areata treatment classified 'misinformed and/or false' (treatment-only denominator),0,"0/23 YouTube videos addressing AA treatment; 'No videos in this sample were categorized as ""misinformed and/or false""'",proportion,CONTENT,,,,,,,,,,"THE 23 YouTube videos (26% of the 98 retrieved) that specifically addressed alopecia areata treatment; the other 75 were coded 'other' (different alopecia types, advertisements, progress updates, unrelated topics) and are excluded from this denominator",Video coded 'misinformed and/or false' among those addressing AA treatment specifically,"""misinformed and/or false (inaccurate or misleading claims)""",23 videos addressing AA treatment,"The remaining 26% (n=23) of videos addressed AA treatment specifically. Among these, 56% (n=13) were categorized as ""accurate and medical data-backed""... The remaining 43% (n=10) were classified as ""limited or anecdotal evidence""... No videos in this sample were categorized as ""misinformed and/or false"" (Figure 1).","Results, YouTube Content Analysis, p. 3",general_public,misleading,claim_level,researcher_coding,"Single reviewer (SF), coded against AAD and NAAF guidelines; no interrater reliability",item,topical,curated,keyword_topical,health_other,True,False,False,"76% (n=75) of videos were categorized as ""other,"" as they did not address AA treatment specifically. The remaining 26% (n=23) of videos addressed AA treatment specifically.",medium,Restricted-denominator counterpart of the previous row: the Results section drops the 75 'other' videos and reports only among the 23 that addressed AA treatment. Denominator of 23 is barely above the corpus minimum.,Assessing Alopecia Areata Misinformation: Social Media Analysis,ok
W7170181457,"Not stated (global platform content; study conducted at Stanford University, USA)",Global,global,TikTok,TikTok,17-24 July 2024,2024,% of hashtag-retrieved TikTok videos classified 'misinformed and/or false' (whole-platform denominator),1,1% (n=2) of 222 TikTok videos,proportion,CONTENT,,,,,,,,,,"All 222 TikTok videos retrieved under #alopecia or #alopeciatreatment and retained after screening; the WHOLE-PLATFORM denominator used in the abstract, 76% of which (n=170) did not address alopecia areata treatment",Video coded 'misinformed and/or false': content promoting unsubstantiated treatments such as unapproved topical solutions or unproven dietary supplements,"""misinformed and/or false (inaccurate or misleading claims)""",222 videos,"Of the TikTok videos analyzed, 76% (n=170) were categorized as ""other,"" 17% (n=38) as ""accurate and medical data-backed,"" 5% (n=12) as ""limited or anecdotal evidence,"" and 1% (n=2) as ""misinformed and/or false.""","Abstract, Results",general_public,misleading,claim_level,researcher_coding,"Single reviewer (SF), coded against AAD and NAAF guidelines; no interrater reliability",item,topical,,keyword_topical,health_other,False,False,False,"A total of 98 and 222 posts were collected from YouTube and TikTok respectively between July 17, 2024, and July 24, 2024.",medium,"Whole-platform denominator (222), the abstract's version. The same 2 videos appear as 3% against the treatment-only denominator of 52 in the Results section; both are stored as separate rows. The chi-square platform comparison (P=.15) rests on these 2 videos.",Assessing Alopecia Areata Misinformation: Social Media Analysis,ok
W7170181457,"Not stated (global platform content; study conducted at Stanford University, USA)",Global,global,TikTok,TikTok,17-24 July 2024,2024,% of TikTok videos that actually addressed alopecia areata treatment classified 'misinformed and/or false' (treatment-only denominator),3,"n=2, 3% of the 52 TikTok posts focused on AA treatment (2/52 = 3.8%; the paper prints 3%)",proportion,CONTENT,,,,,,,,,,THE 52 TikTok videos (23% of the 222 retrieved) that focused on alopecia areata treatment; the 170 videos coded 'other' are excluded from this denominator,Video coded 'misinformed and/or false' among those focused on AA treatment: content promoting unsubstantiated treatments such as unapproved topical solutions or unproven dietary supplements,"""misinformed and/or false (inaccurate or misleading claims)""",52 videos focused on AA treatment,"The remaining 23% (n=52) of TikTok posts focused on AA treatment. Of these, 73% (n=38) were categorized as ""accurate and medical data-backed,"" while 23% (n=12) were classified as ""limited or anecdotal evidence."" A small portion of posts (n=2, 3%) were identified as ""misinformed and/or false.""","Results, TikTok Content Analysis, p. 3",general_public,misleading,claim_level,researcher_coding,"Single reviewer (SF), coded against AAD and NAAF guidelines; no interrater reliability",item,topical,curated,keyword_topical,health_other,True,False,False,The remaining 23% (n=52) of TikTok posts focused on AA treatment.,medium,"Restricted-denominator counterpart of the 1%-of-222 row: same 2 videos, denominator 52 instead of 222. The printed 3% rounds 2/52 = 3.8%; the verbatim figure is kept.",Assessing Alopecia Areata Misinformation: Social Media Analysis,ok
W7170181457,"Not stated (global platform content; study conducted at Stanford University, USA)",Global,global,TikTok,TikTok,17-24 July 2024,2024,% of hashtag-retrieved TikTok videos classified 'limited or anecdotal evidence' (whole-platform denominator),5,5% (n=12) of 222 TikTok videos,proportion,QUALITY,,,,,,,,,,All 222 TikTok videos retrieved under #alopecia or #alopeciatreatment; the WHOLE-PLATFORM denominator used in the abstract,"Video coded 'limited or anecdotal evidence': treatments with limited, inconsistent or primarily anecdotal clinical support (herbal oils, supplements, scalp massage, alternative therapies). The paper states these were 'not necessarily directly misleading or false'.","""limited or anecdotal evidence"" defined as treatments with limited, inconsistent, or primarily anecdotal clinical support",222 videos,"Of the TikTok videos analyzed, 76% (n=170) were categorized as ""other,"" 17% (n=38) as ""accurate and medical data-backed,"" 5% (n=12) as ""limited or anecdotal evidence,"" and 1% (n=2) as ""misinformed and/or false.""","Abstract, Results",general_public,,claim_level,researcher_coding,"Single reviewer (SF), coded against AAD and NAAF guidelines; no interrater reliability",item,topical,,keyword_topical,health_other,False,False,True,"While these treatments were not necessarily directly misleading or false, they were not strongly supported by current evidence-based dermatologic guidelines.",medium,"THIS IS THE PAIR THE WARNING IS ABOUT: the same 12 videos appear as 5% here (denominator 222, abstract) and as 23% in the Results section (denominator 52). Both are stored, each against the denominator that produced it. Coded QUALITY, not CONTENT, because the paper says this category is 'not necessarily directly misleading or false' (its Methods paragraph also, contradictorily, lumps 'limited or anecdotal' together with 'misinformed and/or false' as content that contradicted guidelines; the explicit disclaimer is taken as governing). Excluded from prevalence.",Assessing Alopecia Areata Misinformation: Social Media Analysis,ok
W7170181457,"Not stated (global platform content; study conducted at Stanford University, USA)",Global,global,TikTok,TikTok,17-24 July 2024,2024,% of TikTok videos that addressed alopecia areata treatment classified 'limited or anecdotal evidence' (treatment-only denominator),23,23% (n=12) of the 52 TikTok posts focused on AA treatment,proportion,QUALITY,,,,,,,,,,THE 52 TikTok videos focused on alopecia areata treatment; the 170 videos coded 'other' are excluded,Video coded 'limited or anecdotal evidence' among those focused on AA treatment,"""limited or anecdotal evidence"" defined as treatments with limited, inconsistent, or primarily anecdotal clinical support",52 videos focused on AA treatment,"Of these, 73% (n=38) were categorized as ""accurate and medical data-backed,"" while 23% (n=12) were classified as ""limited or anecdotal evidence.""","Results, TikTok Content Analysis, p. 3",general_public,,claim_level,researcher_coding,"Single reviewer (SF), coded against AAD and NAAF guidelines; no interrater reliability",item,topical,curated,keyword_topical,health_other,True,False,True,The remaining 23% (n=52) of TikTok posts focused on AA treatment.,medium,"Same 12 videos as the 5% row; this is the Results-section version, denominator 52 rather than 222. A factor-4.6 difference produced entirely by the denominator switch, which is the paper's central reporting flaw. QUALITY, excluded from prevalence.",Assessing Alopecia Areata Misinformation: Social Media Analysis,ok
W7170181457,"Not stated (global platform content; study conducted at Stanford University, USA)",Global,global,YouTube,YouTube,17-24 July 2024,2024,% of hashtag-retrieved YouTube videos classified 'limited or anecdotal evidence' (whole-platform denominator),10,10% (n=10) of 98 YouTube videos,proportion,QUALITY,,,,,,,,,,All 98 YouTube videos retrieved under #alopecia or #alopeciatreatment; the WHOLE-PLATFORM denominator used in the abstract,"Video coded 'limited or anecdotal evidence': alternative treatments such as garlic oil, ginger, rosemary and scalp massage, with limited or anecdotal clinical support and 'not necessarily directly misleading or false'","""limited or anecdotal evidence"" defined as treatments with limited, inconsistent, or primarily anecdotal clinical support",98 videos,"Of the YouTube videos analyzed, 76% (n=75) were categorized as ""other,"" 13% (n=13) as ""accurate and medical data-backed,"" and 10% (n=10) as ""limited or anecdotal evidence""; no videos were classified as ""misinformed and/or false.""","Abstract, Results",general_public,,claim_level,researcher_coding,"Single reviewer (SF), coded against AAD and NAAF guidelines; no interrater reliability",item,topical,,keyword_topical,health_other,False,False,True,"Posts categorized as ""limited or anecdotal evidence"" included treatments with limited, inconsistent, or primarily anecdotal clinical support, such as herbal oils, supplements, scalp massage, or alternative therapies.",medium,"The YouTube version of the same denominator switch: 10 videos, 10% of 98 in the abstract and 43% of 23 in the Results. QUALITY, excluded from prevalence.",Assessing Alopecia Areata Misinformation: Social Media Analysis,ok
W7170181457,"Not stated (global platform content; study conducted at Stanford University, USA)",Global,global,YouTube,YouTube,17-24 July 2024,2024,% of YouTube videos that addressed alopecia areata treatment classified 'limited or anecdotal evidence' (treatment-only denominator),43,43% (n=10) of the 23 YouTube videos addressing AA treatment,proportion,QUALITY,,,,,,,,,,THE 23 YouTube videos addressing alopecia areata treatment; the 75 videos coded 'other' are excluded,"Video coded 'limited or anecdotal evidence' among those addressing AA treatment: garlic oil, ginger, rosemary, scalp massage and similar","""limited or anecdotal evidence"" defined as treatments with limited, inconsistent, or primarily anecdotal clinical support",23 videos addressing AA treatment,"The remaining 43% (n=10) were classified as ""limited or anecdotal evidence,"" with content recommending alternative treatments such as garlic oil, ginger, rosemary, and scalp massages.","Results, YouTube Content Analysis, p. 3",general_public,,claim_level,researcher_coding,"Single reviewer (SF), coded against AAD and NAAF guidelines; no interrater reliability",item,topical,curated,keyword_topical,health_other,True,False,True,The remaining 26% (n=23) of videos addressed AA treatment specifically.,medium,"Restricted-denominator counterpart of the 10%-of-98 row: same 10 videos. QUALITY, excluded from prevalence.",Assessing Alopecia Areata Misinformation: Social Media Analysis,ok
W7171843315,"South Africa (Western Cape, KwaZulu-Natal, Gauteng, Eastern Cape)",South Africa,single,"Face-to-face home visits (oral, vernacular-language communication; not a digital platform)",other,February to July 2024 (six months),2024,% of observed community-health-worker home-visit interactions in which at least one health-misinformation claim was raised,41.3,198/480 observed interactions (41.3%),proportion,CONTENT,,,,,,,,,,"480 OBSERVED FACE-TO-FACE CHW-COMMUNITY MEMBER INTERACTIONS, recorded during routine home visits by 36 CHWs across eight purposively selected community health centres in four provinces over six months. The denominator is a count of observed conversations, NOT posts, NOT items of media content and NOT people: the same community member could in principle appear in more than one interaction, and the paper does not say how many distinct households or individuals the 480 interactions cover.","An interaction counted in the numerator if it contained at least one misinformation encounter, coded from a standardised field-note template against a deductive framework drawn from the health-misinformation and health-literacy literatures, across six health domains (vaccine safety, HIV/AIDS treatment, maternal health, nutrition and diet, traditional medicine, COVID-19 prevention)","No formal definition is given; the paper works with 'vernacular health misinformation', false health claims moving through oral networks, citing Wardle and Derakhshan's information-disorder framework",480 observed interactions,"Of the 480 observed interactions, 198 (41.3%) contained at least one misinformation encounter.","Results, first sentence, p. 35; restated in the abstract and in the Discussion ('The finding that 41.3 per cent of observed interactions')",general_public,false,claim_level,researcher_coding,"Two field researchers coded all observations against a deductive coding framework; inter-rater agreement 84.6 per cent, Cohen's kappa = 0.79. No detail on how disagreements were resolved, no codebook reproduced, no per-domain reliability.",item,topical,,purposive,health_other,False,False,True,"Structured observations covered 480 CHW-community member interactions, recorded during routine home visits over six months (February to July 2024). Each observation was documented using a standardised field note template capturing the health topic discussed, presence and type of misinformation, the CHW's response strategy, and the community member's reaction.",medium,"WARNING ACTED ON (unusual unit). The unit of analysis is a face-to-face CHW-community member interaction, not a post and not a person, so this row is not comparable with item-level content shares or with survey recall shares and should not be pooled with either without that caveat; borderline is set true for it. Agrees with the screen's value. Setting is off-platform oral communication, which is the paper's point (misinformation travelled mainly through family and neighbourhood networks rather than social media). Journal is low-tier (International Journal of Advanced Mass Communication and Journalism), the coding framework is described in two sentences, and the observation was not blind to the study's purpose.",Vernacular health misinformation and its negotiation by frontline community health workers,ok
