item_id,study_id,key_construct,key_denom_class,key_breadth,key_value_pct,misinfo_def,key_quote
F001,2-s2.0-85184824168,CONTENT,topical,false,36.1,COVID-19 vaccine misinformation: tweets annotated by trained coders (and an expert public-health panel for uncertain cases) as containing misinformation per a codebook based on Islam et al. 2021 globa,"Brazil ... # of Tweets Relevant to COVID-19 Vaccine Misinformation 1,304,827 ... (36.1)"
F002,2-s2.0-85184824168,CONTENT,topical,false,19.4,COVID-19 vaccine misinformation: tweets annotated by trained coders (and an expert public-health panel for uncertain cases) as containing misinformation per a codebook based on Islam et al. 2021 globa,"Indonesia ... # of Tweets Relevant to COVID-19 Vaccine Misinformation 866,401 ... (19.4)"
F003,2-s2.0-85184824168,CONTENT,topical,false,26.1,COVID-19 vaccine misinformation: tweets annotated by trained coders (and an expert public-health panel for uncertain cases) as containing misinformation per a codebook based on Islam et al. 2021 globa,"Nigeria ... # of Tweets Relevant to COVID-19 Vaccine Misinformation 302,818 ... (26.1)"
F004,2-s2.0-84883291462,CONTENT,topical,false,24.5,Online advice on timing of child's first dental visit (CFDV) that is inconsistent with recognised international paediatric guidelines (first tooth eruption / by age 1) = misinformation. Coded against ,Similar to guidelines 77 ... Dissimilar to guidelines 25 (Table 4); two-thirds (n=81) of private sites recommended timing for CFDV but approximately one-third (n=25) reported inconsistent guidelines
F005,2-s2.0-85136023139,REACH,population,unreliable_source,7.6,Liked/retweeted a tweet that was (1) about 2020 election fraud and (2) authored by a user in the community-detected cluster that promoted fraud conspiracy theories (Abilov et al. curated keyword/hasht,"Of the 7,324 Georgia Twitter users in the panel who were active both before and after the 2020 election, 558 liked or retweeted fraud-related content by promoters of conspiracy theories"
F006,2-s2.0-105037482660,QUALITY,topical,low_quality,,No falsity coding; content quality/reliability of aortic-dissection videos rated by 2 cardiologists via Global Quality Scale (GQS 1-5) and modified DISCERN (0-5); lower scores = less reliable/potentia,"Across the 151 videos, overall quality was moderate [median GQS: 3 (IQR, 2-4) and median mDISCERN: 2 (IQR, 1-2)]"
F007,2-s2.0-85107390682,CONTENT,topical,misleading,5,"Potentially harmful information = posts recommending pharmacologic/non-pharmacologic therapies (e.g. stem-cell transplant, specific dietary modifications) NOT recommended by current IPF guidelines; co","Only 5% of the posts contained potentially harmful information, but 35% of all groups or pages contained such posts"
F008,2-s2.0-85191403735,CONTENT,topical,misleading,68.2,"Posts propagating content that was demonstrably false or misleading, lacking a basis in scientific evidence (author-coded by two calibrated raters, facticity = information vs misinformation; ICC verif",the findings revealed that a majority of the posts contained misinformation (68.2%)
F009,2-s2.0-85159871316,CONTENT,topical,misleading,28,"Misleading or false information that contradicts scientific consensus / public-health guidance, graded low/moderate/high by infectious-disease experts using a purpose-built codebook.","Forty-seven (28%) videos contained misinformation, including 36 videos with a moderate level of misinformation and 11 videos with a high level of misinformation"
F010,2-s2.0-85173913530,CONTENT,topical,misleading,23.6,"YouTube video containing information not scientifically proven, or scientifically proven to be wrong, about varenicline/smoking cessation (usage, side-effects, efficacy, mechanism, etc.) = misleading/",Misleading information was determined in 34 videos (23.6%)
F011,2-s2.0-85159889148,CONTENT,topical,false,88,Video scored moderate-to-high misinformation on a 5-point Likert scale (response to 'this video does NOT contain misinformation') benchmarked against AUA and NCCN prostate-cancer-screening guidelines;,88% of YT videos and 100% of TK videos had moderate to high levels of misinformation based on screening guidelines
F012,2-s2.0-85159889148,CONTENT,topical,false,100,Video scored moderate-to-high misinformation on a 5-point Likert scale (response to 'this video does NOT contain misinformation') benchmarked against AUA and NCCN prostate-cancer-screening guidelines;,88% of YT videos and 100% of TK videos had moderate to high levels of misinformation based on screening guidelines
F013,2-s2.0-105035036279,QUALITY,topical,low_quality,,"Low information quality/reliability (GQS and mDISCERN mean <3) used as a PROXY for misinformation risk; no per-video true/false falsity coding. 3 expert raters, blinded, Fleiss kappa>0.90","The average GQS scores for BiliBili, TikTok, and Kwai were 2.04, 1.81, and 1.70 ... low-quality videos were predominant across all platforms"
F014,2-s2.0-105035036279,QUALITY,topical,low_quality,,"Low information quality/reliability (GQS and mDISCERN mean <3) used as a PROXY for misinformation risk; no per-video true/false falsity coding. 3 expert raters, blinded, Fleiss kappa>0.90","The average GQS scores for BiliBili, TikTok, and Kwai were 2.04, 1.81, and 1.70"
F015,2-s2.0-105035036279,QUALITY,topical,low_quality,,"Low information quality/reliability (GQS and mDISCERN mean <3) used as a PROXY for misinformation risk; no per-video true/false falsity coding. 3 expert raters, blinded, Fleiss kappa>0.90","The average GQS scores for BiliBili, TikTok, and Kwai were 2.04, 1.81, and 1.70"
F016,2-s2.0-85135254144,CONTENT,topical,misleading,24,Tweets coded by trained annotators (Fleiss kappa 0.91) as containing disinformation OR misinformation about the HPV vaccine — incomplete/inaccurate info inconsistent with scientific consensus; raising,Nearly a quarter (n = 931) of HPV related-content on Twitter ... contained concerns including misinformation ... whereas 76% (n = 2945) contained supportive information
F017,2-s2.0-85210156482,QUALITY,topical,misleading,12.1,"Video content that contradicted or could not be corroborated by published evidence (CRAAP 'Accuracy' domain: 'Information supported by evidence? No'); 2 board-certified gynecologists, Cohen's kappa>0.","the majority of videos scored well on domains of accuracy, though 26.7% of non-HCP content contradicted or could not be corroborated by published evidence ... Information supported by evidence? ... No 21 (12.1)"
F018,2-s2.0-85054363956,CONTENT,single_source,false,16.2,"Advice responses REFUTED or SOMEWHAT REFUTED by evidence-based point-of-care resources (DynaMed, UpToDate, RxTx, Natural Medicines); single librarian coder",A further 16.2% and 6.3% was refuted or was somewhat refuted by the evidence found in evidence-based resources
F019,2-s2.0-85054363956,CONTENT,single_source,false,6.3,"Advice responses REFUTED or SOMEWHAT REFUTED by evidence-based point-of-care resources (DynaMed, UpToDate, RxTx, Natural Medicines); single librarian coder",A further 16.2% and 6.3% was refuted or was somewhat refuted by the evidence found in evidence-based resources
F020,2-s2.0-85099149423,CONTENT,curated_sample,misleading,13.5,"Wardle & Derakhshan (2017) mis/disinformation typology, applied via fact-checking against scientific papers, official sources and journalistic articles: false connection, misleading content, manipulat","'mis/disinformation' accounted for 13.5% of the analysed links, classified as false connection (5.2%), misleading content (4.1%) and fabricated content (4.1%)"
F021,2-s2.0-85163186108,CONTENT,political_news,false,13,Images annotated by 3 professional fact-checking journalists as 'obvious misinformation' or 'already fact-checked to be false' (combined); moderate inter-annotator agreement (Fleiss kappa 0.78 two-cla,"misinformation makes up a substantial portion (13%) of all image sharing in these political groups ... approximately 10% of image shares are obviously (to journalists) misinformation, with 3% more being misinformation that has been previously fact-checked"
F022,2-s2.0-85191357340,CONTENT,topical,false,10.2,"Misinformation scored on a 5-point Likert scale by 2 blinded raters; a video 'contained misinformation' if mean score >1 of 5. (Quality/reliability assessed separately via DISCERN, JAMA, PEMAT.)",Only 12 videos contained misinformation (score of >1 out of 5)
F023,2-s2.0-85195375481,CONTENT,curated_sample,false,41,"Sentence-level coding of any false statement about the HPV vaccine (death, neurological effects, harmful chemicals, fertility effects, or other obviously-false claims); content analysis, Krippendorff ","In total, 41% of the articles (n = 56) contained some type of misinformation (Table 2)."
F024,2-s2.0-85169326292,RECALL,population,false,14,Self-reported agreement (agree/strongly-agree on 5-pt Likert) with: 'I share information on social media about politics even though I believe it may be false.' = knowingly/intentionally sharing false ,we found that 14 percent of respondents reported knowingly sharing misinformation
F025,2-s2.0-105011756924,RECALL,population,false,,"Inaccurate/false content communicated to patients (distinct from misconceptions = resulting false beliefs). 13 diabetes misinformation statements across 4 domains (medication side effects, alternative","The prevalence of exposure to misinformation among patients with T2DM was highly variable, ranging from 19.6% to 94.4% (Figure 1)."
F026,2-s2.0-85143274147,RECALL,population,false,91.2,"Self-reported encounter with / transmission of COVID-19 'misinformation' during the pandemic; respondents gave their own examples (e.g. 'Covid-19 is a plot', 'vaccine tainted with man-made HIV'), auth",The majority of respondents 269/295 (91.2%) claimed to have come across misinformation during the pandemic.
F027,2-s2.0-85143274147,RECALL,population,false,36.3,"Self-reported encounter with / transmission of COVID-19 'misinformation' during the pandemic; respondents gave their own examples (e.g. 'Covid-19 is a plot', 'vaccine tainted with man-made HIV'), auth","the majority of respondents (63.7%) reported having never transmitting misinformation. In other words, some 36.3% of respondents were involved in transmitting misinformation at some point during the pandemic."
F028,2-s2.0-85096102360,RECALL,population,false,67.78,"Having seen one or more of 12 WHO-identified COVID-19 misinformation items (transmission/infectivity/prevention/treatment, e.g. 'masks can be reused after steaming', 'coronavirus is artificially devel",exposure to at least one COVID-19 misinformation item in the preceding three months was reported by 67.78% (n=711) of the respondents.
F029,2-s2.0-85145425628,CONTENT,topical,false,0.47,"Sentence classified as obesity 'misinformation' vs factual content, distinguished per American Board of Obesity Medicine peer-reviewed guidelines / scientific literature; RA hand-labelled training set","3610 (0.47%) sentences were labeled as misinformation, 14,366 (1.88%) sentences were labeled as weight-related stigma ... (663,128/764,179, 86.78%) were labeled as other."
F030,2-s2.0-85145425628,CONTENT,topical,false,4,"Sentence classified as obesity 'misinformation' vs factual content, distinguished per American Board of Obesity Medicine peer-reviewed guidelines / scientific literature; RA hand-labelled training set","Of the sentences receiving a majority label, 64% were labeled as other, 12% were labeled as fact, 9% were labeled as stigma, 5% were labeled as positivity, and 4% were labeled as misinformation."
F031,2-s2.0-85194023903,CONCENTRATION,n/a,unreliable_source,81,"Low-credibility content = content originally published by low-credibility/untrustworthy sources, identified via the Iffy+ list of 738 source domains compiled by professional fact-checkers (source-leve","Removing the top 1,000 superspreaders (0.25% of the accounts who posted during the evaluation period) eliminates 73-78% of the low-credibility content (optimal: 81%)."
F032,2-s2.0-85194023903,CONCENTRATION,n/a,unreliable_source,38.1,"Low-credibility content = content originally published by low-credibility/untrustworthy sources, identified via the Iffy+ list of 738 source domains compiled by professional fact-checkers (source-leve","removing the top 10 superspreaders eliminates 34.6% and 34.3% of the low-credibility content based on h-index and Influence, respectively (optimal: 38.1%). In other words, 0.003% of the accounts active during the evaluation period posted low-credibility content that received over 34% of all retweets"
F033,2-s2.0-85083041268,CONTENT,topical,false,86.8,Video content rated as containing misinformation about surgical LUTS/BPH treatment when compared to the current body of evidence in the EAU (European Association of Urology) guidelines; rated on a 5-l,provides misinformation compared to the current body of evidence (86.8%) ... Only 21 videos (13.2%) were rated to contain no misinformation
F034,2-s2.0-85095594211,CONTENT,curated_sample,misleading,20,COVID-19 prevention articles classified by 2 public-health experts as 'misleading' (containing both accurate AND inaccurate information) or 'inaccurate' (inconsistent with WHO/CDC guidelines or scient,Out of the 30 top shared articles identified 24 were found to be accurate (80%) and 6 to be misleading (20%)
F035,2-s2.0-85095594211,SHARING,curated_sample,misleading,36,COVID-19 prevention articles classified by 2 public-health experts as 'misleading' (containing both accurate AND inaccurate information) or 'inaccurate' (inconsistent with WHO/CDC guidelines or scient,the percentage of their shares reached 36% (n = 1 765 889) of total number of shares (n = 4 904 160) on social media
F036,2-s2.0-85190817518,CONTENT,topical,misleading,36,"Reddit comments on ocular stem cell therapy graded by a board-certified retina surgeon as inaccurate or misleading (minor errors, omissions, citations from misleading articles, or entirely false) vs t","In contrast, 36% (147/411) of the comments were inaccurate or misleading."
F037,2-s2.0-85086031086,RECALL,population,false,25.94,Self-reported sharing of 'a news story that seemed accurate at the time but you later found out was exaggerated or made up' (accidental) or 'a news story that you thought was made up or exaggerated wh,Accidental Sharing on Facebook / Yes 25.94 %
F038,2-s2.0-85086031086,RECALL,population,false,28.67,Self-reported sharing of 'a news story that seemed accurate at the time but you later found out was exaggerated or made up' (accidental) or 'a news story that you thought was made up or exaggerated wh,Accidental Sharing on WhatsApp / Yes 28.67%
F039,2-s2.0-85086031086,RECALL,population,false,13.19,Self-reported sharing of 'a news story that seemed accurate at the time but you later found out was exaggerated or made up' (accidental) or 'a news story that you thought was made up or exaggerated wh,Purposeful Sharing on Facebook / Yes 13.19%
F040,2-s2.0-85086031086,RECALL,population,false,14.36,Self-reported sharing of 'a news story that seemed accurate at the time but you later found out was exaggerated or made up' (accidental) or 'a news story that you thought was made up or exaggerated wh,Purposeful Sharing on WhatsApp / Yes 14.36%
F041,2-s2.0-105009085931,QUALITY,topical,low_quality,30.8,"Mpox-related X posts rated for quality/reliability against WHO and CDC fact sheets using the Global Quality Scale (GQS, 1-5) and modified DISCERN; low GQS = poor/inaccurate consumer health information","Using the GQS, 86 posts (30.8%) were rated as having very low quality"
F042,2-s2.0-105009085931,QUALITY,topical,low_quality,11.8,"Mpox-related X posts rated for quality/reliability against WHO and CDC fact sheets using the Global Quality Scale (GQS, 1-5) and modified DISCERN; low GQS = poor/inaccurate consumer health information",only 33 posts (11.8%) were rated as very high quality
F043,2-s2.0-105032691304,CONTENT,topical,false,23.3,"HBV-related Instagram posts coded accurate vs misinformation by hepatology clinicians against current standards of care, using an adapted validated Online Cancer Nutrition Misinformation (OnC-M) codeb","Of the full sample, most posts had accurate (79/103, 76.7%) versus inaccurate (24/103, 23.3%) information about HBV"
F044,2-s2.0-105031357857,CONTENT,topical,false,33.3,German-language TikTok mental-health videos rated by two clinical psychologists as correct / overgeneralized / incorrect / subjective-experience against DSM-5 diagnostic criteria; 'incorrect' = presen,"19.2% (n = 34) were rated as correct, 33.3% (n = 59) as incorrect, 18.1% (n = 32) as overgeneralized and 29.4% (n = 52) as personal experience"
F045,2-s2.0-105031357857,QUALITY,topical,misleading,18.1,German-language TikTok mental-health videos rated by two clinical psychologists as correct / overgeneralized / incorrect / subjective-experience against DSM-5 diagnostic criteria; 'incorrect' = presen,"33.3% (n = 59) as incorrect, 18.1% (n = 32) as overgeneralized"
F046,2-s2.0-85124307830,RECALL,population,false,84.2,"11 COVID-19 false claims (e.g., 5G spreads virus, hot dryers/sun kill virus, drugs cure COVID, vaccine = tracking microchips/population control) compiled from a Chinese rumor list and corroborated as ","Drugs and Weather are the two most popular claims, with an average of 84.2% and 77.1% of participants encountering these rumors, respectively"
F047,2-s2.0-85124307830,RECALL,population,false,77.1,"11 COVID-19 false claims (e.g., 5G spreads virus, hot dryers/sun kill virus, drugs cure COVID, vaccine = tracking microchips/population control) compiled from a Chinese rumor list and corroborated as ","Drugs and Weather are the two most popular claims, with an average of 84.2% and 77.1% of participants encountering these rumors"
F048,2-s2.0-85124307830,RECALL,population,false,60.7,"11 COVID-19 false claims (e.g., 5G spreads virus, hot dryers/sun kill virus, drugs cure COVID, vaccine = tracking microchips/population control) compiled from a Chinese rumor list and corroborated as ","Vaccination-related claims show moderate-to-high exposure with Tracking being seen by 60.7%, Population by 57.6% and Pharma by 55.7% of the respondents"
F049,2-s2.0-85124307830,RECALL,population,false,57.6,"11 COVID-19 false claims (e.g., 5G spreads virus, hot dryers/sun kill virus, drugs cure COVID, vaccine = tracking microchips/population control) compiled from a Chinese rumor list and corroborated as ","Tracking being seen by 60.7%, Population by 57.6% and Pharma by 55.7% of the respondents"
F050,2-s2.0-85124307830,RECALL,population,false,55.7,"11 COVID-19 false claims (e.g., 5G spreads virus, hot dryers/sun kill virus, drugs cure COVID, vaccine = tracking microchips/population control) compiled from a Chinese rumor list and corroborated as ","Tracking being seen by 60.7%, Population by 57.6% and Pharma by 55.7% of the respondents"
F051,2-s2.0-85124307830,RECALL,population,false,27.4,"11 COVID-19 false claims (e.g., 5G spreads virus, hot dryers/sun kill virus, drugs cure COVID, vaccine = tracking microchips/population control) compiled from a Chinese rumor list and corroborated as ","Sunbath seen by 54.7%, Water by 44.3%, Vinegar by 34.9%, and Dryer by 27.4% of the respondents"
F052,2-s2.0-85083965254,CONTENT,single_source,false,28,"Posts classified as health misinformation = health-related statements verified false by (a) web research, (b) presence on a fact-checking debunk, and (c) assessment of cited scientific source reliabil","Out of 500 posts analyzed, 28% (140/500) fit in the category health misinformation"
F053,2-s2.0-86000670842,CONTENT,topical,false,19,"Nutrition content scored against evidence-based dietary guidelines (Australian Dietary Guidelines, Nutrient Reference Values, PEN) as completely/mostly inaccurate vs accurate (Denniss/Lindberg accurac",and 19% deemed completely inaccurate (Figures 3a and 4a)
F054,2-s2.0-86000670842,QUALITY,topical,low_quality,55,"Nutrition content scored against evidence-based dietary guidelines (Australian Dietary Guidelines, Nutrient Reference Values, PEN) as completely/mostly inaccurate vs accurate (Denniss/Lindberg accurac",around half of the applicable posts on TikTok also failed to meet the criteria for providing evidence-based information (55%)
F055,2-s2.0-86000670842,QUALITY,topical,low_quality,75,"Nutrition content scored against evidence-based dietary guidelines (Australian Dietary Guidelines, Nutrient Reference Values, PEN) as completely/mostly inaccurate vs accurate (Denniss/Lindberg accurac",most of the posts on TikTok (75%) failed to provide balanced accurate information or outline the risks and benefits
F056,2-s2.0-85197949220,CONTENT,topical,false,29.9,Posts stating factually incorrect information about the COVID-19 vaccine and fertility (human-coded factual vs misinformation; posts debunking false claims coded factual).,"From the pertinent posts of timeframe 1, 8014 (70.1%) were deemed factual and 3422 (29.9%) were deemed misinformation."
F057,2-s2.0-85197949220,CONTENT,topical,false,45.1,Posts stating factually incorrect information about the COVID-19 vaccine and fertility (human-coded factual vs misinformation; posts debunking false claims coded factual).,"From the relevant posts from timeframe 2, 3283 (54.9%) were deemed factual and 2699 (45.1%) were deemed misinformation."
F058,2-s2.0-85167574647,CONTENT,curated_sample,misleading,6,"YouTube video whose content is categorised as 'misleading' (vs useful / personal-experience / irrelevant) on prostate cancer, judged against clinical accuracy by the authors.","The video content was labeled as useful in 84% of videos, misleading in 6%, irrelevant in 6%, and depicted personal experience in 4% of videos."
F059,2-s2.0-85145956359,REACH,population,unreliable_source,70,Potential exposure to posts from Russian Internet Research Agency / foreign-influence accounts identified and released by Twitter as state-sponsored foreign-influence accounts ('Russian disinformation,We find that 70% (n = 1042) of respondents were exposed to one or more posts from a foreign influence campaign between April and November 2016
F060,2-s2.0-85145956359,CONCENTRATION,n/a,unreliable_source,70,Potential exposure to posts from Russian Internet Research Agency / foreign-influence accounts identified and released by Twitter as state-sponsored foreign-influence accounts ('Russian disinformation,only 1% of users accounted for 70% of exposures
F061,2-s2.0-85046831961,CONTENT,topical,false,40,"Fabricated, manipulated, or advertisement health news (categories 1-3 of a Tandoc-derived typology), veracity judged against the evidence-based Polish internal-medicine textbook 'Interna Szczeklika'. ",40% of the most frequently shared links contained text we classified as fake news.
F062,2-s2.0-85118260096,RECALL,population,false,19.0,"Self-reported exposure to a specific unproven/false health claim ('smoking/alcohol drinking can protect against COVID-19'), framed as health misinformation contradicting WHO; second claim ('drinking t","Of the 1501 respondents, 282 (19.0%; 95% CI 16.8% to 21.4%) reported having seen claims that 'smoking/alcohol drinking can protect against COVID-19' from social networking sites."
F063,2-s2.0-85118260096,RECALL,population,false,17.0,"Self-reported exposure to a specific unproven/false health claim ('smoking/alcohol drinking can protect against COVID-19'), framed as health misinformation contradicting WHO; second claim ('drinking t",exposure to claims that 'drinking tea can protect against COVID-19' (17.0%; 242 of 1501)
F064,2-s2.0-105007777349,CONTENT,topical,false,60.3,Web-page content that defies the scientific consensus or lacks current scientific evidence (criteria of Swire-Thompson & Lazer); validity checked against NIH/NLM/PubMed/American Academy/Google Scholar,"Among the 320 web pages included for content analysis, 193 (60.3%) web pages were found to have oral health-related misinformation published in their articles"
F065,2-s2.0-85203845655,CONTENT,topical,false,5.1,"Wardle & Derakhshan information-disorder typology, author-coded. Three sub-types: mis-information (false, no harm intent), mal-information (true but used to harm), dis-information (deliberately false ","Finalmente, 4 notas ... fueron identificadas como desinformaciones, la categoria mas peligrosa de las tres medidas. Informacion falsa, deliberadamente creada con el fin de perjudicar"
F066,2-s2.0-85115858008,CONTENT,topical,false,0.6,"Audio matched (TF-IDF cosine + manual confirmation) to a claim previously rated false by >=1 of 6 Brazilian fact-checking agencies. Lower bound: only catches claims already fact-checked, and only ~71%",we found that only 100 out of the 300 transcriptions analyzed indeed carried the same content as the claim they were matched to ... These audios were marked as containing misinformation
F067,2-s2.0-85125507154,CONTENT,curated_sample,misleading,52,"'Misleading' video = contains information lacking scientific evidence (e.g. unsubstantiated claims about ADHD/treatment); rated by 2 psychiatrists vs CADDRA/AAP guidelines, 3rd adjudicator for ties.","Of the 100 videos meeting inclusion criteria, 52% (n = 52) were classified as misleading, 27% (n = 27) as personal experience, and 21% (n = 21) as useful"
F068,2-s2.0-85074596916,SHARING,political_news,unreliable_source,17.4,"'Junk news' = a source that deliberately publishes/aggregates misleading, deceptive, or incorrect information packaged as real news, operationalized as meeting >=3 of 5 source-level criteria: (1) prof","Junk News and Information 486,446 17.4 [Table 2, US Presidential Election]"
F069,2-s2.0-85074596916,SHARING,political_news,unreliable_source,18.1,"'Junk news' = a source that deliberately publishes/aggregates misleading, deceptive, or incorrect information packaged as real news, operationalized as meeting >=3 of 5 source-level criteria: (1) prof","Junk News and Information ... 21,071 ... 18.1 [Table 2, State of the Union]"
F070,2-s2.0-85134426953,CONTENT,topical,false,32.5,"Articles given an expert summary score >=6 on a 5-point factuality scale, i.e. 'mixture both true and false', 'mostly false', or 'false' (two NCCN-panel content experts per cancer site).","Of 200 total articles, 32.5% (n = 65) contained misinformation"
F071,2-s2.0-85134426953,QUALITY,topical,low_quality,30.5,"Articles given an expert summary score >=6 on a 5-point factuality scale, i.e. 'mixture both true and false', 'mostly false', or 'false' (two NCCN-panel content experts per cancer site).",30.5% (61 of 200; κ = 0.66) of articles contained harmful information
F072,2-s2.0-85121971415,CONTENT,topical,false,0.9,Posts promoting one specific clinically-discredited MOUD myth - that agonist therapy/MAT 'simply replaces one drug with another' - identified by an ML classifier (91% accuracy) over expert-annotated t,the prevalence of the stated MOUD myth ranged from 0.4% on web-based health communities to 0.9% on Twitter
F073,2-s2.0-85121971415,CONTENT,topical,false,0.4,Posts promoting one specific clinically-discredited MOUD myth - that agonist therapy/MAT 'simply replaces one drug with another' - identified by an ML classifier (91% accuracy) over expert-annotated t,the prevalence of the stated MOUD myth ranged from 0.4% on web-based health communities to 0.9% on Twitter
F074,2-s2.0-85121971415,CONTENT,topical,false,0.58,Posts promoting one specific clinically-discredited MOUD myth - that agonist therapy/MAT 'simply replaces one drug with another' - identified by an ML classifier (91% accuracy) over expert-annotated t,"The prevalence of posts among our sampled comments that were related to the myth ... was 0.4%, 0.9%, and 0.58% for web-based health communities, Twitter, and YouTube, respectively"
F075,2-s2.0-85065015834,CONTENT,topical,false,17.0,"Videos describing non-guideline-indicated and/or potentially harmful therapies (e.g. corticosteroids as chronic Rx, N-acetylcysteine, stem cells, cannabis oil) as valid/beneficial treatments for IPF, ",Non-recommended and/or potentially harmful therapies were described as valid and potentially beneficial treatments for IPF in 17% of videos
F076,2-s2.0-85065550941,CONTENT,topical,false,37.3,Posts coded for fluoride conspiracy-theory content (e.g. fluoride as government mind-control/poison) among #fluoride Instagram posts; expert-coded categories from a CDC fact sheet.,"The most common topics were conspiracy theory, contained in 37.3% of posts"
F077,2-s2.0-85131270595,CONTENT,topical,false,3.2,"Articles advancing/promoting COVID-19 vaccine misinformation across 17 expert-defined subthemes (safety, development, conspiracy, etc.). 'Primary misinformation' = articles actually promoting the misi",41 718 (3.2% of all COVID-19 vaccine articles) contained at least one of the vaccine misinformation themes
F078,2-s2.0-85131270595,CONTENT,topical,false,0.1,"Articles advancing/promoting COVID-19 vaccine misinformation across 17 expert-defined subthemes (safety, development, conspiracy, etc.). 'Primary misinformation' = articles actually promoting the misi",approximately 0.1% (95% CI 0.05% to 0.16%) of all articles on COVID-19 vaccines in our sample contained primary misinformation
F079,2-s2.0-85218959905,CONTENT,topical,false,84.0,"Claim accuracy coded on a 2-point scale; 'non-factual' = non-facts and falsified information about aesthetic dentistry (factual = objectively true, relevant, minimal facts)","Only 16.0% of the posts contain factual information, while the remaining 84.0% consist of non-factual claims"
F080,2-s2.0-84929523850,RECALL,population,misleading,34.0,"Self-reported having seen/heard messages discouraging the public from getting a coronavirus vaccine (anti-vax messaging); survey item, any/social-media source",1 in 3 people (34%) ... say they've seen or heard messages discouraging the public from getting a coronavirus vaccine
F081,2-s2.0-84929523850,RECALL,population,misleading,26.0,"Self-reported having seen/heard messages discouraging the public from getting a coronavirus vaccine (anti-vax messaging); survey item, any/social-media source",A quarter of the population (26%) say they've seen or heard Covid anti-vax messages on social media
F082,2-s2.0-78649725192,CONTENT,topical,false,4.5,Tweet coded misinformation if not a joke and unsubstantiated by reference standards (CDC/PHAC for scientific claims; panel of credible news sources e.g. CNN/BBC for news claims); may include speculati,4.5% were classified as possible misinformation
F083,2-s2.0-85086906408,CONTENT,topical,false,28,"Misinformation defined as contradictions of established literature and/or guidelines, rated on a 1-5 Likert scale (none/low/moderate/high/extreme).","Overall, 26/92 (28%) videos with medical information were deemed to contain direct misinformation."
F084,2-s2.0-85128118104,RECALL,population,false,83.6,"Eight officially-identified FALSE food rumors (e.g. 'seaweed is made of plastic', 'seedless grapes covered with contraceptives'), confirmed false by state surveillance sources; self-reported having he","Among the respondents, 83.6% (2584/3090) heard at least one food rumor."
F085,2-s2.0-85200952814,CONTENT,topical,false,34.7,TikTok hysteroscopy videos containing >50% false information were classified as 'inaccurate or misinformative'; 25-50% false = partially accurate; <25% false = accurate/evidence-based (fact-checked ag,"most of the content was considered partially accurate or uninformative (63 [43.8%] and 50 [34.7%], respectively)"
F086,2-s2.0-85145404443,CONTENT,topical,misleading,1.8,"Tweets coded (implicitly or explicitly) 'anti-vaccine' = expressing refusal/opposition to vaccination; distinguished by authors from merely 'negative vaccine information' (NVI), which characterizes va","Of the 7306 tweets, 131 (1.8%) were coded as anti-vaccine and 1533 (21%) were coded as NVI."
F087,2-s2.0-85141666446,CONTENT,topical,false,2.0,"Posts expressing information easily refuted by official guidelines (Vietnam MoH, govt news, WHO, or >=2 peer-reviewed journals); distinct from 'opinions' and 'unverified information' (cannot be proven","Among the selected 500 posts with the highest number of engagements, there were 316 (63.20%) genuine information posts, 10 (2.00%) misinformation posts, 152 (30.40%) opinions, and 22 (4.40%) unverified posts."
F088,2-s2.0-85129109345,CONTENT,topical,misleading,80.5,"Video coded as misleading if it contained any inaccurate/misleading content on COVID-19 or vitamin D (e.g. that vitamin D prevents or cures COVID-19), judged against current evidence base.","we classified the videos as misleading if they had misleading information on vitamin D, COVID-19, or both (ie, 7 [9%] videos with some useful and some misleading information were labeled as misleading overall)."
F089,2-s2.0-105014807194,CONTENT,topical,false,44,Advice/treatment video marked 'unsupported' by current medical evidence by three fellowship-trained pediatric spine surgeons (vs supported).,"Out of the 55 videos providing medical advice or treatment information, 44% (n = 24) were found to contain misinformation upon review by fellowship-trained pediatric orthopaedic surgeons specializing in spine deformity."
F090,2-s2.0-85085201199,CONTENT,topical,false,27.5,Video coded non-factual if it contained one or more non-factual statements vs WHO/CDC guidelines at the video's publication date (two-reviewer consensus).,"Of the 69 included videos, 19 (27.5%) contained non-factual information, while 50 (72.5%) contained only factual information"
F091,2-s2.0-85085201199,CONTENT,topical,false,24.1,Video coded non-factual if it contained one or more non-factual statements vs WHO/CDC guidelines at the video's publication date (two-reviewer consensus).,Non-factual videos accounted for 24.1% of the total viewership for a total of 62 042 609 views. Factual videos accounted for 75.9% of total viewership.
F092,2-s2.0-85146384927,CONTENT,topical,false,10.1,Description deemed misinformation if inaccurate or not sufficiently rigorous vs International Myopia Institute (IMI) 2019/2021 standards; eye-exercise/classification deviations NOT counted.,A total of 19 descriptions were determined as misinformation in 17 videos. The total crude prevalence was 10.1% (17/168)
F093,2-s2.0-85076877757,CONTENT,political_news,false,60.0,"Political post classified false using the Brazilian fact-check guide 'Fato ou Fake' (G1/Globo): checked sensational/unusual titles, ambiguity, image/audio authenticity, professional-media sourcing; co",un 60% corresponde a informacion parcial o completamente falsa (tabla 4)
F094,2-s2.0-85076877757,CONTENT,political_news,false,38.8,"Political post classified false using the Brazilian fact-check guide 'Fato ou Fake' (G1/Globo): checked sensational/unusual titles, ambiguity, image/audio authenticity, professional-media sourcing; co","Los posts clasificados como informacion falsa (38,8%) superaron la cifra de los que contenian informacion verdadera (35,4%)"
F095,2-s2.0-105028851691,CONTENT,topical,misleading,89,"Video content judged by two clinicians (S3/AWMF ADHD guideline) likely to lead viewers to inaccurate or unsupported beliefs about ADHD (factually wrong info, transdiagnostic symptoms presented as ADHD","Among the 98 videos analyzed, 87 (89%) were rated as misleading."
F096,2-s2.0-85217197547,CONTENT,topical,false,88.7,"Post content marked incorrect against a 30-point scoring sheet built from clinical practice guidelines/expert consensus by 3 pediatric otolaryngologists (covering embryology, anatomy, epidemiology, sy","Sixty-three posts (88.7%) contained misinformation, with 59 posts (83.1%) having 50% or more misinformation of the total information provided."
F097,2-s2.0-84964787366,CONTENT,topical,false,2,"Alternative health information: posts not in line with current scientific understanding of Ebola and its prevention/control (e.g., saltwater cure, Nano Silver, crystal meth, traditional-medicine cures","Of 245 tweets in Batch 1 and 87 tweets in Batch 2, alternative health information ... accounted for six tweets in Batch 1 and two tweets in Batch 2"
F098,2-s2.0-84964787366,CONTENT,topical,false,2,"Alternative health information: posts not in line with current scientific understanding of Ebola and its prevention/control (e.g., saltwater cure, Nano Silver, crystal meth, traditional-medicine cures",alternative health information accounted for 11 posts in Batch 1 and three posts in Batch 2 (of 452 B1 and 207 B2)
F099,2-s2.0-85089627303,CONTENT,topical,misleading,44,"Article links graded 'misleading' or 'inaccurate' by two reviewers comparing content to cited references and contemporary peer-reviewed literature; inaccurate = not supported by scientific literature,","Overall, 56% of articles were graded as accurate and 44% as misleading or inaccurate"
F100,2-s2.0-85148963619,CONTENT,topical,unreliable_source,1.31,"Tweets linking to low-credibility news domains, identified at the source/domain level using the Iffy+ Misinfo/Disinfo list (MBFC Very Low/Low factual reporting, Questionable, Conspiracy-Pseudoscience)",Daily percentage of vaccine tweets and retweets that share links to low-credibility news sources (median: 1.31%) and mainstream news sources (median: 7.53%)
F101,2-s2.0-85148963619,CONCENTRATION,n/a,unreliable_source,35,"Tweets linking to low-credibility news domains, identified at the source/domain level using the Iffy+ Misinfo/Disinfo list (MBFC Very Low/Low factual reporting, Questionable, Conspiracy-Pseudoscience)",Tweets by a small group of approximately 800 “superspreaders” verified by Twitter accounted for approximately 35% of all reshares of misinformation on an average day
F102,2-s2.0-85148963619,CONCENTRATION,n/a,unreliable_source,13.4,"Tweets linking to low-credibility news domains, identified at the source/domain level using the Iffy+ Misinfo/Disinfo list (MBFC Very Low/Low factual reporting, Questionable, Conspiracy-Pseudoscience)",Retweets of Mr. Kennedy’s tweets singularly accounted for 13.4% of all retweets of low-credibility vaccine content
F103,2-s2.0-105032159703,CONTENT,topical,false,36,"Video coded as containing misinformation if it presented scientifically baseless/unproven products, potentially harmful DIY regimens, or exaggerated/misrepresented treatment outcomes, judged by two tr",misinformation permeated over one-third (36%) of the entire sample
F104,2-s2.0-85168520853,CONTENT,single_source,false,26.1,"A statement coded as misinformation if medically inaccurate: content-related (false due to lack of scientific evidence), context-related (claim inadequate for speaker's knowledge/status), wrong assump","At the level of statements, 401/1534 (26.1%) contained misinformation."
F105,2-s2.0-85139497631,QUALITY,topical,low_quality,66.7,"Video quality judged by 3 urologists via DISCERN (consumer health information quality instrument); poor quality = DISCERN 1-2, moderate/good = 3-5. This is a QUALITY/reliability rating, not a direct f","According to DISCERN, 26 videos (66.7%) were of poor quality and 12 (30.8%) of moderate/good quality"
F106,2-s2.0-85189974015,SHARING,population,fabricated,13.8,"A planted fake-news article making unsubstantiated infertility claims about one of three vaccines (HPV, polio, COVID-19); content is misinformation by design (experimental forced exposure). Sharing me",About 13.8% of respondents shared the article on Facebook
F107,2-s2.0-85189974015,OTHER,n/a,fabricated,52.1,"A planted fake-news article making unsubstantiated infertility claims about one of three vaccines (HPV, polio, COVID-19); content is misinformation by design (experimental forced exposure). Sharing me",about 52.1% of our respondents stated that they would be willing to share the article on their Facebook account
F109,2-s2.0-85089622030,SHARING,curated_sample,false,23.1,"'Fake news' = articles whose content is not supported by scientific literature, or where reported data are used to make inappropriate conclusions about SARS-CoV-2 (independently dual-coded; 3rd author","Links that contained fake news were shared 2,352,585 times, accounting for about 23.1% of the total shares of all the articles reviewed."
F110,2-s2.0-85140592237,CONTENT,topical,misleading,18.3,"'Misleading' = video containing one or more scientifically wrong/unproven nutrition statements vs major public-health guidelines (WHO, Turkish Dietetic Assoc, NICE) at publication date; dual expert re",There were 178 (81.7%) fully relevant and 40 (18.3%) misleading videos
F111,2-s2.0-85218245924,CONTENT,topical,false,63.3,Fact-check vs 2023 international PCOS guidelines/literature: 'inaccurate/misinformative' = >50% false info; 'partially accurate' = 25-50% false; 'accurate/evidence-based' = <25% false. Three independe,"56.7% classified as partially accurate (with 25%-50% of false information) and 6.6% deemed uninformative (more than 50% of false information), accounting for 63.3% of the evaluated material"
F112,2-s2.0-85218245924,CONTENT,topical,false,6.6,Fact-check vs 2023 international PCOS guidelines/literature: 'inaccurate/misinformative' = >50% false info; 'partially accurate' = 25-50% false; 'accurate/evidence-based' = <25% false. Three independe,6.6% deemed uninformative (more than 50% of false information)
F113,2-s2.0-85092013677,CONTENT,topical,false,29.3,"Misinformation = scientifically inaccurate content scored on a 1-5 Likert misinformation scale (analogous to DISCERN), coded by urologists/trainees with intercoder checks.","Forty-four videos had any misinformation (score >1 out of 5), and these videos had 1 483 859 views"
F114,2-s2.0-85092013677,QUALITY,topical,low_quality,67,"Misinformation = scientifically inaccurate content scored on a 1-5 Likert misinformation scale (analogous to DISCERN), coded by urologists/trainees with intercoder checks.","the overall quality of information was moderate to poor in 67%, based on scores of 1-3 out of 5 on the validated DISCERN instrument"
F115,2-s2.0-85090430198,CONTENT,topical,misleading,0.66,"Misleading/inaccurate health advice about COVID-19 (author-coded content category, vs pragmatic-health, satirical/everyday-activity, and healthcare-professional categories).",".66% provided misleading or inaccurate health advice, with the remaining videos depicting everyday quarantine activities in a satirical manner"
F116,W3035025978,CONTENT,topical,misleading,10,Misleading = scientifically inaccurate content or ambiguous non-evidence-based claims about COVID-19 (one of four author-defined non-overlapping categories: informative/misleading/personal-experience/,Twenty-four videos (10%) were flagged as misleading (Table 3)
F117,W3011186656,CONTENT,topical,false,24.8,A claim of fact that is currently false due to lack of scientific evidence; tweets whose information could be clearly refuted using WHO/CDC/peer-reviewed/major-news references (author-coded vs ground ,"In total, after excluding humorous/non-serious posts, 153 tweets (24.8%) included misinformation"
F118,W4407878374,CONTENT,topical,misleading,5.11,"Any information that is incorrect, misleading, or false, regardless of disseminator intent (umbrella term following Sanaullah et al.); semi-supervised classifier trained on 994 manually-coded Norwegia","a dataset of 426,262 tweets is analyzed, identifying approximately 5.11% as misinformation"
F119,W4407878374,CONCENTRATION,n/a,misleading,75,"Any information that is incorrect, misleading, or false, regardless of disseminator intent (umbrella term following Sanaullah et al.); semi-supervised classifier trained on 994 manually-coded Norwegia",25% of the most active users contribute to approximately 75% of the misinformation content
F120,W4306964957,SHARING,political_news,false,0.0104,False stories fact-checked as false by Brazilian fact-checking agencies (text-based approach matches posts to Boatos-scraped debunked rumors); domain approach = links to fact-check-flagged low-quality,"Using our text-based approach, about 0.01% (421) of politicians' posts contain false stories ... [Table 2] Text 0.0104"
F121,W4306964957,SHARING,political_news,unreliable_source,0.9595,False stories fact-checked as false by Brazilian fact-checking agencies (text-based approach matches posts to Boatos-scraped debunked rumors); domain approach = links to fact-check-flagged low-quality,The domain-based approach suggests a much larger share of posts containing misinformation (0.96%) ... [Table 2] Domain 0.9595
F122,W4281770633,CONCENTRATION,n/a,misleading,28.6,"Umbrella term for false, misleading, exaggerated, or unsubstantiated claims/rumors about 2020 US election procedures/results, curated in real time by the Election Integrity Partnership (456 stories; 3","The top 35 accounts alone were responsible for 9,304,879 out of 32,581,921—or 28.6%—of all 'sows doubt' connected retweets and quote tweets we collected"
F123,W4281770633,CONCENTRATION,n/a,misleading,50,"Umbrella term for false, misleading, exaggerated, or unsubstantiated claims/rumors about 2020 US election procedures/results, curated in real time by the Election Integrity Partnership (456 stories; 3",We used 150 accounts because they were also responsible for almost exactly half of the retweets and quote tweets in the data
F124,SEED-allcott2017,RECALL,population,false,1.2,"Fake news = news articles that are intentionally and verifiably false and could mislead readers; political, 2016-election-related; coded false if refuted by a mainstream/fact-check site or uncovered-b","After weighting for national representativeness, 15 percent of survey respondents recalled seeing the Fake stories ... about 14 percent of people report seeing the placebo stories ... We estimate that the average Fake headline was 1.2 percentage points more likely to be seen and recalled than the average Placebo headline"
F125,W4293124965,EXPOSURE,news_diet,unreliable_source,3.36,"Untrustworthy news outlets = NewsGuard score <=60 ('generally untrustworthy', less-strict); stricter subset = outlets 'repeatedly publishing false content'. Source-level (domain) measure, not content-",[Table 2] Web traffic 2017-2021: US 3.36%
F126,W4293124965,EXPOSURE,news_diet,unreliable_source,0.10,"Untrustworthy news outlets = NewsGuard score <=60 ('generally untrustworthy', less-strict); stricter subset = outlets 'repeatedly publishing false content'. Source-level (domain) measure, not content-",[Table 2] Web traffic 2017-2021: UK 0.10%
F127,W4293124965,EXPOSURE,news_diet,unreliable_source,4.43,"Untrustworthy news outlets = NewsGuard score <=60 ('generally untrustworthy', less-strict); stricter subset = outlets 'repeatedly publishing false content'. Source-level (domain) measure, not content-",[Table 2] Web traffic 2017-2021: France 4.43%
F128,W4293124965,EXPOSURE,news_diet,unreliable_source,0.97,"Untrustworthy news outlets = NewsGuard score <=60 ('generally untrustworthy', less-strict); stricter subset = outlets 'repeatedly publishing false content'. Source-level (domain) measure, not content-",[Table 2] Web traffic 2017-2021: Germany 0.97%
F129,W4293124965,SHARING,political_news,unreliable_source,18.52,"Untrustworthy news outlets = NewsGuard score <=60 ('generally untrustworthy', less-strict); stricter subset = outlets 'repeatedly publishing false content'. Source-level (domain) measure, not content-",[Table 2] Facebook engagement 2017-2021: US 18.52%
F130,W4293124965,SHARING,political_news,unreliable_source,2.44,"Untrustworthy news outlets = NewsGuard score <=60 ('generally untrustworthy', less-strict); stricter subset = outlets 'repeatedly publishing false content'. Source-level (domain) measure, not content-",[Table 2] Facebook engagement 2017-2021: UK 2.44%
F131,W4293124965,SHARING,political_news,unreliable_source,23.00,"Untrustworthy news outlets = NewsGuard score <=60 ('generally untrustworthy', less-strict); stricter subset = outlets 'repeatedly publishing false content'. Source-level (domain) measure, not content-",[Table 2] Facebook engagement 2017-2021: France 23.00%
F132,W4293124965,SHARING,political_news,unreliable_source,8.52,"Untrustworthy news outlets = NewsGuard score <=60 ('generally untrustworthy', less-strict); stricter subset = outlets 'repeatedly publishing false content'. Source-level (domain) measure, not content-",[Table 2] Facebook engagement 2017-2021: Germany 8.52%
F133,W4309243406,CONTENT,topical,misleading,9,"Information at variance with widely-accepted scientific consensus on GMO safety; manually rated (broad def incl. mis- and dis-information), articles returned by a GMO Boolean keyword search of top Eng","Overall, about 9% of the articles published on GMOs from 2019–2021 that we reviewed contained misinformation, while 91% were factually accurate"
F134,W4309243406,CONTENT,topical,misleading,20,"Information at variance with widely-accepted scientific consensus on GMO safety; manually rated (broad def incl. mis- and dis-information), articles returned by a GMO Boolean keyword search of top Eng",About 20% - a fifth - of Africa's GMO media content in our database is rated as misinformation
F135,W4309243406,CONTENT,topical,misleading,5,"Information at variance with widely-accepted scientific consensus on GMO safety; manually rated (broad def incl. mis- and dis-information), articles returned by a GMO Boolean keyword search of top Eng",The corresponding proportion is 5% for North America and 7% for Europe
F136,W4309243406,CONTENT,topical,misleading,7,"Information at variance with widely-accepted scientific consensus on GMO safety; manually rated (broad def incl. mis- and dis-information), articles returned by a GMO Boolean keyword search of top Eng",The corresponding proportion is 5% for North America and 7% for Europe
F137,2-s2.0-85129781787,CONTENT,topical,misleading,40,Media coverage providing misleading information relative to WHO guidance (e.g. suggesting plasma therapy or chloroquine were effective treatments when not evidence-based).,"However, 40% of media coverage of treatments options provided misleading information, such as suggesting plasma therapy or chloroquine, were effective"
F138,2-s2.0-85109464429,CONTENT,topical,misleading,32.6,"Clinical/scientific inaccuracies ('imprecisoes clinicas/cientificas') in video content, author-coded by two physician reviewers; Portuguese-language acute-myocardial-infarction YouTube videos from the","Um terco dos videos (n=79, 32,6%) apresenta imprecisoes clinicas/cientificas [One third of the videos (n=79, 32.6%) contained clinical/scientific inaccuracies]"
F139,W7165134935,CONTENT,topical,false,6.0,Sunscreen misinformation = TikTok content critiquing sunscreen for either having harmful effects on the body or preventing the benefits of sun exposure (incl. that sunscreen is unnecessary/ineffective,"In total, (n = 58, 6.0%) TikToks included either broad or specific concerns around sunscreen health risks."
F140,W3189543626,CONTENT,curated_sample,fabricated,1.7,"Hoaxes/conspiracy theories about COVID-19 vaccines (e.g. mind-control/surveillance chips, sterility, DNA/genetic changes, pandemic-denial) identified by two independent raters among the most-viewed Sp",Hoaxes and conspiracy theories were detected in 2 videos ... Hoaxes/conspiracy theories were identified in 1.7% of the videos.
F141,W4385567160,CONTENT,single_source,misleading,8.24,"Messages showing signs of conspiracy narratives (DistilBERT-classified against 4-expert hand annotation, kappa 0.82); conspiracy narrative = belief interpreting events as the secret plan of a group of","our trained model identified 67,698 messages containing characteristics of conspiracy narratives, representing 8.24% of the total corpus"
F142,W3138656580,CONTENT,topical,false,31,Falsely conveying that a COVID-19 vaccine was available for public uptake at a time (Dec 2020) when no vaccine was yet distributed in the US; author-coded against CDC fact sheet (kappa=0.94 on 10% dou,"Falsely Claims Vaccine Availability for Public Uptake 31 15,195,600 43.00%"
F143,W2901308345,CONTENT,single_source,false,2.8,"Articles classified as fake = probabilistically deceptive paid-for stock-promotion content, via a LIWC authenticity-score algorithm calibrated/validated on 171 SEC-prosecuted 'for-sure' fake articles ","The unconditional probability of a Seeking Alpha article being fake is 2.8% over the entire sample period, peaking at 4.8% in 2008 and dropping to a low of 1.6% in 2013"
F144,W2901308345,CONTENT,single_source,false,2.7,"Articles classified as fake = probabilistically deceptive paid-for stock-promotion content, via a LIWC authenticity-score algorithm calibrated/validated on 171 SEC-prosecuted 'for-sure' fake articles ","The unconditional probability of fake news on the Motley Fool sample is 2.7%, almost identical to the 2.8% we found for Seeking Alpha"
F145,W4416223891,CONTENT,topical,false,32,Posts containing medically related misinformation = claims contradicting established scientific literature or clinical guidelines (verified against PubMed/medical literature).,Thirty-two percent of videos contained some form of medically related misinformation
F146,W4205602257,SHARING,topical,unreliable_source,1.1,"URLs from web domains classified as fake-news (black + red tiers per Grinberg et al. 2019; 'black' = preexisting fake-source lists, 'red' = sites that spread falsehoods reflecting a flawed editorial p",URLs from domains that publish fake news only comprise 1.1% of the URLs from COVID-19 tweets
F147,W4205602257,SHARING,topical,unreliable_source,1.8,"URLs from web domains classified as fake-news (black + red tiers per Grinberg et al. 2019; 'black' = preexisting fake-source lists, 'red' = sites that spread falsehoods reflecting a flawed editorial p","if we include web domains rated as orange in our fake news classification system, the percentage of shared fake news URLs increases to 1.8%"
F150,W7163893383,CONTENT,topical,misleading,39.5,False or misleading claim = claim independently judged false by two cardiology fellows against peer-reviewed evidence; partially-true/misleading/context-lacking claims counted as false. Video flagged ,False claims were identified in 39.5% of videos
F151,W7146985142,EXPOSURE,news_diet,unreliable_source,0.75,Visits to news outlets rated untrustworthy by NewsGuard (score<60 on 0-100 scale),the share of visits to untrustworthy news outlets among all news visits—in the raw data 0.75% in 2017 and 0.52% in 2024
F153,W7146985142,REACH,population,unreliable_source,17,Visits to news outlets rated untrustworthy by NewsGuard (score<60 on 0-100 scale),"During the longer 2017 tracking window, 17% of participants visited at least one untrustworthy news site, compared to just 8% in the shorter 2024 period"
F154,W7146985142,REACH,population,unreliable_source,9,Visits to news outlets rated untrustworthy by NewsGuard (score<60 on 0-100 scale),compared to just 8% in the shorter 2024 period
F155,2-s2.0-105027587881,CONTENT,topical,false,31,"Inaccurate/incorrect stroke information vs medical ground truth (unproven treatments, incorrect symptom info, misleading prevention claims, dangerous home remedies, delayed-care advice), coded by two ","Misinformation appeared in 31% of videos, with significant variation by creator type"
F156,2-s2.0-85085573221,RECALL,population,false,68.2,Self-reported receipt of COVID-19 information the respondent deemed partially or completely inaccurate / misinformation (false info shared without intent to harm; study limits itself to misinformation,A total of 517 (68.2%) participants accepted receiving misinformation.
F157,2-s2.0-105014632937,CONTENT,curated_sample,misleading,38.0,"YouTube news videos exhibiting misinformation/low-credibility tactics (lack of proper sourcing, conspiratorial language, misleading thumbnails); credibility assessed by referencing official data / jou","Sensationalist content attracted higher engagement (30.0%) but had lower credibility, with misinformation prevalent in 38.0% of analysed videos."
F158,2-s2.0-85212060458,CONTENT,topical,misleading,2.4,"Posts identified as disinformation via deductive content analysis: content misrepresenting/distorting scientific studies, media reports, case reports on vaccine safety/efficacy, vs scientific evidence","Disinformation ... No 246 97.6 ... Yes 6 2.4 ... Total 252 100 (Table 3, Keyword search)"
F159,2-s2.0-85212060458,CONTENT,single_source,misleading,66.5,"Posts identified as disinformation via deductive content analysis: content misrepresenting/distorting scientific studies, media reports, case reports on vaccine safety/efficacy, vs scientific evidence","Disinformation was identified in 66.5% of posts on the anti-vaccine page ... Yes 115 66.5 ... Total 173 100 (Table 3, Antivaccine page)"
F160,2-s2.0-85021701404,CONTENT,curated_sample,false,26.0,"Videos containing factually false claims contradicting medical evidence (e.g. device migrates deeper in skin over time, causes liver damage or breast lumps), rated by reviewers","A minority of patient testimonial videos reported misinformation (n=6, 26%). ... Misinformation reported in the videos was rare (n=6, 26%) but included mention of the fact that the device migrated 'deeper in the skin' over time and that it can cause liver damage or breast lumps."
F161,2-s2.0-105027959122,REACH,population,false,7.4,"Posts spreading fallacious/fabricated COVID-19 info not replicating scientific fact (myths & misinformation), identified by two blinded researchers via BuzzSumo web-search + WHO MythBusters/CDC/FDA cr","Of the 1200 respondents, 27.8% had spread facts related to COVID-19, 7.4% spread myths and misinformation. ... Myths and misinformation spread 89 7.4"
F162,2-s2.0-105020578144,CONTENT,topical,false,35.61,"Claims classified as 'non-facts': statements contradicting established peer-reviewed orthodontic evidence, exaggerating benefits, or making unsupported promises (assessed via established health-misinf","mainly were non-factual (36%; Table 1) ... Non-facts 94 35.61 ... Our findings of 36% non-factual claims, particularly in promotional content"
F163,2-s2.0-105020578144,QUALITY,topical,misleading,27.65,"Claims classified as 'non-facts': statements contradicting established peer-reviewed orthodontic evidence, exaggerating benefits, or making unsupported promises (assessed via established health-misinf",Selected facts 73 27.65 ... Posts presenting only positive aspects of clear aligner therapy while omitting well-established limitations or risks
F164,2-s2.0-85051037754,CONTENT,single_source,false,18.95,"Posts with medical content that did not reflect a scientific truth, or partially included scientifically based information that might generate misinterpretation; coded 'fake news' by two blinded exper","the two experts identified 380 posts with medical content ... 308 reported scientific and relevant medical information, whereas 72 posts included fake news"
F165,2-s2.0-85051037754,CONTENT,single_source,false,4.00,"Posts with medical content that did not reflect a scientific truth, or partially included scientifically based information that might generate misinterpretation; coded 'fake news' by two blinded exper",We collected 1800 posts from the SMsocialnetwork public wall ... 72 posts included fake news
F166,2-s2.0-85186874194,CONTENT,topical,false,44.55,Videos discussing non-validated (nonfactual) information; factual videos = information validated through a literature review and consultation with a rhinology expert.,"More than half of all videos were categorized as factual (55.5%, n=122) ... Factual No 98 (44.5%)"
F167,2-s2.0-85056331134,CONTENT,topical,misleading,23.80,"Videos containing erroneous and/or scientifically unproven information about Zika (based on currently available evidence), coded 'misleading' by two reviewers with 100% concordance.","Overall, 70.3% videos were informative, while 23.8% and 5.9% videos were misleading and related to personal experiences, respectively"
F168,2-s2.0-85129092713,CONTENT,topical,false,56.00,Tweets attempting to link Hank Aaron's death to administration of the Moderna COVID-19 vaccine; manually coded as misinformation by trained coders (kappa=0.83).,"vaccine misinformation was found to be the most prominent content type detected (n=244, 56%), followed by public reaction ... (n=122, 28%) and media reporting ... (n=69, 16%)"
F169,2-s2.0-85124823821,RECALL,population,false,93.10,"Self-reported receipt of COVID-19 misinformation (e.g. chloroquine, hot water, bleach, herbal remedies as protection) via social media, measured in a cross-sectional online survey.","Overall, 93.1% (1049/1127) received misinformation about the pandemic through social media"
F170,2-s2.0-85066941307,CONTENT,topical,false,5.5,"Disinformation = tweets explicitly rejecting Russian responsibility for the MH17 crash (or asserting Ukraine was responsible), judged against the Dutch Safety Board ground truth (pro-Russian separatis",1: Pro-Russia 5.5% ... Recoded Disinformation (1) ... the vast majority of tweets (84%) were assigned to the Other category
F171,2-s2.0-85194953420,CONTENT,topical,false,18,"Misinformation = video scoring >3 on a 5-point Likert scale (adapted from Tam et al.) indicating agreement that the video contained misinformation, rated by two female-pelvic-floor specialists (third ",Eighteen percent of the TikTok videos evaluated contained misinformation
F172,2-s2.0-85194953420,QUALITY,topical,low_quality,96,"Misinformation = video scoring >3 on a 5-point Likert scale (adapted from Tam et al.) indicating agreement that the video contained misinformation, rated by two female-pelvic-floor specialists (third ",The majority of TikTok videos (96%) were of low quality in terms of medical information (overall mean DISCERN score < 3)
F173,2-s2.0-105022108218,CONTENT,topical,false,87.2,"Degree of misinformation in a HoLEP surgical video, rated on a 1-5 Likert scale (none/low/moderate/high/extreme) against current EAU surgical-BPH evidence/guidelines by two endourology surgeons.",None 15 (12.8%) ... Severe 1 (0.8%) High 14 (11.9%) Moderate 39 (33.3%) Low 38 (32.4%)
F175,2-s2.0-85194880315,RECALL,population,false,51,"Fake news = deliberately false or unreliable information spread by interested parties to mislead the audience; mimics real news, sensational, emotion-appealing (author/Allcott-Gentzkow-based definitio","Каждый второй (51 %) сталкивался с ними не менее нескольких раз в месяц, в том числе 15 % – практически ежедневно"
F176,2-s2.0-85194880315,RECALL,population,false,23,"Fake news = deliberately false or unreliable information spread by interested parties to mislead the audience; mimics real news, sensational, emotion-appealing (author/Allcott-Gentzkow-based definitio","каждый третий опрошенный (32 %) за последний год верил фейкам, а ещё четверть (23 %) делились подобного рода информацией"
F177,2-s2.0-85219054979,CONTENT,topical,false,34,"Incidence of misinformation identified by 4 reviewers (claims contradicting the American Urological Association kidney-stone curriculum / WHO-local health authority standards), e.g. home-remedy cures,",Misinformation was found in 34% of TikTok videos
F178,2-s2.0-85219054979,CONTENT,topical,false,2,"Incidence of misinformation identified by 4 reviewers (claims contradicting the American Urological Association kidney-stone curriculum / WHO-local health authority standards), e.g. home-remedy cures,",Misinformation was present in 34% of TikTok and 2% of YouTube videos
F179,2-s2.0-85041175995,CONTENT,topical,false,11.67,"Weibo posts conveying incorrect knowledge about the signs and treatments of suicide (poor suicide literacy), coded by two independent coders against a literacy framework (Calear et al. 2012).",a total of 11.67% of the Weibo posts (n = 580) contained misinformation about suicide
F180,2-s2.0-85127039075,CONTENT,topical,false,10.7,"YouTube videos containing >=1 non-factual statement, defined as contradicting WHO or CDC guidelines at the time of video publication; coded in duplicate by two reviewers with third-reviewer consensus.",Thirteen videos (10.7%) contained non-factual information
F181,2-s2.0-85127039075,CONTENT,curated_sample,false,11.0,"YouTube videos containing >=1 non-factual statement, defined as contradicting WHO or CDC guidelines at the time of video publication; coded in duplicate by two reviewers with third-reviewer consensus.",No of views ... Non-factual 18 482 373 (11%) ... Factual 150 964 009 (89%)
F182,2-s2.0-85092483799,CONTENT,topical,false,11.4,"Author-coded: pin text/image contains >=1 false factual claim about breast-cancer prevention/treatment, judged false against reputable sources (Memorial Sloan Kettering, World Cancer Research Fund, NC","Therefore, 11.4% of the sample overall contained misinformation related to breast cancer prevention or treatment"
F183,2-s2.0-85115631663,CONTENT,topical,false,0.6,"Tweets related to one of 226 unique COVID-19 false stories debunked/fact-checked via the Google Fact Check Explorer API (rated misleading or false); fact-checker-driven, situational definition (false,","roughly extrapolating would mean that about 100,000 of the nearly 17.5 million tweets were related to misinformation that we captured"
F184,2-s2.0-85099807131,CONTENT,topical,false,84.4,"Tweets manually annotated as containing thematic COVID/hydroxychloroquine misinformation using categories adapted from prior COVID-19 misinfo studies (rumour/treatment, prevention-treatment incl. folk",Most (84.4%) of the 1 237 999 tweets reviewed contained misinformation
F185,2-s2.0-85065905229,CONTENT,curated_sample,misleading,30,"Articles independently reviewed by two physicians against scientific/consensus data (PubMed, Scopus, WoS, Google Scholar); 'inaccurate' = unsupported/refuted by evidence, 'misleading' = mix of accurat",A total of 15/50 articles (30%) were classified as inaccurate or misleading
F186,2-s2.0-85175105353,REACH,population,unreliable_source,3.2,"Sharing a link whose top-level domain matches a manually-compiled list of 378 'low-credibility' sources (Media Bias/Fact Check 'questionable' + 'conspiracy-pseudoscience' domains, per Pierri et al. 20","Of the 10,020,547 total users in the data, 321,806 (or 3.2%) shared links to misinformation sources"
F187,2-s2.0-85089426034,CONTENT,topical,misleading,37.14,Videos with scientifically unproven information judged against KCDC COVID-19 guidelines (as of May 1 2020); a video counted as misleading if it contained ANY misleading information (e.g. hoax/conspira,"Of the 105 total videos, 37.14% (39/105) contained misleading information"
F188,2-s2.0-85173877860,CONTENT,topical,misleading,58.5,Health-related false information (umbrella term covering inaccurate/misleading/exaggerated claims AND fabricated claims with no scientific evidence) about breast cancer prevention/treatment; coded by ,"From the 780 tweets analysed for content accuracy, 456 (58.5%) misinformation was identified."
F189,2-s2.0-105039619015,REACH,population,unreliable_source,39.1,"Misinformation websites = a list of 1,796 sites compiled by Moore et al. 2023 combining NewsGuard 'repeatedly publishing false content' sites + academically-identified misinformation purveyors. (Pink ",the 39.1% (95% CI = 36.4-41.8%) of Americans who were exposed to misinformation websites
F190,2-s2.0-105018276467,RECALL,population,false,68.8,"Fake news = 'fake stories that might appear to be news, spread on the Internet or other media' (fabricated content resembling actual news). Self-reported via a single 5-point Likert frequency item; no","Overall, 68.8% reported at least occasional exposure to fake news on social networking sites"
F191,2-s2.0-105018276467,RECALL,population,false,7.1,"Fake news = 'fake stories that might appear to be news, spread on the Internet or other media' (fabricated content resembling actual news). Self-reported via a single 5-point Likert frequency item; no",only a small proportion actively intervened to prevent its spread (16.2%) or report to share it (7.1%)
F192,2-s2.0-85108101418,CONTENT,topical,misleading,45.0,"Misleading videos = videos containing inaccurate or scientifically unproven information about RLS (vs reliable = correct scientific info with no inaccuracies). Coded by 2 neurologists, kappa=0.90.","Among 80 videos, 44 (55.0%) were categorized as reliable, and 36 (45.0%) were categorized as misleading"
F193,2-s2.0-85152674280,REACH,population,unreliable_source,26.2,"Untrustworthy/misinformation websites = web domains rated by NewsGuard as 'repeatedly publishing false content', plus domains from Guess et al. 2020 (490) and Allcott et al. (66); total 1,796 domains.","during the 2020 election, only 26.2% (95% CI 22.5% to 29.8%) of Americans were exposed to at least one untrustworthy website"
F194,2-s2.0-85079874634,QUALITY,topical,low_quality,76.0,"Low reliability/educational quality of DBS videos, scored with the validated DISCERN tool (DISCERN>3 = 'good'); a QUALITY rating, not a falsity/misinformation measure.","Of the 42 videos included, only 10 (24%) scored greater than 3 (good score)"
F195,2-s2.0-105040026420,QUALITY,topical,low_quality,47.5,"Low-quality video information on erythema nodosum, scored via Global Quality Scale (GQS 1-2 = low); a QUALITY rating, not a direct falsity/misinformation measure.","Among the 61 videos, 47.5% were of low quality, 24.6% were moderate quality, and 27.9% were of high quality."
F196,2-s2.0-85147303661,CONTENT,topical,false,1,Coronavirus videos that YouTube removed for breaching its Community Guidelines on COVID-19 medical misinformation (false/medically-unsubstantiated content). Platform-adjudicated removals as the misinf,"Between October, 2019 and June, 2020 there were 8,105 such videos - less than 1% of all YouTube videos about the coronavirus."
F197,2-s2.0-85084031148,CONTENT,topical,misleading,48,"Videos classified 'misleading' = containing scientifically unproven or inaccurate information vs current scientific evidence (e.g., unfounded claims about pathogenesis/treatment, unproven dietary/herb","32.0% (32/100) of the videos were classified as useful, 48.0% (48/100) were classified as misleading, and 34.0% as neither"
F198,2-s2.0-105012722892,CONTENT,topical,false,86.8,"Binary factual vs non-factual classification: a post is factual if content aligns with peer-reviewed literature/clinical guidelines/professional dental sources; non-factual = misleading statements, ex","In terms of the accuracy of the information, 86.8% of posts contained non-factual claims"
F199,2-s2.0-85073061780,CONTENT,topical,false,31.2,Tweets labeled by two medical doctors as accurate (trustworthy) or inaccurate (untrustworthy) health information; untrustworthy = inaccurate health content. Both doctors had to agree.,A total of 34 out of 109 tweets (31.2%) in the dataset used in this study were classified as untrustworthy health information.
F200,2-s2.0-105002620495,CONTENT,single_source,false,11.1,COVID-19 claim items coded against DynaMed Plus evidence-based clinical summaries; 'Incorrect' = the claim CONTRADICTS current best scientific evidence (4-level scale: correct / partially correct / in,"Incorrect 12 11,1% ... Across all themes, 63.7% of the analyzed information was either incorrect or lacked a scientific evidence base."
F201,2-s2.0-85212052138,CONTENT,topical,misleading,44,Posts classified information vs misinformation by two trained investigators against scientific guidelines/consensus statements/systematic reviews; 'misinformation' = false or misleading content (broad,A total of 220 posts (44.0%) classified misinformation
F202,2-s2.0-85215939792,QUALITY,topical,low_quality,4.818,"Content with demonstrably false or unsupported claims about vaccines (safety, efficacy, conspiracy theories); operationalised via mini-DISCERN quality scoring, not a falsity-share classification.","videos posted by Lay individuals as opposed to those posted by HCPs and Media [mean: (2.003 +/- 1.641) vs. (4.818 +/- 0.726) vs. (4.053 +/- 1.441), P < 0.001]"
F203,2-s2.0-85215939792,QUALITY,topical,low_quality,2.003,"Content with demonstrably false or unsupported claims about vaccines (safety, efficacy, conspiracy theories); operationalised via mini-DISCERN quality scoring, not a falsity-share classification.","videos posted by Lay individuals as opposed to those posted by HCPs and Media [mean: (2.003 +/- 1.641) vs. (4.818 +/- 0.726) vs. (4.053 +/- 1.441), P < 0.001]"
F204,2-s2.0-85090181268,CONTENT,topical,false,13.5,Fake news = a rumor or intentionally misleading information meant to generate disinformation; veracity assessed via fact-checking procedures against verified information.,"Em relacao a veracidade, 72 textos foram classificados como informacoes verdadeiras (80,9%) e 12 como fake news (13,5%) ... As fake news responderam por 13,5% do total de links com maior engajamento"
F205,2-s2.0-85192081358,CONTENT,topical,misleading,14.8,"Misleading = inaccurate definition, mechanism, or indications/effects of acupuncture relative to an evidence-based systematic-review benchmark.","Of the 54 videos, 57.4% were categorized as useful, 14.8% were misleading, and 27.8% were neither"
F206,2-s2.0-85136139565,CONTENT,topical,false,47,Articles containing factual errors about spiders as judged by spider experts (vs scientific ground truth); sensationalism scored separately.,"the quality of global articles on spiders was exceedingly poor, with 47% of articles containing errors and 43% being scored as sensationalistic by spider experts"
F207,2-s2.0-85129456715,CONTENT,curated_sample,false,0,"Myths/misinformation about coronavirus, classified via a narrow dichotomous accuracy analysis (is / is not misinformation) by the authors.","Among 120 articles that were shared 6,189,187 times in total during the analyzed period ... No myths or misinformation were found in the most frequently shared articles."
F208,2-s2.0-33645965882,CONTENT,topical,false,1,"'Mostly incorrect' (accuracy rating = 1 on a 1-3 scale) of a content element judged against Campbell's Urology textbook as gold standard; i.e., element-level factual inaccuracy vs expert reference.","Of 943 elements covered in 39 sites, 94% were ‘‘completely correct,’’ 5% were ‘‘mostly correct’’ and 1% was ‘‘mostly incorrect.’’"
F209,2-s2.0-85209813530,CONTENT,topical,misleading,0,"Video 'misleading' = inaccurate definition of cannabis, OR >=1 inaccurate statement on pain-reducing mechanism, OR >=1 inaccurate statement on indications/adverse-effects/benefits/outcomes (vs evidenc","Of the total number of videos analyzed, 22.73% (n=15) of videos were classified as useful, 0% of videos were classified as misleading, and 77.27% (n=51) videos were classified as neither"
F210,2-s2.0-85209813530,QUALITY,topical,low_quality,27.3,"Video 'misleading' = inaccurate definition of cannabis, OR >=1 inaccurate statement on pain-reducing mechanism, OR >=1 inaccurate statement on indications/adverse-effects/benefits/outcomes (vs evidenc","Number of videos, N (%) ... GQS <3 ... 18 (27.30)"
F211,2-s2.0-85117399204,RECALL,population,false,73,"Self-reported encounter, in the past 6 months, with >=1 of 8 specific COVID-19 vaccine misinformation themes (e.g. live-strain virus, 5G microchips, DNA alteration, infertility) identified from academ","High levels of misinformation exposure were observed among participants, with 73% reporting some exposure to misinformation about COVID-19 vaccines in the past 6 months"
F212,2-s2.0-84985993999,CONTENT,topical,misleading,74,"Misinformation = misleading, incomplete, or incorrect information about brain death (including unclarified misleading quotes), judged against key brain-death concepts from major medical publications.",Misinformation was present in 74% (154) of the articles
F213,2-s2.0-85145390598,CONTENT,topical,false,34.5,"Tweet content judged inaccurate by comparison against evidence-based, expert nutrition/food recommendations for COVID-19 (Dietitians of Canada, Health Canada, Academy of Nutrition & Dietetics, PubMed/","As for the public, out of 382 tweets, 250 (65.5%) were accurate"
F214,2-s2.0-85145390598,CONTENT,topical,false,7.5,"Tweet content judged inaccurate by comparison against evidence-based, expert nutrition/food recommendations for COVID-19 (Dietitians of Canada, Health Canada, Academy of Nutrition & Dietetics, PubMed/","For dietitians, out of a total of 575 tweets for which accuracy could be evaluated, 532 (92.5%) were accurate"
F215,2-s2.0-105009372730,CONTENT,topical,false,38,,"social media also exhibited the highest misinformation prevalence (38%), whereas official sources maintained near-perfect accuracy (98% compliance with scientific evidence)"
F216,2-s2.0-105009372730,CONTENT,topical,false,2,,official sources maintained near-perfect accuracy (98% compliance with scientific evidence)
F217,2-s2.0-105036232690,CONTENT,topical,misleading,13,"'Misleading' video = containing at least one scientifically incorrect or unsubstantiated claim regarding the epidemiology, diagnosis, non-pharmacological treatment, symptoms, risk factors, or treatmen","Among 97 videos, 86% were “useful”, 13% “misleading”, and 1% “neither”"
F218,2-s2.0-105029521599,SHARING,political_news,unreliable_source,0.68,"Posts linking to low-factual-information URL domains, identified from MBFC reliability ratings manually refined to 610 low-fact domains (Grinberg et al. 2019 approach); validated by hand-coding 10% of",Percentage of Low-fact Posts in total: 0.68%
F219,2-s2.0-105020894042,CONTENT,topical,misleading,74,,"4% of the videos was classified as useful, 22% was classified as personal experience, and 74% was classified as misleading"
F220,2-s2.0-86000736431,CONTENT,topical,false,25,,the standardized content analysis of search results (n = 8.601) shows that on Google about a quarter support the conspiracy theory
F221,2-s2.0-85218448454,CONTENT,topical,misleading,39.6,"Misinformation (umbrella for mis- and disinformation) = obvious false or misleading content that could harm users, assessed against scientific guidelines/consensus/systematic reviews on dental caries;",Misinformation was present in 39.6% of the posts
F222,2-s2.0-85055079422,CONTENT,topical,false,33.87,"False/inaccurate gynecologic-cancer information coded by 2 medical graduate students across background-knowledge, prevention, diagnosis, treatment themes (Krippendorff alpha .88-.95)",66.13% (1023/1547) of the tweets provided true information and 33.87% (524/1547) contained misinformation
F223,2-s2.0-85186467273,CONTENT,curated_sample,false,49.0,,nearly half of the messages were either partly or entirely inaccurate
F224,2-s2.0-85123475265,CONTENT,topical,misleading,41.7,"Potential misinformation about ENDS nicotine/addiction, coded against peer-reviewed/governmental science at the time of the tweet, in four categories: anti-vaping exaggeration, pro-vaping exaggeration","Of tweets coded as presenting information, 41.7% (n=377) contained at least one piece of potential misinformation"
F225,2-s2.0-105008442631,CONTENT,topical,false,18.8,,"Of the 117 analyzed videos, 64 (54.7%) were accurate, 31 (26.5%) overgeneralizing, and 22 (18.8%) inaccurate"
F226,2-s2.0-105019225029,QUALITY,topical,low_quality,76.0,,"Most videos were of low to moderate quality, with only 24% rated as high quality"
F227,2-s2.0-105014185875,CONTENT,topical,misleading,29,"Videos rated 'misleading' = conveyed any inaccurate information about OCD (vs 'useful'=accurate, 'personal experience'=anecdotal); two trained OCD-researcher raters with a board-certified psychologist","Among videos discussing OCD, only 18 percent contained accurate information, while 29 percent were misleading"
F228,2-s2.0-85208681084,CONTENT,topical,false,46,,"Quality assessment revealed 61% of videos were understandable, 27% actionable, and 46% contained misinformation"
F229,2-s2.0-85194112418,CONTENT,topical,false,18.4,,Twenty-two videos (18.4%) contained misinformation
F230,2-s2.0-85107396751,CONTENT,topical,misleading,8,,"Regarding the usefulness of information, although 76% were assessed to contain useful information, 8% had misleading information. Particularly, four of these videos contained misleading information"
F231,2-s2.0-85181752010,CONTENT,topical,misleading,23.2,"Incorrect or misleading endometriosis information (incorrect causes, symptoms, treatment, or other) assessed against current clinical knowledge / ACOG guidelines by a reviewer with second-reviewer con","Overall, out of 298 videos, 69 videos (23.2%) had incorrect or misleading information about causes, treatment, symptoms, or information about endometriosis"
F232,2-s2.0-105010728491,CONTENT,single_source,misleading,65,,se destacan el uso de desinformacion en el 65% de la muestra
F233,2-s2.0-85192567032,QUALITY,topical,low_quality,68.8,,The quality of the information was classified as very poor in 68.8% of the publications
F234,2-s2.0-105002620495,CONTENT,topical,false,60,,Almost 60% of the content on post-COVID had no corresponding scientific evidence
F235,2-s2.0-105002620495,CONTENT,topical,false,12.9,,"Regarding vaccination, 12,9% of the information was incorrect"
F236,2-s2.0-105002620495,CONTENT,single_source,false,33,,"Overall, about one-third of the information circulated on the COS analyzed was totally or partially incorrect"
F237,2-s2.0-105009619554,CONTENT,topical,misleading,52,Misinformation = a behavioral characteristic attributed to ADHD in a video that does NOT align with the DSM-5-TR diagnostic criteria for ADHD (deductive coding vs DSM-5-TR; 'concept creep'). Double-co,"Most videos (52 %) contained partial misinformation, while 27 % of them were entirely misleading."
F238,2-s2.0-105038091134,CONTENT,topical,misleading,27.5,"Umbrella term for false/inaccurate vaccine information: misleading information, disinformation, propaganda, fabricated content, conspiracy (coded by 2 trained coders against a codebook + 3 Taiwanese f","Of 5818 threads, 3830 (65.8%) were identified as true information, and 1601 (27.5%) contained misinformation"
F239,2-s2.0-105033611630,CONTENT,topical,false,94.35,"False/inaccurate content not aligned with current reliable scientific sources, about Bothrops insularis / Snake Island (venom toxicity, population density, species image, etc.); coded by experts again","From these sources, 94.35% (n=217) contained misinformation"
F240,2-s2.0-85159486270,CONTENT,curated_sample,false,70,Produce-washing video content classified 'nonfactual' if it contradicted CDC / Health Canada safe food-handling recommendations (e.g. washing produce with soap/vinegar/salt/chemicals rather than runni,"Of the 100 videos, 70 contained nonfactual information regarding food safety techniques for washing fruits and vegetables or storing produce at room temperature."
F241,2-s2.0-85134325788,CONTENT,topical,misleading,18.5,,"65.4% of the videos contained scientifically correct information, whereas 18.5% contained misleading information"
F242,2-s2.0-105005857219,QUALITY,topical,misleading,80.2,,"Overall, 80.2% (n = 97/121) recommended at least one non[-guideline-concordant treatment]"
F243,2-s2.0-105032253077,CONTENT,topical,false,19.3,,"Misinformation comprised 19.3% of posts, spreading 2.4 times faster than factual content"
F244,2-s2.0-105030827603,QUALITY,curated_sample,low_quality,71.4,"Low informational reliability of videos scored on the modified DISCERN scale (0-5: clarity of aims, reliable sources, impartiality, additional references, acknowledgement of uncertainty) and overall q",71.4% of videos demonstrated low reliability (scores ≤ 2/5)
F245,2-s2.0-105030827603,QUALITY,curated_sample,low_quality,30.2,"Low informational reliability of videos scored on the modified DISCERN scale (0-5: clarity of aims, reliable sources, impartiality, additional references, acknowledgement of uncertainty) and overall q",30.2% scoring minimally for reliability (1/5)
F246,2-s2.0-105018832745,CONTENT,topical,false,10.1,,Most scleritis-related TikToks are from non-medical professionals with 10.1% containing misinformation.
F247,2-s2.0-85162702221,REACH,population,fabricated,18.4,"Fake-news page = Facebook page whose website matched the Grinberg et al. (2019) fake-news source list (compiled from BuzzFeed, PolitiFact, FactCheck.org, Snopes + academic lists, Allcott & Gentzkow, G","Among our 806 subjects, 18.36% (n = 148) liked at least one Facebook page for a fake news source"
F248,2-s2.0-85162702221,EXPOSURE,all_media,fabricated,0.16,"Fake-news page = Facebook page whose website matched the Grinberg et al. (2019) fake-news source list (compiled from BuzzFeed, PolitiFact, FactCheck.org, Snopes + academic lists, Allcott & Gentzkow, G",Fake news share of pages liked: Calculated by dividing subject's number of fake news pages liked by total number of pages liked. Calculated for all pages (M=0.16%; SD=0.79%; range=0.00%-11.11%)
F249,2-s2.0-85122094954,CONTENT,topical,false,6,Yener & Ates 2021: videos judged by two obstetricians to contain 'misinformation' about non-invasive prenatal testing (e.g. presenting NIPT as a diagnostic rather than a screening test).,Three (6%) of the videos had misinformation.
F250,2-s2.0-85191807094,CONTENT,topical,false,39,,61% of videos contained little to no misinformation
F251,2-s2.0-85214504236,CONTENT,topical,misleading,85,DS web-page content violating modified CEWADS criteria (unapproved/non-compliant claims per Thai food-supplement regulations); page counted as misinfo if >=1 statement present,"Of the 332 web pages, 85% contained at least one misinformation statement"
F252,2-s2.0-105002578811,CONTENT,topical,misleading,65,,Sixty-five percent (91 of 139) of videos contained information reinforcing at least one common misconception regarding eECRB
F253,2-s2.0-85143511628,QUALITY,topical,low_quality,50.7,,73(48.34%) were included; 36(49.3%) reliable and 37(50.7%) unreliable
F254,2-s2.0-105019627019,CONTENT,curated_sample,misleading,20,,"Of 300 videos pulled, 251 met inclusion criteria ... 50 (20%) as Misleading"
F255,2-s2.0-85211132788,CONTENT,topical,misleading,39.6,"Content (false or misleading regardless of intent; integrates mis- and disinformation per Wardle & Derakhshan) judged against current scientific evidence (toothache-management guidelines, consensus st",39.6% of posts (n = 198) contained misinformation
F256,2-s2.0-105037111223,CONTENT,topical,misleading,42,,Inaccurate or partially accurate posts made up 42% of educational posts
F257,2-s2.0-105030082417,QUALITY,topical,misleading,9.4,Health misinformation = false/misleading health info not backed by evidence. Operationalized at the recommendation level via a literature review: each of 85 unique NVP recommendations classified Effec,"Of the 85 recommendations provided in the videos, only eight (9.4 %) were confirmed to be effective based on available evidence"
F258,2-s2.0-105030082417,QUALITY,topical,misleading,4.7,Health misinformation = false/misleading health info not backed by evidence. Operationalized at the recommendation level via a literature review: each of 85 unique NVP recommendations classified Effec,"Several recommendations in the videos were deemed potentially unsafe (n = 4, 4.7 %)."
F259,2-s2.0-85213223975,CONTENT,topical,false,8.5,Misinformation = video whose content was >50% false information when fact-checked against accepted hysteroscopy guidelines and literature (categorized 'Inaccurate or uninformative'; vs 'partially accu,"videos were categorized as Inaccurate or uninformative for 42.9 % and 36.4 % in TikTok and Instagram respectively, compared to the 8.5 % reported for YouTube"
F260,2-s2.0-85213223975,CONTENT,topical,false,42.9,Misinformation = video whose content was >50% false information when fact-checked against accepted hysteroscopy guidelines and literature (categorized 'Inaccurate or uninformative'; vs 'partially accu,videos were categorized as Inaccurate or uninformative for 42.9 % and 36.4 % in TikTok and Instagram respectively
F261,2-s2.0-85213223975,CONTENT,topical,false,36.4,Misinformation = video whose content was >50% false information when fact-checked against accepted hysteroscopy guidelines and literature (categorized 'Inaccurate or uninformative'; vs 'partially accu,"42.9 % and 36.4 % in TikTok and Instagram respectively, compared to the 8.5 % reported for YouTube"
F262,2-s2.0-105034745484,CONTENT,single_source,misleading,9.0,Misleading = a relevant comment containing at least one scientifically unproven detail (judged against COPD evidence by 3 medically-trained reviewers; categories useful / misleading / neither). Distin,"In the Danish group, 34% (n = 231) were 'useful', 9% (n = 62) were 'misleading', and 57% (n = 384) were 'neither'."
F263,2-s2.0-105034745484,CONTENT,single_source,misleading,9.0,Misleading = a relevant comment containing at least one scientifically unproven detail (judged against COPD evidence by 3 medically-trained reviewers; categories useful / misleading / neither). Distin,"in the English group, 38% (n = 278) were 'useful', 9% (n = 63) were 'misleading', and 53% (n = 393) were 'neither'."
F264,2-s2.0-85193588807,CONTENT,curated_sample,misleading,10.0,Manipulated news = generally true basic information but with false conclusions/recommendations from over-interpreted or over-extrapolated results (assessed by 2 MDs vs Polish EBM textbook 'Interna Szc,"for 'Manipulated News,' there were 4 instances. There were '0' fake news and '0' advertisement items"
F265,W4393231882,CONTENT,topical,false,27.3,"Misinformation = any false, inaccurate, or conspiratorial information pertaining to COVID-19 and vaccination (no distinction made between misinformation/disinformation or sub-types). Coded via the Mem","the misinformation classification model identifies 460,087 tweets as misinformation, accounting for over 27% of the dataset"
F266,2-s2.0-105017757935,CONTENT,topical,false,36.3,"Posts scored 'mostly inaccurate' (2) or 'completely inaccurate' (1) on a 4-point accuracy scale benchmarked against CDC, WHO and AAP breastfeeding guidelines; two raters + third-rater tiebreak.","Overall, 38.8% of posts were completely accurate, while 36.3% were either mostly or completely inaccurate"
F267,2-s2.0-85072114698,RECALL,population,false,95.02,"The false claim that drinking/bathing in salt water prevents Ebola (a rumour that went viral in Nigeria during the 2014 outbreak, with documented harm).",Almost all of them reported having received some information to use salt water for protection against Ebola during the period of the outbreak (95.02%)
F268,2-s2.0-85199446608,RECALL,population,false,80.35,Five specific inaccurate COVID-19 claims (natural immunity removes vaccination need; vaccine protection doesn't last; boosters mean vaccines don't work; vaccines won't protect against Omicron; kids un,139 (80.35%) ... Natural immunity—People who have had COVID don't need to get vaccinated ... (n = 173)
F269,2-s2.0-85199446608,RECALL,population,false,58.90,Five specific inaccurate COVID-19 claims (natural immunity removes vaccination need; vaccine protection doesn't last; boosters mean vaccines don't work; vaccines won't protect against Omicron; kids un,96 (58.90%) ... Vaccine doesn't last ... (n = 163)
F270,2-s2.0-85199446608,RECALL,population,false,47.01,Five specific inaccurate COVID-19 claims (natural immunity removes vaccination need; vaccine protection doesn't last; boosters mean vaccines don't work; vaccines won't protect against Omicron; kids un,63 (47.01%) ... Vaccine doesn't work—Booster shots were made because the vaccines don't work. (n = 134)
F271,2-s2.0-85199446608,RECALL,population,false,53.33,Five specific inaccurate COVID-19 claims (natural immunity removes vaccination need; vaccine protection doesn't last; boosters mean vaccines don't work; vaccines won't protect against Omicron; kids un,80 (53.33%) ... Omicron—COVID-19 vaccines will not protect against the new Omicron variant ... (n = 150)
F272,2-s2.0-85199446608,RECALL,population,false,29.95,Five specific inaccurate COVID-19 claims (natural immunity removes vaccination need; vaccine protection doesn't last; boosters mean vaccines don't work; vaccines won't protect against Omicron; kids un,59 (29.95%) ... Kids at low risk—Kids under 5 years are at low risk of COVID-19 and do not need the vaccine. (n = 197)
F273,2-s2.0-85199446608,RECALL,population,false,,Five specific inaccurate COVID-19 claims (natural immunity removes vaccination need; vaccine protection doesn't last; boosters mean vaccines don't work; vaccines won't protect against Omicron; kids un,"across the 5 claims, 10%-43% of respondents reported hearing the misinformation in >= 3 different weeks"
F274,2-s2.0-105011406180,CONTENT,topical,misleading,46.1,"Comments classified by GPT-4o-mini as containing false or misleading content (incl. conspiracy theories, false/misleading claims, rumors); manual check of 100 flagged comments found 86 clearly misinfo","Among all comments, 46.1% are flagged as containing misinformation ... Nearly half of all comments (46.1%) were flagged for containing misinformation"
F275,2-s2.0-85207525286,QUALITY,topical,low_quality,92,Videos coded 'useful' if content contained >=4 of the 6 ASRS-v1.1 screener questions (the validated WHO adult-ADHD screening items); otherwise coded 'misleading'. 'Misleading' = ADHD self-tests not gr,"Out of the 50 included #adhdtest videos, 92% (n = 46) were misleading. ... Out of the 50 selected videos, useful videos amounted to 8% (n = 4), while 92% (n = 46) were misleading videos."
F276,2-s2.0-85159153364,CONTENT,topical,unreliable_source,0.4,"Pierri et al. 2023 (WebSci): 'misinformation' = posts/tweets sharing links to (a) low-credibility news sites from the Iffy Index of Unreliable Sources (>600 MBFC-based domains, political leaning NOT a","80,066 posts (0.4% of all posts) sharing links to low-credibility news websites"
F277,2-s2.0-85159153364,CONTENT,topical,unreliable_source,0.25,"Pierri et al. 2023 (WebSci): 'misinformation' = posts/tweets sharing links to (a) low-credibility news sites from the Iffy Index of Unreliable Sources (>600 MBFC-based domains, political leaning NOT a","On Facebook, we identified 51,269 posts (0.25% of all posts) sharing links to Russian propaganda outlets"
F278,2-s2.0-85159153364,CONTENT,topical,unreliable_source,0.4,"Pierri et al. 2023 (WebSci): 'misinformation' = posts/tweets sharing links to (a) low-credibility news sites from the Iffy Index of Unreliable Sources (>600 MBFC-based domains, political leaning NOT a","997,886 tweets sharing links to low-credibility news websites (0.4% of all tweets)"
F279,2-s2.0-85159153364,CONTENT,topical,unreliable_source,0.2,"Pierri et al. 2023 (WebSci): 'misinformation' = posts/tweets sharing links to (a) low-credibility news sites from the Iffy Index of Unreliable Sources (>600 MBFC-based domains, political leaning NOT a","On Twitter, we identified 567,587 tweets (0.2% of all tweets) sharing links to Russian propaganda outlets"
F280,2-s2.0-85159153364,CONCENTRATION,n/a,unreliable_source,68,"Pierri et al. 2023 (WebSci): 'misinformation' = posts/tweets sharing links to (a) low-credibility news sites from the Iffy Index of Unreliable Sources (>600 MBFC-based domains, political leaning NOT a",generate over 68% of all retweets linking to these [Russian propaganda] websites
F281,2-s2.0-85159153364,CONCENTRATION,n/a,unreliable_source,80,"Pierri et al. 2023 (WebSci): 'misinformation' = posts/tweets sharing links to (a) low-credibility news sites from the Iffy Index of Unreliable Sources (>600 MBFC-based domains, political leaning NOT a",they generate over 80% of all interactions around links to Russian propaganda and low-credibility information websites
F282,2-s2.0-105019533649,EXPOSURE,political_news,unreliable_source,5.9,"News from sources rated by Media Bias/Fact Check (and NewsGuard) as 'known for spreading misinformation'; source-level labelling, which the authors note gives an UPPER BOUND on misinfo prevalence.","On Facebook, 5.9% of our users' news exposure comes from sources known for spreading misinformation"
F283,2-s2.0-105019533649,EXPOSURE,political_news,unreliable_source,2.6,"News from sources rated by Media Bias/Fact Check (and NewsGuard) as 'known for spreading misinformation'; source-level labelling, which the authors note gives an UPPER BOUND on misinfo prevalence.","off-platform, only 2.6% of our users' news consumption is from misinformation sources"
F284,2-s2.0-105019533649,EXPOSURE,political_news,unreliable_source,2,"News from sources rated by Media Bias/Fact Check (and NewsGuard) as 'known for spreading misinformation'; source-level labelling, which the authors note gives an UPPER BOUND on misinfo prevalence.","for the median user, the fraction of misinformation in their news exposure is 2% (x=6%, SD=12%)"
F285,2-s2.0-105019533649,REACH,population,unreliable_source,63,"News from sources rated by Media Bias/Fact Check (and NewsGuard) as 'known for spreading misinformation'; source-level labelling, which the authors note gives an UPPER BOUND on misinfo prevalence.","63% of users were exposed to misinformation at least once on Facebook, while 46% of users consumed misinformation at least once off Facebook"
F286,2-s2.0-105019533649,REACH,population,unreliable_source,46,"News from sources rated by Media Bias/Fact Check (and NewsGuard) as 'known for spreading misinformation'; source-level labelling, which the authors note gives an UPPER BOUND on misinfo prevalence.","63% of users were exposed to misinformation at least once on Facebook, while 46% of users consumed misinformation at least once off Facebook"
F287,2-s2.0-85194733750,SHARING,political_news,unreliable_source,7.0,"Source-level fake news: external links to domains that portray as legitimate news outlets but lack editorial norms for accuracy (Grinberg et al. 2019 manually-labelled list, updated with NewsGuard); r","On an average day, 7.0% [95% confidence interval (CI): 6.7%, 7.4%] of all political news shared by the panel of 664,391 individuals linked to fake news sources"
F288,2-s2.0-85194733750,CONCENTRATION,n/a,unreliable_source,80,"Source-level fake news: external links to domains that portray as legitimate news outlets but lack editorial norms for accuracy (Grinberg et al. 2019 manually-labelled list, updated with NewsGuard); r",an extremely small fraction of our sample (0.3%; only 2107 people) accounted for 80% of the tweets linking to fake news sources
F289,W3129222959,CONTENT,political_news,unreliable_source,11.5,"Neudert, Kollanyi & Howard 2017 (Oxford COMPROP data memo, not peer-reviewed): 'junk news' = sources that deliberately publish misleading/deceptive/incorrect information purporting to be real news; id","Germany II ... Percent of relevant content that is 'Junk News' 11.5; Junk News 1,055 ... Relevant Content Subtotal 9,182"
F290,W4414446446,CONTENT,population,misleading,4.85,"A statement on TV that semantically matches a claim previously fact-checked and rated as false/misleading/exaggeration/unfounded by one of six German fact-checking organizations (AFP, Correctiv, dpa, ","It finds 77 matches in 67 episodes, amounting to 4.85% of the 1382 episodes during the sampling period between June 2023 and June 2024."
F291,W4414446446,CONTENT,population,misleading,11.62,"A statement on TV that semantically matches a claim previously fact-checked and rated as false/misleading/exaggeration/unfounded by one of six German fact-checking organizations (AFP, Correctiv, dpa, ","talk shows demonstrated a greater propensity (14.79%, or 11.62% without Hart aber Fair matches with itself) for matches than news shows (2.28%)"
F293,2-s2.0-85205688160,CONTENT,topical,misleading,22.6,"Post-level (not source-level): an image post 'contains elements of misinformation' if it promotes unsubstantiated conspiracy theories, spreads known political disinformation, makes demonstrably false ","In the Overall Sample, 226 out of 1,000 images contained elements of misinformation. Adjusted for sampling error, the estimate is between 20.1% and 25.1% at the 95% confidence interval."
F294,2-s2.0-85205688160,CONTENT,topical,misleading,19.6,"Post-level (not source-level): an image post 'contains elements of misinformation' if it promotes unsubstantiated conspiracy theories, spreads known political disinformation, makes demonstrably false ","Of the 1,000 images, 196 contained misinformation (17.5%-21.6% at 95%)."
F295,2-s2.0-85205688160,CONTENT,topical,misleading,30,"Post-level (not source-level): an image post 'contains elements of misinformation' if it promotes unsubstantiated conspiracy theories, spreads known political disinformation, makes demonstrably false ","For groups, of the 300 images, 111 were labeled as about U.S. politics; 34 of 111 (30%) images about U.S. politics were misleading;"
F296,2-s2.0-85205688160,CONTENT,topical,misleading,26,"Post-level (not source-level): an image post 'contains elements of misinformation' if it promotes unsubstantiated conspiracy theories, spreads known political disinformation, makes demonstrably false ","For pages, of the 300 images, 270 were labeled as about U.S. politics; 71 of 270 (26%) images about U.S. politics contained elements of misinformation."
F297,PMID-41189872,CONTENT,curated_sample,misleading,50,,"Twenty-five videos claimed that chiropractic manipulation could ""fix"" the Eustachian tube, and 14 videos (28%) asserted nerve correction; none mentioned antibiotics or tympanostomy tubes."
F298,PMID-41189872,CONTENT,topical,misleading,28,,14 videos (28%) asserted nerve correction; none mentioned antibiotics or tympanostomy tubes.
F299,PMID-40061772,CONTENT,topical,misleading,55.5,"Videos classified as accurate (useful) vs misleading/inaccurate content, judged against established current evidence by two coders (e.g., 'charcoal improves teeth colour' coded misleading).","From the 72 videos selected, about 40 (55.5%) of them had misleading information and about 32 (44.5%) of them had useful information"
F300,PMID-33304681,CONTENT,topical,false,22.3,,"In total, 22.3% included misinformation, 19.6% were unverifiable, and 27.5% included correct information verifiable by the WHO or CDC."
F301,OA-W3091627927,CONTENT,topical,false,1.44,,"Only 1,44% of the tweets collected are fake news, plus they circulate only in very specific periods and within closed communities"
F302,OA-W2524060751,CONTENT,political_news,false,30,,"Of all the English-language paid political ads that aired on television during the 2008 general election, just under 30% contained at least one inaccuracy"
F303,OA-W2914761925,CONTENT,topical,false,75,,over 75 percent of those videos included misinformative content ... 115 of those contained biased information
F304,OA-W3113799821,OTHER,n/a,false,1,,we use search log analysis to investigate the extent ... we find that only around 1% of queries [are misinformation]
F305,OA-W4394831676,RECALL,population,false,81.6,,81.6 percent of respondents had read Covid-19-related material that turned out to be untrue
F306,OA-W7155615941,CONTENT,topical,false,25,,"Misinformation was identified in approximately one-quarter of media articles, while none of the peer-reviewed journal articles contained misinformation or harmful information."
F307,OA-W7165570035,CONTENT,topical,false,21.8,,The findings indicated that 21.8% of the analyzed posts contained misinformation
F308,OA-W4410388894,CONTENT,topical,misleading,55,,"Among videos with the direct purpose of public health education (n=20), 55% contained inaccurate, non-evidence-based, or misleading information"
F309,OA-W7133343648,CONTENT,topical,false,14.7,"Hadzic Beganovic et al. 2024: 'misinformation' = technically incorrect advice that could cause crop damage, economic loss, or health risk, rated by two trained agronomists (7-point scale, ICC=0.83) on",The overall misinformation rate was 14.7% of all technically substantive messages.
F310,OA-W4410566265,CONTENT,topical,false,10.8,Posts scored 'completely inaccurate' on an accuracy scale using a modified Social Media Evaluation Checklist and evidence-coding framework (accuracy of nutrition claims vs evidence).,"TikTok had a larger proportion of completely inaccurate posts (10.8%), mainly related to weight loss."
F311,OA-W4291473423,CONTENT,topical,false,29.9,(none stated; tweets coded factual vs misinformation re COVID-19 vaccine & fertility),Misinformation tweets rose from 29.9% in July 2021 to 45.1% in December 2021.
F312,OA-W4291473423,CONTENT,topical,false,45.1,(none stated),Misinformation tweets rose from 29.9% in July 2021 to 45.1% in December 2021.
F313,OA-W7154838691,CONTENT,topical,false,48.0,,"Of the 1,000 posts analyzed, 480 (48.0%) were coded as containing health misinformation, while 520 (52.0%) were coded as factual or accurate health content."
F314,OA-W4407797130,RECALL,population,false,77.4,Disinformation = deliberately falsified information intended to cause harm (Wardle & Derakhshan 2017). Seven specific debunked narratives identified from three Serbian fact-checking portals (Istinomer,Narrative N6 that states that COVID-19 pandemic was artificially caused by the West is the highest reaching narrative
F315,OA-W4407797130,RECALL,population,false,37.1,Disinformation = deliberately falsified information intended to cause harm (Wardle & Derakhshan 2017). Seven specific debunked narratives identified from three Serbian fact-checking portals (Istinomer,even the least heard narrative (N2) still reaching a third of the survey population
F316,OA-W3206858890,RECALL,population,false,89.4,"Fake news = intentionally false information similar to credible news, with intent to manipulate the recipient; self-reported receipt of fake HEALTH news (Facebook/WhatsApp main routes).","Most of the respondents, 1,069 (89.4%), received some fake news about health."
F317,OA-W4281924559,CONTENT,topical,false,26.3,"Khamar et al. 2022 (STEM Fellowship J): news-article titles judged to contain misinformation via comparison with evidence-based/reputable sources (government agencies, international organizations, pee","In total, 30 news articles (26.3%) contained misinformation."
F318,OA-W7161796591,QUALITY,topical,low_quality,73.81,"Oral-hygiene content not aligned with official dental protocols (FDI, ADA, FOE/Ecuador Ministry of Health, FDE-Spain); 'aligned' = at least one recommendation matching an official protocol","Overall, 26.19% aligned with at least one protocol, while 73.81% contained unsupported or non-aligned information"
F319,OA-W7125772788,RECALL,population,false,54,,"In the case of HIV, 54% of respondents suspected misinformation in their digital feeds, often related to 'permanent cure' narratives"
F320,OA-W4377015071,CONTENT,topical,false,36.5,,"Of posts containing medical information, 63.5% were accurate, and 36.5% contained misinformation"
F321,OA-W2992531903,REACH,population,fabricated,3.1,,"The most popular, Sante+ Magazine...reached 3.1% (this equates to around 1.5 million people)"
F322,OA-W2992531903,REACH,population,fabricated,1.0,,"On average, most reached just 1% or fewer of the French online population each month in 2017"
F323,OA-W2992531903,OTHER,n/a,fabricated,45.4,,"45.4% of Sante+ Magazine users also used Le Figaro in October 2017, and 34% used Le Monde"
F324,OA-W2992531903,REACH,population,fabricated,3.1,,the most widely-used false news website in our sample-Retenews24-reached 3.1% of the online Italian population (just over 1 million people) on average each month
F325,OA-W2992531903,REACH,population,fabricated,1.0,,"As in France, most of the other sites were typically accessed by 1% or fewer"
F326,OA-W2992531903,OTHER,n/a,fabricated,62.2,,"in October 2017, 62.2% of Retenews24 users also visited the website of Il Corriere della Sera, and 52.3% used La Repubblica"
F327,OA-W4360608277,CONTENT,topical,misleading,48.3,,Most videos were of the opinion that the COVID-19 infection causes infertility in men (48.3%) but not the vaccine (37.9%)
F328,OA-W4360608277,CONTENT,topical,misleading,6.9,,Few videos believed that the vaccine was responsible for male infertility (6.9%)
F329,2-s2.0-85074511992,SHARING,political_news,unreliable_source,4.2,"Junk News and Information: domain-level sources that meet >=3 of 5 criteria (professionalism, style, credibility, bias, counterfeit) = deliberately produced misleading, deceptive, incorrect propaganda","Junk News and Information 366 4.2 (France, Table 3)"
F330,2-s2.0-85074511992,SHARING,political_news,unreliable_source,10.3,"Junk News and Information: domain-level sources that meet >=3 of 5 criteria (professionalism, style, credibility, bias, counterfeit) = deliberately produced misleading, deceptive, incorrect propaganda",Junk News and Information account for 10.3% of all content shared
F331,2-s2.0-85074511992,SHARING,political_news,unreliable_source,9.1,"Junk News and Information: domain-level sources that meet >=3 of 5 criteria (professionalism, style, credibility, bias, counterfeit) = deliberately produced misleading, deceptive, incorrect propaganda","Junk News and Information 1055 9.1 (Germany, Table 3)"
F332,2-s2.0-85078014559,CONCENTRATION,n/a,unreliable_source,90,"Disinformation = articles from a manually curated list of 63 Italian websites flagged by fact-checkers for fabricating/spreading inaccurate and misleading news, hyper-partisan/propaganda stories, hoax",approximately 20% of the community (~4k users) accounts for more than 90% of total tweets (~330k)
F333,2-s2.0-105040091272,QUALITY,topical,low_quality,40.0,"Posts rated LOW on information-quality instruments (Modified Treatment-Information Reliability, MTIR, 0-8; and Descriptive Coverage Index, DCI, 0-7). This is QUALITY/reliability of dental information,","In terms of reliability categories, 51.4% (n = 257) were moderate, 40.0% (n = 200) were low, and 8.6% (n = 43) were high"
F334,2-s2.0-105040091272,QUALITY,topical,low_quality,17.0,"Posts rated LOW on information-quality instruments (Modified Treatment-Information Reliability, MTIR, 0-8; and Descriptive Coverage Index, DCI, 0-7). This is QUALITY/reliability of dental information,","Most posts were classified as moderate quality (68.0%; n = 340), with 17.0% (n = 85) rated low and 15.0% (n = 75) rated high"
F335,2-s2.0-85037352356,REACH,population,unreliable_source,0.34,"Visits to 70 fake-news web domains compiled from third-party lists: Wikipedia 'List of fake news websites' (sites that 'intentionally publish hoaxes and disinformation'), Snopes Field Guide to Fake Ne","visits to fake news websites were relatively rare—on an average day during the election campaign period, only 0.34% of users visited any of the fake news domains that we monitored (i.e., about 1 in every 290 users)"
F336,2-s2.0-85047794238,QUALITY,topical,misleading,58,"Articles judged by trained reviewers to (a) inaccurately report the question/results/intervention/population of the underlying academic study (media), or (b) be rated low/very-low strength of causal i","Fifty-eight percent of media articles were found to have inaccurately reported the question, results, intervention, or population of the academic study."
F337,2-s2.0-85047794238,QUALITY,topical,low_quality,70,"Articles judged by trained reviewers to (a) inaccurately report the question/results/intervention/population of the underlying academic study (media), or (b) be rated low/very-low strength of causal i","Seventy percent of academic studies were considered low or very low strength of inference, with only 6% considered high or very high strength of causal inference."
F338,2-s2.0-85055756722,RECALL,population,fabricated,8.9,"Self-reported sharing on social media, in the past month, of news that the respondent (a) thought was made up when sharing (willful), (b) knew was exaggerated, (c) later found was made up (unintention",You thought was made up when you shared it ... 108 / 8.9
F339,2-s2.0-85055756722,RECALL,population,fabricated,29.9,"Self-reported sharing on social media, in the past month, of news that the respondent (a) thought was made up when sharing (willful), (b) knew was exaggerated, (c) later found was made up (unintention","Seemed accurate at the time, but you later found was made up ... 362 / 29.9"
F340,2-s2.0-85055756722,RECALL,population,misleading,17.1,"Self-reported sharing on social media, in the past month, of news that the respondent (a) thought was made up when sharing (willful), (b) knew was exaggerated, (c) later found was made up (unintention","Was exaggerated, and you were aware of this ... 207 / 17.1"
F341,2-s2.0-85060013655,CONTENT,curated_sample,false,1.7,"Misinformation coded story-by-story against ground truth on a 5-point scale (True/Mostly true/Half-true-Mixture/Mostly false/False), fact-checked against Politifact/Snopes and reputable sources; conse","Completely false stories were uncommon, with only 4.7% of headlines being fake and 1.7% of the body's main claim being verifiably untrue."
F342,2-s2.0-85066887935,SHARING,political_news,unreliable_source,13.1,"'Junk News and Information': sources that deliberately publish/aggregate misleading, deceptive or incorrect information purporting to be real news; must meet >=3 of 5 criteria (lack of professionalism",junk news sources account for 13.1% of all links in our dataset (see Table 1).
F343,2-s2.0-85066894147,SHARING,political_news,unreliable_source,30,"Fake news = content from publisher (web-domain) level fake-news producer list aggregated by Allcott/Gentzkow [4] from 5 lists (Grinberg, PolitiFact, BuzzFeed, Guess, FactCheck); defined by intent/proc","While the average fraction of fake news content is about 20% before the conventions, it lies at ≈ 30% after the nominations and reaches ≈ 40% right before the election."
F344,2-s2.0-85088969117,CONTENT,topical,false,9.20,"False news = tweets/Weibo posts containing false information (rumours, conspiracy ideas, myths, hoaxes) that are false and have negative public-sphere impact; coded by a bicultural team via fact-check","9,20% of tweets were coded as false news, before 3.69% of Weibo posts"
F345,2-s2.0-85088969117,CONTENT,topical,false,3.69,"False news = tweets/Weibo posts containing false information (rumours, conspiracy ideas, myths, hoaxes) that are false and have negative public-sphere impact; coded by a bicultural team via fact-check","9,20% of tweets were coded as false news, before 3.69% of Weibo posts"
F346,2-s2.0-85088969117,SHARING,topical,false,52.31,"False news = tweets/Weibo posts containing false information (rumours, conspiracy ideas, myths, hoaxes) that are false and have negative public-sphere impact; coded by a bicultural team via fact-check",There were more retweets of false-information on Twitter (52.31%) than Weibo reposts (0.09%) coded under this category
F347,2-s2.0-85088969117,SHARING,topical,false,0.09,"False news = tweets/Weibo posts containing false information (rumours, conspiracy ideas, myths, hoaxes) that are false and have negative public-sphere impact; coded by a bicultural team via fact-check",more retweets of false-information on Twitter (52.31%) than Weibo reposts (0.09%) coded under this category
F348,2-s2.0-85091698994,CONTENT,political_news,unreliable_source,14.39,"Disinformation = articles from outlets that notably produce and share misleading/harmful information (false news, propaganda, conspiracy theories, hyperpartisan, clickbait, unverified rumours). Italy:","the amount of misleading and potentially harmful information is small yet not negligible compared to mainstream news, with approximately 15% of the total share of news in Italy and 10% in France."
F349,2-s2.0-85091698994,CONTENT,political_news,unreliable_source,10.42,"Disinformation = articles from outlets that notably produce and share misleading/harmful information (false news, propaganda, conspiracy theories, hyperpartisan, clickbait, unverified rumours). Italy:","the amount of misleading and potentially harmful information is small yet not negligible compared to mainstream news, with approximately 15% of the total share of news in Italy and 10% in France."
F350,2-s2.0-85069463611,CONTENT,political_news,false,0.18,"Textual WhatsApp messages whose cosine similarity (>0.4, manually verified) matches the summary of a claim previously labeled FAKE by one of six Brazilian fact-checking sites (Aos Fatos, Me Engana Que",This process led to the identification of 69 distinct textual messages containing previously checked misinformation. These messages were shared 578 times in our dataset.
F351,2-s2.0-85069463611,CONTENT,political_news,false,0.96,"Textual WhatsApp messages whose cosine similarity (>0.4, manually verified) matches the summary of a claim previously labeled FAKE by one of six Brazilian fact-checking sites (Aos Fatos, Me Engana Que",This process led to the identification of 69 distinct textual messages containing previously checked misinformation. These messages were shared 578 times in our dataset.
F352,2-s2.0-85145881152,CONTENT,curated_sample,misleading,86,"Health WhatsApp messages judged by two of four board-certified physicians (evidence-based review, disagreements consensus-resolved) as INVALID (incorrect, with or without potential health risk) or INA","Around 280 (86%) of the studied messages were either invalid with or without potential risk (63.2%) or inaccurate (22.4%), and only 14.4% were valid"
F353,2-s2.0-85160248068,EXPOSURE,single_source,unreliable_source,2.05,"URLs/domains classified as 'unreliable news' using NewsGuard plus the Grinberg et al. black/red/orange unreliable-domain lists, measured on participants' actual Google Search result pages (SERPs) coll","unreliable news was less prevalent in the URLs they were exposed to on Google Search (2.05% in 2018, 0.72% in 2020)"
F354,2-s2.0-85160248068,EXPOSURE,single_source,unreliable_source,0.72,"URLs/domains classified as 'unreliable news' using NewsGuard plus the Grinberg et al. black/red/orange unreliable-domain lists, measured on participants' actual Google Search result pages (SERPs) coll","unreliable news was less prevalent in the URLs they were exposed to on Google Search (2.05% in 2018, 0.72% in 2020)"
F355,2-s2.0-85160248068,OTHER,n/a,unreliable_source,3.03,"URLs/domains classified as 'unreliable news' using NewsGuard plus the Grinberg et al. black/red/orange unreliable-domain lists, measured on participants' actual Google Search result pages (SERPs) coll","overall engagement (3.03% in 2018, 1.86% in 2020)"
F356,2-s2.0-85160248068,OTHER,n/a,unreliable_source,1.86,"URLs/domains classified as 'unreliable news' using NewsGuard plus the Grinberg et al. black/red/orange unreliable-domain lists, measured on participants' actual Google Search result pages (SERPs) coll","overall engagement (3.03% in 2018, 1.86% in 2020)"
F357,2-s2.0-85160248068,CONCENTRATION,n/a,unreliable_source,90,"URLs/domains classified as 'unreliable news' using NewsGuard plus the Grinberg et al. black/red/orange unreliable-domain lists, measured on participants' actual Google Search result pages (SERPs) coll",31.3% of participants accounting for 90% of all unreliable news exposures in 2018 (25.1% in 2020)
F358,2-s2.0-85160248068,CONCENTRATION,n/a,unreliable_source,90,"URLs/domains classified as 'unreliable news' using NewsGuard plus the Grinberg et al. black/red/orange unreliable-domain lists, measured on participants' actual Google Search result pages (SERPs) coll",31.3% of participants accounting for 90% of all unreliable news exposures in 2018 (25.1% in 2020)
F359,2-s2.0-85164339474,CONTENT,topical,false,11.4,"A transcript is coded as containing misinformation if it includes >=1 of seven specific widespread COVID-19 false claims (masks not protective, vaccine rushed, vaccine for money/power, vaccine ineffec",Total Misinformation Index ... CNN 25 (11.4%)
F360,2-s2.0-85164339474,CONTENT,topical,false,10.8,"A transcript is coded as containing misinformation if it includes >=1 of seven specific widespread COVID-19 false claims (masks not protective, vaccine rushed, vaccine for money/power, vaccine ineffec",Total Misinformation Index ... FOX 16 (10.8%)
F361,2-s2.0-85164339474,CONTENT,topical,false,14.8,"A transcript is coded as containing misinformation if it includes >=1 of seven specific widespread COVID-19 false claims (masks not protective, vaccine rushed, vaccine for money/power, vaccine ineffec",Total Misinformation Index ... MSNBC 22 (14.8%)
F362,2-s2.0-85164339474,CONTENT,topical,false,1.66,"A transcript is coded as containing misinformation if it includes >=1 of seven specific widespread COVID-19 false claims (masks not protective, vaccine rushed, vaccine for money/power, vaccine ineffec",Total Misinformation Index ... ABC 2 (1.66%)
F363,2-s2.0-85164339474,CONTENT,topical,false,2.29,"A transcript is coded as containing misinformation if it includes >=1 of seven specific widespread COVID-19 false claims (masks not protective, vaccine rushed, vaccine for money/power, vaccine ineffec",Total Misinformation Index ... CBS 3 (2.29%)
F364,2-s2.0-85164339474,CONTENT,topical,false,1.75,"A transcript is coded as containing misinformation if it includes >=1 of seven specific widespread COVID-19 false claims (masks not protective, vaccine rushed, vaccine for money/power, vaccine ineffec",Total Misinformation Index ... NBC 3 (1.75%)
F365,2-s2.0-85164694763,SHARING,topical,unreliable_source,26,"URLs/domains appearing on curated lists of 'low-credibility' domains (Bufale, Wikipedia, Media Bias/Fact-Check, Le Monde, dwrean); 1732 domains, only IT/FR/EN/GR.",26% of the domains shared by no-vax communities came from lists of known low-credibility domains versus only 2.4% of those cited by the other users (P<.001)
F366,2-s2.0-85164694763,SHARING,topical,unreliable_source,2.4,"URLs/domains appearing on curated lists of 'low-credibility' domains (Bufale, Wikipedia, Media Bias/Fact-Check, Le Monde, dwrean); 1732 domains, only IT/FR/EN/GR.",26% of the domains shared by no-vax communities ... versus only 2.4% of those cited by the other users (P<.001)
F367,2-s2.0-85168270535,CONTENT,topical,false,21.9,"Tweets claiming ability to predict a future earthquake (location/time/magnitude), false per state-of-the-art seismology (earthquakes cannot be predicted); author-coded by two seismology social scienti","[Table 2] Misinformation 9857; Not-misinformation 35,056 ... Overall, there are substantially more not-misinformation tweets than misinformation tweets"
F368,2-s2.0-85168270535,CONTENT,topical,false,12.0,"Tweets claiming ability to predict a future earthquake (location/time/magnitude), false per state-of-the-art seismology (earthquakes cannot be predicted); author-coded by two seismology social scienti","In total, 82,129 tweets were considered for the analysis and classified into three categories... 39,266 were found to be irrelevant... [Table 2: Misinformation 9857; Total 81,862]"
F369,2-s2.0-85168270535,CONTENT,topical,false,19.5,"Tweets claiming ability to predict a future earthquake (location/time/magnitude), false per state-of-the-art seismology (earthquakes cannot be predicted); author-coded by two seismology social scienti","Misinformation 698 19.5 [% Tweets] ... Not-misinformation 1328 37.1 ... Irrelevant 1558 43.4 [Table 1, manually labeled subset]"
F370,2-s2.0-85172813494,RECALL,population,misleading,29,Disinformation narratives = clusters of fact-check-identified false/misleading content sharing a common idea/story; 6 national narratives identified from Newtral/Maldita/Verificat fact-checks over 3 w,"Just one of the narratives shows limited reach (N1-Covid&WHO), being heard by 29% of respondents."
F371,2-s2.0-85172813494,RECALL,population,misleading,60,Disinformation narratives = clusters of fact-check-identified false/misleading content sharing a common idea/story; 6 national narratives identified from Newtral/Maldita/Verificat fact-checks over 3 w,"Other two narratives (N3-MENAS and N5-CovidVaccines), related to immigration and covid-related disinformation, were spread among 60%."
F372,2-s2.0-85172813494,RECALL,population,misleading,73,Disinformation narratives = clusters of fact-check-identified false/misleading content sharing a common idea/story; 6 national narratives identified from Newtral/Maldita/Verificat fact-checks over 3 w,"all other narratives show levels of reach between 60-70%, being just N6 close to 73%"
F373,2-s2.0-85172813494,RECALL,population,misleading,,Disinformation narratives = clusters of fact-check-identified false/misleading content sharing a common idea/story; 6 national narratives identified from Newtral/Maldita/Verificat fact-checks over 3 w,"there were three other narratives that overpass 70% reach. These were N2 (Russia&NATO), N4 (Labor law) and N6 (Spanish in CAT)"
F374,2-s2.0-85173224200,CONTENT,single_source,misleading,77,Tweets coded into Wardle & Derakhshan (2017) seven mis/disinformation types (misleading/manipulated/fabricated/false-context/false-connection/imposter/satire); author-coded by two researchers with cro,"En el caso espanol, donde fueron identificados 77 tuits que tenian alguna categoria de mis o disinformation [out of 100 tweets analysed]"
F375,2-s2.0-85173224200,CONTENT,single_source,misleading,45,Tweets coded into Wardle & Derakhshan (2017) seven mis/disinformation types (misleading/manipulated/fabricated/false-context/false-connection/imposter/satire); author-coded by two researchers with cro,"los 45 tuits con alguna categoria de mis o disinformation [out of 100 Bolsonaro tweets, of which 99 analysed]"
F376,2-s2.0-85174615177,CONTENT,topical,false,5.4,"Any ophthalmic-related assertion rooted in anecdotal evidence, falsehood, or deception due to the absence of established scientific understanding; videos fact-checked against accepted ophthalmology gu","Among the total 723 videos, 5.4% (n = 39) contained misinformation"
F377,2-s2.0-85182846541,CONTENT,topical,unreliable_source,0.28,"Low-credibility = URL domains on the Iffy+ Misinfo/Disinfo List (812 domains, March 2021) that regularly publish mis/disinformation, collated from independent fact-checkers (MBFC, FactCheck.org, Polit","We identified 100,708 COVID-19-related tweets which referenced low-credibility domains (0.28% of all COVID-19-related tweets, and 1.9% of those containing URLs)"
F378,2-s2.0-85182846541,CONTENT,topical,unreliable_source,0.72,"Low-credibility = URL domains on the Iffy+ Misinfo/Disinfo List (812 domains, March 2021) that regularly publish mis/disinformation, collated from independent fact-checkers (MBFC, FactCheck.org, Polit","2,419 AZ-related tweets which referenced low-credibility domains (0.72% of all AZ-related tweets, and 2.9% of those containing URLs)"
F379,2-s2.0-85187117251,CONTENT,topical,unreliable_source,3.77,"Low-credibility = tweets sharing URLs from domains with an aggregate credibility score <=0.4 (Lin/Lasser/Pennycook PCA scores over major rating sets, incl. NewsGuard); high-credibility >=0.6. Used as ",low-credibility domains present in 3.77% of tweets on COVID-19 and 1.69% of tweets on climate change
F380,2-s2.0-85187117251,CONTENT,topical,unreliable_source,1.69,"Low-credibility = tweets sharing URLs from domains with an aggregate credibility score <=0.4 (Lin/Lasser/Pennycook PCA scores over major rating sets, incl. NewsGuard); high-credibility >=0.6. Used as ",low-credibility domains present in 3.77% of tweets on COVID-19 and 1.69% of tweets on climate change
F381,2-s2.0-85188806397,SHARING,political_news,unreliable_source,26.06,"Untrustworthy (N) = news domain rated non-trustworthy by NewsGuard (publisher/source-level: regularly publishes false news, no fact/opinion separation, no corrections, etc.). Satire (S), platforms (P)","When looking at links pointing to untrustworthy news sites (N), the concentration for swing states - 26.06%. - is higher than for safe states - 22.25%"
F382,2-s2.0-85188806397,SHARING,political_news,unreliable_source,22.25,"Untrustworthy (N) = news domain rated non-trustworthy by NewsGuard (publisher/source-level: regularly publishes false news, no fact/opinion separation, no corrections, etc.). Satire (S), platforms (P)",for safe states - 22.25%. The concentration of trustworthy links (T) is higher for safe states - 50.66% vs 28.30% for swing states
F383,2-s2.0-85192635397,CONTENT,political_news,unreliable_source,13.16,Questionable source = news outlet with NewsGuard trust score <60 (vs Reliable >=60). Outlet/publisher-level. Tweets are the timelines of NewsGuard-rated news outlets based in each country (2019-2021).,"France 7,083,659 ... Reliable 6,151,554 ... Questionable tweets 932,105"
F384,2-s2.0-85192635397,CONTENT,political_news,unreliable_source,4.38,Questionable source = news outlet with NewsGuard trust score <60 (vs Reliable >=60). Outlet/publisher-level. Tweets are the timelines of NewsGuard-rated news outlets based in each country (2019-2021).,"Germany 4,904,179 ... Reliable 4,689,186 ... Questionable tweets 214,993"
F385,2-s2.0-85192635397,CONTENT,political_news,unreliable_source,8.26,Questionable source = news outlet with NewsGuard trust score <60 (vs Reliable >=60). Outlet/publisher-level. Tweets are the timelines of NewsGuard-rated news outlets based in each country (2019-2021).,"Italy 4,936,407 ... Reliable 4,528,606 ... Questionable tweets 407,801"
F386,2-s2.0-85192635397,CONTENT,news_diet,unreliable_source,5.06,Questionable source = news outlet with NewsGuard trust score <60 (vs Reliable >=60). Outlet/publisher-level. Tweets are the timelines of NewsGuard-rated news outlets based in each country (2019-2021).,"UK 8,201,352 ... Reliable 7,786,239 ... Questionable tweets 415,113"
F387,2-s2.0-85195353413,CONCENTRATION,n/a,unreliable_source,24.13,"Tweets/retweets containing a URL from a domain on published lists of misinformation/disinformation (fake-news/unreliable-source domains); measures source unreliability, not truth-value of contents; do",These deplatformed users accounted for 4.35% of all URL sharing and 24.13% of all misinformation URLs shared among our sample during December 2020
F388,2-s2.0-85195353413,REACH,population,unreliable_source,7.46,"Tweets/retweets containing a URL from a domain on published lists of misinformation/disinformation (fake-news/unreliable-source domains); measures source unreliability, not truth-value of contents; do","A total of 44,743 users (7.46% of the full panel) were misinformation sharers (users who shared at least one misinformation URL during the 2020 election cycle)"
F389,2-s2.0-85209206311,EXPOSURE,all_media,low_quality,0.1461,Visits to 'low-quality' news domains = sites rated poor information sources by >=2 of four lists (3 academic researcher lists + Media Bias/Fact Check); >1300 domains. Site-level quality rating applied,locations with two or more local papers (median=1461)
F390,2-s2.0-85209547248,REACH,population,unreliable_source,39.1,"Visits to 'misinformation websites' = sites NewsGuard labels as repeatedly publishing false content PLUS academic-list known false-news purveyors (1,796 sites). QAnon websites = 324 sites curated by H","based on our data, 39.1% (95% CI = 35.0-43.1%) of American adults were exposed to a misinformation website during the same time period"
F391,2-s2.0-85209547248,EXPOSURE,news_diet,unreliable_source,0.16,"Visits to 'misinformation websites' = sites NewsGuard labels as repeatedly publishing false content PLUS academic-list known false-news purveyors (1,796 sites). QAnon websites = 324 sites curated by H","For the median exposed person, only 0.16% of their news diet consisted of QAnon websites (95% quantile CI = .005, 2.8%)"
F392,2-s2.0-85217829893,CONTENT,curated_sample,misleading,23,"Lax 'desinformación': conspiracy theories, verifiably false content, and unverifiable/speculative claims (excludes opinion). Coded by 4 trained RAs (Krippendorff alpha=0.69 for content type); a subset","luego desinformación (N=78, 23%) ... Tipos de Contenido Político (N=342)"
F393,2-s2.0-85093940530,CONTENT,curated_sample,false,33.4,"Misinformation = a post containing verifiably false, incorrect, or misleading statement(s) about GMOs, regardless of intent (fake news, satire, rumor, manipulated/fabricated content). Verified against","The content coding identified 137 posts with verifiably true information and 161 posts with verifiable misinformation about GMOs, with 184 posts as unknown."
F394,2-s2.0-85097940672,CONTENT,single_source,false,0.2,"Messages discussing one of 27 COVID-19 misinformation claims identified/corrected by Singapore authorities (gov.sg/factually, MOH) and the fact-checker Black Dot Research. Fact-check-list-anchored; ma","These pieces of misinformation are contained in 84 messages, representing 0.2% of all messages."
F395,2-s2.0-85100218180,CONTENT,topical,unreliable_source,2.7,"Links to 'low-quality/misinformation sources' (LQMS): domains on a 1,249-entry blacklist aggregated from NewsGuard's COVID misinformation list plus scholarly/fact-checker 'fake' lists (Zimdars, MBFC, ","links to TNS comprise over 20% of links in our dataset, while LQMS represent 2.7% and HQHS account for 1.8%"
F396,2-s2.0-85102849802,CONTENT,political_news,misleading,1.99,Ad 'contains disinformation' = ad content is misleading or directly false (deliberately false/misleading information to manipulate or discredit an opponent). Manual content analysis of visually-identi,"nor as examples of disinformation per se (292 ads, 1.99% of the total) ... Contains disinformation 292 1.99%"
F397,2-s2.0-85105454127,SHARING,news_diet,unreliable_source,4,"Links to domains on a 608-source 'fake news' blacklist (sources with a registered history of publishing debunked/fabricated stories that mimic news); publisher/domain-level, not story-level verificati","Of the tweeted news links, 3,269 (≈ 4%) come from websites with a history of publishing fake news"
F398,2-s2.0-85105454127,REACH,population,unreliable_source,11,"Links to domains on a 608-source 'fake news' blacklist (sources with a registered history of publishing debunked/fabricated stories that mimic news); publisher/domain-level, not story-level verificati",11% of them are responsible for sharing all fake news sources
F399,2-s2.0-85105454127,CONCENTRATION,n/a,unreliable_source,75,"Links to domains on a 608-source 'fake news' blacklist (sources with a registered history of publishing debunked/fabricated stories that mimic news); publisher/domain-level, not story-level verificati",1% of the panelists are responsible for sharing about 75% of all links to fake news publishers
F400,2-s2.0-85105511315,CONTENT,all_media,unreliable_source,32,Links to low-credibility domains: sources rated 'Very Low'/'Low' factual reporting plus 'Questionable'/'Conspiracy-Pseudoscience' by Media Bias/Fact Check (674-domain list); source-level (not article-,Twitter exhibits a higher ratio of low-credibility information than Facebook (32% vs. 21% on average)
F401,2-s2.0-85105511315,CONTENT,all_media,unreliable_source,21,Links to low-credibility domains: sources rated 'Very Low'/'Low' factual reporting plus 'Questionable'/'Conspiracy-Pseudoscience' by Media Bias/Fact Check (674-domain list); source-level (not article-,Twitter exhibits a higher ratio of low-credibility information than Facebook (32% vs. 21% on average)
F402,2-s2.0-85105511315,OTHER,n/a,unreliable_source,40,Links to low-credibility domains: sources rated 'Very Low'/'Low' factual reporting plus 'Questionable'/'Conspiracy-Pseudoscience' by Media Bias/Fact Check (674-domain list); source-level (not article-,verified accounts yield almost 40% of low-credibility retweets on Twitter and almost 70% of reshares on Facebook
F403,2-s2.0-85105511315,OTHER,n/a,unreliable_source,70,Links to low-credibility domains: sources rated 'Very Low'/'Low' factual reporting plus 'Questionable'/'Conspiracy-Pseudoscience' by Media Bias/Fact Check (674-domain list); source-level (not article-,verified accounts yield almost 40% of low-credibility retweets on Twitter and almost 70% of reshares on Facebook
F404,2-s2.0-85108273495,CONTENT,topical,false,41,"Presence of a significant amount of misinformation in a video, expert-rated on a published 5-point Likert scale by two coders with prostate-cancer (PCa) clinical expertise (e.g. promoting routine PSA ","Among 17 videos (totaling 95285 views) with objective information, 7 (41%, 3795 views) had a significant amount of misinformation"
F405,2-s2.0-85108996494,CONTENT,topical,false,5.7,Author-coded 'caráter da informação' using adapted Ibero-American science-journalism content-analysis protocol. Falsas (false) = deceptive content such as fake news (e.g. 'virgin teen got pregnant fro,"Estas ultimas representam 3,4% e 5,7% da amostra, respectivamente. ... informacoes falsas seriam os conteudos enganosos, tais como as fake news"
F406,2-s2.0-85108996494,CONTENT,topical,misleading,3.4,Author-coded 'caráter da informação' using adapted Ibero-American science-journalism content-analysis protocol. Falsas (false) = deceptive content such as fake news (e.g. 'virgin teen got pregnant fro,"Estas ultimas representam 3,4% e 5,7% da amostra ... informacoes distorcidas como aquelas que trazem informacoes corretas, mas fora de contexto ou com manchetes que induzem a uma interpretacao equivocada"
F407,2-s2.0-85111545521,REACH,population,unreliable_source,39.2,Untrustworthy ('fake news') sites = list of 668 sites compiled by Allcott et al. (2019) from five prior researcher/journalist/fact-checker lists; sites not driven by journalistic accuracy norms that p,visits to these untrustworthy websites were very rare; 60.8% of respondents visited zero sites and 95.6% visited four or less. The mean number of visits across respondents was 1.19
F408,2-s2.0-85111545521,EXPOSURE,population,unreliable_source,,Untrustworthy ('fake news') sites = list of 668 sites compiled by Allcott et al. (2019) from five prior researcher/journalist/fact-checker lists; sites not driven by journalistic accuracy norms that p,The mean number of visits across respondents was 1.19 (SD = 3.60) and the range was from 0 to 49 sites visited
F409,2-s2.0-85121019757,EXPOSURE,single_source,unreliable_source,2.5,"Fake news = 624 websites previously identified by researchers, professional fact-checkers, and journalists as sources of fake, deceptive, low-quality, or hyperpartisan news (Allen et al. 2020 domain l","we found that 2.5% of clicks were to fake news, 24% of clicks were to not-fake news, and 74% of clicks were to not-news sites"
F410,2-s2.0-85121019757,EXPOSURE,single_source,unreliable_source,12,"Fake news = 624 websites previously identified by researchers, professional fact-checkers, and journalists as sources of fake, deceptive, low-quality, or hyperpartisan news (Allen et al. 2020 domain l","From 1/2017-12/2018, an average of 12% of clicks per month went to fake news content, 32% went to not-fake news content, and 56% went to other, not-news content."
F411,2-s2.0-85122105134,RECALL,population,false,19,"Noticias falsas (fake news) = deliberately created pseudo-journalistic disinformation with three features: low facticity, imitation of news form, and intent to deceive (Egelhofer & Lecheler 2019; Tand","En el caso de redes sociales, 81% afirmo no haberlo hecho y 19%, si."
F412,2-s2.0-85122105134,RECALL,population,false,18,"Noticias falsas (fake news) = deliberately created pseudo-journalistic disinformation with three features: low facticity, imitation of news form, and intent to deceive (Egelhofer & Lecheler 2019; Tand",El numero es casi identico en el caso de WhatsApp: 18% compartio noticias falsas y 82% afirmo que no.
F413,2-s2.0-85122752247,CONTENT,topical,misleading,5.33,"Human-coded: post contains egregious falsehoods, conspiracy theories, or misleading use of data related to COVID-19 (incl. news reports repeating/promoting such claims); 3 annotators, Krippendorff alp","more credible traditional media sources (5.33% misinformation, 95% CI: 3.41-7.26, n = 525) ... (5.33% misinformation, 95% CI: 3.41-7.26, n = 600)"
F414,2-s2.0-85122752247,CONTENT,topical,misleading,8.50,"Human-coded: post contains egregious falsehoods, conspiracy theories, or misleading use of data related to COVID-19 (incl. news reports repeating/promoting such claims); 3 annotators, Krippendorff alp","intermediate ""less credible"" sources (8.50% misinformation, 95% CI: 6.11-10.89)"
F415,2-s2.0-85122752247,CONTENT,topical,misleading,7.33,"Human-coded: post contains egregious falsehoods, conspiracy theories, or misleading use of data related to COVID-19 (incl. news reports repeating/promoting such claims); 3 annotators, Krippendorff alp","""unrated"" sources (7.33% misinformation, 95% CI: 5.10-9.56)"
F416,2-s2.0-85122752247,CONTENT,topical,misleading,5.17,"Human-coded: post contains egregious falsehoods, conspiracy theories, or misleading use of data related to COVID-19 (incl. news reports repeating/promoting such claims); 3 annotators, Krippendorff alp","""in platform"" sources (5.17% misinformation, 95% CI: 4.26-6.07)"
F417,2-s2.0-85127622287,CONTENT,topical,false,3.3,"Web pages confirmed by a public-health expert as presenting strictly MEDICAL misinformation about vaccination (e.g. vaccines cause autism, vaccines are full of toxins); conservative coding that exclud","we were able to catalog data for 1672 web pages about vaccination in the U.S. ... Of these, 56 were confirmed as presenting medical misinformation"
F418,2-s2.0-85128357498,CONTENT,topical,false,21,"Social-media comments making claims and putting forward verifiably-untrue speculation, classified 'fake' vs 'legitimate' by a supervised BERT classifier (test accuracy 91%; fake-class precision 0.93 /","Overall, the classifier categorized about 21% of the comments and 15% of the replies as fake"
F419,2-s2.0-85128357498,CONTENT,topical,false,15,"Social-media comments making claims and putting forward verifiably-untrue speculation, classified 'fake' vs 'legitimate' by a supervised BERT classifier (test accuracy 91%; fake-class precision 0.93 /","Overall, the classifier categorized about 21% of the comments and 15% of the replies as fake"
F420,2-s2.0-85131964464,CONTENT,single_source,false,19.0,"Disinformation as flagged by the Brazilian fact-checker Aos Fatos (Agencia Aos Fatos), applied within the Wardle & Derakhshan information-disorder framework.","Dentre as publicacoes com maior numero de retuites, 19 mensagens estavam no levantamento da Agencia Aos Fatos como conteudos contendo desinformacao. ... Cabe destacar que 19% das mensagens com maior numero de compartilhamentos eram conteudos de desinformacao"
F421,2-s2.0-85134489939,QUALITY,topical,low_quality,25.2,"Low content quality of CRPS information videos, operationalised by Global Quality Score (GQS 1-2 of 5) = poor flow / most information missing or of limited use; a quality/accuracy proxy, not falsity p",GQS (1-5 points) Low content quality (1 or 2 points) 42 (25.2)
F422,2-s2.0-85137779722,CONTENT,topical,unreliable_source,0.88,"Tweets sharing a URL from a domain classified by Media Bias/Fact Check (MBFC) as 'questionable' or 'conspiracy-pseudoscience' (may publish unverifiable/unsupported info, propaganda, hoaxes, fake news)","This resulted in a COVID-19 misinformation data subset totaling 12,689,165 tweets. [out of] 1,443,871,621 tweets from January 21, 2020, through April 30, 2021"
F423,2-s2.0-85138526885,CONTENT,topical,fabricated,19.9,"News occurrences classified per Rubin, Chen & Conroy (2016) as genuine, fabricated (fraudulent/sensationalist unverified reporting), or hoax (deliberate fabrication/falsification disguised as news). A","Ao todo, foram registradas 4.995 ocorrencias. [traditional] 100% ... noticias genuinas (n=1.774); [independent] 90% genuinas (n=410), 10% fabricadas (n=46); [partidarios] 61% genuinas (n=1.681), 23% fabricadas (n=634), 11% embustes (n=312)  ['In all, 4,995 occurrences were recorded ... traditional 100% genuine; independent 90% genuine / 10% fabricated; partisan 61% genuine / 23% fabricated / 11% hoax']"
F424,2-s2.0-85142238598,QUALITY,topical,low_quality,,"Misinformation index = accuracy score 1 (complete lack of accurate information / most inaccurate) to 5 (most accurate), adapted from a validated prostate-cancer-on-YouTube scoring method; lower score ","Across all men's health topics on TT, educational posts had a mean misinformation index score of 2.6 ± 1.7"
F425,2-s2.0-85142396682,SHARING,political_news,unreliable_source,3.86,Untrustworthy information = links pointing to web domains scored below 60 on NewsGuard's 0-100 nutrition scale (professional fact-checker assessment of whether a domain 'generally adheres to basic sta,"Republicans share 9.1 times more links to websites considered unstrustworthy than Democrats (Republicans 3.86%, Democrats 0.43%, difference 3.44%, 1.65 SD)"
F426,2-s2.0-85142396682,SHARING,political_news,unreliable_source,0.43,Untrustworthy information = links pointing to web domains scored below 60 on NewsGuard's 0-100 nutrition scale (professional fact-checker assessment of whether a domain 'generally adheres to basic sta,"Republicans 3.86%, Democrats 0.43%, difference 3.44%, 1.65 SD"
F427,2-s2.0-85142396682,SHARING,political_news,unreliable_source,0.18,Untrustworthy information = links pointing to web domains scored below 60 on NewsGuard's 0-100 nutrition scale (professional fact-checker assessment of whether a domain 'generally adheres to basic sta,"For Germany, members of the CDU/CSU post 6.3 times more links to such websites than members of the SPD (CDU/CSU 0.18%, SPD 0.03%, difference 0.15%, 0.04 SD)"
F428,2-s2.0-85142396682,SHARING,political_news,unreliable_source,0.03,Untrustworthy information = links pointing to web domains scored below 60 on NewsGuard's 0-100 nutrition scale (professional fact-checker assessment of whether a domain 'generally adheres to basic sta,"CDU/CSU 0.18%, SPD 0.03%, difference 0.15%, 0.04 SD"
F429,2-s2.0-85142396682,SHARING,political_news,unreliable_source,0.25,Untrustworthy information = links pointing to web domains scored below 60 on NewsGuard's 0-100 nutrition scale (professional fact-checker assessment of whether a domain 'generally adheres to basic sta,"members of the Tories post 4.7 times more links to untrustworthy domains than members of the Labour Party (Tory 0.25%, Labour 0.05%, difference 0.19%, 0.08 SD)"
F430,2-s2.0-85142396682,SHARING,political_news,unreliable_source,0.05,Untrustworthy information = links pointing to web domains scored below 60 on NewsGuard's 0-100 nutrition scale (professional fact-checker assessment of whether a domain 'generally adheres to basic sta,"Tory 0.25%, Labour 0.05%, difference 0.19%, 0.08 SD"
F431,2-s2.0-85142886759,CONTENT,topical,unreliable_source,2.7,"URLs pointing to domains rated low-credibility (questionable sources, conspiracy-pseudoscience, or (very) low credibility) by Media Bias/Fact Check and The Factual.","We identified 14,215 (2%) URLs from 377 low credibility information sources that are shared in 42,271 (2.7%) messages posted before the halt of trials, and 12,768 URLs from 363 low credibility sources shared in 36,906 (2.7%) messages posted after the halt of trials"
F432,2-s2.0-105007027777,CONTENT,topical,misleading,9.16,"Tweets manually coded false/misleading via veracity analysis (review content, fact-check via platforms + reverse-image search, cross-check official reports); both misinfo and not-misinfo coded.",the dataset was categorized into misinformation (n=512) and not-misinformation (n=5082)... the highest percentage of not-misinformation (91%) in relation to misinformation (9%)
F433,2-s2.0-105008525623,RECALL,population,misleading,29,Disinformation narratives = false or misleading stories spread intentionally to deceive (Lewandowsky 2017); six specific narratives identified from material flagged as disinformation by Spanish fact-c,"la mayor parte de narrativas presenta porcentajes de exposicion de mas del 60% de los encuestados, con la unica excepcion de la N1 que llega solo al 29%"
F434,2-s2.0-105008525623,RECALL,population,misleading,71,Disinformation narratives = false or misleading stories spread intentionally to deceive (Lewandowsky 2017); six specific narratives identified from material flagged as disinformation by Spanish fact-c,Tabla 2 ... 2 OTAN 71% (Exposicion a narrativa)
F435,2-s2.0-105008525623,RECALL,population,misleading,64,Disinformation narratives = false or misleading stories spread intentionally to deceive (Lewandowsky 2017); six specific narratives identified from material flagged as disinformation by Spanish fact-c,Tabla 2 ... 3 Inmigracion 64% (Exposicion a narrativa)
F436,2-s2.0-105008525623,RECALL,population,misleading,60.9,Disinformation narratives = false or misleading stories spread intentionally to deceive (Lewandowsky 2017); six specific narratives identified from material flagged as disinformation by Spanish fact-c,"Tabla 2 ... 5 Vacunas 60,9% (Exposicion a narrativa)"
F437,2-s2.0-105008525623,RECALL,population,misleading,73.7,Disinformation narratives = false or misleading stories spread intentionally to deceive (Lewandowsky 2017); six specific narratives identified from material flagged as disinformation by Spanish fact-c,"Tabla 2 ... 6 Catalan en las escuelas 73,7% (Exposicion a narrativa)"
F438,2-s2.0-105009525336,QUALITY,topical,low_quality,,All false or misleading contraceptive health information (term 'misinformation' used for all false/misleading content regardless of intent; Wardle & Derakhshan 2017); operationalized via DISCERN relia,the content showed poor reliability and quality ... with a median DISCERN-T score of 27 (min-max: 24-30.5)
F439,2-s2.0-105012550022,QUALITY,topical,low_quality,77,"Uterine-fibroid video quality/reliability via GQS, mDISCERN, PEMAT; 'misinformation and incomplete content may undermine efficacy' - quality scores, no direct falsity ground-truth.",The median score of PEMAT-U was 77% (IQR 69%-83%) for TikTok
F440,2-s2.0-105012550022,QUALITY,topical,low_quality,77,"Uterine-fibroid video quality/reliability via GQS, mDISCERN, PEMAT; 'misinformation and incomplete content may undermine efficacy' - quality scores, no direct falsity ground-truth.","For Bilibili videos, the median PEMAT-U and PEMAT-A scores are 77% (IQR 69%-85%) and 67%"
F444,2-s2.0-105027856675,SHARING,political_news,unreliable_source,2.30,"Tweet links to news domains rated below 60 by NewsGuard (domain-level credibility, source-based approach); misinformation = any information misleading, unreliable, and/or turns out false.","US ... 163,910 ... 3,767 ... Domains with a score below 60 are considered misinformation"
F445,2-s2.0-105028205558,CONTENT,topical,misleading,50.4,"Videos coded 'misleading' if they contained false information on ADHD, showed symptoms not typical for ADHD (vs German S3 guideline + ICD-11), or were overgeneralizing (e.g. 'everybody with this sympt","We assessed 50.4% (63/125) of the videos as misleading, 30.4% (38/125) as personal experience, and 19.2% [as useful]"
F446,SEED-cordonnier2021,EXPOSURE,all_media,unreliable_source,0.16,Sources deemed unreliable because at least some published content contributes to conspiracy theories or consists of false information (Storyzy source-level classification),"5% of connected time dedicated to information was spent consulting information sources considered to be unreliable, which equates to 0.16% of total connected time"
F447,SEED-cordonnier2021,EXPOSURE,news_diet,unreliable_source,5,Sources deemed unreliable... conspiracy theories or false information (Storyzy),"Among all participants, 5% of connected time dedicated to information was spent consulting information sources considered to be unreliable"
F448,SEED-allcott2017,EXPOSURE,political_news,false,5,'Fake news' = news articles that are intentionally and verifiably false and could mislead readers; database = 156 election stories rated false by Snopes/PolitiFact/BuzzFeed in 3 months pre-election.,there were 159 million impressions on the 65 websites ... or 0.64 impressions per adult. This is dwarfed by the 3 billion impressions on the 665 top news websites over the same period
F449,SEED-allcott2017,RECALL,population,false,15,'Fake news' = news articles that are intentionally and verifiably false and could mislead readers; database = 156 election stories rated false by Snopes/PolitiFact/BuzzFeed in 3 months pre-election.,"After weighting for national representativeness, 15 percent of survey respondents recalled seeing the Fake stories, and 8 percent both recalled seeing the story and said they believed it"
F450,SEED-allcott2017,EXPOSURE,population,false,,'Fake news' = news articles that are intentionally and verifiably false and could mislead readers; database = 156 election stories rated false by Snopes/PolitiFact/BuzzFeed in 3 months pre-election.,"the 38 million shares of fake news in our database translates into 760 million instances of a user clicking through and reading a fake news story, or about three stories read per American adult"
F451,SEED-allcott2017,EXPOSURE,population,false,,'Fake news' = news articles that are intentionally and verifiably false and could mislead readers; database = 156 election stories rated false by Snopes/PolitiFact/BuzzFeed in 3 months pre-election.,there were 159 million impressions on the 65 websites ... or 0.64 impressions per adult
F452,SEED-allcott2017,RECALL,population,false,,'Fake news' = news articles that are intentionally and verifiably false and could mislead readers; database = 156 election stories rated false by Snopes/PolitiFact/BuzzFeed in 3 months pre-election.,this implies that the average adult saw and remembered 0.03/million x 38 million ~ 1.14 fake news articles from our fake news database
F453,2-s2.0-85177420309,CONTENT,topical,false,5,"First-page Google organic results coded as 'CT-confirming' (propagating/supporting the conspiracy theory) vs neutral/debunking, for 11 conspiracy theories.","It is lowest in Australia, Brazil, Germany and Switzerland ... with shares below 10%"
F454,2-s2.0-85177420309,CONTENT,topical,false,7,"First-page Google organic results coded as 'CT-confirming' (propagating/supporting the conspiracy theory) vs neutral/debunking, for 11 conspiracy theories.","It is lowest in Australia, Brazil, Germany and Switzerland ... with shares below 10%"
F455,2-s2.0-85177420309,CONTENT,topical,false,17,"First-page Google organic results coded as 'CT-confirming' (propagating/supporting the conspiracy theory) vs neutral/debunking, for 11 conspiracy theories.","In the Czech Republic, Hungary, Italy and Ukraine almost every fifth search result links to CT confirming content"
F456,2-s2.0-85177420309,CONTENT,topical,false,8,"First-page Google organic results coded as 'CT-confirming' (propagating/supporting the conspiracy theory) vs neutral/debunking, for 11 conspiracy theories.","It is lowest in Australia, Brazil, Germany and Switzerland ... with shares below 10%"
F458,2-s2.0-85177420309,CONTENT,topical,false,17,"First-page Google organic results coded as 'CT-confirming' (propagating/supporting the conspiracy theory) vs neutral/debunking, for 11 conspiracy theories.","In the Czech Republic, Hungary, Italy and Ukraine almost every fifth search result links to CT confirming content"
F459,2-s2.0-85177420309,CONTENT,topical,false,19,"First-page Google organic results coded as 'CT-confirming' (propagating/supporting the conspiracy theory) vs neutral/debunking, for 11 conspiracy theories.","In the Czech Republic, Hungary, Italy and Ukraine almost every fifth search result links to CT confirming content"
F461,2-s2.0-85177420309,CONTENT,topical,false,26,"First-page Google organic results coded as 'CT-confirming' (propagating/supporting the conspiracy theory) vs neutral/debunking, for 11 conspiracy theories.",Most problematic are the search results in the CEE countries Serbia and Romania ... one out of four (Romania)
F462,2-s2.0-85177420309,CONTENT,curated_sample,false,30,"First-page Google organic results coded as 'CT-confirming' (propagating/supporting the conspiracy theory) vs neutral/debunking, for 11 conspiracy theories.",Most problematic ... Serbia and Romania ... almost one out of three search results (Serbia)
F463,2-s2.0-85177420309,CONTENT,topical,false,5,"First-page Google organic results coded as 'CT-confirming' (propagating/supporting the conspiracy theory) vs neutral/debunking, for 11 conspiracy theories.","It is lowest in Australia, Brazil, Germany and Switzerland ... with shares below 10%"
F464,2-s2.0-85177420309,CONTENT,topical,false,19,"First-page Google organic results coded as 'CT-confirming' (propagating/supporting the conspiracy theory) vs neutral/debunking, for 11 conspiracy theories.","In the Czech Republic, Hungary, Italy and Ukraine almost every fifth search result links to CT confirming content"
F465,2-s2.0-105021775752,SHARING,political_news,unreliable_source,16,"'Problematic' sources per Jack (2017): information that is 'inaccurate, misleading, inappropriately attributed, or altogether fabricated'. Sources labelled mainstream vs problematic using AllSides, Me","In March 2020, the share of problematic news sources shared on Twitter was 16% of all shared news sources."
F466,2-s2.0-105021775752,SHARING,political_news,unreliable_source,30,"'Problematic' sources per Jack (2017): information that is 'inaccurate, misleading, inappropriately attributed, or altogether fabricated'. Sources labelled mainstream vs problematic using AllSides, Me","In December, the share of problematic news sources almost doubled to 30%."
F467,2-s2.0-105021775752,SHARING,political_news,unreliable_source,11,"'Problematic' sources per Jack (2017): information that is 'inaccurate, misleading, inappropriately attributed, or altogether fabricated'. Sources labelled mainstream vs problematic using AllSides, Me","In March 2021, the share of problematic sources dropped significantly to 11%."
F468,2-s2.0-85106913853,CONTENT,topical,false,8.0,"Misinformation = tweet content not based on evidence, judged against peer-reviewed literature, official/health-agency reports (CDC, WHO) and fact-checking sites.","De los 5 000 tuits sobre el zika mas retuiteados en el 2016, detectamos un total de 400 que contenian informacion erronea y los verificamos. [Of the 5,000 most-retweeted Zika tweets in 2016, we detected a total of 400 containing misinformation and verified them.]"
F469,2-s2.0-85131073869,CONTENT,curated_sample,unreliable_source,37.5,"Links to a curated list of 94 'misleading sources' (Pierri et al.): misleading/false/hyper-partisan news, hoaxes, conspiracy, clickbait; contrasted with a list of 14 US most-trusted professional news ","Professional News 126,515(62%) ... Misleading 76,056(38%) ... Total 202,571"
F470,2-s2.0-105002155467,REACH,population,unreliable_source,21.0,"Unreliable = union of Grinberg et al. (2019) misinformation domain list (510 domains, compiled from BuzzFeed/PolitiFact/FactCheck.org/Snopes + Allcott&Gentzkow/Guess) and NewsGuard sites with trust sc","the vast majority, that is ~79%, do not visit any page classified as unreliable"
F471,2-s2.0-105002155467,CONCENTRATION,n/a,unreliable_source,65.3,"Unreliable = union of Grinberg et al. (2019) misinformation domain list (510 domains, compiled from BuzzFeed/PolitiFact/FactCheck.org/Snopes + Allcott&Gentzkow/Guess) and NewsGuard sites with trust sc",This 1% of the panelists are responsible for visiting 65.3% of all unreliable pages in our data
F472,2-s2.0-85153931706,CONTENT,topical,false,7.1,"Wu et al. definition: 'informative content that contains incorrect or inaccurate information', regardless of intent; operationalised via a 5-type codebook (COVID conspiracies, wrong threat-severity un","out of 7,668 clusters, we identify 2,316 informative clusters ... the two annotators agree on 165 image clusters to be COVID-19 misinformation image clusters"
F473,2-s2.0-85194075145,EXPOSURE,news_diet,unreliable_source,5.1,"Misinformation sources = news domains rated by Media Bias/Fact Check or NewsGuard as repeatedly spreading misinformation and conspiracy theories (456/4,149 established domains = 11% low-quality). Sour",On average 5.1% of news posts users encounter on Facebook are from sources known to post misinformation repeatedly.
F474,2-s2.0-85159598935,CONTENT,topical,unreliable_source,23.47,"NewsGuard 'non-trustworthy' (N) news domains: sources that regularly publish false news, do not distinguish fact from opinion, do not correct errors. URLs labelled by domain reputation; satire (S) and","Considering links pointing to non-trustworthy news sites (N), the concentration for swing states - 23.47% - is higher than that for safe ones - 18.33%."
F475,2-s2.0-85159598935,CONTENT,topical,unreliable_source,18.33,"NewsGuard 'non-trustworthy' (N) news domains: sources that regularly publish false news, do not distinguish fact from opinion, do not correct errors. URLs labelled by domain reputation; satire (S) and",the concentration for swing states - 23.47% - is higher than that for safe ones - 18.33%.
F476,2-s2.0-105019625689,CONTENT,curated_sample,false,3.01,"Voter-fraud narrative videos: claims that ballots were stuffed, stolen, or otherwise manipulated; debunked as misinformation by Taiwan FactCheck Center. Misinformation = false/misleading information (","we identify a total of 170 videos as related to voter fraud ... we compiled a dataset of 5,641 videos from three main parties"
F477,2-s2.0-105019603181,REACH,population,unreliable_source,12.7,"Nyhan & Reifler: information that is false, misleading, or unsubstantiated. Operationalised as visits to misinformation DOMAINS = NewsGuard 'repeatedly publishes false content' sites + academic lists ","the most consumed type of misinformation articles was about U.S. Electoral Politics, with 12.7% (95% CI [10.9, 14.7]) of participants being exposed to at least one such article."
F478,2-s2.0-105019357120,CONTENT,news_diet,unreliable_source,7.74,"Unreliable domains = websites that regularly publish false information about current events / fail to correct errors (MBFC 'Low' factual + prior academic unreliable lists; 1,054 unreliable, 3,754 reli","we identify 633,585 submission hyperlinks to our set of unreliable news websites and a total of 7,546,917 submission hyperlinks to our set of reliable news websites."
F479,2-s2.0-105019357120,CONTENT,political_news,unreliable_source,1.94,"Unreliable domains = websites that regularly publish false information about current events / fail to correct errors (MBFC 'Low' factual + prior academic unreliable lists; 1,054 unreliable, 3,754 reli",we find 633.59K submissions of unreliable news websites and a corresponding set of 5.29 million comments; we further find 7.55 million submissions that link to our set of reliable websites and 267 million corresponding comments.
F480,2-s2.0-85114317455,EXPOSURE,all_media,unreliable_source,6.9,"Junk news = web domains that 'deliberately publish misleading, deceptive, or incorrect information packaged as real news', operationalized via Bradshaw et al. (2020) 5-criteria source typology (meets ","Junk news saw an increased share of external links, from 6.9% in chronological timelines to 9.9% in algorithmic timelines"
F481,2-s2.0-85114317455,EXPOSURE,single_source,unreliable_source,9.9,"Junk news = web domains that 'deliberately publish misleading, deceptive, or incorrect information packaged as real news', operationalized via Bradshaw et al. (2020) 5-criteria source typology (meets ","Junk news saw an increased share of external links, from 6.9% in chronological timelines to 9.9% in algorithmic timelines, such that a random surfer would see proportionally more junk news in the algorithmic timeline"
F482,2-s2.0-105038215392,QUALITY,topical,low_quality,,"Misinformation level coded per video by fact-checking against WHO/obstetric IOL guidelines: >50% misinfo = 'inaccurate/misinformative', 25-50% = 'partially accurate', <25% = 'accurate/evidence-based'.",Information Accuracy (4.0 [IQR: 4.0-4.0] for healthcare vs 2.5 [IQR: 2.0-3.0] for patients)
F483,2-s2.0-85179481261,CONTENT,topical,false,0.1,"Following Guess et al. (2019): ""false or misleading content intentionally dressed up to look like news articles."" Operationalized as tweets containing anti-Muslim COVID fake-news keywords/hashtags com",the share of tweets reporting anti-Muslim false stories - around 0.1% of total tweets in the week preceding the Tablighi shock
F484,2-s2.0-85179481261,CONTENT,topical,false,3.3,"Following Guess et al. (2019): ""false or misleading content intentionally dressed up to look like news articles."" Operationalized as tweets containing anti-Muslim COVID fake-news keywords/hashtags com","jumped to 2.8% on March 31, then peaked at 3.3% a day later"
F485,2-s2.0-85181200454,RECALL,population,misleading,53.9,"Perceived Misinformation Exposure (PME), adopting Stubenvoll et al. (2021): 'information that lacks facticity in the eyes of the individual, regardless of its actual facticity and the perceived intent",Affirmative answers were summed to create binary measures that measured PME to information related to the COVID (Yes = 53.9%; Norway = 29.8% to Columbia = 72.3%)
F486,2-s2.0-85181200454,RECALL,population,misleading,43.1,"Perceived Misinformation Exposure (PME), adopting Stubenvoll et al. (2021): 'information that lacks facticity in the eyes of the individual, regardless of its actual facticity and the perceived intent",and politics (Yes = 43.1%; Denmark = 19.9% to Kenya = 63.4%)
F487,2-s2.0-85060549676,EXPOSURE,political_news,unreliable_source,5.0,"Content from 'fake news sources' - websites identified (via Lazer et al. and journalistic lists, partitioned into black/red/orange tiers by editorial standards) as routinely publishing fabricated/fals","When totaled across all panel members and the entire 2016 U.S. election season, 5.0% of aggregate exposures to political URLs were from fake news sources."
F488,2-s2.0-85060549676,SHARING,political_news,unreliable_source,6.7,"Content from 'fake news sources' - websites identified (via Lazer et al. and journalistic lists, partitioned into black/red/orange tiers by editorial standards) as routinely publishing fabricated/fals","Similar trends were observed in content sharing, with 6.7% of political URLs shared by the panel coming from fake news sources."
F489,2-s2.0-85060549676,CONCENTRATION,n/a,unreliable_source,80,"Content from 'fake news sources' - websites identified (via Lazer et al. and journalistic lists, partitioned into black/red/orange tiers by editorial standards) as routinely publishing fabricated/fals",1% of panel members consumed 80.0% of the volume from fake news sources.
F490,2-s2.0-85060549676,CONCENTRATION,n/a,unreliable_source,79.8,"Content from 'fake news sources' - websites identified (via Lazer et al. and journalistic lists, partitioned into black/red/orange tiers by editorial standards) as routinely publishing fabricated/fals",A mere 0.1% of the panel accounted for 79.8% of shares from fake news sources.
F491,2-s2.0-85060025053,REACH,population,unreliable_source,8.5,"Articles from fake-news domains - a list of websites that 'published false or misleading content intentionally dressed up to look like news articles' (compiled from Allcott & Gentzkow, BuzzFeed, Polit","According to our main measure of fake news content, 8.5% of respondents for whom we have linked Facebook data shared at least one such article to their friends."
F492,2-s2.0-85060025053,SHARING,population,unreliable_source,,"Articles from fake-news domains - a list of websites that 'published false or misleading content intentionally dressed up to look like news articles' (compiled from Allcott & Gentzkow, BuzzFeed, Polit","On average, a conservative respondent shared 0.75 such stories [95% confidence interval (CI), 0.537 to 0.969]"
F493,2-s2.0-85081743293,REACH,population,unreliable_source,44.3,Content from 'untrustworthy' / 'factually dubious' websites - domains classified (following Pennycook/Lazer-type source lists) as routinely publishing false or low-quality news. Publisher/domain-level,"We estimate that 44.3% of Americans aged 18 or older visited an article on an untrustworthy website during our study period, which covered the final weeks of the 2016 election campaign (95% CI = 40.8-47.7%)."
F494,2-s2.0-85081743293,EXPOSURE,news_diet,unreliable_source,5.9,Content from 'untrustworthy' / 'factually dubious' websites - domains classified (following Pennycook/Lazer-type source lists) as routinely publishing false or low-quality news. Publisher/domain-level,articles on these factually dubious websites represented an average of 5.9% of all of the articles that Americans read on websites that focused on hard-news topics during this period (95% CI = 5.1-6.7%).
F495,2-s2.0-85081743293,CONCENTRATION,n/a,unreliable_source,62,Content from 'untrustworthy' / 'factually dubious' websites - domains classified (following Pennycook/Lazer-type source lists) as routinely publishing false or low-quality news. Publisher/domain-level,62% of all page-level traffic to untrustworthy websites observed in our data during the study period came from the 20% of news consumers with the most conservative information diets.
F496,2-s2.0-85083323285,EXPOSURE,all_media,unreliable_source,0.15,Time spent on 98 'fake news' sites - publisher-level list of fake/deceptive/low-quality/hyperpartisan news domains (defined as sites publishing demonstrably false or misleading content styled as news),"Third, fake news comprises only 0.15% of Americans' daily media diet ... comprising only about one-tenth of 1% of Americans' overall daily media diet"
F497,2-s2.0-85083323285,EXPOSURE,news_diet,unreliable_source,1.0,Time spent on 98 'fake news' sites - publisher-level list of fake/deceptive/low-quality/hyperpartisan news domains (defined as sites publishing demonstrably false or misleading content styled as news),we find that fake news itself is only 1% of overall news consumption ... nor did it occupy more than 1% of their overall news consumption (i.e. including TV)
F498,2-s2.0-85059494932,CONTENT,political_news,unreliable_source,10.0,"Tweets with URLs to 'fake news or conspiracy' websites - source/website-level classification (sites known to publish fabricated/conspiratorial news), distinguished from 'extremely biased' (hyperpartis","among the 30.7 million tweets containing an URL directing to a news outlet website, 10% point toward websites containing fake news or conspiracy theory and 15% point toward websites with extremely biased news"
F499,2-s2.0-85059494932,REACH,population,unreliable_source,12.0,"Tweets with URLs to 'fake news or conspiracy' websites - source/website-level classification (sites known to publish fabricated/conspiratorial news), distinguished from 'extremely biased' (hyperpartis",the share going to fake news and extremely biased news is equal to 12% ... users posting fake and extremely biased news are around twice more active in average
F500,2-s2.0-85092033301,CONTENT,topical,unreliable_source,38.0,"Questionable source (MBFC): news outlet 'systematically showing one or more of: extreme bias, consistent promotion of propaganda/conspiracies, poor/no sourcing, information not supported by evidence/u",Questionable 0.38 ... Gab is the environment more susceptible to misinformation dissemination
F501,2-s2.0-85092033301,CONTENT,topical,unreliable_source,10.0,"Questionable source (MBFC): news outlet 'systematically showing one or more of: extreme bias, consistent promotion of propaganda/conspiracies, poor/no sourcing, information not supported by evidence/u",in mainstream social media the number of posts produced by questionable sources represents a small fraction of posts produced by reliable ones ... Questionable 0.10
F502,2-s2.0-85092033301,CONTENT,topical,unreliable_source,6.4,"Questionable source (MBFC): news outlet 'systematically showing one or more of: extreme bias, consistent promotion of propaganda/conspiracies, poor/no sourcing, information not supported by evidence/u",Questionable 0.064 (Table 4) ... in mainstream social media the number of posts produced by questionable sources represents a small fraction
F504,2-s2.0-85092033301,CONTENT,topical,unreliable_source,4.5,"Questionable source (MBFC): news outlet 'systematically showing one or more of: extreme bias, consistent promotion of propaganda/conspiracies, poor/no sourcing, information not supported by evidence/u",Questionable 0.045 (Table 4) ... the same thing happens in Reddit
F505,NEW-jung-icwsm,CONTENT,curated_sample,false,31.55,"Videos whose stance SUPPORTS COVID-19 misinformation, machine-classifier-labeled (DeBerta-v3-large, 0.85 acc) on a ground-truth set annotated by an expert + AMT workers; heuristics based on Google/WHO","we observe that nearly a third of the top-10 search results were misinformative: 31.55% of the search results supported COVID-19 misinformation, 36.03% were opposing, and 32.42% belonged to the remaining classes."
F506,NEW-vanantwerpen-esm,RECALL,population,misleading,50.41,"PERCEIVED / self-reported misinformation. ESM item: 'since the last survey, have you seen or heard misinformation about the Australian election?' (Yes/No) four times daily; baseline/follow-up: 'how of","within our sample, 50.41% of participants (n = 62) reported seeing election-related misinformation during the 5-days surrounding the election."
F507,NEW-vanantwerpen-esm,RECALL,population,misleading,17.72,"PERCEIVED / self-reported misinformation. ESM item: 'since the last survey, have you seen or heard misinformation about the Australian election?' (Yes/No) four times daily; baseline/follow-up: 'how of","On average, participants reported 2.37 instances of misinformation across the ESM period, and in 17.72% of surveys answered."
F508,NEW-vanantwerpen-esm,RECALL,population,misleading,,"PERCEIVED / self-reported misinformation. ESM item: 'since the last survey, have you seen or heard misinformation about the Australian election?' (Yes/No) four times daily; baseline/follow-up: 'how of","On average, participants reported 2.37 instances of misinformation across the ESM period... At baseline, participants reported seeing election-related misinformation across the past week at an average frequency of 3.28 times. At follow up, this rate decreased to 2.32 times."
F509,2-s2.0-105009619554,CONTENT,topical,false,27,Misinformation = a behavioral characteristic attributed to ADHD in a video that does NOT align with the DSM-5-TR diagnostic criteria for ADHD (deductive coding vs DSM-5-TR; 'concept creep'). Double-co,"Most videos (52 %) contained partial misinformation, while 27 % of them were entirely misleading."
F510,2-s2.0-105019603181,REACH,population,unreliable_source,10.9,"Nyhan & Reifler: information that is false, misleading, or unsubstantiated. Operationalised as visits to misinformation DOMAINS = NewsGuard 'repeatedly publishes false content' sites + academic lists ","The next topic with the highest level of exposure was misinformation about social issues with 10.9% (95% CI [9.3, 12.8]) of participants exposed."
F511,2-s2.0-105019603181,REACH,population,unreliable_source,6.7,"Nyhan & Reifler: information that is false, misleading, or unsubstantiated. Operationalised as visits to misinformation DOMAINS = NewsGuard 'repeatedly publishes false content' sites + academic lists ","The least exposed types were COVID-19 (6.7% exposed, 95% CI [5.4, 8.3])..."
F512,2-s2.0-105019603181,REACH,population,unreliable_source,4.3,"Nyhan & Reifler: information that is false, misleading, or unsubstantiated. Operationalised as visits to misinformation DOMAINS = NewsGuard 'repeatedly publishes false content' sites + academic lists ","...and Health (4.3% exposed, 95% CI [3.3, 5.6])."
F513,2-s2.0-105029346542,CONTENT,topical,misleading,64.58,"Individual-user Kawasaki-disease videos coded as containing misinformation across 5 themes (symptom oversimplification, incorrect etiological claims, non-evidence-based home treatments, misunderstanding of diagnostic criteria, misleading IVIG statements); denominator is the 48 individual-user videos within the 146-video topical sample","Overall, 64.58% (31/48) of videos uploaded by individual users were identified as containing misinformation."
F514,2-s2.0-85043684270,CONTENT,topical,false,3.7,"misinformation operationalized as information currently considered to be incorrect by expert consensus (e.g., 'Marijuana is legal in all 50 states')",Eight (3.7%) and 24 videos (11.2%) included misinformation or misleading information respectively
F515,2-s2.0-85043684270,CONTENT,topical,misleading,11.2,"misleading information operationalized as information that is not explicitly false, or lacks scientific evidence to prove it incorrect, but may result in inaccurate inferences (e.g., 'CBD oil will not get you high')",Eight (3.7%) and 24 videos (11.2%) included misinformation or misleading information respectively
F516,2-s2.0-85075076652,CONTENT,topical,false,2.6,"% of collected #BlackPanther-related tweets that discuss or share one of four manually-identified false/misleading narratives (Fake Attacks, Satire Attacks, Fake Scenes, Alt-Right)",The total amount of tweets discussing or sharing any of the four false-narrative types make up only approximately 2.6% of the total conversation that we were able to collect.
F517,2-s2.0-85095575703,SHARING,political_news,unreliable_source,13.94,Share of coded shared links (posts) within French political-community Facebook pages that come from sources the Décodex classifies as 'unreliable' (had relayed disinfo/misinfo in the past),"It appears that 86.06 % (114,679) of the content shared within our sample set has been shared from reliable sources (Table 2)."
F518,2-s2.0-85129632573,CONTENT,topical,low_quality,37.7,"Share of COVID/vaccine news items classified 'fake news' (suspicion score > 0 by Islander RoBERTa style-based classifier) during the public-vaccination stage; nonpublic stage = 35.8% (one of two study stages, co-equal)","A higher percentage of fake news (193,188/512,435, 37.7%; 95% CI 37.6%-37.8%) was found during the public vaccination stage, than during the nonpublic vaccination stage (99,791/278,748, 35.8%; 95% CI 35.6%-36.0%)"
F519,2-s2.0-85163154882,CONTENT,political_news,low_quality,33.0,"Share of information source hostnames shared on 4chan /pol/ that are 'junk' (propaganda, sensationalist, or conspiracy), vs. news/non-news","On Reddit, almost 20% of all shared websites are classified as such, while on 4chan “junk” information makes up over a third of sources shared. This difference is mostly due to the outsized presence of content coded as “propaganda” on 4chan—while the platforms’ amount of sensationalist and conspiratorial content differ by at most 3%, 4chan’s 22% of sources coded as “propaganda” are more than the junk information found on Reddit combined."
F520,2-s2.0-85163154882,CONTENT,political_news,low_quality,20.0,"Share of information source hostnames shared in political subreddits that are 'junk' (propaganda, sensationalist, or conspiracy), vs. news/non-news","On Reddit, almost 20% of all shared websites are classified as such, while on 4chan “junk” information makes up over a third of sources shared."
F521,2-s2.0-85199110625,CONTENT,topical,unreliable_source,7.37,Share of Italian news-outlet supply (posts on keyword topics) on Facebook produced by Non-Trustworthy sources,"Non-Trustworthy 81 155, 737 11, 225, 099 108, 703 2, 102, 646 ... Reliable 330 1, 956, 941 121, 108, 643 1, 302, 008 6, 291, 579 ... The final supply dataset consists of 2, 112, 678 Facebook posts and 1, 410, 711 tweets from 411 different news sources"
F522,2-s2.0-85199110625,CONTENT,topical,unreliable_source,7.71,Share of Italian news-outlet supply (tweets on keyword topics) on Twitter produced by Non-Trustworthy sources,"Reliable 330 1, 956, 941 121, 108, 643 1, 302, 008 6, 291, 579 ... Non-Trustworthy 81 155, 737 11, 225, 099 108, 703 2, 102, 646 ... The final supply dataset consists of 2, 112, 678 Facebook posts and 1, 410, 711 tweets from 411 different news sources"
F523,2-s2.0-85199110625,SHARING,topical,unreliable_source,8.48,Share of total Facebook shares (Diffusion) of keyword news content that went to Non-Trustworthy sources,"Reliable 330 1, 956, 941 121, 108, 643 1, 302, 008 6, 291, 579 ... Non-Trustworthy 81 155, 737 11, 225, 099 108, 703 2, 102, 646"
F524,2-s2.0-85199110625,SHARING,topical,unreliable_source,25.05,Share of total Twitter retweets (Diffusion) of keyword news content that went to Non-Trustworthy sources,"Reliable 330 1, 956, 941 121, 108, 643 1, 302, 008 6, 291, 579 ... Non-Trustworthy 81 155, 737 11, 225, 099 108, 703 2, 102, 646"
F525,2-s2.0-85213958624,SHARING,single_source,false,0.94,Share of large diffusion trees (k>=100 reshares) rated 'false' by third-party fact-checkers,"In total, N ∼ 114, 000 trees are labeled as misinformation. Note that only a very small number of fact-checked trees (N ∼ 2, 000) are labeled true. ... Likewise, the number of unlabeled trees is N ∼ 12 M, which means that we are likely underestimating the prevalence of misinformation on the platform (to the degree that it goes unnoticed by the 3PFC program)."
F526,2-s2.0-85215303159,CONTENT,topical,unreliable_source,12.6,"Share of vaccine-related content originating from 'questionable' (misinformation-spreading) sources, overall 2016-2021",The analysis of the prevalence of misinformation on vaccines reveals that a significant portion of vaccine-related information available on the four social media analyzed originates from questionable sources.
F527,2-s2.0-85215303159,CONTENT,topical,unreliable_source,31.7,"Share of vaccine-related content from questionable sources, pre-pandemic sub-period (2016-01 to 2020-01)","This is mainly attributed to the period preceding the onset of the Covid-19 pandemic when, on average, approximately a third of vaccine-related content constituted misinformation (Fig 1 right y-axis)."
F528,2-s2.0-105017599346,SHARING,political_news,low_quality,25,"Share of Facebook clicks/engagement on top-1% news domains directed to low-quality (untrustworthy, quality<0.6) domains","In Fig. 5F we show the change in the proportion of engagement directed at low-quality domains (quality bin lower than the bin centered at 0.58 in Fig. 1), which ﬂuctuates around 20% and 30%."
F529,2-s2.0-85060549676,EXPOSURE,political_news,unreliable_source,1.18,"Average share of an individual panel member's political-URL exposures coming from fake-news sources (individual-level average, contrasts with the aggregate 5.0%).",The average proportion of fake news sources (among political URLs) in an individual's feed was 1.18% (95% CI: 1.12 to 1.24%).
F530,2603.11058,CONTENT,curated_sample,false,11.9,"mis/disinfo = verifiably false/misleading claim that may cause harm (fact-checker, P_restricted denom)","Baseline estimates vary across platforms, with TikTok exhibiting the highest prevalence at 20.1% [17.9-22.6], followed by Facebook at 11.9% [10.2-13.9] and X/Twitter at 8.7% [7.3-10.4]. Instagram (6.7% [5.4-8.2]) and YouTube (6.8% [5.4-8.4]) show comparatively lower prevalence. LinkedIn has the lowest baseline estimate at 1.3% [0.7-2.2]."
F531,2603.11058,CONTENT,topical,false,6.7,"mis/disinfo = verifiably false/misleading claim that may cause harm (fact-checker, P_restricted denom)","Baseline estimates vary across platforms, with TikTok exhibiting the highest prevalence at 20.1% [17.9-22.6], followed by Facebook at 11.9% [10.2-13.9] and X/Twitter at 8.7% [7.3-10.4]. Instagram (6.7% [5.4-8.2]) and YouTube (6.8% [5.4-8.4]) show comparatively lower prevalence. LinkedIn has the lowest baseline estimate at 1.3% [0.7-2.2]."
F532,2603.11058,CONTENT,topical,false,1.3,"mis/disinfo = verifiably false/misleading claim that may cause harm (fact-checker, P_restricted denom)","Baseline estimates vary across platforms, with TikTok exhibiting the highest prevalence at 20.1% [17.9-22.6], followed by Facebook at 11.9% [10.2-13.9] and X/Twitter at 8.7% [7.3-10.4]. Instagram (6.7% [5.4-8.2]) and YouTube (6.8% [5.4-8.4]) show comparatively lower prevalence. LinkedIn has the lowest baseline estimate at 1.3% [0.7-2.2]."
F533,2603.11058,CONTENT,topical,false,20.1,"mis/disinfo = verifiably false/misleading claim that may cause harm (fact-checker, P_restricted denom)","Baseline estimates vary across platforms, with TikTok exhibiting the highest prevalence at 20.1% [17.9-22.6], followed by Facebook at 11.9% [10.2-13.9] and X/Twitter at 8.7% [7.3-10.4]. Instagram (6.7% [5.4-8.2]) and YouTube (6.8% [5.4-8.4]) show comparatively lower prevalence. LinkedIn has the lowest baseline estimate at 1.3% [0.7-2.2]."
F534,2603.11058,CONTENT,topical,false,8.7,"mis/disinfo = verifiably false/misleading claim that may cause harm (fact-checker, P_restricted denom)","Baseline estimates vary across platforms, with TikTok exhibiting the highest prevalence at 20.1% [17.9-22.6], followed by Facebook at 11.9% [10.2-13.9] and X/Twitter at 8.7% [7.3-10.4]. Instagram (6.7% [5.4-8.2]) and YouTube (6.8% [5.4-8.4]) show comparatively lower prevalence. LinkedIn has the lowest baseline estimate at 1.3% [0.7-2.2]."
F535,2603.11058,CONTENT,topical,false,6.8,"mis/disinfo = verifiably false/misleading claim that may cause harm (fact-checker, P_restricted denom)","Baseline estimates vary across platforms, with TikTok exhibiting the highest prevalence at 20.1% [17.9-22.6], followed by Facebook at 11.9% [10.2-13.9] and X/Twitter at 8.7% [7.3-10.4]. Instagram (6.7% [5.4-8.2]) and YouTube (6.8% [5.4-8.4]) show comparatively lower prevalence. LinkedIn has the lowest baseline estimate at 1.3% [0.7-2.2]."
F536,2-s2.0-85060549676,CONCENTRATION,n/a,unreliable_source,50,fake-news sources (source lists: black/red/orange),"Within each category of fake news, 5% of sources accounted for more than 50% of exposures ... The top seven fake news sources ... accounted for more than 50% of fake news exposures"
F537,2-s2.0-85078014559,CONCENTRATION,n/a,unreliable_source,95,disinformation = manually-compiled unreliable sources,"Top-10 sources, which account for over 95% of total tweets"
F538,2-s2.0-85145956359,CONCENTRATION,n/a,unreliable_source,98,posts from Russian foreign-influence (IRA) accounts,"almost all exposure is concentrated among only 10% of respondents, who account for 98% of exposures"
F539,2-s2.0-85148963619,CONCENTRATION,n/a,unreliable_source,61,low-credibility sources (Iffy index / domain list),"CHD accounted for approximately 18% of all tweets linking to low-credibility sources, whereas the aggregated 20 most shared sources generated approximately 61%"
F540,2-s2.0-85209547248,REACH,population,unreliable_source,3.7,QAnon websites (site list),3.7% (95% CI = 2.1-5.4%) of American adults were exposed to at least one QAnon website
F541,W4293124965,EXPOSURE,political_news,unreliable_source,0.97,repeatedly-false (NewsGuard subset: news outlets repeatedly publishing false content; stricter variant),Table 3. Proportion of web traffic & Facebook engagement captured by news outlets repeatedly publishing false content. ... Web traffic 2017-2021 US 0.97%
F542,W4293124965,EXPOSURE,political_news,unreliable_source,0.018,repeatedly-false (NewsGuard subset: news outlets repeatedly publishing false content; stricter variant),Table 3. Proportion of web traffic & Facebook engagement captured by news outlets repeatedly publishing false content. ... Web traffic 2017-2021 UK 0.018%
F543,W4293124965,EXPOSURE,political_news,unreliable_source,3.3,repeatedly-false (NewsGuard subset: news outlets repeatedly publishing false content; stricter variant),Table 3. Proportion of web traffic & Facebook engagement captured by news outlets repeatedly publishing false content. ... Web traffic 2017-2021 France 3.30%
F544,W4293124965,EXPOSURE,political_news,unreliable_source,0.96,repeatedly-false (NewsGuard subset: news outlets repeatedly publishing false content; stricter variant),Table 3. Proportion of web traffic & Facebook engagement captured by news outlets repeatedly publishing false content. ... Web traffic 2017-2021 Germany 0.96%
F545,W4293124965,SHARING,political_news,unreliable_source,4.66,repeatedly-false (NewsGuard subset: news outlets repeatedly publishing false content; stricter variant),Table 3. Proportion of web traffic & Facebook engagement captured by news outlets repeatedly publishing false content. ... Facebook engagement 2017-2021 US 4.66%
F546,W4293124965,SHARING,political_news,unreliable_source,0.88,repeatedly-false (NewsGuard subset: news outlets repeatedly publishing false content; stricter variant),Table 3. Proportion of web traffic & Facebook engagement captured by news outlets repeatedly publishing false content. ... Facebook engagement 2017-2021 UK 0.88%
F547,W4293124965,SHARING,political_news,unreliable_source,13.35,repeatedly-false (NewsGuard subset: news outlets repeatedly publishing false content; stricter variant),Table 3. Proportion of web traffic & Facebook engagement captured by news outlets repeatedly publishing false content. ... Facebook engagement 2017-2021 France 13.35%
F548,W4293124965,SHARING,political_news,unreliable_source,8.05,repeatedly-false (NewsGuard subset: news outlets repeatedly publishing false content; stricter variant),Table 3. Proportion of web traffic & Facebook engagement captured by news outlets repeatedly publishing false content. ... Facebook engagement 2017-2021 Germany 8.05%
F549,2-s2.0-85038621544,CONTENT,all_media,unreliable_source,0.022,"Alternative-news sites = list of 54 alternative news domains: ""we create a list of 99 news sites including 45 mainstream and 54 alternative ones... For the latter, we use Wikipedia and FakeNewsWatch. We also add two state-sponsored alternative news domains: sputniknews.com and rt.com""",Platform Total Posts % Alt. % Main. Twitter 587M 0.022% 0.070% ... Table 1: Total number of posts crawled and percentage of posts that contain URLs to our list of alternative and mainstream news sites.
F550,2-s2.0-85038621544,CONTENT,all_media,unreliable_source,0.023,"Alternative-news sites = list of 54 alternative news domains: ""we create a list of 99 news sites including 45 mainstream and 54 alternative ones... For the latter, we use Wikipedia and FakeNewsWatch. We also add two state-sponsored alternative news domains: sputniknews.com and rt.com""",Platform Total Posts % Alt. % Main. Reddit (posts + comments) 332M 0.023% 0.181% ... Table 1: Total number of posts crawled and percentage of posts that contain URLs to our list of alternative and mainstream news sites.
F551,2-s2.0-85038621544,CONTENT,all_media,unreliable_source,0.05,"Alternative-news sites = list of 54 alternative news domains: ""we create a list of 99 news sites including 45 mainstream and 54 alternative ones... For the latter, we use Wikipedia and FakeNewsWatch. We also add two state-sponsored alternative news domains: sputniknews.com and rt.com""",Platform Total Posts % Alt. % Main. 4chan 42M 0.050% 0.197% ... Table 1: Total number of posts crawled and percentage of posts that contain URLs to our list of alternative and mainstream news sites.
F552,W7146985142,CONCENTRATION,n/a,unreliable_source,49,untrustworthy = NewsGuard credibility score below 60 on 0-100 scale (source-based rating list),"the top three domains classified as untrustworthy (NewsGuard score below 60), including rt.de (RT, formerly Russia Today), made up 49% of visits to untrustworthy news in our sample."
F553,W7146985142,CONCENTRATION,n/a,unreliable_source,23,untrustworthy = NewsGuard credibility score below 60 on 0-100 scale (source-based rating list),"in 2024 the top three most visited trustworthy domains account for 32% of visits to trustworthy news, while the leading untrustworthy sources—nius.de, reitschuster.de, and politikversagen.net—account for 23% of visits to untrustworthy news."
F554,2-s2.0-85096862559,SHARING,political_news,unreliable_source,3.34,unreliable information sources = sources referenced by the Decodex fact-checking database as unreliable (distinct from reliable professional journalism),"Table 3a. Reliability of Sources Shared by Political Communities with Mobile OS and Non-Mobile OS. LFI Mobile OS Reliable 203,765 96.66% / Unreliable 3.34%"
F555,2-s2.0-85096862559,SHARING,political_news,unreliable_source,2.8,unreliable information sources = sources referenced by the Decodex fact-checking database as unreliable (distinct from reliable professional journalism),"Table 3a. Reliability of Sources Shared by Political Communities with Mobile OS and Non-Mobile OS. LFI Non-Mobile OS Reliable 190,356 97.20% / Unreliable 2.80%"
F556,2-s2.0-85096862559,SHARING,political_news,unreliable_source,0.71,unreliable information sources = sources referenced by the Decodex fact-checking database as unreliable (distinct from reliable professional journalism),"Table 3a. Reliability of Sources Shared by Political Communities with Mobile OS and Non-Mobile OS. PS Mobile OS Reliable 71,764 99.29% / Unreliable 0.71%"
F557,2-s2.0-85096862559,SHARING,political_news,unreliable_source,0.54,unreliable information sources = sources referenced by the Decodex fact-checking database as unreliable (distinct from reliable professional journalism),"Table 3a. Reliability of Sources Shared by Political Communities with Mobile OS and Non-Mobile OS. PS Non-Mobile OS Reliable 97,567 99.46% / Unreliable 0.54%"
F558,2-s2.0-85096862559,SHARING,political_news,unreliable_source,0.88,unreliable information sources = sources referenced by the Decodex fact-checking database as unreliable (distinct from reliable professional journalism),"Table 3a. Reliability of Sources Shared by Political Communities with Mobile OS and Non-Mobile OS. REM Mobile OS Reliable 89,053 99.12% / Unreliable 0.88%"
F559,2-s2.0-85096862559,SHARING,political_news,unreliable_source,0.36,unreliable information sources = sources referenced by the Decodex fact-checking database as unreliable (distinct from reliable professional journalism),"Table 3a. Reliability of Sources Shared by Political Communities with Mobile OS and Non-Mobile OS. REM Non-Mobile OS Reliable 179,463 99.64% / Unreliable 0.36%"
F560,2-s2.0-85096862559,SHARING,political_news,unreliable_source,14.28,unreliable information sources = sources referenced by the Decodex fact-checking database as unreliable (distinct from reliable professional journalism),"Table 3a. Reliability of Sources Shared by Political Communities with Mobile OS and Non-Mobile OS. LR Mobile OS Reliable 250,987 85.72% / Unreliable 14.28%"
F561,2-s2.0-85096862559,SHARING,political_news,unreliable_source,11.19,unreliable information sources = sources referenced by the Decodex fact-checking database as unreliable (distinct from reliable professional journalism),"Table 3a. Reliability of Sources Shared by Political Communities with Mobile OS and Non-Mobile OS. LR Non-Mobile OS Reliable 465,766 88.81% / Unreliable 11.19%"
F562,2-s2.0-85096862559,SHARING,political_news,unreliable_source,47.48,unreliable information sources = sources referenced by the Decodex fact-checking database as unreliable (distinct from reliable professional journalism),"Table 3a. Reliability of Sources Shared by Political Communities with Mobile OS and Non-Mobile OS. FN Mobile OS Reliable 230,440 52.52% / Unreliable 47.48%"
F563,2-s2.0-85096862559,SHARING,political_news,unreliable_source,37.52,unreliable information sources = sources referenced by the Decodex fact-checking database as unreliable (distinct from reliable professional journalism),"Table 3a. Reliability of Sources Shared by Political Communities with Mobile OS and Non-Mobile OS. FN Non-Mobile OS Reliable 283,905 62.48% / Unreliable 37.52%"
F564,2-s2.0-85096862559,SHARING,political_news,unreliable_source,18.12,unreliable information sources = sources referenced by the Decodex fact-checking database as unreliable (distinct from reliable professional journalism),"Mobile OS 1,744,591 81.88% 18.12% ... Non-Mobile OS 564,741 86.43% 13.57%"
F565,2-s2.0-85096862559,SHARING,political_news,unreliable_source,13.57,unreliable information sources = sources referenced by the Decodex fact-checking database as unreliable (distinct from reliable professional journalism),"Mobile OS 1,744,591 81.88% 18.12% ... Non-Mobile OS 564,741 86.43% 13.57%"
F566,2-s2.0-105029413645,REACH,population,unreliable_source,13,"Low-credibility health websites: domains hand-coded as not credible (binary; inaccurate/misleading health info, unverified-claim sales sites, browser-flagged 'deceptive'/'untrustworthy', or unsourced/LLM-generated content). Binary 'any exposure' = visited at least one such domain in the ~4-week period.","Over the data collection period (approximately 4 weeks per respondent), about 13% saw any URLs from these domains (95% CI: 10-15%)."
F567,2-s2.0-105029413645,REACH,population,unreliable_source,9,Low-credibility health YouTube videos: videos classified health-related (title/description embeddings) then coded for credibility via hybrid manual + fine-tuned GPT-4o approach. Binary 'any exposure' = viewed at least one low-credibility health video in the ~4-week period.,"As with the open web, the overall level of exposure to low-credibility health content on YouTube is quite low, as shown in Table D.26. About 9% saw this sort of content (95% CI: 7-12%)."
F568,2-s2.0-105029413645,EXPOSURE,topical,unreliable_source,3,Diet share: low-credibility health-site visits as a proportion of all health-site visits (credible + non-credible). Sample-level: ~0.5 avg low-cred visits vs ~34 avg total health visits per respondent.,This means low-credibility visits are a small proportion of all health visits (roughly 3%).
F569,2-s2.0-105029413645,EXPOSURE,topical,unreliable_source,10,Diet share: low-credibility health video views as a proportion of all health-related video views on YouTube. Sample-level: ~0.73 avg low-cred videos vs ~8 avg total health video views per respondent.,"As with website visits, this means low-credibility views are a small proportion of all health views on YouTube (roughly 10%)."
F570,2-s2.0-105029413645,CONCENTRATION,n/a,unreliable_source,37,Concentration of total low-credibility health website exposure (count of visits) across individuals; top 1% of users' share.,"Notably, the top 1% of users accounts for 37% of total exposure, and the top 10% accounts for 77% of total exposure (see Figure D.1)."
F571,2-s2.0-105029413645,CONCENTRATION,n/a,unreliable_source,77,Concentration of total low-credibility health website exposure (count of visits) across individuals; top 10% of users' share.,"Notably, the top 1% of users accounts for 37% of total exposure, and the top 10% accounts for 77% of total exposure (see Figure D.1)."
F572,W4281770633,OTHER,n/a,misleading,98,"Umbrella term for false, misleading, exaggerated, or unsubstantiated claims/rumors about 2020 US election procedures/results, curated in real time by the Election Integrity Partnership (456 stories; 3",all but two of the top 100 'repeat spreader' accounts were supporters of then-President Trump
F573,2-s2.0-85066941307,REACH,topical,false,69.7,"Disinformation = tweets explicitly rejecting Russian responsibility for the MH17 crash (or asserting Ukraine was responsible), judged against the Dutch Safety Board ground truth (pro-Russian separatis","For individuals registered as Republican, the conditional probability was 69.7%."
F574,2-s2.0-85066941307,REACH,topical,false,3.4,"Disinformation = tweets explicitly rejecting Russian responsibility for the MH17 crash (or asserting Ukraine was responsible), judged against the Dutch Safety Board ground truth (pro-Russian separatis","For individuals not registered as Republican, the conditional probability of exposure to disinformation was 3.4%."
F575,2-s2.0-85188806397,OTHER,n/a,unreliable_source,91,"Untrustworthy (N) = news domain rated non-trustworthy by NewsGuard (publisher/source-level: regularly publishes false news, no fact/opinion separation, no corrections, etc.). Satire (S), platforms (P)","Figure 3 (right) shows that, with respect to the entire dataset, 93% of untrustworthy links (N) are shared within the two main political communities. In particular, about 91% of the total is shared within the Rep community."
F576,2-s2.0-105039619015,REACH,population,unreliable_source,4.4,"Misinformation websites = a list of 1,796 sites compiled by Moore et al. 2023 combining NewsGuard 'repeatedly publishing false content' sites + academically-identified misinformation purveyors. (Pink ",Biden supporters were actually more likely to consume pink slime websites (4.4% exposed; 95% CI = 3.0-6.4%) than Trump supporters (2.1%; 95% CI = 0.8-2.7%)
F577,2-s2.0-105039619015,REACH,population,unreliable_source,2.1,"Misinformation websites = a list of 1,796 sites compiled by Moore et al. 2023 combining NewsGuard 'repeatedly publishing false content' sites + academically-identified misinformation purveyors. (Pink ",Biden supporters were actually more likely to consume pink slime websites (4.4% exposed; 95% CI = 3.0-6.4%) than Trump supporters (2.1%; 95% CI = 0.8-2.7%)
F578,2-s2.0-85209547248,REACH,news_diet,unreliable_source,11.1,"Visits to 'misinformation websites' = sites NewsGuard labels as repeatedly publishing false content PLUS academic-list known false-news purveyors (1,796 sites). QAnon websites = 324 sites curated by H","the proportion of participants identifying as ""very conservative"" who were exposed to QAnon sites (11.1%) was significantly higher than the proportion of those identifying as ""very liberal"" who were exposed to QAnon sites (3.0%)"
F579,2-s2.0-85209547248,REACH,news_diet,unreliable_source,3.0,"Visits to 'misinformation websites' = sites NewsGuard labels as repeatedly publishing false content PLUS academic-list known false-news purveyors (1,796 sites). QAnon websites = 324 sites curated by H","the proportion of participants identifying as ""very conservative"" who were exposed to QAnon sites (11.1%) was significantly higher than the proportion of those identifying as ""very liberal"" who were exposed to QAnon sites (3.0%)"
F580,2-s2.0-85162702221,REACH,all_media,fabricated,23.6,"Fake-news page = Facebook page whose website matched the Grinberg et al. (2019) fake-news source list (compiled from BuzzFeed, PolitiFact, FactCheck.org, Snopes + academic lists, Allcott & Gentzkow, G","Self-identified Independents had the highest rate of liking any fake news pages, at 23.6%, followed by Republicans (20.4%), Democrats (15.4%), and other partisans (11.5%)."
F581,2-s2.0-85162702221,REACH,all_media,fabricated,20.4,"Fake-news page = Facebook page whose website matched the Grinberg et al. (2019) fake-news source list (compiled from BuzzFeed, PolitiFact, FactCheck.org, Snopes + academic lists, Allcott & Gentzkow, G","Self-identified Independents had the highest rate of liking any fake news pages, at 23.6%, followed by Republicans (20.4%), Democrats (15.4%), and other partisans (11.5%)."
F582,2-s2.0-85162702221,REACH,all_media,fabricated,15.4,"Fake-news page = Facebook page whose website matched the Grinberg et al. (2019) fake-news source list (compiled from BuzzFeed, PolitiFact, FactCheck.org, Snopes + academic lists, Allcott & Gentzkow, G","Self-identified Independents had the highest rate of liking any fake news pages, at 23.6%, followed by Republicans (20.4%), Democrats (15.4%), and other partisans (11.5%)."
F583,2-s2.0-85060025053,REACH,population,unreliable_source,18.1,"Articles from fake-news domains - a list of websites that 'published false or misleading content intentionally dressed up to look like news articles' (compiled from Allcott & Gentzkow, BuzzFeed, Polit","among those who shared fake news to their friends, more were Republicans, both in absolute (38 Republican versus 17 Democratic respondents) and in relative (18.1% of Republicans versus 3.5% of Democrats in our sample) terms."
F584,2-s2.0-85060025053,REACH,population,unreliable_source,3.5,"Articles from fake-news domains - a list of websites that 'published false or misleading content intentionally dressed up to look like news articles' (compiled from Allcott & Gentzkow, BuzzFeed, Polit","among those who shared fake news to their friends, more were Republicans, both in absolute (38 Republican versus 17 Democratic respondents) and in relative (18.1% of Republicans versus 3.5% of Democrats in our sample) terms."
F585,2-s2.0-85060549676,REACH,political_news,unreliable_source,21,"Content from 'fake news sources' - websites identified (via Lazer et al. and journalistic lists, partitioned into black/red/orange tiers by editorial standards) as routinely publishing fabricated/fals","fewer than 5% of people on the left or in the center ever shared any fake news content, yet 11 and 21% of people on the right and extreme right did, respectively"
F586,2-s2.0-85060549676,REACH,political_news,unreliable_source,11,"Content from 'fake news sources' - websites identified (via Lazer et al. and journalistic lists, partitioned into black/red/orange tiers by editorial standards) as routinely publishing fabricated/fals","fewer than 5% of people on the left or in the center ever shared any fake news content, yet 11 and 21% of people on the right and extreme right did, respectively"
F587,W4205602257,SHARING,topical,unreliable_source,5.3,"URLs from web domains classified as fake-news (black + red tiers per Grinberg et al. 2019; 'black' = preexisting fake-source lists, 'red' = sites that spread falsehoods reflecting a flawed editorial p","For those aged over 65, about 0.4% of the URLs shared by Democrats are from fake news domains; the corresponding numbers for Independents and Republicans are 3.7% and 5.3%, respectively."
F588,W4205602257,SHARING,topical,unreliable_source,3.7,"URLs from web domains classified as fake-news (black + red tiers per Grinberg et al. 2019; 'black' = preexisting fake-source lists, 'red' = sites that spread falsehoods reflecting a flawed editorial p","For those aged over 65, about 0.4% of the URLs shared by Democrats are from fake news domains; the corresponding numbers for Independents and Republicans are 3.7% and 5.3%, respectively."
F589,W4205602257,SHARING,topical,unreliable_source,0.4,"URLs from web domains classified as fake-news (black + red tiers per Grinberg et al. 2019; 'black' = preexisting fake-source lists, 'red' = sites that spread falsehoods reflecting a flawed editorial p","For those aged over 65, about 0.4% of the URLs shared by Democrats are from fake news domains; the corresponding numbers for Independents and Republicans are 3.7% and 5.3%, respectively."
F590,W4205602257,SHARING,topical,unreliable_source,3.7,"URLs from web domains classified as fake-news (black + red tiers per Grinberg et al. 2019; 'black' = preexisting fake-source lists, 'red' = sites that spread falsehoods reflecting a flawed editorial p","For political independents, 0.2% of all URLs shared by those aged 18-29 come from fake domains; for those aged 30-49, it is 0.7%; for those aged 50-64, it is 1.7%; for those over 65, it is 3.7%."
F591,W4205602257,SHARING,topical,unreliable_source,1.7,"URLs from web domains classified as fake-news (black + red tiers per Grinberg et al. 2019; 'black' = preexisting fake-source lists, 'red' = sites that spread falsehoods reflecting a flawed editorial p","For political independents, 0.2% of all URLs shared by those aged 18-29 come from fake domains; for those aged 30-49, it is 0.7%; for those aged 50-64, it is 1.7%; for those over 65, it is 3.7%."
F592,W4205602257,SHARING,topical,unreliable_source,0.7,"URLs from web domains classified as fake-news (black + red tiers per Grinberg et al. 2019; 'black' = preexisting fake-source lists, 'red' = sites that spread falsehoods reflecting a flawed editorial p","For political independents, 0.2% of all URLs shared by those aged 18-29 come from fake domains; for those aged 30-49, it is 0.7%; for those aged 50-64, it is 1.7%; for those over 65, it is 3.7%."
F593,W4205602257,SHARING,topical,unreliable_source,0.2,"URLs from web domains classified as fake-news (black + red tiers per Grinberg et al. 2019; 'black' = preexisting fake-source lists, 'red' = sites that spread falsehoods reflecting a flawed editorial p","For political independents, 0.2% of all URLs shared by those aged 18-29 come from fake domains; for those aged 30-49, it is 0.7%; for those aged 50-64, it is 1.7%; for those over 65, it is 3.7%."
F594,W3033912864,OTHER,n/a,unreliable_source,82.45,"Tweets linking to 'fake news' sites (Grinberg black/red/orange source lists: sites lacking editorial norms for accuracy, publishing fabricated/false content). Source-level URL classification, not nume",82.45% of people sharing “fake news” URLs are labeled conservative users
F595,2-s2.0-85096102360,RECALL,population,false,75.6,"Having seen one or more of 12 WHO-identified COVID-19 misinformation items (transmission/infectivity/prevention/treatment, e.g. 'masks can be reused after steaming', 'coronavirus is artificially devel",20-29 ... Not exposed 48 (14.09) ... Exposed 149 (20.87)
F596,2-s2.0-85096102360,RECALL,population,false,53.2,"Having seen one or more of 12 WHO-identified COVID-19 misinformation items (transmission/infectivity/prevention/treatment, e.g. 'masks can be reused after steaming', 'coronavirus is artificially devel",60-69 ... Not exposed 72 (21.41) ... Exposed 82 (11.59)
F597,2-s2.0-105027856675,SHARING,political_news,unreliable_source,4.6,"Tweet links to news domains rated below 60 by NewsGuard (domain-level credibility, source-based approach); misinformation = any information misleading, unreliable, and/or turns out false.","In the USA, Republicans (n = 2,501, 4.6%) shared 4.6 times more misinformation than Democrats (n = 774, 1.0%)."
F598,2-s2.0-105027856675,SHARING,political_news,unreliable_source,1.0,"Tweet links to news domains rated below 60 by NewsGuard (domain-level credibility, source-based approach); misinformation = any information misleading, unreliable, and/or turns out false.","In the USA, Republicans (n = 2,501, 4.6%) shared 4.6 times more misinformation than Democrats (n = 774, 1.0%)."
F599,2-s2.0-105027856675,SHARING,political_news,unreliable_source,41.7,"Tweet links to news domains rated below 60 by NewsGuard (domain-level credibility, source-based approach); misinformation = any information misleading, unreliable, and/or turns out false.","In Italy, FdI led with 41.7% (n = 2,747) of its shared links being misinformation"
F600,2-s2.0-105027856675,SHARING,political_news,unreliable_source,8.2,"Tweet links to news domains rated below 60 by NewsGuard (domain-level credibility, source-based approach); misinformation = any information misleading, unreliable, and/or turns out false.","AfD stood out in Germany, where 8.2% (n = 951) of the links shared by AfD politicians were misinformation"
F601,2-s2.0-105027959122,REACH,population,false,7.70,"Posts spreading fallacious/fabricated COVID-19 info not replicating scientific fact (myths & misinformation), identified by two blinded researchers via BuzzSumo web-search + WHO MythBusters/CDC/FDA cr",Myths and misinformation spread ... Male 70 (7.70) ... Female 19 (6.40)
F602,2-s2.0-105027959122,REACH,population,false,6.40,"Posts spreading fallacious/fabricated COVID-19 info not replicating scientific fact (myths & misinformation), identified by two blinded researchers via BuzzSumo web-search + WHO MythBusters/CDC/FDA cr",Myths and misinformation spread ... Male 70 (7.70) ... Female 19 (6.40)
F603,2-s2.0-85194023903,OTHER,n/a,unreliable_source,91,"Low-credibility content = content originally published by low-credibility/untrustworthy sources, identified via the Iffy+ list of 738 source domains compiled by professional fact-checkers (source-leve","Examining the political ideology of superspreaders, we find that 91% (49 of 54) of the “political” accounts are conservative in nature. Extending this analysis to include other hyperpartisan accounts (i.e., those classified as a different type but still posting hyperpartisan content), 91% of accounts (63 of 69) are categorized as conservative."
F604,2-s2.0-85217829893,CONTENT,curated_sample,misleading,19.4,"Lax 'desinformación': conspiracy theories, verifiably false content, and unverifiable/speculative claims (excludes opinion). Coded by 4 trained RAs (Krippendorff alpha=0.69 for content type); a subset","en los grupos conservadores detectamos dos veces mas presencia de desinformacion que en los grupos progresistas (19,4% versus 8,7%)"
F605,2-s2.0-85217829893,CONTENT,curated_sample,misleading,8.7,"Lax 'desinformación': conspiracy theories, verifiably false content, and unverifiable/speculative claims (excludes opinion). Coded by 4 trained RAs (Krippendorff alpha=0.69 for content type); a subset","en los grupos conservadores detectamos dos veces mas presencia de desinformacion que en los grupos progresistas (19,4% versus 8,7%)"
F606,2-s2.0-85168520853,CONTENT,single_source,false,28.9,"A statement coded as misinformation if medically inaccurate: content-related (false due to lack of scientific evidence), context-related (claim inadequate for speaker's knowledge/status), wrong assump","there were no significant gender differences in statements containing misinformation (28.9% for men, 25% for women; χ21=2.40; P=.12)"
F607,2-s2.0-85168520853,CONTENT,single_source,false,25,"A statement coded as misinformation if medically inaccurate: content-related (false due to lack of scientific evidence), context-related (claim inadequate for speaker's knowledge/status), wrong assump","there were no significant gender differences in statements containing misinformation (28.9% for men, 25% for women; χ21=2.40; P=.12)"
F608,2-s2.0-85085573221,RECALL,population,false,72.7,Self-reported receipt of COVID-19 information the respondent deemed partially or completely inaccurate / misinformation (false info shared without intent to harm; study limits itself to misinformation,the prevalence was higher in the student's group (72.7% vs 65.7% in nonspecialist and 66.1% in the specialist group [p ¼ 0.01])
F609,2-s2.0-85085573221,RECALL,population,false,65.7,Self-reported receipt of COVID-19 information the respondent deemed partially or completely inaccurate / misinformation (false info shared without intent to harm; study limits itself to misinformation,the prevalence was higher in the student's group (72.7% vs 65.7% in nonspecialist and 66.1% in the specialist group [p ¼ 0.01])
F610,2-s2.0-85085573221,RECALL,population,false,66.1,Self-reported receipt of COVID-19 information the respondent deemed partially or completely inaccurate / misinformation (false info shared without intent to harm; study limits itself to misinformation,the prevalence was higher in the student's group (72.7% vs 65.7% in nonspecialist and 66.1% in the specialist group [p ¼ 0.01])
F611,2-s2.0-85152674280,REACH,population,unreliable_source,36.2,"Untrustworthy/misinformation websites = web domains rated by NewsGuard as 'repeatedly publishing false content', plus domains from Guess et al. 2020 (490) and Allcott et al. (66); total 1,796 domains.","Of Trump supporters, 36.2% (95% CI 29.7% to 42.6%) visited at least one untrustworthy website in 2020, while 17.8% (95% CI 13.7% to 22.0%) of Biden supporters visited at least one untrustworthy website"
F612,2-s2.0-85152674280,REACH,population,unreliable_source,17.8,"Untrustworthy/misinformation websites = web domains rated by NewsGuard as 'repeatedly publishing false content', plus domains from Guess et al. 2020 (490) and Allcott et al. (66); total 1,796 domains.","Of Trump supporters, 36.2% (95% CI 29.7% to 42.6%) visited at least one untrustworthy website in 2020, while 17.8% (95% CI 13.7% to 22.0%) of Biden supporters visited at least one untrustworthy website"
F613,2-s2.0-85152674280,REACH,population,unreliable_source,37.4,"Untrustworthy/misinformation websites = web domains rated by NewsGuard as 'repeatedly publishing false content', plus domains from Guess et al. 2020 (490) and Allcott et al. (66); total 1,796 domains.","while 56.2% (95% CI 49.7% to 62.7%) of people 65 years and older were exposed to untrustworthy websites in 2016, only 37.4% (95% CI 29.6% to 45.2%) of people 65 years and older were exposed in 2020"
F614,2-s2.0-105029413645,REACH,population,unreliable_source,4.8,"Low-credibility health websites: domains hand-coded as not credible (binary; inaccurate/misleading health info, unverified-claim sales sites, browser-flagged 'deceptive'/'untrustworthy', or unsourced/LLM-generated content). Binary 'any exposure' = visited at least one such domain in the ~4-week period.",Exposure to low-credibility health sites by age (unweighted)... 18-29: 5 exposed of 104 (5 blue / 99 no-exposure)
F615,2-s2.0-105029413645,REACH,population,unreliable_source,9.8,"Low-credibility health websites: domains hand-coded as not credible (binary; inaccurate/misleading health info, unverified-claim sales sites, browser-flagged 'deceptive'/'untrustworthy', or unsourced/LLM-generated content). Binary 'any exposure' = visited at least one such domain in the ~4-week period.",Exposure to low-credibility health sites by age (unweighted)... 30-44: 29 exposed / 266 no-exposure
F616,2-s2.0-105029413645,REACH,population,unreliable_source,13.2,"Low-credibility health websites: domains hand-coded as not credible (binary; inaccurate/misleading health info, unverified-claim sales sites, browser-flagged 'deceptive'/'untrustworthy', or unsourced/LLM-generated content). Binary 'any exposure' = visited at least one such domain in the ~4-week period.",Exposure to low-credibility health sites by age (unweighted)... 45-59: 40 exposed / 262 no-exposure
F617,2-s2.0-105029413645,REACH,population,unreliable_source,20.9,"Low-credibility health websites: domains hand-coded as not credible (binary; inaccurate/misleading health info, unverified-claim sales sites, browser-flagged 'deceptive'/'untrustworthy', or unsourced/LLM-generated content). Binary 'any exposure' = visited at least one such domain in the ~4-week period.",Exposure to low-credibility health sites by age (unweighted)... 60+: 75 exposed / 283 no-exposure
F618,2-s2.0-105029413645,REACH,population,unreliable_source,15.4,"Low-credibility health websites: domains hand-coded as not credible (binary; inaccurate/misleading health info, unverified-claim sales sites, browser-flagged 'deceptive'/'untrustworthy', or unsourced/LLM-generated content). Binary 'any exposure' = visited at least one such domain in the ~4-week period.",Exposure to low-credibility health videos on YouTube by age (unweighted)... 18-29: 16 exposed / 88 no-exposure
F619,2-s2.0-105029413645,REACH,population,unreliable_source,9.5,"Low-credibility health websites: domains hand-coded as not credible (binary; inaccurate/misleading health info, unverified-claim sales sites, browser-flagged 'deceptive'/'untrustworthy', or unsourced/LLM-generated content). Binary 'any exposure' = visited at least one such domain in the ~4-week period.",Exposure to low-credibility health videos on YouTube by age (unweighted)... 30-44: 28 exposed / 267 no-exposure
F620,2-s2.0-105029413645,REACH,population,unreliable_source,11.9,"Low-credibility health websites: domains hand-coded as not credible (binary; inaccurate/misleading health info, unverified-claim sales sites, browser-flagged 'deceptive'/'untrustworthy', or unsourced/LLM-generated content). Binary 'any exposure' = visited at least one such domain in the ~4-week period.",Exposure to low-credibility health videos on YouTube by age (unweighted)... 45-59: 36 exposed / 266 no-exposure
F621,2-s2.0-105029413645,REACH,population,unreliable_source,10.3,"Low-credibility health websites: domains hand-coded as not credible (binary; inaccurate/misleading health info, unverified-claim sales sites, browser-flagged 'deceptive'/'untrustworthy', or unsourced/LLM-generated content). Binary 'any exposure' = visited at least one such domain in the ~4-week period.",Exposure to low-credibility health videos on YouTube by age (unweighted)... 60+: 37 exposed / 321 no-exposure
F622,2-s2.0-85194733750,OTHER,n/a,unreliable_source,59,"Source-level fake news: external links to domains that portray as legitimate news outlets but lack editorial norms for accuracy (Grinberg et al. 2019 manually-labelled list, updated with NewsGuard); r","it shows that supersharers had a significantly higher percentage of women (59%) compared with all reference groups (average fake news sharer, 49%; SS-NF, 52%; and panelists, 50%)"
F623,2-s2.0-85194733750,OTHER,n/a,unreliable_source,64,"Source-level fake news: external links to domains that portray as legitimate news outlets but lack editorial norms for accuracy (Grinberg et al. 2019 manually-labelled list, updated with NewsGuard); r","It also shows that supersharers had the highest proportion of Republicans (64%), including the Republican-leaning group of average fake news sharers (P < 0.001)."
F624,2-s2.0-85081743293,REACH,population,unreliable_source,56.7,Content from 'untrustworthy' / 'factually dubious' websites - domains classified (following Pennycook/Lazer-type source lists) as routinely publishing false or low-quality news. Publisher/domain-level,"Among Trump supporters, 56.7% read at least one article from an untrustworthy conservative website (95% CI = 51.7-61.8%) compared with 27.7% of Clinton supporters (95% CI = 23.1-32.4%)."
F625,2-s2.0-85081743293,REACH,population,unreliable_source,27.7,Content from 'untrustworthy' / 'factually dubious' websites - domains classified (following Pennycook/Lazer-type source lists) as routinely publishing false or low-quality news. Publisher/domain-level,"Among Trump supporters, 56.7% read at least one article from an untrustworthy conservative website (95% CI = 51.7-61.8%) compared with 27.7% of Clinton supporters (95% CI = 23.1-32.4%)."
F626,2-s2.0-85081743293,REACH,population,unreliable_source,23.0,Content from 'untrustworthy' / 'factually dubious' websites - domains classified (following Pennycook/Lazer-type source lists) as routinely publishing false or low-quality news. Publisher/domain-level,"Clinton supporters were more likely to have visited untrustworthy liberal websites (23.0%, 95% CI = 18.8-27.2%) than Trump supporters (10.7%, 95% CI = 8.1-13.3%)."
F627,2-s2.0-85081743293,REACH,population,unreliable_source,10.7,Content from 'untrustworthy' / 'factually dubious' websites - domains classified (following Pennycook/Lazer-type source lists) as routinely publishing false or low-quality news. Publisher/domain-level,"Clinton supporters were more likely to have visited untrustworthy liberal websites (23.0%, 95% CI = 18.8-27.2%) than Trump supporters (10.7%, 95% CI = 8.1-13.3%)."
F628,2-s2.0-85081743293,EXPOSURE,news_diet,unreliable_source,11.0,Content from 'untrustworthy' / 'factually dubious' websites - domains classified (following Pennycook/Lazer-type source lists) as routinely publishing false or low-quality news. Publisher/domain-level,Untrustworthy conservative websites made up 11.0% of the news diet of Trump supporters (95% CI = 9.2-12.8%) compared with only 0.8% among Clinton supporters (95% CI = 0.6-1.1%).
F629,2-s2.0-85081743293,EXPOSURE,news_diet,unreliable_source,0.8,Content from 'untrustworthy' / 'factually dubious' websites - domains classified (following Pennycook/Lazer-type source lists) as routinely publishing false or low-quality news. Publisher/domain-level,Untrustworthy conservative websites made up 11.0% of the news diet of Trump supporters (95% CI = 9.2-12.8%) compared with only 0.8% among Clinton supporters (95% CI = 0.6-1.1%).
F630,2-s2.0-85081743293,EXPOSURE,news_diet,unreliable_source,1.1,Content from 'untrustworthy' / 'factually dubious' websites - domains classified (following Pennycook/Lazer-type source lists) as routinely publishing false or low-quality news. Publisher/domain-level,The pattern was again reversed but of lesser magnitude for untrustworthy liberal websites-1.1% of pages on hard-news topics for Clinton supporters (95% CI = 0.7-1.5%) versus 0.4% for Trump supporters (95% CI = 0.2-0.6%).
F631,2-s2.0-85081743293,EXPOSURE,news_diet,unreliable_source,0.4,Content from 'untrustworthy' / 'factually dubious' websites - domains classified (following Pennycook/Lazer-type source lists) as routinely publishing false or low-quality news. Publisher/domain-level,The pattern was again reversed but of lesser magnitude for untrustworthy liberal websites-1.1% of pages on hard-news topics for Clinton supporters (95% CI = 0.7-1.5%) versus 0.4% for Trump supporters (95% CI = 0.2-0.6%).
F632,SEED-cordonnier2021,REACH,all_media,unreliable_source,39,Sources deemed unreliable... conspiracy theories or false information (Storyzy),39% of participants consulted information sources considered to be unreliable
F633,NEW-moreno-jmirderma,CONTENT,single_source,false,1.5,"Health misinformation = inaccurate/false health information (e.g., UV tanning framed as a safe way to get Vitamin D)","Among 8 health misinformation topics identified, the most common were posts promoting misinformation about Vitamin D (n=73, 1.3%)."
F634,NEW-moreno-jmirderma,CONTENT,single_source,false,0.6,"Health misinformation = inaccurate/false health information (e.g., UV tanning framed as a safe way to get Vitamin D)","A second category was misinformation about tanning as a medical treatment (n=31 posts, 0.6%)"
F635,NEW-moreno-jmirderma,CONTENT,single_source,false,0.5,"Health misinformation = inaccurate/false health information (e.g., UV tanning framed as a safe way to get Vitamin D)","Another category of misinformation was promoting misinformation about the benefits of a “base tan” (n=29 posts, 0.5%)"
F636,NEW-moreno-jmirderma,RECALL,at_risk_sample,false,43,Seeing tanning-salon posts framing UV tanning as a safe source of Vitamin D,"Approximately half (20/46, 43%) of participants reported seeing social media posts from tanning salons about Vitamin D"
F637,NEW-jadara-2022,RECALL,survey_selfreport,misinfo_broad,81.6,Misinformation = fake news / false information promoting false stories about Covid-19,"Furthermore, according to the poll, 81.6 percent of respondents had read Covid-19-related material that turned out to be untrue."
F638,2-s2.0-85165815218,OTHER,n/a,false,97,News URL rated false by Meta's Third-Party Fact-Checking Program (3PFC) as of 15 Feb 2021; domains rated untrustworthy per aggregated third-party ratings,"For potential, exposed, and engaged audiences, 97% of false URLs in each case have audiences that are conservative on average."
F639,2-s2.0-85165815218,OTHER,n/a,false,76,News URL rated false by Meta's Third-Party Fact-Checking Program (3PFC) as of 15 Feb 2021; domains rated untrustworthy per aggregated third-party ratings,"For potential, exposed, and engaged audiences, 71, 76, and 76% of untrustworthy domains have audiences that are conservative on average (favorability score > 0)."
F640,2-s2.0-85060549676,REACH,political_news,unreliable_source,5,"Content from 'fake news sources' - websites identified (via Lazer et al. and journalistic lists, partitioned into black/red/orange tiers by editorial standards) as routinely publishing fabricated/fals",fewer than 5% of people on the left or in the center ever shared any fake news content
F641,2-s2.0-85194733750,OTHER,n/a,unreliable_source,41,"Source-level fake news: external links to domains that portray as legitimate news outlets but lack editorial norms for accuracy (Grinberg et al. 2019 manually-labelled list, updated with NewsGuard); r",(complement of reported subgroup; it shows that supersharers had a significantly higher percentage of women (59%) compared with all reference groups (aver)
F642,2-s2.0-85194733750,OTHER,n/a,unreliable_source,36,"Source-level fake news: external links to domains that portray as legitimate news outlets but lack editorial norms for accuracy (Grinberg et al. 2019 manually-labelled list, updated with NewsGuard); r","(complement of reported subgroup; It also shows that supersharers had the highest proportion of Republicans (64%), including the Republican-leaning group )"
F643,2-s2.0-85194023903,OTHER,n/a,unreliable_source,9,"Low-credibility content = content originally published by low-credibility/untrustworthy sources, identified via the Iffy+ list of 738 source domains compiled by professional fact-checkers (source-leve","(complement of reported subgroup; Examining the political ideology of superspreaders, we find that 91% (49 of 54) of the “political” accounts are conserva)"
F644,2-s2.0-105027856675,SHARING,political_news,unreliable_source,4.9,NewsGuard domain trust score < 60 (source/domain-level),Italy exhibited the highest average share of misinformation (M = 0.049)... USA (M = 0.022)... Germany (M = 0.011)... UK (M = 0.004).
F645,2-s2.0-105027856675,SHARING,political_news,unreliable_source,2.2,NewsGuard domain trust score < 60 (source/domain-level),Italy exhibited the highest average share of misinformation (M = 0.049)... USA (M = 0.022)... Germany (M = 0.011)... UK (M = 0.004).
F646,2-s2.0-105027856675,SHARING,political_news,unreliable_source,1.1,NewsGuard domain trust score < 60 (source/domain-level),Italy exhibited the highest average share of misinformation (M = 0.049)... USA (M = 0.022)... Germany (M = 0.011)... UK (M = 0.004).
F647,2-s2.0-105027856675,SHARING,political_news,unreliable_source,0.4,NewsGuard domain trust score < 60 (source/domain-level),Italy exhibited the highest average share of misinformation (M = 0.049)... USA (M = 0.022)... Germany (M = 0.011)... UK (M = 0.004).
F648,2-s2.0-105027856675,SHARING,political_news,unreliable_source,0.2,NewsGuard domain trust score < 60 (source/domain-level),Die Linke: 0.2% of shared links misinformation (n=23 misinfo links)
F649,2-s2.0-105027856675,SHARING,political_news,unreliable_source,0.1,NewsGuard domain trust score < 60 (source/domain-level),CDU/CSU: 0.1% of shared links misinformation (n=7 misinfo links)
F650,2-s2.0-105027856675,SHARING,political_news,unreliable_source,9.7,NewsGuard domain trust score < 60 (source/domain-level),"Gruppo Misto (mixed, IT): 9.7% of shared links misinformation (n=1846 misinfo links)"
F651,2-s2.0-105027856675,SHARING,political_news,unreliable_source,9.2,NewsGuard domain trust score < 60 (source/domain-level),Lega: 9.2% of shared links misinformation (n=927 misinfo links)
F652,2-s2.0-105027856675,SHARING,political_news,unreliable_source,0.5,NewsGuard domain trust score < 60 (source/domain-level),Conservative Party: 0.5% of shared links misinformation (n=149 misinfo links)
F653,2-s2.0-105027856675,SHARING,political_news,unreliable_source,0.1,NewsGuard domain trust score < 60 (source/domain-level),Labour Party: 0.1% of shared links misinformation (n=59 misinfo links)
F654,2-s2.0-105027856675,OTHER,n/a,,95.5,NewsGuard trust score < 60,"AfD accounted for 95.5% of misinformation shared in Germany, FdI for 70.7% in Italy, the Conservative Party for 57.3% in the UK, and the Republican Party for 76.4% in the USA."
F655,2-s2.0-105027856675,OTHER,n/a,,70.7,NewsGuard trust score < 60,"AfD accounted for 95.5% of misinformation shared in Germany, FdI for 70.7% in Italy, the Conservative Party for 57.3% in the UK, and the Republican Party for 76.4% in the USA."
F656,2-s2.0-105027856675,OTHER,n/a,,57.3,NewsGuard trust score < 60,"AfD accounted for 95.5% of misinformation shared in Germany, FdI for 70.7% in Italy, the Conservative Party for 57.3% in the UK, and the Republican Party for 76.4% in the USA."
F657,2-s2.0-105027856675,OTHER,n/a,,76.4,NewsGuard trust score < 60,"AfD accounted for 95.5% of misinformation shared in Germany, FdI for 70.7% in Italy, the Conservative Party for 57.3% in the UK, and the Republican Party for 76.4% in the USA."
F658,2-s2.0-105027856675,OTHER,n/a,,53.23,NewsGuard trust score < 60,"Table 1: Italy 5888 misinfo (53.23% of the 4-country total 11,062)."
F659,2-s2.0-105027856675,SHARING,political_news,unreliable_source,11.1,NewsGuard domain trust score < 60 (source/domain-level),"Among RE politicians, the highest proportion of misinformation was observed in the USA (11.1%), followed by the UK (6.8%)."
F660,2-s2.0-105027856675,SHARING,political_news,unreliable_source,6.8,NewsGuard domain trust score < 60 (source/domain-level),"Among RE politicians, the highest proportion of misinformation was observed in the USA (11.1%), followed by the UK (6.8%)."
F661,2603.11058,CONTENT,curated_sample,false,17.5,"mis/disinfo = verifiably false/misleading claim that may cause harm (fact-checker, P_restricted denom)","French 17.5% [15.9-19.3], Slovak 7.6% [6.5-8.8], Polish 6.0% [5.0-7.2], Spanish 5.0% [4.0-6.2] (Table 2)"
F662,2603.11058,CONTENT,curated_sample,false,7.6,"mis/disinfo = verifiably false/misleading claim that may cause harm (fact-checker, P_restricted denom)","French 17.5% [15.9-19.3], Slovak 7.6% [6.5-8.8], Polish 6.0% [5.0-7.2], Spanish 5.0% [4.0-6.2] (Table 2)"
F663,2603.11058,CONTENT,curated_sample,false,6.0,"mis/disinfo = verifiably false/misleading claim that may cause harm (fact-checker, P_restricted denom)","French 17.5% [15.9-19.3], Slovak 7.6% [6.5-8.8], Polish 6.0% [5.0-7.2], Spanish 5.0% [4.0-6.2] (Table 2)"
F664,2603.11058,CONTENT,curated_sample,false,5.0,"mis/disinfo = verifiably false/misleading claim that may cause harm (fact-checker, P_restricted denom)","French 17.5% [15.9-19.3], Slovak 7.6% [6.5-8.8], Polish 6.0% [5.0-7.2], Spanish 5.0% [4.0-6.2] (Table 2)"
F665,PMID-42295743,CONTENT,topical,misleading,31.7,St-Pierre et al. 2026 (Epileptic Disorders): video classified as containing disinformation/misinformation if it contained information contradicting clinical recommendations (e.g. promotion of unverifi,"TikTok 31.7% [24.7-38.8], Instagram Reels 16.8% [11.6-22.1], YouTube Shorts 8% [4.2-11.8] (Results 3.3)"
F666,PMID-42295743,CONTENT,topical,misleading,16.8,St-Pierre et al. 2026 (Epileptic Disorders): video classified as containing disinformation/misinformation if it contained information contradicting clinical recommendations (e.g. promotion of unverifi,"TikTok 31.7% [24.7-38.8], Instagram Reels 16.8% [11.6-22.1], YouTube Shorts 8% [4.2-11.8] (Results 3.3)"
F667,PMID-42295743,CONTENT,topical,misleading,8.0,St-Pierre et al. 2026 (Epileptic Disorders): video classified as containing disinformation/misinformation if it contained information contradicting clinical recommendations (e.g. promotion of unverifi,"TikTok 31.7% [24.7-38.8], Instagram Reels 16.8% [11.6-22.1], YouTube Shorts 8% [4.2-11.8] (Results 3.3)"
F668,2-s2.0-85214504236,CONTENT,topical,misleading,82,DS web-page content violating modified CEWADS criteria (unapproved/non-compliant claims per Thai food-supplement regulations); page counted as misinfo if >=1 statement present,"Of the 332 web pages, 85% contained at least one misinformation statement"
F669,2-s2.0-85214504236,CONTENT,topical,misleading,48,DS web-page content violating modified CEWADS criteria (unapproved/non-compliant claims per Thai food-supplement regulations); page counted as misinfo if >=1 statement present,"Of the 332 web pages, 85% contained at least one misinformation statement"
F670,2-s2.0-85214504236,CONTENT,topical,misleading,42,DS web-page content violating modified CEWADS criteria (unapproved/non-compliant claims per Thai food-supplement regulations); page counted as misinfo if >=1 statement present,"Of the 332 web pages, 85% contained at least one misinformation statement"
F671,OA-W4407797130,RECALL,population,false,63.4,Disinformation = deliberately falsified information intended to cause harm (Wardle & Derakhshan 2017). Seven specific debunked narratives identified from three Serbian fact-checking portals (Istinomer,Narrative N6 that states that COVID-19 pandemic was artificially caused by the West is the highest reaching narrative
F672,OA-W4407797130,RECALL,population,false,50.1,Disinformation = deliberately falsified information intended to cause harm (Wardle & Derakhshan 2017). Seven specific debunked narratives identified from three Serbian fact-checking portals (Istinomer,Narrative N6 that states that COVID-19 pandemic was artificially caused by the West is the highest reaching narrative
F673,2-s2.0-105039619015,REACH,population,unreliable_source,3.7,"Misinformation websites = a list of 1,796 sites compiled by Moore et al. 2023 combining NewsGuard 'repeatedly publishing false content' sites + academically-identified misinformation purveyors. (Pink ",the 39.1% (95% CI = 36.4-41.8%) of Americans who were exposed to misinformation websites
F674,2-s2.0-85162702221,REACH,population,fabricated,11.5,"Fake-news page = Facebook page whose website matched the Grinberg et al. (2019) fake-news source list (compiled from BuzzFeed, PolitiFact, FactCheck.org, Snopes + academic lists, Allcott & Gentzkow, G","Among our 806 subjects, 18.36% (n = 148) liked at least one Facebook page for a fake news source"
F675,2-s2.0-85129632573,CONTENT,topical,low_quality,35.8,"Share of COVID/vaccine news items classified 'fake news' (suspicion score > 0 by Islander RoBERTa style-based classifier) during the public-vaccination stage; nonpublic stage = 35.8% (one of two study stages, co-equal)","A higher percentage of fake news (193,188/512,435, 37.7%; 95% CI 37.6%-37.8%) was found during the public vaccination stage, than during the nonpublic vaccination stage (99,791/278,748, 35.8%; 95% CI 35.6%-36.0%)"
F676,2-s2.0-85066894147,SHARING,political_news,unreliable_source,20,"Fake news = content from publisher (web-domain) level fake-news producer list aggregated by Allcott/Gentzkow [4] from 5 lists (Grinberg, PolitiFact, BuzzFeed, Guess, FactCheck); defined by intent/proc","While the average fraction of fake news content is about 20% before the conventions, it lies at ≈ 30% after the nominations and reaches ≈ 40% right before the election."
F677,2-s2.0-85066894147,SHARING,political_news,unreliable_source,40,"Fake news = content from publisher (web-domain) level fake-news producer list aggregated by Allcott/Gentzkow [4] from 5 lists (Grinberg, PolitiFact, BuzzFeed, Guess, FactCheck); defined by intent/proc","While the average fraction of fake news content is about 20% before the conventions, it lies at ≈ 30% after the nominations and reaches ≈ 40% right before the election."
F678,2-s2.0-85138494787,CONTENT,topical,false,9.8,Silver et al. 2021: content contradicting established science on nicotine/COVID (researcher-coded),98/1000 (9.8%) of top-retweeted tobacco-and-COVID tweets explicitly endorsed the false nicotine-prevents-COVID claim
F679,2-s2.0-85138494787,CONTENT,topical,false,22.5,Silver et al. 2021: content contradicting established science on nicotine/COVID (researcher-coded),57/253 (22.5%) of top shared URLs endorsed the claim
