id,title,n_frozen_rows,numbers,sentence
2-s2.0-0032975127,Information exchange in an epilepsy forum on the World Wide ,1,12.8,We analysed activity on this forum between March 1995(theinceptionoftheforum)toFebruary1997.The totalnumberofprimarypostsandassociatedresponses to the Epilepsy Forum during that period was 12.8% Table 1: Examples of posts containing objectively inaccurate information.
2-s2.0-105002620495,Assessing the Accuracy of COVID-19 Information Circulating i,4,23.5;47.0,Analysis of infection-related content revealed that 47% of posts were either inaccurate (23.5%) or unsupported by evidence (23.5%).
2-s2.0-105002670726,Misinformation in Germany During the Covid-19 Pandemic A Cro,2,68.0;72.0;79.0,"Consistent with earlier research, respondents identified social media as the main source of Covid-19-related misinformation, with on average 72% of respondents who reported having encountered misinformation naming this source (ranging from 68% in Wave 3 to 79% in Wave 1)."
2-s2.0-105002670726,Misinformation in Germany During the Covid-19 Pandemic A Cro,2,45.0;48.0,"For two statements—“High rates of infection cannot be explained by the false-positive rates of PCR tests” and “Vaccination against coronavirus SARS-CoV-2 can lead to infertility in women of childbearing age”— roughly half of the respondents (45% and 48%, respectively) endorsed the midpoint option “d"
2-s2.0-105002670726,Misinformation in Germany During the Covid-19 Pandemic A Cro,2,3.0,"A small subset of respondents in each wave (3%) described other more idiosyncratic but common-sense strategies, such as asking their doctor, talking to other well-informed individuals, awaiting official statements (e.g., on the Robert Koch-Institute’s website), and reporting the false information."
2-s2.0-105007027777,Al-Haouz Earthquake Misinformation Crisis in Morocco: A Cont,1,9.0;91.0,"26 OBS* Journal, 2025, Special Issue Figure 1: Percentages of Misinformation and Not-misinformation Tweets 9% 91% Misinformation Not misinformation Source: own elaboration As illustrated in Figure 2, the highest percentage of not-misinformation (91%) in relation to misinformation (9%) is substantial"
2-s2.0-105007027777,Al-Haouz Earthquake Misinformation Crisis in Morocco: A Cont,1,1.0;2.0,"In November, conspiracy theory dominated other themes with 2% of Tweets, followed by false prediction (1%) and sensationalist reporting (1%)."
2-s2.0-105007777349,First insight into oral health misinformation in Jordan; an ,1,95.9,Publishers without a professional background published 185 web Funding: The author(s) received no specific pages (95.9%) of the total misinformation-expressing web pages.
2-s2.0-105008921175,Anti-Sustainability Narratives in Chat Apps: What Shapes the,1,6.1,"On the other hand, Major news brands, which include websites of some of the biggest journalism and media conglomerates from Brazil, have only 6.1% of the total shares, which shows that users in these far-right groups obtain their information more frequently from disinformation sites than from consol"
2-s2.0-105009525336,“Do You Know What Birth Control Actually Does to Your Body?”,1,69.0,"To address this gap, this cross-­ sectional study aimed to systematically evaluate popular TikTok Given that the majority (69%) of TikTok users fall between the content on contraception created by various types of users, to peak reproductive ages of 18 and 34 years, the platform offers identify and "
2-s2.0-105011756924,Prevalence of Common Diabetes Mellitus Misinformation Exposu,1,76.6;77.6,"Regarding the intention to share such misinformation, 77.6% of participants were likely to share the belief that patients without symptoms manage their diabetes well, and 76.6% endorsed the notion that sugary drinks are beneficial during fatigue."
2-s2.0-105011756924,Prevalence of Common Diabetes Mellitus Misinformation Exposu,1,4.7,"In contrast, the misinformation statement “patients with Healthcare 2025, 13, 1762 5 of 16 diabetes on insulin cannot exercise” was the least shared, with only 4.7% of participants endorsing it."
2-s2.0-105011756924,Prevalence of Common Diabetes Mellitus Misinformation Exposu,1,31.8,"For example, in Group 1 (G1), which includes four items on medication side effects, 31.8% of participants had an exposure score of 3—meaning they encountered misinformation in three out of four items."
2-s2.0-105011756924,Prevalence of Common Diabetes Mellitus Misinformation Exposu,1,82.2,"Similarly, in G4 (symptom perception), 82.2% of participants scored the full 2 points, indicating they were exposed to both misinformation items in this group."
2-s2.0-105011756924,Prevalence of Common Diabetes Mellitus Misinformation Exposu,1,46.2,"Sources of Misinformation Individuals without diabetes were identified as the primary source of misinformation, influencing 46.21% of participants (Table 3)."
2-s2.0-105012722892,Misinformation or education? A comparative analysis of Insta,1,89.4,"Among posts that received comments adapted from previous methodologies in health misinformation (n = 104), 89.4% of the ﬁrst 10 comments were related to the research (10)."
2-s2.0-105012722892,Misinformation or education? A comparative analysis of Insta,1,5.6;34.7;59.7,"Non-factual claims included Patients posted the majority of content (59.7%), followed by misleading statements, exaggerated treatment outcomes, or dental-related groups (34.7%) and dentists (5.6%)."
2-s2.0-105012722892,Misinformation or education? A comparative analysis of Insta,1,29.0,"While marketing across various health domains, including dentistry, highlighting that posts had the highest average number of likes, the differences nearly 29% of content could be inaccurate or misleading (11)."
2-s2.0-105014185875,#OCD: A Content Analysis of Obsessive-Compulsive Disorder St,1,53.0,"Instead, the shift whereby individuals expand diagnostic categories to content was dominated by personal experience videos (53% include lower thresholds for lived experience.31,43,44 This of the sample) and misleading videos."
2-s2.0-105014807194,Fake News? Quantifying the Prevalence of Misinformation Rela,1,71.0,They found that 71% of the websites did not have HCP-generated misinformation and content quality.
2-s2.0-105017599346,Analyzing news engagement on Facebook: tracking ideological ,1,30.0,"We also see an immediate increase after the drops in both cases, even though it is steeper in the second region, achieving values similar to the start of the plot, with 30% of the engagement directed towards low-quality sources."
2-s2.0-105017757935,Evaluating the Accuracy and Quality of Breastfeeding-Related,1,16.3,"However, 16.3% of the posts were found to be com- cantly different accuracy score in comparison with posts pletely inaccurate."
2-s2.0-105018276467,"Exposure to fake news on social media, coping mechanisms, an",2,70.0,Large-scale analyses show that false news spreads six times faster than verified information and that 70% of users struggle to distinguish truth from falsehood.
2-s2.0-105018276467,"Exposure to fake news on social media, coping mechanisms, an",2,71.0;72.0;75.0;78.0,"Data from the Pew Research Center in 11 emerging economies place Vietnam among the highest-burden countries, with 72% of respondents reporting at least occasional exposure to fake news, alongside similarly high figures in Tunisia (78%), Lebanon (75%), and Jordan (71%)12, underscoring that fake news "
2-s2.0-105019357120,Sub-Standards and Mal-Practices: Misinformation's Role in In,2,1.2;1.3;1.6;25.0,"4.1 Differences Between Unreliable and Reliable Website Submissions Across our dataset, we find that 1.26% of all comments within our datasets were classified as toxic (i.e., Perspective SEVERE_TOXICITY score >0.80), 1.24% of comments under reliable website submissions were considered toxic, and 1.5"
2-s2.0-105019533649,A Comparative Study of News Exposure and Consumption On and ,5,4.0;5.7,"Our study of 123,708 news-related posts on Facebook and 70,587 news articles visits off Facebook, collected from 642 users during 12 weeks, reveals the following central findings: (1) Only a small fraction (4%) of users’ news consumption off Facebook is driven by news exposure on Facebook, and only "
2-s2.0-105019533649,A Comparative Study of News Exposure and Consumption On and ,5,68.0,Our findings indicate that 2 a majority of users (68%) are more likely to encounter misinformation on Facebook than off it and that users are also more likely to find politically balanced content on Facebook compared to their off-platform news consumption.
2-s2.0-105019533649,A Comparative Study of News Exposure and Consumption On and ,5,4.0;5.7,"We also observe that only a small fraction (4%) of users’ news consumption off Facebook is driven by news exposure on Facebook, and only 5.7% of misinformation consumption off Facebook is driven by news exposure on Facebook."
2-s2.0-105019533649,A Comparative Study of News Exposure and Consumption On and ,5,1.0;20.0;60.0;92.0,"Finally, while misinformation posts represent a small fraction (less than 20%) of news exposure on Facebook for the majority of users (92%), a small subset (1%) encounters a much higher proportion of misinformation (60%) Figure 4 presents, for each user, the fraction of misinformation in their news "
2-s2.0-105019533649,A Comparative Study of News Exposure and Consumption On and ,5,68.0,"Takeaways: These findings indicate that while encountering misinformation is common both on and off Facebook, a large majority of users (68%) are more likely to get exposed to it on Facebook than off Facebook."
2-s2.0-105019533649,A Comparative Study of News Exposure and Consumption On and ,5,23.0,A relatively low 𝑅 2 score of 23% indicates that these factors explain only a small portion of the exposure to misinformation on the platform.
2-s2.0-105019533649,A Comparative Study of News Exposure and Consumption On and ,5,13.0,"The model’s coefficient of determination (R2 = 0.13) indicates that approximately 13% of the variance in misinformation exposure on Facebook is explained by the predictors, suggesting a modest yet non-negligible correlation."
2-s2.0-105019533649,A Comparative Study of News Exposure and Consumption On and ,5,4.0;5.7,"Notably, only a small percentage of users’ off-Facebook news consumption (4%) and misinformation 17 consumption (5.7%) originated from exposure on Facebook."
2-s2.0-105019603181,Contextualizing Misinformation: A User-Centric Approach to L,4,3.0;6.0,"There was a notable build-up in electoral politics misinformation preceding Election Day 2020, with the percentage rising from around 2-3% pre-election to peaks of nearly 6% of total articles (misinformation plus hard news) just before the election and in the weeks after."
2-s2.0-105019603181,Contextualizing Misinformation: A User-Centric Approach to L,4,10.0;20.0;30.0;40.0;50.0,Percentage of Participants Exposed Hard News Misinformation 50% 40% 30% 20% 10% 9 −1 VID CO ral ne Ge ws Ne alt He h su l Is cia So es s tic oli lP ra cto le E US Topic Fig.
2-s2.0-105021733739,When misinformation migrates: Cross-platform posting,2,1.2;10.4;10.7;20.2,"While propaganda was in relative abundance in the initial data collection period—with 20.2% of total links falling under the category, compared to 10.7% as sensationalist and 1.2% as conspiratorial—the lead-up to the election saw propaganda junk news fall by almost half, to 10.4% of total news links"
2-s2.0-105021733739,When misinformation migrates: Cross-platform posting,2,9.9;24.8;48.0;57.8,"When misinformation migr ates 71 In the first dataset, Reddit’s news sources contained a plurality of neutral sources—48% of all websites, and 57.8% of all websites coded as “news.” Left-leaning sources made up 24.8% of all links, while right-leaning sources made up 9.9% of news links."
2-s2.0-105022108218,Are HoLEP Surgical Videos on YouTube Biased and Misleading o,2,16.2;55.7,"In our study, regardless of the upload as those containing reliable and unreliable information, and the source, we observed that 16.2% had extreme- or high-degree GQS and reliability scores were found to be statistically higher misinformation while commercial bias was present in 55.7%."
2-s2.0-105024994777,Social media users' perceptions about health mis- and disinf,2,87.0,"HINTS 6 is pub­ to 87% of posts, depending on the specific topic.3 licly available with de-identified data; therefore, the university Given the recency of the problem of false and misleading so­ human research protection program deemed it exempt from cial media information and limited nationally rep"
2-s2.0-105024994777,Social media users' perceptions about health mis- and disinf,2,53.0;60.0,"Most of the sample consisted of individuals were unable to assess health information on social media as aged 18–49 years (60%), female (53%), married or cohabiting true or false, which indicates that an area of future inquiry is Health Affairs Scholar, 2023, 1(4), 1–6 3 Table 1."
2-s2.0-105026138407,Framing decriminalization: media narratives misinformation a,2,21.0,Misleading content was identified in 21 % (n = 63/301) of all media articles.
2-s2.0-105026138407,Framing decriminalization: media narratives misinformation a,2,40.0,"Almost half of all media articles with misleading content (n = 25/63; 40 %) contained crime-related narratives, framing decriminalization as driving increases in drug trafficking, property crimes, unprovoked violence, and public disorder."
2-s2.0-105026630069,"Perception, Quality, and Accuracy of Sunscreen Content on Ti",1,69.0,"At the other extreme, misinformation has proliferated: Kearney et al [ 4 ] showed that 69% of videos under sunscreen conspiracy searches were antisunscreen, and Nikookam et al [ 5 ] emphasized the viral reach of the #AntiSunscreen movement."
2-s2.0-105026782770,Fear and Medical Misinformation Regarding Risk of Progressio,3,70.0,"Additionally, FCRI-SF scores were available for only 70% of participants, potentially limiting our ability to identify associations between misinformation exposure and fear of recurrence."
2-s2.0-105027587881,Quality evaluation of stroke-related information on TikTok: ,1,7.0;8.0;12.0,"The most T AR problematic categories included: unproven treatments (12% of all videos, exclusively from non-professionals), incorrect symptom information (8%), and misleading prevention advice (7%)."
2-s2.0-105027856675,"Crisis, country, and party lines: politicians’ misinformatio",25,41.2,"3b), Germany had the highest engagement with crisis-related misinformation, with a beta coefficient of 41.2%, which is 3.6 times more than that of the USA—the country with the lowest cumulative sum engagement."
2-s2.0-105027856675,"Crisis, country, and party lines: politicians’ misinformatio",25,79.0,"Regarding cumulative averages, Italy had the highest average engagement with crisis-related misinformation, with a beta coefficient of 79%, which is 2.9 times more than that of the USA, which is still lowest among the countries."
2-s2.0-105027959122,"COVID-19’s myths, facts, concerning and obstinate posts on s",3,7.9,The current research reported that 7.9% of the misinformation was on COVID-19 vaccines.
2-s2.0-105028205558,Quality and Perception of Attention-Deficit/Hyperactivity Di,1,32.0;39.5;54.5;100.0,"Examples of comments assigned to these categories nosis were most common in videos categorized as personal include “wait so ur saying I might have adhd?” “Does that experience (109/200, 54.5%), followed by useful (79/200, mean I have ADHD cause I do that,” and “me 100% of the 39.5%) and misleading v"
2-s2.0-105028205558,Quality and Perception of Attention-Deficit/Hyperactivity Di,1,25.5;33.5;51.0,"7 (page number not for citation purposes) JMIR INFODEMIOLOGY Sieferle et al videos categorized as personal experience (102/200, 51%), of the information, this indicates that potential misinforma- followed by useful (67/200, 33.5%) and misleading videos tion was presented in an easily understandable "
2-s2.0-105028851691,"Quirky, relatable, misleading: ADHD’s viral Identity on TikT",1,5.0,"Only 5% of videos were uploaded by HCPs, and these did not differ from non-HCP videos in misleading content frequency."
2-s2.0-105030444680,Reflexive Control in the Israeli Digital Diplomacy of Normal,1,31.6,"Using context analysis of the informationenvironmentandcontentanalysis,thestudyfoundthatthescopeandintensityofCohen’s page disinformationcampaignishigh.The page scored highlevels of disseminationandamplification dependingonfakefollowers(31.6%).ThesefindingshaveimplicationsfortheRC’splausibledeniabil"
2-s2.0-105030444680,Reflexive Control in the Israeli Digital Diplomacy of Normal,1,16.7;22.3;30.5,"Thepageappliesallofthe""AffectingPerception""processessimultaneously.Theresultsdemonstratethat ""Camouflage"" or showing in-depth knowledge of the enemy’s culture and life with an analytical capability (30.5%); ""Disinformation"" or giving wrong information or formulating certain information (22.3%);and""D"
2-s2.0-105030444680,Reflexive Control in the Israeli Digital Diplomacy of Normal,1,10.0,"It accounts for 10% of the overallengagementscore.Furthermore,@EdyCohen'spageisnotverified;Cohencandenyresponsibility for actions including purposeful deceit or disinformation (Bjola & Pamment, 2016) and ""ignore"" or ""transfertheblametonon-stateactorswithoutfearofmajorconsequences.""(Coward&Bjola,2016"
2-s2.0-105030827603,The Dental Misinformation Epidemic: An Evaluation of Quality,2,100.0,"Audiovisual production quality was prioritized over accuracy, with 100% of videos rated as hav - ing high/moderate technical standards despite frequent misinformation."
2-s2.0-105031357857,Insufficient Quality of Mental Health Information on German-,2,50.0,• Over 50% of the screened videos include incorrect or misleading information.
2-s2.0-105032107446,Fake News on the Farm: How Misinformation Shapes Cocoa Farme,1,30.0,"Over 800,000 smallholder farmers and their families CONTACT Enoch Kwame Tham-Agyekum [email removed]; [email removed] Future Africa, University of Pretoria, South Africa KEYWORDS agricultural information; decision-making; fake news; farm; misinformation 1 form part of the 30% of beneficia"
2-s2.0-105032159703,Quality evaluation of scar management information on TikTok:,1,9.7;46.2;52.9,"While healthcare professionals largely maintained accuracy (9.7% misinformation rate), non- Results professional creators were signiﬁcant sources of error, with nearly half of their content containing medical inaccuracies (46.2% for A total of 100 unique TikTok videos met the inclusion creators and "
2-s2.0-105032691304,Misinformation and Profitability of Hepatitis B Virus Claims,1,7.7;25.0;33.3;40.0;60.0;66.7;75.0;92.3,"Similarly, there were higher proportions of posts with misinformation compared to posts with accurate information about cures (n=12, 75% vs 25%; Fisher P<.001), natural remedies (n=13, 92.3% vs 7.7%; Fisher P<.001), symptoms (n=15, 60% vs 40%; χ²1=13.2; P<.001), and censorship conspiracies (n=9, 66."
2-s2.0-105032691304,Misinformation and Profitability of Hepatitis B Virus Claims,1,20.4;79.6;88.9,"The majority of censorship conspiracies, which were examined by misinformation status only, the use of anecdotes primarily about governments intentionally infecting and was marginally significantly different; 20.4% (19/103) of posts censoring citizens with HBV, were not profitable, 88.9% (8/9, with "
2-s2.0-105032691304,Misinformation and Profitability of Hepatitis B Virus Claims,1,23.0,"Online information about HBV is downstream effects of HBV misinformation on health behaviors, unregulated, and nearly a quarter (24/103, 23%) of the posts in health decision-making, and, ultimately, health outcomes."
2-s2.0-105032691304,Misinformation and Profitability of Hepatitis B Virus Claims,1,30.0,"Many misinformed posts contained relevance of the findings, we conducted a small replication study conspiracy theories (30%) on Instagram."
2-s2.0-105032691304,Misinformation and Profitability of Hepatitis B Virus Claims,1,33.0,"Social media in September 2025 (n=60 posts, 30 from each search term), disseminated misinformation is a potential barrier to prevention which exhibited similar topics of misinformation and a nearly or initiation and sustained management of HBV that deserves identical proportion of misinformation (33"
2-s2.0-105033611630,Herpetological misinformation and sensationalism: media fram,1,94.0,"The analysis of 230 online sources revealed that approximately 94% of them contained false information, many using sensationalist language, especially regarding the toxicity of the venom and the population density of the snake, as well as bringing contents that did not align with scientific data."
2-s2.0-105033611630,Herpetological misinformation and sensationalism: media fram,1,89.6;98.1,"As for YouTube videos, 52 (98.11%) out of 53 videos in English contained misinformation, and 43 (89.6%) out of the 48 videos in Portuguese did so."
2-s2.0-105033611630,Herpetological misinformation and sensationalism: media fram,1,97.0,"The highest number of videos was in Spanish, 67 in total, of which 65 (97.01%) contained misinformation (Table II)."
2-s2.0-105033611630,Herpetological misinformation and sensationalism: media fram,1,1.5,"Only one (1.54%) YouTube video in Spanish mentioned an expert, and it was one of the only two sources that did not contain misinformation."
2-s2.0-105033611630,Herpetological misinformation and sensationalism: media fram,1,84.0;95.0,"Nearly 95% of the 230 sources analyzed contained misinformation, and almost 84% employed sensationalist language."
2-s2.0-105035324985,Navigating online misinformation: Understanding older adults,1,92.3,"Notably, the ‘‘never heard’’ rate was very high for certain false claims, like the assertion about the Italian Government preventing migrants from being tested, which 92.3% of participants had never encountered."
2-s2.0-105035324985,Navigating online misinformation: Understanding older adults,1,67.6,"Responses to misinformation The survey findings highlight participants’ cautious approach to verifying COVID-19 information online as included in Appendix A (Supplementary data) survey instrument (Exposure to the coronavirus misinformation Questions, Question 3), with (142, 67.6%) actively checking "
2-s2.0-105035324985,Navigating online misinformation: Understanding older adults,1,10.0;20.5,"A meaningful portion of respondents encountering misinformation less than once a month (43, 20.48%) or never (21, 10%) could indicate that some older adults are less exposed to diverse online content, possibly due to selective browsing habits."
2-s2.0-105038091134,The Role of Influencers and Echo Chambers in the Diffusion o,1,5.0,"To analyze how polarity in the network changes in response to these influencers in misinformation diffusion, we removed a subset of the percentage of top influential users— by increasing increments of 5%—and calculated and plotted the average absolute value polarity score in the network."
2-s2.0-105039619015,"The Consumption of Pink Slime Journalism: Who, What, When, W",4,34.0;65.0;95.0,"Among exposed individuals, visits to pink slime websites represented .34% (95% CI = .04-.65%) of their total news consumption, again well below the percentage made up by misinformation (t = -4.2, p < .001) and local news site visits (t = -6.7, p < .001)."
2-s2.0-105039619015,"The Consumption of Pink Slime Journalism: Who, What, When, W",4,8.5;9.7,"Facebook referred 8.5% of misinformation website visits and 9.7% of local news visits, nearly half of the proportion of pink slime visits it referred."
2-s2.0-105040346162,Disinformation and Public Skepticism: Evaluating the Role of,2,4.0;4.8;6.4;13.3;18.1;48.6,"Facebook was on the top of list with 48.6% respondents, 18.1% reported YouTube, 13.3% reported TikTok, 6.4% reported WhatsApp, 4.8% reported online news websites and all of the above categories, and 4.0% reported Twitter/X the platform where they mostly encounter the fake news."
2-s2.0-105040346162,Disinformation and Public Skepticism: Evaluating the Role of,2,1.0;5.0;94.0,"The majority of respondents (94.0%) agreed that fake news affects the opinions and behavior of people, whereas 5.0% reported a neutral response, and 1.0% of the participants disagreed with this notion."
2-s2.0-78649725192,Pandemics in the age of Twitter: Content analysis of tweets ,1,9.8,Figure was scaled to the highest peak on July 5 where 9.82% of all tweets expressed misinformation.
2-s2.0-78649725192,Pandemics in the age of Twitter: Content analysis of tweets ,1,1.9,20 where 1.93% of all tweets expressed misinformation.
2-s2.0-78649725192,Pandemics in the age of Twitter: Content analysis of tweets ,1,9.2,"Although this amount ranged from 2.2 to 9.2% across our 9 time points, increasing Automated Analysis amounts of misinformation did not occur until August, months The majority of our automated queries correlated with the after initial media reports."
2-s2.0-84929523850,The media's role in vaccine misinformation,2,8.0;11.0;67.0,"vaccines, such as articles by experts and 67% 8% Two-thirds (67%) of the scientists public are in favour of such platforms making it easier to Financial penalties for social media find reliable scientific companies who fail to remove false 67% 11% evidence about vaccines, information about vaccines "
2-s2.0-84964787366,Social media’s initial reaction to information and misinform,2,19.0;24.0;36.0;58.0,A range of 36%–58% of the posts were news about the Ebola outbreak and 19%–24% of the posts were health information and responses to misinformation in both batches.
2-s2.0-84964787366,Social media’s initial reaction to information and misinform,2,1.0,"We retrieved a random sample of 1% or “cure” contained medical misinformation.7 of all publicly posted tweets: (sample size: n54,366,946 We analyzed information and misinformation about tweets from Batch 1 and n54,305,841 tweets from Ebola on Twitter—the world’s largest microblogging Batch 2)."
2-s2.0-84964787366,Social media’s initial reaction to information and misinform,2,36.0;73.7,"Our YouTube videos were misleading and 87 (73.7%) were findings also indicate a contextual difference between useful.32 An analysis of the 100 most widely viewed a free and open online platform and a state-regulated Ebola-related YouTube videos as of December 9, 2014, online platform in the contents"
2-s2.0-85037352356,Geographic and temporal trends in fake news consumption duri,1,9.3;10.9;14.5;17.2;18.0;21.1;80.0;96.7;97.6;98.9,"Specifically, we leverage Wikipedia’s list 2071 Short Paper CIKM’17, November 6-10, 2017, Singapore % of all fake % of Referrals Domain news traffic from Social Media endingthefed.com 21.1% 97.6% thepoliticalinsider.com 18.0% 80.0% infowars.com 17.2% 10.9% americannews.com 14.5% 98.9% libertywriters"
2-s2.0-85037352356,Geographic and temporal trends in fake news consumption duri,1,80.0,(b) Three minute video of Clinton these five domains account for 80% of the fake news visita- (infowars.com) (endingthefed.com) tions observed during the general election.
2-s2.0-85037352356,Geographic and temporal trends in fake news consumption duri,1,0.9,"Our analysis begins on July 18th, feed is 0.90%.5 If similar click-through rates apply to fake news links, 2016 (the start of the Republican national convention) and ends then the actual daily exposure to fake news headlines in social feeds on November 8th, 2016 (election day)."
2-s2.0-85038621544,The web centipede: Understanding how web communities influen,3,0.6;0.7;0.8;0.9;83.2;87.7,"Likes AskTrumpSupporters 0.84 % conspiracy 0.89 % Alternative 110,629 92,104 (83.2%) 341 ± 1,228 0.82 ± 15.6 POLITIC 0.81 % todayilearned 0.83 % Mainstream 376,071 329,950 (87.7%) 404 ± 2,146 0.96 ± 55.6 rss_theonion 0.67 % thenewsrightnow 0.78 % the_Europe 0.67 % europe 0.77 % Table 3: Basic statis"
2-s2.0-85041175995,An analysis of stigma and suicide literacy in responses to s,1,36.9,False representation stigma had the highest prevalence such that AUTHOR CONTRIBUTIONS 36.90% of posts with poor literacy also conveyed false representation A.L.
2-s2.0-85046831961,The spread of medical fake news in social media – The pilot ,1,21.0,"The publisher’s website was also listed more times in the analysis and its links accounted for 94,000 cumulative shares (21% of all fake news)."
2-s2.0-85055079422,Nature and diffusion of gynecologic cancer-related misinform,1,30.0,"Results: While most of the gynecologic cancer–related tweets provided medically accurate information, approximately 30% of them were found to contain misinformation."
2-s2.0-85055079422,Nature and diffusion of gynecologic cancer-related misinform,1,42.5,"Of the 2691 total tweets on Weibo, 1144 tweets (1144/2691, 42.51%) only expressed personal emotions and experiences that cannot be identified as truth or falsehood."
2-s2.0-85055079422,Nature and diffusion of gynecologic cancer-related misinform,1,30.0,"Although most of the medically oriented tweets provided accurate information, more than 30% contained misinformation."
2-s2.0-85055079422,Nature and diffusion of gynecologic cancer-related misinform,1,30.0,"The results indicated that although most of the gynecologic cancer–related tweets provided medically accurate information, approximately 30% contained misinformation."
2-s2.0-85056331134,Are internet videos useful sources of information during glo,1,59.4;68.5;95.0,"Quality-wise mation on prevention and management of ZIKV, as well, the informative videos had scores (GQS med- whereas information on the epidemiology and clin- ian: 3, range: 1 – 5), which were signiﬁcantly superior ical features/complications of the disease were (P < 0.01) in comparison to that of"
2-s2.0-85056331134,Are internet videos useful sources of information during glo,1,95.0,Adjusted We found that nearly one-fourth of the YouTube Misleading Informative Crude OR OR videos in our study sample contained misleading infor- Source of videos Videos videos (95% CI) (95% CI) mation about ZIKV.
2-s2.0-85056331134,Are internet videos useful sources of information during glo,1,21.1;35.8;43.3;46.1;48.5,"The worrisome aspect for 21.13% of the informative videos, displayed the high- public health information/communication in general est proportion of viewer interaction metrics (contri- is that even after being ‘sorted by relevance’; a sizeable buting to 43.3% views, 48.52% likes, 46.12% dislikes, per"
2-s2.0-85059494932,Influence of fake news in Twitter during the 2016 US preside,2,20.0,A clear difference is apparent between the networks that the two top categories are fake news and center news with representing the ﬂow of fake and extremely biased (right) news around 20% of tweets being sent from non-ofﬁcial accounts.
2-s2.0-85060013655,Fake News as Discursive Integration: An Analysis of Sites Th,1,9.3;10.1,Mostly false stories comprised 9.3% (headline) and 10.1% (body) of the sample.
2-s2.0-85060025053,Less than you think: Prevalence and predictors of fake news ,4,3.4,"Here, we provide important new evidence complementing the share links: While 3.4% of respondents for whom we have Facebook small but growing body of literature on the fake news phenomenon."
2-s2.0-85060549676,Political science: Fake news on Twitter during the 2016 U.S.,9,0.7,"There were far more exposures the high volume of posts shared or consumed by crease in overall political exposures was associ- to red and orange sources than to black sources superspreaders of fake news, as well as indicators ated with doubling the proportion of exposures (2.4, 1.9, and 0.7% of aggr"
2-s2.0-85060549676,Political science: Fake news on Twitter during the 2016 U.S.,9,78.0,"the percentage of content from fake Fake news and the media ecosystem news sources in Extreme left We extracted relationships between news web- people’s news feeds N=1386, 78% sites according to a measure of shared audience (for people with any and identified distinct group structure in a net- fake "
2-s2.0-85060549676,Political science: Fake news on Twitter during the 2016 U.S.,9,6.0,Although 6% of people who shared URLs of misinformation and examine content from mation campaigns during key moments of the with political content shared content from fake new sites that emerge in the vicinity of fake democratic process.
2-s2.0-85066887935,A study of misinformation in whatsapp groups with a focus on,1,86.1,"We classified as Junk News and Information, the source analyzed the remaining 45,072 links and successfully labeled must fulfill at least three of these five criteria: 38,800 links, achieving 86.1% coverage of the dataset."
2-s2.0-85066887935,A study of misinformation in whatsapp groups with a focus on,1,33.0,"Media files simulate personal statements of citizens and specialists, (99,988) accounted for 33% of all messages collected (298,892) misleading the users."
2-s2.0-85066894147,What happened? The spread of fake news publisher content dur,3,61.0;68.0,"For instance, 68% and 61% of fake news and FT rump,i that correspond to the set of tweets that include (i) publishers had popularity strictly less than 100 for Trump and Clin- link to a traditional publisher and the word “Clinton”, (ii) link to ton respectively."
2-s2.0-85066894147,What happened? The spread of fake news publisher content dur,3,15.0,"The difference of −15% indicates to what degree emails was topic, we compute the fraction of times articles on that topic were a central theme of the fake news coverage and attention."
2-s2.0-85066894147,What happened? The spread of fake news publisher content dur,3,54.0,"Here, we show that fake news production diverges from Clinton, while approximately 54% of shares of traditional news traditional news in this context."
2-s2.0-85069463611,Analyzing textual (Mis)information shared in whatsApp groups,2,20.0,"According to Figure 1(a), and a fact summary s, represented by their TF-IDF vectors vm and 20% of the messages with misinformation have up to approximately vs , respectively, we computed their textual similarity by means of 15 words."
2-s2.0-85069463611,Analyzing textual (Mis)information shared in whatsApp groups,2,60.0,"Roughly 60% of whose cosine similarity with any of the fake fact summaries was both types of messages have up to 280 characters, and the medium above 0.4 was considered suspicious of carrying misinformation."
2-s2.0-85069463611,Analyzing textual (Mis)information shared in whatsApp groups,2,32.0;50.0,"Sen- 50% of the messages with misinformation have at least one URL, tiStrength is a well-established method that implements a combi- whereas only 32% of the other messages contain such links."
2-s2.0-85069463611,Analyzing textual (Mis)information shared in whatsApp groups,2,10.0;80.0,"In contrast, only 10% of the messages with misinformation contrast, 80% of the messages with unchecked content was shared are reshared within the same interval."
2-s2.0-85069463611,Analyzing textual (Mis)information shared in whatsApp groups,2,20.0,"Note that, for messages with misinformation, contrast, nearly half of the messages with misinformation were the longer time interval between successive shares of the same shared more than once, and 20% of them were shared more than 10 message may indeed contribute to the longer lifetimes observed in"
2-s2.0-85069463611,Analyzing textual (Mis)information shared in whatsApp groups,2,20.0;50.0,"Thus, the misinformation propagation patterns does 50% and 20% of the messages with misinformation and with un- seem to vary depending on the media type."
2-s2.0-85069463611,Analyzing textual (Mis)information shared in whatsApp groups,2,20.0,"In contrast, Figure 9(b) shows it takes for a message to first appear in different groups as well that crossing the group boundaries takes longer for messages with as the time interval since this first appearance and the following misinformation: in only 20% of the cases, they reappear in a differen"
2-s2.0-85069463611,Analyzing textual (Mis)information shared in whatsApp groups,2,9.0;29.0,"in the group 29% and 9% of messages with misinformation and unchecked content, respectively."
2-s2.0-85069463611,Analyzing textual (Mis)information shared in whatsApp groups,2,55.0;83.0,"Our study was driven by the goal of identifying properties groups, and is measured only for messages that were shared in at that distinguishing textual messages containing misinformation least two groups 83% and 55% of messages with misinformation from other textual messages whose content is uncheck"
2-s2.0-85069463611,Analyzing textual (Mis)information shared in whatsApp groups,2,50.0,"misinformation is more concentrated on fewer topics, related to As Figure 9(a) shows, in approximately 50% of the cases, a message presidential candidates and government projects."
2-s2.0-85073061780,Trustworthy health-related tweets on social media in Saudi A,1,50.0,They of 8 (50%) of the URLs cited in inaccurate tweets referred to met to explain their opinions to each other.
2-s2.0-85073061780,Trustworthy health-related tweets on social media in Saudi A,1,50.0,"In regard to the source of the URLs cited in inaccurate tweets, Construction Validity our findings indicated that news websites were the most cited Although there was a high degree of agreement between the (50%)."
2-s2.0-85074511992,Sourcing and Automation of Political News and Information Du,3,10.2,"In France, the winning party led the public conver- from Divisive and Conspiracy Source accounted for 10.2% sation, whereas in the United Kingdom and Germany, parties of shares."
2-s2.0-85078014559,Investigating Italian disinformation spreading on Twitter in,2,50.0,"In particular, with approximately 200k tweets (over 50% of the total volume) and 6k articles (about 1/3 of the total number), ""voxnews.info"" stands out on all other sources; this outlet spreads disinformation spanning several subjects, from immigration to health-care and conspiratorial theories, and"
2-s2.0-85078014559,Investigating Italian disinformation spreading on Twitter in,2,30.0;60.0,"the fraction of re-tweets compared to the number of pure tweets; as shown in Fig 5B this is strongly bi-modal, and it reveals that users sharing disinformation are mostly ""re-tweeters"": more than 60% of the accounts exhibit a re-tweeting activity larger than 0.95 and less than 30% have a re-tweeting"
2-s2.0-85078014559,Investigating Italian disinformation spreading on Twitter in,2,60.0,"The main referenced source of disinformation is ""voxnews.info"" with more than 60% (circa 12k tweets) of the total number of shared stories."
2-s2.0-85081743293,Exposure to untrustworthy websites in the 2016 US election,11,10.0,"Figure 2 shows how consumption of untrustworthy websites varies across these ten deciles, which range from the 10% of respondents who visit the most liberal websites to the 10% who visit the most conservative websites (on average)."
2-s2.0-85081743293,Exposure to untrustworthy websites in the 2016 US election,11,31.0;48.0;59.6;70.9;84.0;92.8;95.0,"The proportion of the sampled individuals who visited at least one untrustworthy conservative website ranges inconsistently from 31% to 48% across the first eight deciles of selective exposure from liberal to conservative, but rises steeply to 59.6% in the second most conservative decile (95% CI = 4"
2-s2.0-85081743293,Exposure to untrustworthy websites in the 2016 US election,11,10.0;18.1;20.9;22.1;25.3;95.0,The total amount of untrustworthy news consumption is also substantially greater in the top deciles; news from untrustworthy conservative websites made up 18.1% of news consumption among the second most conservative decile (95% CI = 14.1–22.1%) and 20.9% among the 10% of Americans with the most cons
2-s2.0-85081743293,Exposure to untrustworthy websites in the 2016 US election,11,15.1,Facebook was among the three previous websites visited by respondents in the previous 30 s for 15.1% of the articles from untrustworthy news websites that we observed in our web data (Fig.
2-s2.0-85081743293,Exposure to untrustworthy websites in the 2016 US election,11,18.6;25.7;49.0,We did Nature Human Behaviour | www.nature.com/nathumbehav Articles NATUre HUmAn BehAvioUr Estimated percentage of visits originating from referrer 30 No untrustworthy website exposure Untrustworthy website exposure 20 Untrustworthy websites Hard news Neither 10 0 Facebook Google Twitter 25.7% No fa
2-s2.0-85081743293,Exposure to untrustworthy websites in the 2016 US election,11,2.0;3.9;4.0,Google appears among the first three URLs visited in the 30 s after a visit for only 2.0% of visits to untrustworthy websites among Clinton and Trump supporters compared with 4.0% for visits to hard-news websites and 3.9% for visits to all other websites.
2-s2.0-85081743293,Exposure to untrustworthy websites in the 2016 US election,11,6.7,"First, we did not observe evidence that consumption of news from untrustworthy websites crowds out consumption of Nature Human Behaviour | www.nature.com/nathumbehav Fact-check exposure 6.7% Fig."
2-s2.0-85081743293,Exposure to untrustworthy websites in the 2016 US election,11,30.9;37.9;67.0;75.6;79.8;87.7;95.0,"For example, when we divided the population into terciles on the basis of total consumption of hard news, we found that the proportion of Trump supporters who visited untrustworthy conservative websites increased from 30.9% in the low tercile (95% CI = 23.8–37.9%) to 67.0% in the middle tercile (95%"
2-s2.0-85081743293,Exposure to untrustworthy websites in the 2016 US election,11,93.0,"Reassuringly, we found that more than 93% of articles from any of the three untrustworthy categories (black, red and orange) were determined to be false, a proportion that is substantially higher than what we observed for articles from domains that were not in these categories."
2-s2.0-85083965254,Internet users engage more with phatic posts than with healt,1,5.7;27.9;66.2,"Then, to better us to observe that over a year—from September 1, 2018 to August gauge the potential noxiousness of Santé + Mag’ posts, we also 31, 2019—Santé + Mag published on average 709 posts per evaluated whether each post classiﬁed as health misinformation month, containing 66.2% of articles, 2"
2-s2.0-85083965254,Internet users engage more with phatic posts than with healt,1,24.0;66.6,"With 66.6% of articles, 24.0% of distinguished two categories of health misinformation."
2-s2.0-85083965254,Internet users engage more with phatic posts than with healt,1,9.4,"(1) On the photos, and 9.4% of videos, the sample we collected contains one hand, harmful health misinformation that delivered similar proportions—suggesting that it is a representative sample unfounded medical recommendations (e.g."
2-s2.0-85083965254,Internet users engage more with phatic posts than with healt,1,3.1,"The model explained only 3.1% of the variance in interactions (adjusted R2 = 0.03, F(1, 498) = 17.32, p < 0.0001) and health misinformation was a negative predictor of interactions (β = −0.52, t(498) = −4.16, p < 0.001)."
2-s2.0-85083965254,Internet users engage more with phatic posts than with healt,1,10.7;14.3,"In fact, only 14.3% of the total of interactions came from health misinformation, and this proportion can even be lowered to 10.7% if we only consider health misinformation that could be potentially harmful."
2-s2.0-85083965254,Internet users engage more with phatic posts than with healt,1,3.0;12.0;48.0,"In an exploratory analysis of 4737 comments generated by the ﬁve most commented posts of our sample classiﬁed as potentially harmful health misinformation, we found that only 3% of the comments reﬂected an approval of the content, that 12% express a criticism, and that most comments (48%) were jokes"
2-s2.0-85083965254,Internet users engage more with phatic posts than with healt,1,52.8,ducting ﬁner-grained studies on the issue of health misinforma- The results of the regression indicated that the model with the tion to measure precisely the importance of the phenomenon on ten predictors explained 52.8% of the variance in interactions social media.
2-s2.0-85083965254,Internet users engage more with phatic posts than with healt,1,55.0;66.1,"As our analysis of the ﬁve most emotional valence catalyzed each 66.09% and 55% of the total commented health misinformation posts showed, interaction number of interactions, respectively."
2-s2.0-85084031148,"Fiction, Falsehoods, and Few Facts: Cross-Sectional Study on",1,29.0,"[PDF File (Adobe PDF File), 25 KB-Multimedia Appendix 6] Multimedia Appendix 7 (A) Classification of the videos (n=100) into “useful,” “misleading,” and “neither nor,” with further subdivision of “misleading” into ""potentially harmful” and “not harmful” (not harmful = 48 misleading videos minus pote"
2-s2.0-85085201199,YouTube as a source of information on COVID-19: A pandemic o,2,25.0,"In comparison with these sources, profes- lights that over 25% of YouTube’s most viewed English sional and government videos demonstrated higher videos contained non-­factual or misleading information, accuracy, usability and quality across all measures but reaching over 62 million views and nearly "
2-s2.0-85085573221,The infodemics of COVID-19 amongst healthcare professionals ,4,75.0,"Seventy- two percent of participants agreed that spread of information helped to contain COVID-19, but more than that 75% agreed to having received inaccurate information."
2-s2.0-85085573221,The infodemics of COVID-19 amongst healthcare professionals ,4,42.2,the novel virus across countries but also been a source of worry It was assumed that 42.2% of the respondents would be due to the spread of misinformation.
2-s2.0-85085573221,The infodemics of COVID-19 amongst healthcare professionals ,4,26.7;47.2,"‘Social media’ and ‘family and friends’ were ranked first and second, respectively, as sources of Discussion misinformation by majority of respondents (47.2% and 26.7%, respectively)."
2-s2.0-85085573221,The infodemics of COVID-19 amongst healthcare professionals ,4,68.1,"At the national level, estimated from the fact that 68.12% of respondents in the various official government portals led by the Ministry of present study identified receiving information they deem to Health and Family Welfare, Govt of India, are providing up-to- be partially or completely inaccurate"
2-s2.0-85085573221,The infodemics of COVID-19 amongst healthcare professionals ,4,70.0,"Of all, 70.02% of those who reported WHO/CDC and provide links to the same on other popular receiving inaccurate information named ‘WhatsApp’ as the websites on the Internet.6 main source."
2-s2.0-85085573221,The infodemics of COVID-19 amongst healthcare professionals ,4,50.0,"What is more striking is that even about the importance of information as compared with amongst medical professionals, almost 50% of the re- misinformation will emerge."
2-s2.0-85086031086,Dysfunctional information sharing on WhatsApp and Facebook: ,4,25.0,"As shown in Table 1, 25% of respondents acknowl- edged having shared misinformation accidentally on Facebook and on WhatsApp, t(2733) = −0.23, p = 0.8, d = 0.01 (MWA = 1.684, MFB = 1.680)."
2-s2.0-85086160482,Evidence-based analysis of online consumer information about,2,9.0;29.0,"In addition, we characterized the accuracy of and greater proportion than reported in similar studies about evidence for claims presented on PAE-related websites and kidney stone disease and BPH in general, which indicated videos, demonstrating that over half of videos discussing that academic insti"
2-s2.0-85089119559,Evaluating smart assistant responses for accuracy and misinf,4,29.1,"The type of content provided in the frequencies and chi-square difference tests were used to examine smart assistant responses varied, with videos provided in 30 out the levels of accuracy and misinformation among the smart of 103 (29.1%) responses, driven entirely by Cortana, which assistants."
2-s2.0-85089426034,Evaluation of Korean-language COVID-19-related medical infor,1,82.0,"In this study, we analyzed the 200 most popular videos uploaded In this study, most of the misleading information was delivered between January 1, 2020, and April 30, 2020, which comprised by independent users (32/39, 82.05%)."
2-s2.0-85089627303,Social media sensationalism in the male infertility space: A,1,43.0;57.0,High-engagement articles hosted Two medical student reviewers with curricular on alternative media websites were more accurate (57%) training in critical evaluation of the literature inde- compared to misleading/inaccurate (43%).
2-s2.0-85089627303,Social media sensationalism in the male infertility space: A,1,50.0,"Content was classified as misleading emerged as the most popular search term, captur- if it contained a combination of accurate and inaccu- ing 50% of the total engagement across all platforms."
2-s2.0-85089627303,Social media sensationalism in the male infertility space: A,1,24.0;90.0,"The comprised 24% of total engagements, and 90% of these study draws no conclusions about human fertility, yet links were graded as misleading."
2-s2.0-85091698994,The Diffusion of Mainstream and Disinformation News on Twitt,2,10.0,Disinformation and social bot operations in the run up to of the total share of news in Italy and 10% in France.
2-s2.0-85092013677,Quality of Bladder Cancer Information on YouTube[Formula pre,2,21.0,A moderate to high amount of misinformation was present in 21% of videos and reached 1 289 314 viewers.
2-s2.0-85092013677,Quality of Bladder Cancer Information on YouTube[Formula pre,2,17.0,"Commercial bias was apparent Misinformation in 17% of videos, which reached 324 287 viewers."
2-s2.0-85092013677,Quality of Bladder Cancer Information on YouTube[Formula pre,2,33.0;71.0;100.0,"However, the median under- Actionability 33% (0–100%) Understandability 71% (0–100%) standability and actionability of videos were 71% and 33%, Misinformation score, no."
2-s2.0-85092013677,Quality of Bladder Cancer Information on YouTube[Formula pre,2,20.0,"Unfortunately, much of the content is of section for only one video; however, the comments section moderate to poor quality and presents a risk of exposure to was sometimes used to request medical advice (20%), misinformation."
2-s2.0-85092013677,Quality of Bladder Cancer Information on YouTube[Formula pre,2,28.0;78.0,"poor in 78% of the videos, and 28% had misinformation."
2-s2.0-85092013677,Quality of Bladder Cancer Information on YouTube[Formula pre,2,29.0,"Our finding of Oncology, Natera, FKD, Ferring, EnGene Bio, SesenBio, BioCanCell, Nucleix, misinformation in 29% of the top bladder cancer videos Ipsen, Combat Medical, Astellas, Fergene, Dendreon, Abbvie, and Seattle on YouTube is in line with previous studies showing that Genetics; has equity stock"
2-s2.0-85092483799,Breast cancer prevention and treatment: Misinformation on pi,1,42.0;70.0,"H ealth misinformation presents an in- creasingly complex problem in online and social media spaces.1–3 Misinformation can followers per pin, after travel and education.10 The platform’s user base is 70% female, and Misinformation Types Wardle distinguishes 7 types of mis- and disinformation: satire"
2-s2.0-85092483799,Breast cancer prevention and treatment: Misinformation on pi,1,71.4,"Pins containing misinformation linked PROBLEM STATEMENT theory to be a claim about breast cancer that overwhelmingly to blogs (71.4% of the time), The prevalence, typology, content, and invoked secrecy by powerful groups or with much smaller proportions linking to sourcing of misinformation about br"
2-s2.0-85092483799,Breast cancer prevention and treatment: Misinformation on pi,1,42.5;49.4,"For posts found to recommended age to 45 years, with mam- information have led to such posts being contain no misinformation, 42.5% related to mograms elective from 40 to 44 years.28 Some taken down before other types of misinfor- prevention, 49.4% related to treatment, and of the less-common conten"
2-s2.0-85095594211,COVID-19 misinformation: Accuracy of articles about coronavi,2,96.8,Social media Misinformation Results: The top 30 articles about coronavirus prevention were shared 4904 160 times over a period of Public health one month with 96.8% of all shares through Facebook.
2-s2.0-85095594211,COVID-19 misinformation: Accuracy of articles about coronavi,2,64.0;80.0,"We clas- While 80% of articles on coronavirus prevention out of the top siﬁed each article as either “accurate”, “misleading” or “inaccurate” 30 most shared (24/30) were accurate, they accounted for rela- using the following criteria: “accurate” publications had to be con- tively less shares (64%)."
2-s2.0-85096102360,Associations between COVID-19 misinformation exposure and be,3,95.0,7 (page number not for citation purposes) XSL• FO RenderX JOURNAL OF MEDICAL INTERNET RESEARCH Lee et al Variables Misinformation exposure (yes/no) Crude odds ratio (95% CI) Adjusted odds ratio (95% CI)b No Reference Reference d Yes 1.38 (1.03-1.84) 1.47 (1.09-2.00)d Posttraumatic stress disorder sy
2-s2.0-85096102360,Associations between COVID-19 misinformation exposure and be,3,95.0,"Variables Participants, n (%) Misinformation belief (yes/no) Crude odds ratio (95% CI) Adjusted odds ratio (95% CI)b Knowledge Low (0-24) 259 (36.44) Reference Reference High (25-35) 452 (63.56) 0.59 (0.44-0.80)c 0.62 (0.45-0.84)c Preventive behaviors 0-6 behaviors 305 (42.82) Reference Reference ≥7"
2-s2.0-85096102360,Associations between COVID-19 misinformation exposure and be,3,70.0,"Such where 70% of respondents reported misinformation exposure characteristics would expose young people to more COVID-19 during the 2018 Ebola virus epidemic, affirming a substantial misinformation and information."
2-s2.0-85096714006,Intentional or inadvertent fake news sharing? Fact-checking ,7,84.6,"A Principal Axis Factoring with Oblimin Rotation (Table 3) indicates two distinct factors accounting for 84.56% of the variance: a 2-item measure of unintentional fake news sharing, and a 3-item measure of intentional fake news sharing, which suits our theoretical expectations."
2-s2.0-85096862559,Mobile phones in the spread of unreliable information on Twi,12,20.3,"During the 2017 campaign, the website represented 20.32% of the unreliable references in our corpus shared from a mobile phone."
2-s2.0-85097561204,Infodemia: Another enemy for romanian frontline healthcare w,1,19.0;23.0;30.0,"People distrust doctors and the medical system because they are misled by fake news.” (23% of the respondents), “It affects me emotionally.” (30% of the participants), and “It creates confusion.” (19% of the respondents)."
2-s2.0-85097940672,Analyzing Public Opinion and Misinformation in a COVID-19 Te,1,40.0,"annotated Telegram messages, yielding 14 730 mes- However, fact-checkers have limited resources and sages expressing disbelief, which is 40% of all mes- cannot check all content."
2-s2.0-85099807131,Application of unsupervised machine learning to identify and,1,1.0,"We observed a sharp increase in the volume Common themes included users reposting the Breibart of hydroxychloroquine-related tweets immediately after video with supportive comments and demanding access President Trump’s misinformation retweet, resulting in to hydroxychloroquine, such as circulating "
2-s2.0-85099807131,Application of unsupervised machine learning to identify and,1,7.0,"Other common themes able to review 174 600 tweets and retweets from the included users making claims of undue censorship of pre-period and 1 063 399 tweets and retweets from the positive hydroxychloroquine information by the media post-period, constituting 44·7% (n=1 237 999) of the and government o"
2-s2.0-85099807131,Application of unsupervised machine learning to identify and,1,4.0,"(eg, #FauciTheFraud, #HCQWorksFacuiKnewIn2005, After analysing the content, 1 044 794 (84·4%) and #BillGatesBioTerrorist, and a tweet claiming of the 1 237 999 reviewed tweets were identified as association with the conspiracy theory group QAnon), including hydroxychloroquine misinformation topics."
2-s2.0-85100947948,Spanish adolescents and fake news: level of awareness and cr,1,77.0,"Spanish adolescents and fake news / Los adolescentes españoles frente a las fake news 3 Disinformation in youths Youths are more likely to say that they find fake news, as claimed by 77% of the respondents (aged 15–24) in the Eurobarometer (Eurobarometer, 2018)."
2-s2.0-85100947948,Spanish adolescents and fake news: level of awareness and cr,1,25.0,"It is interesting that 25% of the children said that if the news story has a confusing title which encourages them to click on the link, it is probably fake news."
2-s2.0-85100947948,Spanish adolescents and fake news: level of awareness and cr,1,50.0;75.0,"On the other hand, in terms of the actions that the adolescents take if they find fake news (hoaxes, lies, etc.) on the Internet (Figure 2), focusing on whom they would notify, more than 75% of the respondents say that they would tell a friend, approximately 50% say parents or a family member and 75"
2-s2.0-85100947948,Spanish adolescents and fake news: level of awareness and cr,1,70.0,"relation to how they would report this fake news, we find approximately the same trend in all the items, with around 70% of the subjects who would not report it or are not sure whether they would."
2-s2.0-85101834091,YouTube as a source of information on gout: a quality analys,1,36.8,"There was no significant of the videos on YouTube had been posted by physicians difference in the mean number of likes and comments and (n = 42, 36.84%), followed by health information websites video length between the useful and misleading videos."
2-s2.0-85101834091,YouTube as a source of information on gout: a quality analys,1,6.1;36.8,"between the useful and misleading videos, which is consist- According to sources, the majority of the videos had been ent with previous studies on Sjogren’s syndrome, rheuma- uploaded by physicians (36.84%) while independent users toid arthritis, spondyloarthritis, and systemic lupus erythe- had pos"
2-s2.0-85101834091,YouTube as a source of information on gout: a quality analys,1,17.5,"However, previous studies displayed Academic institutions/professional organizations had variations in viewership between useful and misleading uploaded 17.54% of the total videos, which is slightly higher videos."
2-s2.0-85101873459,"Social media engagement, perpetuating selected information, ",2,45.0,"Medical necessity for surgery was defined in information and had misleading medical statements, 45% of articles."
2-s2.0-85102849802,Disinformation in facebook ads in the 2019 spanish general e,1,14.2;20.1,"Of the total number of ads, 14.22% (ris- content is misleading or directly false); 4) and contains ing to 20.14%, when including the VIAs) belonged to facts (their interpretation may sometimes be more or this category."
2-s2.0-85103851008,The Role of the Crowd in Countering Misinformation: A Case S,1,67.0,"Also, we find that 67% of and they do not consider the textual information of the tweet tweets that counter misinformation do not contain URL- or conduct a downstream analysis."
2-s2.0-85103851008,The Role of the Crowd in Countering Misinformation: A Case S,1,1.0,Since the streaming API only collects 1% of the professional fact-checkers tweets.
2-s2.0-85103851008,The Role of the Crowd in Countering Misinformation: A Case S,1,33.0,"On professional fact-checks is always significantly lower than that the other hand, only 33% of citizen response tweets have of the other groups."
2-s2.0-85103851008,The Role of the Crowd in Countering Misinformation: A Case S,1,4.0,"Second, we find that for 5G, the volume of URLs, out of which only 4% point to fact-checking websites, misinformation tweets is comparable to the volume of counter- showing the low use of the work done by professional fact misinformation tweets (Wilcoxon pairwise comparison p > checkers."
2-s2.0-85104228138,Correction Experiences on Social Media During COVID-19,2,22.3,Nearly a quarter of our respondents (22.3%) reported cor- recting someone else who shared misinformation on social media.
2-s2.0-85104571399,An Evaluation of the Readability and Content-Quality of Pelv,1,75.0,"High quality transcripts had a high standard of content (DISCERN score >3), low misinformation (DISCERN score <3), high shared decision-making (DISCERN score >3), no commercial bias, and high PEMAT scores (>75%) for under- standability and actionability."
2-s2.0-85105454127,Partisan Polarization Is the Primary Psychological Motivatio,3,86.0,"While this number may seem low, note that almost 86% of all shared fake news sources originated from one of these 42 domains for which we have partisan ratings."
2-s2.0-85106448562,How social media comments inform the promotion of mask-weari,2,60.0,"Of the comments that were coded as conspiracy, over 60% mentioned political motivations, government dishonesty, or government overreach."
2-s2.0-85107396751,Youtube as a source of information on epidural steroid injec,1,16.7;66.7,"Of the six videos produced by media org anizations, four (66.7%) were useful, one (16.7%) was misleading, and the other one (16.7%) was neither useful nor misleading."
2-s2.0-85108101418,Content analysis of korean videos regarding restless legs sy,1,23.0,"ever, a recent study evaluating English-speaking YouTube vid- Regarding video content, symptoms and signs were mostly eos on RLS found that 23% of the videos provided misleading covered in both reliable and misleading videos."
2-s2.0-85108101418,Content analysis of korean videos regarding restless legs sy,1,47.6,"ing videos in this study, the overall quality of the reliable videos 47.6%; p < 0.001) than low-quality videos (Supplementary Table was insufficient."
2-s2.0-85111017779,To share or not to share – The underlying motives of sharing,1,49.2,"Structured equation modelling revealed the fake news sharing model to collectively account for 49.2 % of the variance, with Altruism (β = 0.333; p < 0.001), Ignorance (β = 0.165; p < 0.001) and Entertainment (β = 0.139; p < 0.001) significantly predicting the behaviour."
2-s2.0-85111017779,To share or not to share – The underlying motives of sharing,1,11.6;88.4,Most of the respondents in our sample actively shared Altruism as the strongest motive predicting fake news sharing behavior news (88.4 %) compared to those who never do so (11.6 %).
2-s2.0-85111017779,To share or not to share – The underlying motives of sharing,1,49.2,"Other than Our findings indicate the fake news sharing model had an excellent public campaigns and advertisements, other interesting avenues predictive relevance, with all six motives accounting for 49.2 % of the should be explored such as gaming applications."
2-s2.0-85114012653,Quality of healthcare information on YouTube: psoriatic arth,2,26.3,"Of the total 19 videos regarding patients’ per- Results General characteristics of the videos sonal experience, ﬁve (26.3%) contained misleading information (."
2-s2.0-85115631663,Different types of COVID-19 misinformation have different em,1,25.0,"3 that ∼25% of the analyzed tweets include misinformation, valence of tweets could affect the spread of misinformation."
2-s2.0-85115631663,Different types of COVID-19 misinformation have different em,1,29.0,"Using our studies directly comparing the emotional valence of misin- keyword classiﬁer, only 29% of the tweets were actually formation to the emotional valence of information, in order related to misinformation, which led us to complement to account for the inherent valence of speciﬁc topics."
2-s2.0-85115858008,A Study of Misinformation in Audio Messages Shared in WhatsA,1,5.0;9.0,"Overall, most volunteers said they would not share any of the audios with friends or family: indeed, for audios with misinformation, only 9% of the volunteers mentioned that they would share them, whereas, for audios with unchecked content, this fraction drops to 5%."
2-s2.0-85115858008,A Study of Misinformation in Audio Messages Shared in WhatsA,1,72.0,"Indeed, some type of instruction to be executed by the listener (e.g., share the audio in more groups) was reported in 72% of the cases of audios with misinformation."
2-s2.0-85115858008,A Study of Misinformation in Audio Messages Shared in WhatsA,1,20.0;80.0,"3e shows that audios with misinformation tend to be shared a much larger number of times: 20% of them were shared more than 13 times, while 80% of the audios unchecked content had a maximum share count of only two."
2-s2.0-85117399204,Vaccine Hesitancy and Exposure to Misinformation: a Survey A,1,36.3;38.5;42.8,"The most commonly iden- tified misinformation themes included claims that COVID-19 Gendera Female 193 (61.9) 119 (38.1) vaccines contain a “live strain” of the virus (42.8%), COVID- Male 193 (67.0) 95 (33.0) 19 vaccines contain 5G microchips (38.5%), COVID-19 vac- Ageb cines modify people’s genes an"
2-s2.0-85117399204,Vaccine Hesitancy and Exposure to Misinformation: a Survey A,1,73.8,"Among those who did not Non-Hispanic 290 (64.6) 160 (35.6) Racea report any exposure to misinformation, 73.8% of respondents African American 61 (57.5) 45 (42.5) were vaccinated (Table 4)."
2-s2.0-85117399204,Vaccine Hesitancy and Exposure to Misinformation: a Survey A,1,61.9;67.0,"For seven of the were observed among males (67.0% compared to 61.9% of eight misinformation themes, vaccination rates were higher females)."
2-s2.0-85117399204,Vaccine Hesitancy and Exposure to Misinformation: a Survey A,1,20.6,"results suggest that misinformation may play a very important Interestingly, 20.6% of the survey respondents felt that role in vaccination status."
2-s2.0-85117399204,Vaccine Hesitancy and Exposure to Misinformation: a Survey A,1,32.3,"institutional communications for promoting public health Additionally, we rely on a proxy measure for overall mis- guidance.36 However, only 32.3% of respondents to this sur- information exposure which is constructed from eight specific vey reported having a conversation with their own primary misin"
2-s2.0-85118574992,Local Perceptions and Practices of News Sharing and Fake New,4,40.4;43.9;50.9,"They include sending a correction message to those whom 35-44 y/o 7 Others 4 they have shared the news with (50.9%, 𝑛 = 29), sending a warn- >45 y/o 3 ing message to inform others of the presence of the fake news (40.4%, 𝑛 = 23), or simply not doing anything (43.9%, 𝑛 = 25)."
2-s2.0-85121019757,Research note: Examining potential bias in large-scale censo,2,10.0;38.0;52.0,"In that month of the Facebook dataset, we found that 10% of clicks went to fake news, 38% of clicks went to not-fake news, and 52% of clicks went to not-news sites (shown in Column B in Table 1)."
2-s2.0-85121019757,Research note: Examining potential bias in large-scale censo,2,5.1;7.4;45.0,"While most of the change occurred from 0 to 1 share, the percent of all URL content that was fake news also increased from 5.1% to 7.4% –a 45% increase–as the threshold changed from 1 CrowdTangle share to 100."
2-s2.0-85121019757,Research note: Examining potential bias in large-scale censo,2,2.6;24.0;73.0,"In particular, we 1) de-duplicated clicks from Facebook at the user-URL level and 2) restricted to the set of URLs that contained the “fbclid” parameter and were immediately preceded by a visit to “facebook.com.” We found almost identical results to our main text, with 2.6% of clicks going to fake n"
2-s2.0-85122094954,Evaluation of YouTube Videos as a Source of Information on N,1,8.6,(22) studied the quality of videos about Sjörgen’s Syndrome on YouTube and concluded that 6 (8.6%) of the videos were misleading which is in line with our results.
2-s2.0-85123475265,E-Cigarette-Related Nicotine Misinformation on Social Media,1,21.6,Misinformation theme: Anti-vaping exaggeration Anti-vaping exaggeration was found in 21.6% (n=195) of tweets in which information was presented (Table 2).
2-s2.0-85123475265,E-Cigarette-Related Nicotine Misinformation on Social Media,1,16.6,Misinformation theme: Pro-vaping exaggeration Pro-vaping exaggeration was found in 16.6% (n=150) of tweets in which information was presented (Table 2).
2-s2.0-85123475265,E-Cigarette-Related Nicotine Misinformation on Social Media,1,9.3,"Of the users classified as bots, only 10 (9.3%) were coded as sharing misinformation."
2-s2.0-85123475265,E-Cigarette-Related Nicotine Misinformation on Social Media,1,40.0,"Discussion In this study of ENDS-related messages on Twitter, approximately 40% of tweets that presented informational statements about nicotine or addiction contained potential misinformation in one of four categories."
2-s2.0-85123882276,Social media engagement with transgender fertility content,1,20.0;80.0,"For 2019– 2020, 80% of the articles were graded as accurate and 20% as misleading or inaccurate."
2-s2.0-85124307830,"Misinformation, believability, and vaccine acceptance over 4",6,48.6,"Our results reveal that 48.6% of participants were exposed to fact-checks on the Drugs rumor, which had spread the highest."
2-s2.0-85124307830,"Misinformation, believability, and vaccine acceptance over 4",6,25.0,Fact-checks for all other claims had been seen by no more than 25% of respondents on average.
2-s2.0-85124823821,Demographic representation of COVID-19 social media and info,1,59.7,"Public media were the primary source of inaccurate information, health communication during these periods, especially on while 59.7% took action to verify the accuracy of the social media, aims to encourage individuals to improve information received on protection."
2-s2.0-85124823821,Demographic representation of COVID-19 social media and info,1,59.7,"About 59.7% (633/1061) checked significant role in the creation, production, distribution and the validity of the information received on authorized re-production of misinformation."
2-s2.0-85124823821,Demographic representation of COVID-19 social media and info,1,12.3,"Globally, the management of the COVID-19 pandemic In comparison, 12.3% (130/1061) shared the information has been potentially influenced by misinformation."
2-s2.0-85125507154,TikTok and Attention-Deficit/Hyperactivity Disorder: A Cross,1,71.0,"Of the 52 misleading videos, 37 videos (71%) mis- conﬂicts of interest disclosed), and (4) currency (dates that attributed transdiagnostic psychiatric symptoms as being spe- content was posted and updated are indicated)."
2-s2.0-85127039075,YouTube as a source of misinformation on COVID-19 vaccinatio,2,27.5,Misinformation that 27.5% of the most viewed YouTube videos on regarding the safety and efficacy of COVID-­19 vaccines COVID-­19 contained misinformation.
2-s2.0-85128357498,COVID-19 Induced Misinformation on YouTube: An Analysis of U,2,1.0;1.1,"In more detail, Table 7 demonstrates that DISCUSSION an increase of 1% in the number of comments on videos of the Epoch Times YouTube channel, on average, leads to a 1.05% Public discourse has always had its share of misinformation increase in the number of fake comments."
2-s2.0-85128357498,COVID-19 Induced Misinformation on YouTube: An Analysis of U,2,0.5,"Finally, As discussed earlier, the ratio of the number of users posting because this is a single-platform study based on data from sheer misinformation comments to those who post exclusively one social network and deliberately examines the divisive issue legitimate comments has increased by 0.5% eac"
2-s2.0-85129109345,COVID-19 and Vitamin D Misinformation on YouTube: Content An,1,80.0,"In addition to qualitative content analysis, we calculated simple When examining accuracy by account type, we found that most descriptive statistics to investigate the prevalence of of the useful videos were shared by medical professional misinformation in our collected videos, as well as whether ac"
2-s2.0-85129109345,COVID-19 and Vitamin D Misinformation on YouTube: Content An,1,53.0;90.0,"Relevant Further, 41 (53%) of the 77 videos included comments on the statements included suggestions that the global COVID-19 ability of vitamin D to treat or cure COVID-19, and 37 (90%) pandemic is actually a “pandemic of insufficient vitamin D of these contained misleading information on this topi"
2-s2.0-85129632573,The Prevalence and Impact of Fake News on COVID-19 Vaccinati,2,39.3,The Johnson-Neiman plot of the adjusted effect for the interaction term showed that the Google Trends level had a significant negative adjustment effect on vaccination doses for the following week when the proportion of fake news exceeded 39.3%.
2-s2.0-85129632573,The Prevalence and Impact of Fake News on COVID-19 Vaccinati,2,37.4;39.3,"During the study interval, the fake news percentage threshold was 37.4%, which was the zero-crossing coefficient of the Google Trends level and was statistically significant when it reached 39.3%."
2-s2.0-85129632573,The Prevalence and Impact of Fake News on COVID-19 Vaccinati,2,35.6;35.9;36.3;95.0,"One reason for this increase might be the official announcement of the community spread of COVID-19 in Taiwan on May 15, 2021, although there was no specifically significant increase in the fake news percentage for the following 2 weeks (26,447/73,669, 35.9%; 95% CI 35.6%-36.3%)."
2-s2.0-85130071721,Should Emergency Physicians and Nurses Direct Their Patients,1,14.9,"This ratio was not reported in other studies; however, patients might have considered YouTube a free, easily acces- our study found that 10 videos (14.9%) of the misleading sible educational tool."
2-s2.0-85130071721,Should Emergency Physicians and Nurses Direct Their Patients,1,2.9;59.5,"A to- research on the validity, reliability, and popularity of the tal of 59.5% of the videos in the Useful Information group videos on YouTube after the pandemic, it is plausible that had nurses or physicians as presenters, whereas they created the pandemic context resulted in higher numbers of vie"
2-s2.0-85130071721,Should Emergency Physicians and Nurses Direct Their Patients,1,95.0,"The videos observed that our ﬁndings generally corroborated previous uploaded by patients have low GQS, and videos uploaded research.22,23 Unlike in the study by Yilmaz Ferhatoglu and by patients constituted 95% of the videos in the Misleading Kudsioglu,13 in our research, there was no signiﬁcant di"
2-s2.0-85130071721,Should Emergency Physicians and Nurses Direct Their Patients,1,41.6,"Online health However, 41.6% of the LMWH self-injection videos information-seeking among older women with chronic illness: analysis reviewed in the study contained misleading information."
2-s2.0-85131073869,Misinformation and professional news on largely unmoderated ,1,7.0;9.0;19.0,"For example, almost all of the professional sources in our sample reached between 9%-19% of the US audience, while the most promi­ nent misleading source according to Reuters Institute’s study (Newman, Fletcher, Kalogeropoulos, & Kleis Nielsen, 2019), Breitbart, reached only 7% of the audience, with"
2-s2.0-85131073869,Misinformation and professional news on largely unmoderated ,1,3.0,"Only 3% of the posts with hyperlinks in them contained links to either the professional news or misleading sources in our study: the majority linked to other websites, mostly in other languages such as Farsi, Russian and Arabic."
2-s2.0-85131073869,Misinformation and professional news on largely unmoderated ,1,34.0;100.0,"If we examine the proportion of sources in the group (Model 3.2), we can see that as the pro­ portion of misleading sources in a channel goes up, so does the activity level of the channels: a channel with 100% of all its sources being misleading would be about 34% more active on average than a chann"
2-s2.0-85131254702,COVID-19 Vaccine Hesitancy: Analysing Twitter to Identify Ba,1,10.0,83 tweets (just under 10% of the initial sample) were identified as tweets that contained misinformation (see Figure 3).
2-s2.0-85131270595,COVID-19 vaccine misinformation in English-language news med,2,15.1;26.6,"contained at least one mention of a safety theme, followed Even before the declaration of the by development, production, and distribution (26.6%), and COVID-­ 19 pandemic in March 2020, the conspiracies (15.1%)."
2-s2.0-85131270595,COVID-19 vaccine misinformation in English-language news med,2,4.3;15.1;26.6,"We carried out qualitative assessments of articles distribution (hereinafter ‘development’; 11 114 articles published at the time of peaks in reach and described or 26.6%), conspiracies (6289 articles or 15.1%), morality what the outlets studied were publishing during those and ethics (1806 articles"
2-s2.0-85131270595,COVID-19 vaccine misinformation in English-language news med,2,23.2,"The most common subthemes also described the reach of the randomly selected vaccine were general side effects (9693 articles or 23.2%) and misinformation articles, including their trends over time."
2-s2.0-85131270595,COVID-19 vaccine misinformation in English-language news med,2,3.0;4.0;8.7;31.6,"However, viewed as a percentage Of the 500 articles identified as related to vaccine of all vaccine articles, misinformation-­containing articles misinformation by our Boolean string and randomly were a higher percentage from July to mid-­October 2020, selected for coder review, 158 (31.6%) were det"
2-s2.0-85131270595,COVID-19 vaccine misinformation in English-language news med,2,47.2;52.0,"One hundred (related to anti-­vaccine protests and comments by the US and forty-­four articles (52.0%) contained more than President) and in conspiracy in January–February associ- one theme, most commonly development combined ated with a pharmacist in Wisconsin, USA who intention- with safety (47.2%"
2-s2.0-85131270595,COVID-19 vaccine misinformation in English-language news med,2,1.7;3.0;4.9;54.8;95.0,"Together, articles that our search string and 15 articles in our random subset had at least one mention of development had 54.8% of all of 500 (3.0%; 95% CI 1.7% to 4.9%) contained primary reach in the 277 articles in the study period, while those misinformation."
2-s2.0-85131270595,COVID-19 vaccine misinformation in English-language news med,2,5.5,"doi:10.1136/bmjopen-2021-058956 Open access Primary misinformation represented 5.5% of all reach, who was the largest driver of the COVID-­19 misinforma- similar to its percentage of articles."
2-s2.0-85131270595,COVID-19 vaccine misinformation in English-language news med,2,2.8;10.8;80.8,"online media use correlated with accurate beliefs about the Overall, in the first half of the study, articles from the nature and lethality of COVID-­19, while use of conserva- USA had 80.8% of reach, compared with 10.8% from the tive media correlated with conspiracy theories about the UK, and 2.8% "
2-s2.0-85131270595,COVID-19 vaccine misinformation in English-language news med,2,11.0;39.0,"dropped from 39% in mid-­November 2020 to 11% in CONCLUSION mid-­April 2021 as the country’s vaccination programme COVID-­19 vaccine misinformation in traditional media is advanced, according to YouGov public opinion polling.25 uncommon but has the capacity to reach large numbers Given the predomina"
2-s2.0-85133302916,WhatsApp and audio misinformation during the Covid-19 pandem,2,41.8,Content related to Covid-19 and identified as non-misinformation was characterized by relying mainly on the use of the “image with text” format (41.8%) and aimed at improving knowledge related to the pandemic.
2-s2.0-85134426953,Cancer Misinformation and Harmful Information on Facebook an,2,76.9,"Among articles containing misinformation, 76.9% (50 of The experts used two 5-point Likert scales per article 65) contained harmful information."
2-s2.0-85134426953,Cancer Misinformation and Harmful Information on Facebook an,2,28.8,"This tained misinformation, most commonly described as mislead- could result in a perpetuation of harmful misinformation, par- ing (title not supported by text, statistics/data that did not ticularly within information silos curated for individuals sus- support the conclusion [28.8%, 111 of 386]), s"
2-s2.0-85134489939,Evaluation of YouTube videos as sources of information about,1,30.4,"Ultimately, according to our study data, to arthritis, 30.4% of the videos were found to be misleading, contain better information about CRPS, the internet needs including misinformation on the general pathogenesis of more videos with high content quality."
2-s2.0-85135254144,Exploring content of misinformation about HPV vaccine on twi,1,14.0;19.0;59.0,"The most prevalent categories of disinforma- Social media tion/misinformation were (1) adverse health effects (59%), (2) mandatory vaccination (19%), and (3) inefficacy of the vaccine (14%)."
2-s2.0-85135254144,Exploring content of misinformation about HPV vaccine on twi,1,15.0;95.0,Approximately 15% (n = 134/931) of Tweets 6.4 times the rate of audience engagement overall (95% contained misinformation about pharmaceutical companies CI 6.39–6.64) vs.
2-s2.0-85135254144,Exploring content of misinformation about HPV vaccine on twi,1,17.0;23.0;51.0,"Tweets containing misinformation in the “other quently occurring (51% of Tweets), followed by the vaccine category”, misinformation that stated the vaccine is inef- causing death (23%) and the vaccine causing cancer (17%) fective, and adverse health-related misinformation also had (Fig."
2-s2.0-85135857201,Misinformation of COVID-19 vaccines and vaccine hesitancy,1,30.0,"For example, over 30% of participants answered “true” for the following false statement: COVID-19 vaccines can give you COVID-19."
2-s2.0-85135857201,Misinformation of COVID-19 vaccines and vaccine hesitancy,1,15.0;25.0,More than 25% of participants answered “it can be safer to get a disease than to get its vaccine” or “COVID-19 vaccines can cause infertility.” Slightly over 15% of participants answered true for this false statement: COVID-19 mRNA vaccines can alter human DNA.
2-s2.0-85135857201,Misinformation of COVID-19 vaccines and vaccine hesitancy,1,2.5;31.3,"Considering the wide range of participants (2.5% to 31.3%) who had incorrect answers on the knowledge test in Study 2, we could not completely ignore the possibility that Study 1 participants (who were slightly older and full-time professionals) were exposed to various types of mis/disinformation wi"
2-s2.0-85139242483,Not doomed: Examining the path from misinformation exposure ,1,10.0,More than 10% of the news websites Americans rely on spread misinformation about health issues such as vaccines.
2-s2.0-85139497631,Quality of bladder cancer information on YouTube,1,60.0,"28905 Getafe, Madrid, Spain Conclusions More than 60% of the videos published on YouTube about bladder cancer in Spanish are phone: +34 662 039 958 of low quality."
2-s2.0-85139734157,Exploring Urological Malignancies on Pinterest: Content Anal,4,29.0,This aligns with the findings of previous studies that showed 29% of the top YouTube bladder cancer videos had misinformative content [ 11 ].
2-s2.0-85139957474,Cultural Dimensions of Fake News Exposure: A Cross-National ,4,8.3;10.4,"In summary, the entire model explains a 10.4% of the variance in the perception of fake news exposure (Conditional R2 = .104) and only fixed effects are responsible for 8.3% of the variance (Marginal R2 = .083)."
2-s2.0-85140592237,YouTube: Is It a Reliable Source of Nutrition Information on,1,20.0;80.0,"More than 80% of the videos were relevant to the topic, whereas around 20% of them included misleading information."
2-s2.0-85140592237,YouTube: Is It a Reliable Source of Nutrition Information on,1,20.0;25.0,Approximately 20% of the boosting immune system videos and 25% of importance of physical activity videos were misleading.
2-s2.0-85140592237,YouTube: Is It a Reliable Source of Nutrition Information on,1,20.0,"The analysis regarding the information given in the videos showed that approximately 20% of the videos were misleading, containing scientifically wrong or unproven nutrition- related COVID-19 information."
2-s2.0-85141611104,Infodemic and Fake News Turning Shift for Media: Distrust am,1,5.4;19.0;25.7,"The distribution of fake news is worryingly associated with the media, with almost half of the sample surveyed associating it with “Sometimes” (25.7%), “Frequently” (19%), and “Always” (5.4%)."
2-s2.0-85141611104,Infodemic and Fake News Turning Shift for Media: Distrust am,1,48.0;72.7,"However, regarding the perception of fake news, it is the younger population (undergraduates 72.7%, Frequently and Always) who mostly associate fake news with distrust—a percentage that decreases as the age of the sample increases (reaching 48% in the case of participants over 40)."
2-s2.0-85141611104,Infodemic and Fake News Turning Shift for Media: Distrust am,1,70.0,"Consequently, when analyzing the perception of the media as distributors of fake news, it is the youngest participants who associate this distribution the most (almost 70%) with distrust."
2-s2.0-85141666446,Understanding the COVID-19 Infodemic: Analyzing User-Generat,1,95.0,"Data Analysis focusing on misinformation and unverified information ver- The variables were summarized and plotted chronologically sus other post categories; for this analysis, the odds ratio (OR) by date of the posts according to the timeline of the outbreak and 95% CI were reported."
2-s2.0-85141666446,Understanding the COVID-19 Infodemic: Analyzing User-Generat,1,95.0,"Meanwhile, most numbers of engagements than online information published misinformation posts were made on social media (8/10), and before or after the outbreak—IRR = 0.15; 95% CI, 0.07–0.35 half of the posts with unverified information (11/22) were and IRR = 0.46; 95% CI, 0.34–0.63, respectively."
2-s2.0-85141702826,"Social Media Messaging, Fake News, and COVID-19 outbreak in ",1,67.0,"Furthermore, the results reveal that almost 67% of the respondents had cautioned individuals about the circulation of fake news report about COVID-19 on social media platforms."
2-s2.0-85141702826,"Social Media Messaging, Fake News, and COVID-19 outbreak in ",1,1.0;50.0,"More than 50% of the fake news reports were about statements of health authorities in Brazil, while less than 1% of the fake news report were about the prognosis of the disease."
2-s2.0-85141702826,"Social Media Messaging, Fake News, and COVID-19 outbreak in ",1,33.0;54.0,"Table 2 shows that 54% of the respondents had been admonished to detect and avoid fake news report about COVID-19 on social media platforms, while 33% of the respondents indicated that they had never been admonished about the detecting and avoiding fake news about COVID-19 on social media."
2-s2.0-85141702826,"Social Media Messaging, Fake News, and COVID-19 outbreak in ",1,23.0;67.0,"Table 2 also show that almost 67% of the respondents had cautioned individuals about the circulation of fake news report about COVID-19 on social media platforms, while less than 23% of the respondents had not cautioned individuals about the about the circulation of fake news report about COVID-19 o"
2-s2.0-85141702826,"Social Media Messaging, Fake News, and COVID-19 outbreak in ",1,67.0,"Furthermore, the results reveal that almost 67% of the respondents had cautioned individuals about the circulation of fake news report about COVID-19 on social media platforms."
2-s2.0-85142229013,Social media literacy: fake news consumption and perception ,1,28.7;52.8,"Similarly, finding of the social media literacy, which is crucial for recognising and detecting fake news, the result as presented in Table 3, revealed that 52.8% and 28.7% check the sources of news content posted on social media."
2-s2.0-85142229013,Social media literacy: fake news consumption and perception ,1,28.7;52.8,"The result of the study revealed that the students are capable of detecting fake news on social media, with 52.8%, and 28.7% checking the sources of news content posted on social media Social media literacy I usually check the date of the news story to make sure the story is relevant and up to date."
2-s2.0-85142229013,Social media literacy: fake news consumption and perception ,1,3.7;15.7;30.6;50.0,"N % Agree 54 50.0% Disagree 4 3.7% Neutral 17 15.7% Strongly Agree 33 30.6% requires critical thinking, evaluation, and judgment of the public who used to be the victims of misleading information."
2-s2.0-85142229013,Social media literacy: fake news consumption and perception ,1,20.4,A 20.4% of the respondents did not decide There are misleading information about COVID-19 on social media.
2-s2.0-85142396682,Social media sharing of low-quality news sources by politica,6,46.5,"The observed temporal trend of the ter excluding links to social media websites and search engines, proportion of links to untrustworthy domains is displayed in the the database covers 46.5% of links posted by members of the US inset of Fig."
2-s2.0-85142396682,Social media sharing of low-quality news sources by politica,6,0.3;5.9;39.2;58.8,"1(G), and shows a similar trend in the proportion of Congress and 58.8% and 39.2% of links posted by members of the untrustworthy domains posted by Republicans (from 5.9% ± 0.3% German and British parliament, respectively."
2-s2.0-85142396682,Social media sharing of low-quality news sources by politica,6,2.9;11.3,"Coverage generally in 2016 to 2018 to 11.3% ± 2.9% in 2020 to 2022), while the pro- increases slightly over time and is similar between parties (see portion of links to untrustworthy domains posted by Democrats Supplementary Material Fig."
2-s2.0-85143274147,Assessing the Covid-19 infodemic and misinformation among un,2,36.6,Some 36.6% of respondents reported having transmitted misinformation at least once.
2-s2.0-85143274147,Assessing the Covid-19 infodemic and misinformation among un,2,63.4;64.0,"OBS* Journal, 2022, 16(3) Klevor, Camara, Ait Taleb, Taouzer, Kissani, Chraa 163 Figure 5: Trends of involvement of 295 university students in Covid-19-related misinformation during the pandemic Source: own elaboration As to the relationship between respondents’ domain and propensity to transmit fal"
2-s2.0-85143274147,Assessing the Covid-19 infodemic and misinformation among un,2,8.8,An interesting observation in the present study is the fact that some 8.8% of respondents reported coming across no misinformation whatsoever during the pandemic.
2-s2.0-85145425628,"Characterizing the Prevalence of Obesity Misinformation, Fac",2,87.2,"This proportion is lower than the amount of inaccurate (ie, Third, this study only focused on sentences containing “obese” misinformation) or ambiguous (ie, other) information found in or “obesity,” meaning that a large portion of content was this study (87.2%), which could be explained by the diffe"
2-s2.0-85145425628,"Characterizing the Prevalence of Obesity Misinformation, Fac",2,18.0;43.0,"Given the rapid 2012 to 430 million monthly active users in 2019) and frequent growth of the Reddit userbase, public health researchers should usage among adults in the United States—approximately 18% increasingly consider Reddit as a source of misinformation and report using Reddit “ever,” and of t"
2-s2.0-85145738265,"Qualitative Evaluation of YouTube Videos on Dental Fear, Anx",1,4.1,"However, the high view group had a larger proportion of videos contained misleading information compared with the low view group (4.1%), (p = 0.004)."
2-s2.0-85145881152,Assessing the Validity of Health Messages Used by the Saudi ,1,84.0,Most of the health-related messages in the current study (84%) were authored by unknown sources and were either inaccurate or invalid.
2-s2.0-85146384927,TikTok and adolescent vision health: Content and information,1,45.8,"credible medical professionals who contributed to most Misinformation of the myopia videos (45.8%) received the fewest likes, comments, shares, and saves."
2-s2.0-85147187174,COVID-19 Information on YouTube: Analysis of Quality and Rel,1,25.0,"Such studies report information as being suboptimal or poor, with over 25% of videos being misleading [ 18 – 20 ]."
2-s2.0-85147187174,COVID-19 Information on YouTube: Analysis of Quality and Rel,1,2.0;83.8,"The majority (83.8%) of the videos that were studied were informative, with misleading videos constituting only 2%."
2-s2.0-85147303661,From Facebook to YouTube: The Potential Exposure to COVID-19,1,75.0,"Most According to a survey conducted in the United Kingdom, of these through automatic flagging of the videos, and YouTube was the information source that was most according to YouTube’s report 75% of these videos strongly associated with belief in conspiracy theories."
2-s2.0-85148963619,One Year of COVID-19 Vaccine Misinformation on Twitter: Long,4,90.0,"Over 90% of investigated the presence and characteristics of users who the tweets contained at least one of the three most common generated the most reshares of misinformation [45,46], with a keywords: “vaccine,” “vaccination,” or “vaccinate.” This specific focus on the role of “verified” accounts."
2-s2.0-85148963619,One Year of COVID-19 Vaccine Misinformation on Twitter: Long,4,76.0,"Our analysis based on a sample of low-credibility information was generally less prevalent than articles suggests that approximately 76% of articles from mainstream content over the year, we observed an increasing low-credibility sources do contain false or misleading content."
2-s2.0-85149209612,"Social Media, Misinformation, and Online Patient Education i",3,13.5;21.5,"Sixty five percent of videos did not contain misin- formation, while 21.5% of videos contained some misinfor- mation and 13.5% of videos contained more significant misinformation."
2-s2.0-85149209612,"Social Media, Misinformation, and Online Patient Education i",3,18.2;52.2,"When assessing videos discussing cholecystec- tomy, 52.2% of videos discoverable using colloquial search terms contained misinformation and 18.2% of videos discoverable using only medical terms contained misinfor- mation (P ¼ 0.008)."
2-s2.0-85149209612,"Social Media, Misinformation, and Online Patient Education i",3,22.0;36.0,"When assessing videos discussing appen- dectomy, 36% of videos discoverable using colloquial search terms contained misinformation and 22% of videos discover- able using only medical terms contained misinformation, although this subanalysis was not statistically significant (P ¼ 0.123)."
2-s2.0-85149209612,"Social Media, Misinformation, and Online Patient Education i",3,68.8;78.6,"Furthermore, the highest rates of misinformation were found in videos published by patients and wellness channels, with 78.6% of videos published by patients containing misinformation and 68.8% of videos published by wellness channels containing misinformation."
2-s2.0-85150021066,Seeing Should Probably Not Be Believing: Deceptive Support C,1,33.0,"In contrast, our investigation of the first step of Task 2 shows that 24–33% (varying between the various models) of the weakly false negative samples are, indeed, unsupported."
2-s2.0-85150021066,Seeing Should Probably Not Be Believing: Deceptive Support C,1,70.0,Their analysis reveals that in 70% of the false and partially false categories of misinformation verified Twitter handles such as celebrities and organizations either create the content or help to spread it.
2-s2.0-85152674280,Exposure to untrustworthy websites in the 2020 US election,4,15.1,"In 2016, Facebook was a prominent referrer to untrustworthy websites, with 15.1% of visits to untrustworthy websites being referred by Facebook."
2-s2.0-85152674280,Exposure to untrustworthy websites in the 2020 US election,4,5.6;95.0,"In 2020, however, only 5.6% of visits to untrustworthy sites were referred by Facebook, a significant reduction (χ2 (1) = 573.4, P < 0.001, φ = 0.10, 95% CI −10.7 to −8.9)."
2-s2.0-85152674280,Exposure to untrustworthy websites in the 2020 US election,4,3.3;6.2;95.0,"Conversely, the share of untrustworthy websites referred by Google rose from 2016 to 2020, with 3.3% of visits to untrustworthy sites referred by Google in 2016 and 6.2% of visits referred by Google in 2020 (χ2 (1) = 181.2, P < 0.001, φ = 0.05, 95% CI 2.4 to 3.4)."
2-s2.0-85152674280,Exposure to untrustworthy websites in the 2020 US election,4,5.7;9.5;95.0,"In addition to Facebook, webmail (for example, Gmail) also played a smaller role in referring people to untrustworthy websites in 2020 compared with 2016, both in proportional (9.5% of visits to untrustworthy websites referred by webmail in 2016 versus 5.7% of visits in 2020; χ2 (1) = 130.4, P < 0.0"
2-s2.0-85152674280,Exposure to untrustworthy websites in the 2020 US election,4,10.0;20.0;30.0,Article https://doi.org/10.1038/s41562-023-01564-2 Referrers to untrustworthy news websites and other sources 2016 election 2020 election Estimated percentage of visits originating from referrer 30% 20% Untrustworthy Hard news 10% Neither l ai m W eb Tw itt er e gl bo ce Fa G oo ok l ai m Tw itt er 
2-s2.0-85152674280,Exposure to untrustworthy websites in the 2020 US election,4,44.3,found that 44.3% of their nationally representative sample were exposed to at least one untrustworthy website in the lead-up to the 2016 election.
2-s2.0-85153931706,Understanding the Use of Images to Spread COVID-19 Misinform,1,66.9,"From Table 2, we can see that users from the top 5 countries, dependencies, and areas of special sovereignty account for 66.9% of all users who share tweets with COVID-19 misinformation images in our dataset."
2-s2.0-85153931706,Understanding the Use of Images to Spread COVID-19 Misinform,1,8.3;8.6;8.7;9.2;39.6;39.7;42.6;43.2,Political leanings of users post misinformation images tweets among users from the United States Users Tweets pro-Republicans 508 (39.6%) QAnon 111 (8.7%) pro-Democrats 546 (42.6%) Neutral 118 (9.2%) N/A 110 (8.6%) 538 (39.7 %) 117 (8.6%) 586 (43.2%) 118 (8.7%) 112 (8.3%) annotate their political le
2-s2.0-85153931706,Understanding the Use of Images to Spread COVID-19 Misinform,1,80.0,"The annotation result is shown in Table 4, where we can see that more than 80% of users who post COVID-19 misinformation images in the US present indicators that they support a political party."
2-s2.0-85154558018,The role of the big geographic sort in online news circulati,3,93.0,"The circulation of news on Reddit (Table 1) amounts mainly to repu- table content: 7.6M (93%) comments contained reputable news articles, while only 116.2K contained fake news articles."
2-s2.0-85159153364,Propaganda and Misinformation on Facebook and Twitter during,6,15.0,"By estimating the amount of content moderated by the two platforms, we show that only about 8-15% of the posts and tweets sharing links to Russian propaganda or untrustworthy sources were removed."
2-s2.0-85159153364,Propaganda and Misinformation on Facebook and Twitter during,6,40.0,"In the first, they used sentence-level topic analyses to study Russian propaganda on Reddit shared between January and April 2022, finding that approximately 40% of the comments in the r/Russia subreddit promote Russian mis/disinformation."
2-s2.0-85159153364,Propaganda and Misinformation on Facebook and Twitter during,6,1.3;1.6,"Overall, high-credibility outlets are shared significantly more than unreliable websites over the entire period of analysis (two-way Mann-Whitney 𝑃 < .001), and the median daily number of tweets linking to these sources increases only slightly (from 1.30% to 1.55%, Mann-Whitney 𝑃 < .05)."
2-s2.0-85159153364,Propaganda and Misinformation on Facebook and Twitter during,6,15.0,"Overall, only 8-15% of posts sharing links to unreliable sources were removed by both platforms."
2-s2.0-85159153364,Propaganda and Misinformation on Facebook and Twitter during,6,7.0;8.0,"We estimated that accounts sharing misinformation exhibit a right-wing political leaning compared to and over 8% of posts linking to low-credibility news were removed on average, compared to ∼ 7% of random posts."
2-s2.0-85159326203,Analysing Misinformation Sharing Amongst College Students in,2,1.4;5.6;17.3;75.8,1.32 0.64 1: Surely will not share 272 75.77% 2: Maybe will not share 62 17.27% 3: Maybe will share 20 5.57% 4: Surely will share 5 1.40% *SD = Standard deviation of the opinion that their friends share misinformation.
2-s2.0-85159326203,Analysing Misinformation Sharing Amongst College Students in,2,75.8,"Notably, three-fourths of the respondents (n=272, 75.8%) agreed to not sharing misinformation in the future for sure."
2-s2.0-85159326203,Analysing Misinformation Sharing Amongst College Students in,2,22.0;74.7,"Majority of respondents (n=268, 74.7%) indicated that the consequences of spreading the misinformation would result in bad societal conditions and 22% (n=79) of respondents opted for poor emotional consequences."
2-s2.0-85159326203,Analysing Misinformation Sharing Amongst College Students in,2,18.8,"Also, 18.8% (n=67) of respondents admitted that misinformation during COVID-19 lead to unnecessary actions and habits among people."
2-s2.0-85160248068,Users choose to engage with more partisan news than they are,6,95.0,"Similar to our partisan news regressions, we also found greater overall engagement with unreliable news among participants who identified as lean Republican in 2018 (b = 1.894 (95% CI 0.817, 2.970), P = 0.001), although the number of participants in that group was again small (n = 15)."
2-s2.0-85161897232,Ontarians' Perceptions of Public Health Communications and M,1,50.0,"Over 50% of respondents compared to traditional media (eg, newspaper) is associated reported encountering COVID-19–related misinformation; social [6,15] with increased belief in misinformation."
2-s2.0-85162702221,Curated Misinformation: Liking Facebook Pages for Fake News ,6,14.2,"Among subjects who liked any fake news, 14.2% only liked one of the three most popular lifestyle pages."
2-s2.0-85163154882,Research note: The spread of political misinformation on onl,2,60.0,"The spread of political misinformation on online subcultural platforms 4 News constitutes the majority of sources linked from political 4chan and Reddit, with a little over 60% of all sources being categorized as such on both platforms."
2-s2.0-85163186108,Images and Misinformation in Political Groups: Evidence from,1,10.0,"By labeling samples of random and popular images, we find that around 10% of shared images are known misinformation and most fall into three types of images."
2-s2.0-85163186108,Images and Misinformation in Political Groups: Evidence from,1,70.0,We characterize the prominent types of image misinformation and find that three categories of images make up almost 70% of misinformation shared in our dataset.
2-s2.0-85163186108,Images and Misinformation in Political Groups: Evidence from,1,34.0,"We find that old images that are taken out of context, also termed cheap or shallow fakes (Paris & Donovan 2019) make up roughly 34% of our misinformation image dataset."
2-s2.0-85163186108,Images and Misinformation in Political Groups: Evidence from,1,70.0,Note that just the top three categories of misinformation constitute over 70% of the images.
2-s2.0-85163914263,The usefulness of YouTube videos on lung cancer,1,61.0,"Consequently, YouTube videos with useful content ranged from 16 to 61%.11 Our chose to remove one million videos that were assessed as ﬁndings are however not entirely surprising given that over misleading videos last year.25 half of the videos included in the study were uploaded by Social media and"
2-s2.0-85164339474,COVID-19 coverage from six network and cable news sources in,6,100.0,"This misinforma- tion statement was refuted 100% of the time on CNN, but only a little over half of the time on MSNBC."
2-s2.0-85164339474,COVID-19 coverage from six network and cable news sources in,6,96.0,"CNN and MSNBC included significantly more misinformation claims than network news, but the vast majority of their misinformation claims were corrected (especially CNN with 96% of mis- information statements corrected within the transcript)."
2-s2.0-85164694763,Global Misinformation Spillovers in the Vaccination Debate B,2,42.0;68.0,"The US users were responsible for exporting a large fraction of misinformation to the rest of the world: 68% of all the low-credibility URLs retweeted worldwide came from the United States (average over the 4 periods), a proportion much higher than the total volume of URLs (42%) retweeted from the U"
2-s2.0-85167574647,Quality and reliability of YouTube videos in Arabic as a sou,1,14.0;86.0,"Of the 100 retrieved videos, 86% were found to have useful content, while 14% were found to be Copyright: © the authors; licensee misleading or irrelevant."
2-s2.0-85168270535,Dynamics and characteristics of misinformation related to ea,3,24.0,"By investigating the number of tweets in each group that made use of media (i.e., images, videos, GIFs), we found that in both the not-misinformation and the misinformation group, only about 18–24% of the tweets in each group contained media, and no significant differences were found between the gro"
2-s2.0-85168270535,Dynamics and characteristics of misinformation related to ea,3,79.1;84.8,"Regarding the use of URLs in tweets, we found that 79.1% and 84.8% of the tweets in the misinformation group and the not-misinformation group, respectively, contained one or more URLs."
2-s2.0-85168520853,The “Loci” of Misinformation and Its Correction in Peer- and,3,60.0,"Furthermore, nearly 60% of the threads presented at least one misinformation statement without any correction attempt."
2-s2.0-85168520853,The “Loci” of Misinformation and Its Correction in Peer- and,3,1.2;13.2;20.1;21.5;29.4;56.1;60.0,"Of the 144 threads, a Among these, the most prevalent type of misinformation was little more than one-fifth (n=31, 21.5%) contained no context misinformation (225/401, 56.1%), followed by content misinformation, one-fifth (n=29, 20.1%) contained statements misinformation (118/401, 29.4%), wrong assu"
2-s2.0-85168520853,The “Loci” of Misinformation and Its Correction in Peer- and,3,21.0;25.7;32.4;34.5;65.5,"Of the 113 threads, in 29 (25.7%) Of the 692 statements retrieved from the peer-led OCMH, 224 misinformation was corrected: 10 of 29 (34.5%) in the peer-led (32.4%) contained misinformation, while in the expert-led OCMH and 19 of 29 (65.5%) in the expert-led OCMH, a OCMH, 177 statements of 842 conta"
2-s2.0-85168520853,The “Loci” of Misinformation and Its Correction in Peer- and,3,32.1;64.7,"When looking at whether or not showed that the location of misinformation in the thread was misinformation was later corrected, results showed that 9 of 28 important: misinformation in the first post of a thread had a (32.1%) posts with misinformation were corrected in the higher chance of being cor"
2-s2.0-85172813494,"Disinformation narratives in Spain: reach, impact and spread",4,27.0,"Although it never reaches first position, it represents between 14 and 27% of the spread of disinformation narratives."
2-s2.0-85173521631,Fact-Checking Cancer Information on Social Media in Japan: R,1,1.0;14.0;30.0;55.0,"Harmful information Tweets, n (%) Harmful action 9 (15.2) Harmful inaction 43 (72.9) Harmful interactions 3 (5.1) Economic harm 3 (5.1) Other 1 (1.7) Total 59 (100) In the analysis of accuracy and harm combined, the proportions of tweets rated as Factual-Safe, Factual-Harmful, Misinformation-Safe, a"
2-s2.0-85173521631,Fact-Checking Cancer Information on Social Media in Japan: R,1,68.9,"A high concordance rate between Misinformation and Harmful information was observed, and 68.9% (30/44) of tweets containing misinformation included harmful information."
2-s2.0-85173521631,Fact-Checking Cancer Information on Social Media in Japan: R,1,87.0,"In that systematic review, some studies reported that up to 87% of the information was inaccurate."
2-s2.0-85173521631,Fact-Checking Cancer Information on Social Media in Japan: R,1,40.0,"In particular, approximately 40% of the information related to cancer was found to be misinformation, which is equivalent to the rates of misinformation on vaccines and eating disorders."
2-s2.0-85173521631,Fact-Checking Cancer Information on Social Media in Japan: R,1,31.0;68.9,"We found that 31% of tweets contained harmful content, and 68.9% of tweets containing misinformation included harmful information."
2-s2.0-85173876735,Assessing misinformation recall and accuracy perceptions: Ev,4,41.0;60.0;61.0,"For example, 61% of respondents, on average, correctly identified misinformation headlines about COVID- 19 treatments as false (60% similarly flagged our placebo treatment headlines as false), while only 41%, on average, correctly identified real headlines about virus treatments as true."
2-s2.0-85173877860,Breast cancer prevention and treatment misinformation on Twi,1,48.9;51.1,"233 (51.1%) contained fabricated information, and 223 Approximately one-quarter of the tweets (n = 199, (48.9%) were considered inaccurate."
2-s2.0-85173877860,Breast cancer prevention and treatment misinformation on Twi,1,90.0,(Nagelkerke R2) of the variance in misinformation and cor- The majority of the misinformation regarding food and rectly classiﬁed 90.0% of cases.
2-s2.0-85174615177,Education and Misinformation: Exploring Ophthalmology Conten,1,16.9,"A minority of videos were created by ogy content on TikTok, including the presence ophthalmologists (16.9%) and eyecare provi- of misinformation."
2-s2.0-85174615177,Education and Misinformation: Exploring Ophthalmology Conten,1,4.7;4.8;11.7;25.1,"contained misinformation, comprising 4.8% of In terms of videos containing patient experi- likes, 4.7% of comments, and 11.7% of all ences, non-ophthalmologists were more likely bookmarks, which came from the following to create videos with negative sentiment ophthalmology-related hashtags: #DryEyeS"
2-s2.0-85174615177,Education and Misinformation: Exploring Ophthalmology Conten,1,25.6;38.0;50.6;88.1,"Of the primarily educational half of each video contained misinformation), videos (38%), the average PEMAT-A/V under- while 25.6% were graded as minimal (i.e., less standability and actionability scores were 88.1% than half of each video contained misinforma- and 50.6%, respectively."
2-s2.0-85174615177,Education and Misinformation: Exploring Ophthalmology Conten,1,15.0,"Additionally, the proportion of misin- Signiﬁcant 29 74.4 formation was found to be even higher (15%) Minimal 10 25.6 under the more comprehensive #EyeHealth Creators of videos with misinformation (n = 39) hashtag term."
2-s2.0-85174641364,Characterizing Precision Nutrition Discourse on Twitter: Qua,1,46.0,"Of the 54 commercial entities mentioned, 25 (46%) were mentioned in conjunction with potentially misleading information in at least 1 tweet 12 were mentioned in conjunction with untrue information in at least 1 tweet (Table S2 in Multimedia Appendix 1 )."
2-s2.0-85174641364,Characterizing Precision Nutrition Discourse on Twitter: Qua,1,65.0,"In this case, the largest proportion of untrue information was also found in nutrigenomics concept tweets, with a full 65% (48/75) of tweets containing false information falling into this category."
2-s2.0-85174641364,Characterizing Precision Nutrition Discourse on Twitter: Qua,1,36.0,A study of nutrition tweets posted in Arabic rated 36% of the sample tweets as “false” [ 56 ].
2-s2.0-85175105353,The Casual Observer: Low-Activity Twitter Users as Arbiters ,1,14.3,"However, the model has very low sensitivity, successfully identifying only 14.3% of the misinformation sharers."
2-s2.0-85175983241,iHeard STL: Development and first year findings from a local,1,44.0,"Of the 1,136 assessable claims, 505 (44%) were classified as misinformation, with 112 panel members ever providing at least one open-ended response that was classified as misinformation."
2-s2.0-85175983241,iHeard STL: Development and first year findings from a local,1,4.0,"Of the 15,939 views, which included Washington University internal users, 611 (4%) then clicked to receive “more information” about a misinformation threat, which took them to a PLOS ONE | https://doi.org/10.1371/journal.pone.0293288 November 3, 2023 9 / 16 PLOS ONE iHeard STL: Development and findi"
2-s2.0-85175983241,iHeard STL: Development and first year findings from a local,1,45.0,"In our analyses of over 1,000 open-ended responses to a question about what COVID-19 information panel members had heard in the last 7 days, nearly half of the claims were classi- fied as misinformation (45%)."
2-s2.0-85177420309,The different worlds of Google – A comparison of search resu,12,14.1;33.1;48.4,"He concluded that a total of 48.4% of all Google result pages were conspiratorial, while only 14.1% were neutral, and 33.1% offered debunking content, showing that ‘fringe and non-mainstream views are heavily represented by search engines’ – the results thus representing an ‘imperfect, and yet usefu"
2-s2.0-85179481261,Spatial and historical drivers of fake news diffusion: Evide,2,3.0,"The share of anti-Muslim fake news peaked above 3% of total tweets on April 1, then steadily declined—though it 20 We rely on the language classification provided by Twitter to detect tweets written in English."
2-s2.0-85179481261,Spatial and historical drivers of fake news diffusion: Evide,2,3.0,"Using a comprehensive novel dataset of georeferenced text data from Twitter, we document a large spike (from nearly zero to above 3%) in the share of tweets reporting fake news against Muslims after March 30 and we investigate the spatial patterns of their diffusion."
2-s2.0-85188303314,Fact-checking of political information about the Russo-Ukrai,2,26.0;38.0;41.0;59.0;64.0;76.0,"Of the fact-checks, 26% cited scientific studies; 41% referred to scientists, 76% drew on authorities such as United Nations Framework Convention on Climate Change, 59% referred to news media, 64% to websites and 38% social media."
2-s2.0-85188303314,Fact-checking of political information about the Russo-Ukrai,2,15.6,5.4 Mixed assessments Altogether 15.6% of the fact-checks resulted in ratings indicative of “in-between” assessments of the validity of claims.
2-s2.0-85188303314,Fact-checking of political information about the Russo-Ukrai,2,26.0;41.0,"In comparison, fact-checkers assessing claims related to climate change were more active to use scientific sources: of the fact-checks, 26% cited scientific studies and 41% referred to scientists."
2-s2.0-85188806397,Online disinformation in the 2020 U.S. election: swing vs. s,3,90.0,• More than 90% of links to news from untrustworthy publishers are concentrated in the Rep community.
2-s2.0-85188806397,Online disinformation in the 2020 U.S. election: swing vs. s,3,74.0,"• Of the total number of tweets associated with swing states and containing untrustworthy URLs, 74% of these are posted or retweeted by accounts classiﬁed as bots."
2-s2.0-85188806397,Online disinformation in the 2020 U.S. election: swing vs. s,3,8.5;68.8,"Furthermore, while untrustworthy links associated with safe states are only a small part of the total (8.47%), the vast majority of this traﬃc comes from bot accounts (68.75%)."
2-s2.0-85189042631,Dueling COVID-19 misinformation: Perceptions and behavior of,1,76.0,"able to correctly identify made-up news, whereas 76% of The second research question (RQ2) of the study was to participants from Pakistan were able to recognize false determine the difference of opinions between the demo- information related to coronavirus."
2-s2.0-85190817518,Medical Accuracy of Reddit in Patient Discussions of Prospec,1,16.0;17.0;30.0,The 3 most common top- Inaccurate/misleading 1 (9) ics with inaccurate comments regarded the current state of the All comments medical accuracy (n = 411) technology (30% [124/411]) followed by the misinterpretation Accurate 264 (64) of trial results (17% [70/411]) and scam treatments (16% Inaccurate
2-s2.0-85190817518,Medical Accuracy of Reddit in Patient Discussions of Prospec,1,72.0,"With regard to supported by our study, which found that 72% (106/147) of the features available on Reddit, such as upvoting a message inaccurate or misleading comments were in favor of stem cell when liked, downvoting a message when disliked, giving a therapies."
2-s2.0-85190817518,Medical Accuracy of Reddit in Patient Discussions of Prospec,1,9.0;73.0,"Evaluation of all the original Reddit posts found that most The consequences of misinformation can lead to unrealistic (73% [8/11]) were accurate, with only 1 (9%) categorized as expectations for patients and affect the scientific integrity of inaccurate or misleading."
2-s2.0-85191403735,Uncovering a pseudoscience: an analysis of ‘biological denti,1,58.4;59.8,"Additionally, posts were laden with misinformation and displayed neutral or 58.4% of the posts were produced by health-related authors and negative sentiments, mainly from health-related authors, it was 59.8% conveyed either a negative or neutral sentiment."
2-s2.0-85191807094,Characterization of the dissemination of canine cancer misin,1,61.0;72.0,"The overall median DISCERN quality score was 3 (out of 5), the median PEMAT understandability score was 72%, and 61% of videos contained little to no misinformation."
2-s2.0-85192081358,Misinformation Persists in Complementary Health: Evaluating ,1,6.7,"When comparing the source that published useful videos versus the source that published videos categorized as neither useful nor misleading, we found that only 6.7% (n=1) of videos categorized as neither useful nor misleading were published by healthcare institutions (P=0.0148) (Table 1)."
2-s2.0-85192081358,Misinformation Persists in Complementary Health: Evaluating ,1,80.0,"Similarly, a higher percentage of videos classified as neither useful nor misleading were produced by health media (80%, n=12, P= 0.0005)."
2-s2.0-85192081358,Misinformation Persists in Complementary Health: Evaluating ,1,15.0,"Importantly, about 15% of videos contained misleading information about acupuncture for chronic pain."
2-s2.0-85193588807,COVID-19 in Polish-language social media - misinformation vs,1,7.7,"Four items classified as misinformation accounted for 7.7 % of the Top 40 items, accumulating 244,700 engagements."
2-s2.0-85193588807,COVID-19 in Polish-language social media - misinformation vs,1,7.7,"Misinformation Four items assessed as misinformation accounted for 244,700 en - gagements, constituting 7.66 % of the TOP 40."
2-s2.0-85193588807,COVID-19 in Polish-language social media - misinformation vs,1,23.1,"The researchers found that items containing misinformation were shared 2352,585 times, constituting 23.1 % of the total shares for all the reviewed articles [ 43 ]."
2-s2.0-85193588807,COVID-19 in Polish-language social media - misinformation vs,1,18.0;32.0;50.0,"After analysis, 32 % of the articles were accurate, 18 % were incorrect, and 50 % were misleading [ 45 ]."
2-s2.0-85193588807,COVID-19 in Polish-language social media - misinformation vs,1,4.1;7.7,"However, when combined, the four items classified as misinformation accounted for 7.7 % of the TOP 40, while government sources generated only 4.09 % of the engagement."
2-s2.0-85193588807,COVID-19 in Polish-language social media - misinformation vs,1,0.6;7.7,"In our study, despite constituting a mere 0.025 % of COVID-19 related items, the top 40 items receive 7.711 % of total engagement, and manipulated news, only 0.002 % of items, surprisingly captures 0.591 % of engagement, revealing a disturbing trend where a handful of potentially misleading articles"
2-s2.0-85193588807,COVID-19 in Polish-language social media - misinformation vs,1,8.0,"Public interest summary In the COVID-19 pandemics on Polish social media, a study found that nearly 8 % of the most popular posts, out of over 161,000, spread false info about the virus."
2-s2.0-85194075145,What News Do People Get on Social Media? Analyzing Exposure ,1,2.5;5.8,"When examining each category separately, we find that selective news exposure has the highest fraction (5.8%) of posts from misinformation sources, while targeted news exposure has the lowest fraction (2.5%)."
2-s2.0-85194075145,What News Do People Get on Social Media? Analyzing Exposure ,1,11.0,"Out of the 4,149 domains in the Established News Sites list, 456 (11%) are considered low-quality (i.e., repeatedly spreading misinformation)."
2-s2.0-85194075145,What News Do People Get on Social Media? Analyzing Exposure ,1,63.0,"Despite the prevalence of misinformation, on average, 63% of news users receive are from factual news sources."
2-s2.0-85194075145,What News Do People Get on Social Media? Analyzing Exposure ,1,12.0;16.0;32.0,"Targeted exposure has the highest rate of posts from under-the-radar news sources (32%), followed by selective (16%), algorithmic (12%), and Quality of Social Media News This section assesses the quality of news users receive on Facebook and how prevalent misinformation is on their feeds."
2-s2.0-85194733750,Supersharers of fake news on Twitter,6,15.0,"Using this measure, we found that supersharers had significantly higher network influence % Fake news sources in aggregate political shares Results 15% % of all shares random sample of panelists."
2-s2.0-85194733750,Supersharers of fake news on Twitter,6,11.3;24.1;24.4;24.8;95.0,"Supersharers accounted for nearly a quarter [24.4% (95% CI: 24.1%, 24.8%)] of the fake news available to their average follower and were the only source of fake news for 11.3% of their followers."
2-s2.0-85194953420,TikTok misinformation and user engagement in female pelvic f,2,20.0;21.0;30.0,"#OAB had the lowest percentage of videos that contained misinformation (0%), followed by #INC (20%), #POP (21%), and #UTI (30%)."
2-s2.0-85195353413,Post-January 6th deplatforming reduced the reach of misinfor,2,0.1,"Second, we classify a supersharer as an individual who is in the top 0.1% of the distribution of misinformation sharing8."
2-s2.0-85195353413,Post-January 6th deplatforming reduced the reach of misinfor,2,10.0,This decision reduces the estimation sample for both analyses since only about 10% of the panellists share misinformation URLs and so is conservative regarding power.
2-s2.0-85195375481,HPV vaccine-related articles shared on Facebook from 2019 to,1,59.0;74.0;79.0,"Misinformation sources (used in 79% of all articles), followed by statistics (in 74%) and references to scientific literature (59%)."
2-s2.0-85195375481,HPV vaccine-related articles shared on Facebook from 2019 to,1,5.0;24.0;32.0,"Fear appeals were misinformation linking the HPV vaccine to death reached statistical most often used in negative vaccine sentiments, such as, “I want to warn significance (5% in 2021 compared to 32% in 2019 and 24% in 2020; p kids of the terrible risks for this vaccine and let other injured girls k"
2-s2.0-85195375481,HPV vaccine-related articles shared on Facebook from 2019 to,1,52.0;70.0,"In regards to framing, 70% of total articles discussed the HPV vaccine In December 2020, in response to an influx of misinformation about in terms of cancer prevention and 52% mentioned the sexually trans­ the COVID vaccine online, Facebook announced that it would remove mitted nature of the virus."
2-s2.0-85199446608,Repeated Exposure to COVID-19 Misinformation: A Longitudinal,6,10.0;43.0,"Repeated exposure was common: across the 5 claims, 10%-43% of respondents reported hearing the misinformation in ≥ 3 different weeks."
2-s2.0-85200952814,TikTok as a platform for hysteroscopy information: An analyt,1,25.0,"| 355 Discrepancies in the assessment were addressed by an additional containing less than 25% misinformation were labeled as “accurate gynecologist (GR) from the “Department of Woman, Child and and evidence-­based.” General and Specialized Surgery” of the University of Campania “Luigi Vanvitelli”, "
2-s2.0-85200952814,TikTok as a platform for hysteroscopy information: An analyt,1,4.0;55.4,"Of these, 56 (55.4%) found that a lot of the popular content on the platform was made were related to non-­hysteroscopic gynecologic topics, four (4.0%) to by non-­specialists and had inaccurate information."
2-s2.0-85205688160,Visual misinformation on Facebook,4,40.0,"Most studies have operationalized misinformation as article links to problematic web domains, without examining image posts which account for a significant portion of content on social media platforms—in the case of Facebook, image posts are the most common post type, accounting for roughly 40% of p"
2-s2.0-85205688160,Visual misinformation on Facebook,4,17.5;21.6;95.0,"Of the 1,000 images, 196 contained misinformation (17.5%–21.6% at 95%)."
2-s2.0-85207525286,How evidence-based is the “hashtag ADHD test” (#adhdtest). A,1,13.0;24.0;63.0,"Upon content analysis the misleading videos were of the following types— 63% (n = 29) were autonomous sensory meridian response (ASMR) videos, followed by a mis- cellaneous test at 24% (n = 11) and a dot test at 13% (n = 6)."
2-s2.0-85207525286,How evidence-based is the “hashtag ADHD test” (#adhdtest). A,1,93.0;96.0;99.0,"Misleading videos were more engaging compared to the useful videos, with 96% of the total likes, 99% of the total comments, and 93% of the total favorites."
2-s2.0-85209813530,Medical Misinformation and Quality of Public Video Content o,2,27.4,"Of videos classified as neither useful nor misleading, news sources uploaded 27.45% (n=14) of these videos (P=0.02)."
2-s2.0-85209813530,Medical Misinformation and Quality of Public Video Content o,2,22.7;77.3,"Of the total number of videos analyzed, 22.73% (n=15) of videos were classified as useful, 0% of videos were classified as misleading, and 77.27% (n=51) videos were classified as neither useful nor misleading (Table 1)."
2-s2.0-85209813530,Medical Misinformation and Quality of Public Video Content o,2,27.4,"Among videos classified as neither useful nor misleading, news sources uploaded 27.45% (n = 14) of the total number of these videos compared to other sources (P=0.02)."
2-s2.0-85209813530,Medical Misinformation and Quality of Public Video Content o,2,77.3,"While none of the videos proved misleading based on the analysis criteria, a substantial majority, 77.30%, were classified as neither useful nor misleading, suggesting the potential prevalence of less accurate or unnecessary information on cannabis use on YouTube."
2-s2.0-85209813530,Medical Misinformation and Quality of Public Video Content o,2,27.4,"Interestingly, no videos classified as useful were attributed to news sources, yet these sources contributed to 27.45% of videos categorized as neither useful nor misleading."
2-s2.0-85212052138,Unraveling dental caries misinformation: Identifying predict,1,10.0,"They independently evalu- ing “misinformation” (unintentional errors) and “disinforma- ated 10% of the total posts (n = 50) and discussed tion” (deliberate deception intended to harm).19 In this sense, discrepancies with a third experienced researcher (TC) posts were classiﬁed as misinformation when"
2-s2.0-85212060458,Dynamics of communication on measles vaccination on digital ,2,59.3,"Of the anti-vaccine posts, 118 (59.3%) focused on undermining vaccine safety and efficacy, spreading disinformation to downplay disease risks."
2-s2.0-85212060458,Dynamics of communication on measles vaccination on digital ,2,67.2;76.1,"their messages, often centered around disinformation on Among pro-vaccine comments, 443 (67.2%) promoted vaccine safety and efficacy, to remain highly visible and vaccination, whereas 108 (76.1%) of the comments on anti- continuously engage their audience."
2-s2.0-85214504236,Assessing dietary supplement misinformation on popular Thai ,1,84.6,"The Overall Prevalence of Misinformation Out of the 332 DS web page samples, 281 web pages (84.6%) have at least one misinformation criterion."
2-s2.0-85215601689,Do you have depression? A summative content analysis of ment,1,90.0,"Other studies evaluating the quality of advice and information provided on TikTok relating to various health conditions, including prostate cancer, 36 erectile dysfunction, 37 and ADHD, 38 have also found a high percentage (47–90%) of videos containing misinformation."
2-s2.0-85215601689,Do you have depression? A summative content analysis of ment,1,51.0,A cross-sectional study assessing the quality of ADHD content classified 51% of the top 100 videos with #adhd as misleading.
2-s2.0-85217197547,Misinformation and Readability of Social Media Content on Pe,1,11.3,"Of the 71 posts, only 8 (11.3%) contained no misinformation."
2-s2.0-85217197547,Misinformation and Readability of Social Media Content on Pe,1,29.6,"A minority of posts (21 [29.6%]) origi- comes (ie, percentage of misinformation) were analyzed using nated from accounts of individuals who self-identified as the Kruskal-Wallis test for nonparametric data."
2-s2.0-85217197547,Misinformation and Readability of Social Media Content on Pe,1,40.0;83.3;95.0;100.0,"There was a significant, albeit rater reliability with the second reviewer’s (A.A) scores was small, effect size (η2 = 0.02; 95% CI, 73.6-89.3) when analyz- 0.873, which corresponded to good or excellent reliability.18,19 ing the difference in median percentage of misinformation for As a result of t"
2-s2.0-85217197547,Misinformation and Readability of Social Media Content on Pe,1,95.0,"Posts from Of the 189 unique posts, 118 did not contain any informa- IBCLCs were less likely to contain misinformation (OR, 0.22; tion relevant to pediatric oral ties and were excluded from the 95% CI, 0.06-0.81) compared with posts from non-IBCLCs, with analysis."
2-s2.0-85217197547,Misinformation and Readability of Social Media Content on Pe,1,11.3,"Only 8 of 71 posts (11.3%) contained no misinforma- Of the 71 posts, 8 (11.3%) contained no misinformation."
2-s2.0-86000670842,"#WhatIEatinaDay: The Quality, Accuracy, and Engagement of Nu",3,18.0;24.0;36.0,"A total of 36% of posts were considered completely accurate, while 24% were mostly inaccurate, and 18% completely inaccurate."
2-s2.0-86000670842,"#WhatIEatinaDay: The Quality, Accuracy, and Engagement of Nu",3,29.0;33.0;41.0;46.0,"Food,Food, nutrient, nutrient, andand supplement supplement postsposts werewere predominantly predominantly a mix of amostly mix of accurate mostly accurate (46%) and mostly inaccurate (33%) information as (46%) and mostly inaccurate (33%) information as were the accuracy levels were the ac- curacy "
2603.11058,Baseline misinformation prevalence across social-media platf,10,50.0,Keyword 6 lists were developed and validated by professional fact-checkers to balance neutral keywords (representing about 50%) with ambiguous and misinformation-related terms representing the other half of the keywords.
2603.11058,Baseline misinformation prevalence across social-media platf,10,20.0,"In parallel, a Senior fact-checker independently reviewed a randomly selected 20% subset of the same sample."
NEW-bergeronboutin-sciadv2026,Untrustworthy sources on Facebook and Instagram in 2020: Con,3,2.5;60.0,"For instance, content from untrustworthy Pages and groups makes up∼60%oftheciviccontentseenfromPagesandgroupsamongthe 2.5% of users with the highest overall levels of exposure to content from untrustworthy sources."
NEW-bergeronboutin-sciadv2026,Untrustworthy sources on Facebook and Instagram in 2020: Con,3,0.4,Only 0.4% of the PagesfollowedbythemedianuseronFacebookwereuntrustworthy.
NEW-bergeronboutin-sciadv2026,Untrustworthy sources on Facebook and Instagram in 2020: Con,3,20.0;75.9,"Among Facebook users, the top 20% of users by untrustworthy source exposure were responsible for 75.9% of to- tal exposure to this type of content on the platform."
NEW-bergeronboutin-sciadv2026,Untrustworthy sources on Facebook and Instagram in 2020: Con,3,0.5;74.0,"2 shows, the top 0.5% of untrustworthy Pages by total views (235 Pages) were responsible for 74% of total exposure to untrustworthy Page content."
NEW-bergeronboutin-sciadv2026,Untrustworthy sources on Facebook and Instagram in 2020: Con,3,0.5;70.0,"Similarly, the top 0.5% of untrustworthy domains (13 domains) were responsible for 70% of total exposure."
NEW-bergeronboutin-sciadv2026,Untrustworthy sources on Facebook and Instagram in 2020: Con,3,1.0,Each tile represents 1% of the total views of content from the entity type.The number of col- ored tiles shown are proportional to exposure to content from untrustworthy sources.
NEW-bergeronboutin-sciadv2026,Untrustworthy sources on Facebook and Instagram in 2020: Con,3,52.8,Views of content from untrustworthy Pages repre- sented 52.8% of total exposure to untrustworthy source content on the platform.
NEW-bergeronboutin-sciadv2026,Untrustworthy sources on Facebook and Instagram in 2020: Con,3,59.2;68.8,"On Instagram, active US platform users primarily encountered content from untrustworthy sources in their main feed, known as Home: 68.8% of views of content from untrustworthy sources took place in Home versus 59.2% of views of content from non-­ untrustworthy sources (see table S20)."
NEW-bergeronboutin-sciadv2026,Untrustworthy sources on Facebook and Instagram in 2020: Con,3,1.0;9.0;15.0;25.0,The oversample design targeted 15% of the sample from the top 1% of respondents by exposure to content from sources that frequently post misinforma- tion and 25% from the next 9% by exposure (see section S4.6 for further details).
NEW-bergeronboutin-sciadv2026,Untrustworthy sources on Facebook and Instagram in 2020: Con,3,10.5;18.0;25.9,"Last, consistent with the goals of our oversample, an exploratory analysis shows that 18.0% of control group participants on Facebook and 25.9% of those on Instagram were in the top 10.5% of exposure to content from untrustworthy sources on their respective platforms during the experimental study pe"
NEW-bergeronboutin-sciadv2026,Untrustworthy sources on Facebook and Instagram in 2020: Con,3,8.2,We estimate that this change results in us underesti- mating views of content from untrustworthy sources on Instagram by 8.2% based on platform user data (corresponding data for par- ticipants are not available).
NEW-berriche-fakerisland2026,Faker Island. Profiling misinformation sharers on the French,2,30.0,"Out of the initial 31,760 misinformation sharers, we were able to locate 10,910 accounts, representing just over 30%."
NEW-berriche-fakerisland2026,Faker Island. Profiling misinformation sharers on the French,2,3.0,"In other words, we would expect approximately 682 misinformation sharers in each rectangle, representing 3% of all accounts in each political community."
NEW-berriche-fakerisland2026,Faker Island. Profiling misinformation sharers on the French,2,29.0;34.0,"Indeed, a significant proportion of the misinformation shared on Twitter addresses political topics (34%) and frequently employs anti-elite rhetoric (29%)."
NEW-berriche-fakerisland2026,Faker Island. Profiling misinformation sharers on the French,2,8.0;14.0;15.0;16.0;19.0;23.0;27.0;28.0;50.0;52.0;58.0;62.0,"Measures Variables Misinformation Control U p-adj effect size sharers Users media URL 23% 14% 1,293,220.5 < .001 0.416 Type of content other URL 27% 28% 1,001,145.5 < .001 0.096 no URL 50% 58% 679,380.0 < .001 -0.256 mainstream media 52% 62% 594,164.0 < .001 -0.350 Type of media sources partisan med"
NEW-berriche-fakerisland2026,Faker Island. Profiling misinformation sharers on the French,2,6.9;9.4;14.7;21.8;34.4;58.6;62.2;66.6;75.4;83.4;91.6;97.4,"Robustness of the bombardment indicator across alternative cutoffs Cutoff: k tweets Misinformation sharers Control users Difference pp χ² p-adj φ OR within 1h 5 97.4% 62.2% 35.2 640.43 < .001 0.473 22.35 10 91.6% 34.4% 57.1 1,042.25 < .001 0.603 20.57 15 83.4% 21.8% 61.6 1,034.33 < .001 0.601 17.92 "
NEW-berriche-fakerisland2026,Faker Island. Profiling misinformation sharers on the French,2,23.0;41.0,"By calculating the proportion of tweets, quotes, and retweets posted by each user, we observe that original tweets account for only 23% of misinformation sharers’ posts, compared to 41% for other users."
NEW-berriche-fakerisland2026,Faker Island. Profiling misinformation sharers on the French,2,5.0;7.0,"However, little difference is observed in the use of quote tweets, which represent a very small percentage of total posts for both misinformation sharers (5%) and other users (7%)."
NEW-berriche-fakerisland2026,Faker Island. Profiling misinformation sharers on the French,2,31.0;35.0,"Misinformation sharers use hashtags slightly more frequently than control users: hashtags appear in 35% of their tweets, compared with 31% among control users."
NEW-berriche-fakerisland2026,Faker Island. Profiling misinformation sharers on the French,2,16.0;28.0,"The results show that misinformation sharers engage much less through replies: only 16% of their tweets are replies, compared with 28% among control users (U = 765,992.5, p_adj < .001, rank-biserial r = −0.161)."
NEW-berriche-fakerisland2026,Faker Island. Profiling misinformation sharers on the French,2,65.0,"While nearly two-thirds of users who shared misinformation used a pseudonym, this was the case for less than half of ideology-matched control users (65.0% vs."
NEW-berriche-fakerisland2026,Faker Island. Profiling misinformation sharers on the French,2,1.0;80.0,voter registration (1) 1% of users were exposed to 80% of fake news.
NEW-berriche-fakerisland2026,Faker Island. Profiling misinformation sharers on the French,2,96.0,(4) More than 96% of all fake news domains were shared by 58 conservative Twitter users.
NEW-berriche-fakerisland2026,Faker Island. Profiling misinformation sharers on the French,2,13.0;14.0;17.0,"By contrast, one-time misinformation sharers stand out more clearly in their use of tabloid/local press: this category accounts for 17% of their media URLs, compared with 14% among control users, 14% among misinformation sharers in the main sample, and 13% in the ideology-and-activity matched sample"
NEW-berriche-fakerisland2026,Faker Island. Profiling misinformation sharers on the French,2,35.0;41.0;52.0;59.0,"Among one-time misinformation sharers, the descriptive pattern is attenuated: retweets account for 59% of their posts, compared with 52% among control users, while original tweets account for 35% and 41%, respectively."
NEW-berriche-fakerisland2026,Faker Island. Profiling misinformation sharers on the French,2,26.0;41.0;52.0;68.0,"By contrast, in the ideology-and-activity matched sample, misinformation sharers remain substantially more retweet-oriented than matched control users: retweets account for 68% of their posts, compared with 52% among matched controls, while original tweets account for 26% and 41%, respectively."
NEW-jadara-2022,Jadara (2022) — perceived exposure to misinformation survey,1,27.0,"This has led to numerous opinion polls and research, including the “Meredith Foundation American Media Survey 2017,” which concluded that 27% of the media published false news or misinformation during the election campaign, which contributed to misleading the American people (Yasead, 2020)."
NEW-jung-icwsm,Algorithmic Behaviors Across Regions: A Geolocation Audit of,1,95.0,"Since 95% of the user traffic is directed towards the first page of the search results (Kaye 2013) and YouTube employs the “Relevance” filter by default, users in SA may likely encounter significantly more misinformative SERPs than users in the US."
NEW-jung-icwsm,Algorithmic Behaviors Across Regions: A Geolocation Audit of,1,1.0,"Thus, they14 re- 13https://pypi.org/project/langdetect/ 14We also assigned a 0 score to removed videos whose URL was inaccessible (<1% of data), providing a conservative estimate of the misinformation bias in SERPs."
NEW-jung-icwsm,Algorithmic Behaviors Across Regions: A Geolocation Audit of,1,25.0,"2020), which identified that over 25% of the most- viewed YouTube videos contain misleading information."
NEW-moreno-jmirderma,Moreno et al. — dermatology misinformation on social media (,4,2.0,We found that the most common category of misinformation—indoor tanning as a safe way to get Vitamin D—comprised less than 2% of posts recorded across https://derma.jmir.org/2021/1/e25661 XSL• FO RenderX the year.
NEW-vanantwerpen-esm,Information and Misinformation exposure during the Australia,3,61.8,"PositiveEmotion ~ Person-Mean-Centred_InformationUse + Mean-Centred_InformationUse + Person-Mean-Centred_MisinformationExposure + Mean-Centred_MisinformationExposure + (1 + Person-Mean-Centred_InformationUse|ID) Polarisation For RQ5, within our samples, 61.79% of participants (n = 76) reported exper"
OA-W2524060751,Blind spots: Examining political advertising misinformation ,1,70.0,"This figure, however, is likely a gross under representation of the prevalence of inaccuracies in political ads from 2008 because most of the ads (70%) were never evaluated by these purportedly elite fact-checkers."
OA-W3091627927,"Fake news, Covid-19 e Infodemia: un esempio di ricerca socia",1,44.0,"Only 1,44% of the tweets collected are fake news, plus they circulate only in very specific periods and within closed communities."
OA-W3091627927,"Fake news, Covid-19 e Infodemia: un esempio di ricerca socia",1,61.0,"Furthermore, the 61% of fake news deals with the topic of immigration: false information that put the blame of coronavirus diffusion on migrants do not represent, per se, a threat to public health; instead, they are part of the strategy adopted by Italian right-wing populist movements to get online "
OA-W4377015071,A Look at Social Media and Misinformation in Regard to Abort,1,10.5,"Seventy-nine percent of posts with inaccurate information were from nonmedical providers, 10.5% from physicians, and 10.5% from nonphysician providers."
OA-W4377015071,A Look at Social Media and Misinformation in Regard to Abort,1,15.8;84.2,"Of posts containing medical misinformation, 84.2% were anti-abortion, and 15.8%, pro-abortion."
OA-W4407797130,Reach and dissemination channels of (selected) disinformatio,4,20.0,"Moreover, the majority of these visits were concentrated among 20% of the population, indicating that most people are not regularly exposed to disinformation."
OA-W4407797130,Reach and dissemination channels of (selected) disinformatio,4,33.0,"One of the first large-scale studies on disinformation, a poll conducted by IPSOS for BuzzFeed, found that 33% of respondents recalled seeing at least one fake news story during the 2016 U.S."
OA-W4407797130,Reach and dissemination channels of (selected) disinformatio,4,21.8;49.0,"Figure 2: Agreement with disinformation narratives Covid caused by West 36.88 48.25 18.13 34.13 20.00 25.13 10.88 6.63 Agreement with the narrative claims, or in other words belief that the narrative is true, ranges between 21.75% of participants agreeing with N1, up to 49% of participants agreeing "
OA-W4407797130,Reach and dissemination channels of (selected) disinformatio,4,42.7,"Although this claim includes both false (paedophilia) and true (LGBT rights) elements, the emotional weight of these terms explains its resonance with a significant portion of respondents (42.7% agreement)."
PMID-40061772,Oral Health Misinformation on Youtube - A Content Analysis.,1,15.0;75.0,About 75% of the videos containing misleading information were created by non-professionals and only about 15% of the videos containing misleading information were created by medical professionals.
SEED-allcott2017,Social Media and Fake News in the 2016 Election,6,6.2;8.0;13.8;14.5;14.8;19.2;23.5,Some anecdotal reports support the idea that the majority of election-related fake news was pro-Trump: some fake 224 Journal of Economic Perspectives Figure 4 Most Important Source of 2016 Election News 19.2% Network TV 23.5% Cable TV 14.8% Website Local TV 14.5% Radio Social media 6.2% Print 8.0% 1
SEED-cordonnier2021,Cordonier & Brest (2021) — Comment les Français s'informent-,3,41.0;43.0,06 Generic disinformation Click-bait 43% 41% GRAPH READING: 43% of total time spent consulting unreliable information sources was on sources of generic disinformation.
SEED-cordonnier2021,Cordonier & Brest (2021) — Comment les Français s'informent-,3,43.0,26 —GRAPH READING: 43% of total time spent consulting unreliable information sources was on sources of generic disinformation.
SEED-cordonnier2021,Cordonier & Brest (2021) — Comment les Français s'informent-,3,18.5,"Of the 1,614 participants who 28 completed the end-of-study survey, 298 (18.5%) visited a source of health-related disinformation at least once."
SEED-cordonnier2021,Cordonier & Brest (2021) — Comment les Français s'informent-,3,52.1,8 — TABLE READING: 52.1% of participants who consulted a source of generic disinformation at least once over the study’s 30-day period also consulted a source of “click-bait” at least once.
SEED-cordonnier2021,Cordonier & Brest (2021) — Comment les Français s'informent-,3,9.4,"Lastly, it is interesting to note that only 9.4% of all study participants visited sources of generic disinformation."
W3033912864,Disinformation and Misinformation on Twitter during the Nove,3,90.0,About 90% of the tweets containing these “fake news” URLs are initiated by regular users.
W3033912864,Disinformation and Misinformation on Twitter during the Nove,3,24.0;36.4;46.5;47.6;55.6;56.1;60.0;61.2;63.0;66.7;71.1;71.2;77.8;80.6;85.9;88.3,"Regular News agency Government News reporter Black news 2,090 (71.15%) 409 (88.26%) 36 (80.56%) 27 (77.78%) Red news 45,200 (66.74%) 3,155 (85.93%) 490 (60.00%) 357 (63.03%) Orange news 45,503 (55.59%) 4,260 (56.15%) 821 (71.13%) 634 (46.53%) Real news 509,188 (47.62%) 68,044 (61.19%) 15,430 (36.42%"
W3033912864,Disinformation and Misinformation on Twitter during the Nove,3,73.3,73.26% of the English speakers who posted tweets with “fake news” URLs came from United States.
W3033912864,Disinformation and Misinformation on Twitter during the Nove,3,3.8,"After we normalize the number of retweeters of “fake news” URLs by the total number of retweeters in each country, we can see that 3.79% of users in United States have at least retweeted one tweet with “fake news” URLs, which is much higher than the average 10 Table 4: Country distribution of Englis"
W3035025978,YouTube as a Source of Medical and Epidemiological Informati,1,0.4;0.6;41.5,"The misleading videos in Arabic (n=5) and Dutch (n=1) garnered only 0.43% and 0.63% of the viewership, while such videos made up 41.50% of the viewership in Hindi (n=6)."
W3138656580,A global pandemic in the time of viral memes: COVID-19 vacci,1,57.9,"Twenty-two of these 38 videos (57.89%) falsely conveyed that a vaccine was available, as they were not at the time of the study."
W3189543626,Information in Spanish on YouTube about Covid-19 vaccines,1,12.7,"The vaccine cannot be the mark of the Beast, 666, because the World President, who is the antichrist, has not yet mani - fested himself .” On the other hand, 15 videos (12.7%) debunked Covid-19 vaccines hoaxes and conspiracy theories (6 corresponded to user-generated content, 5 were created by healt"
W3189543626,Information in Spanish on YouTube about Covid-19 vaccines,1,19.0,"A relevant result of our research was the small number of videos disseminating hoaxes or conspiracy theories, unlike what was described in other studies about other vaccines, in which hoaxes were detected in up to 19.0% of the most viewed videos."
W3189543626,Information in Spanish on YouTube about Covid-19 vaccines,1,85.0,"This represents an encouraging finding, in a context in which it is estimated that among 55–85% of the population, depending on country and infection rate, needs to be vaccinated against Covid-19 to provide herd immunity, 30 and that belief in Covid-19 misinformation significantly reduces willingnes"
W4293124965,Quantifying the “infodemic”: People turned to trustworthy ne,16,5.0,"2019 5% of news diet Twitter US August 2016 to September 2016 Domain Negligent, deceptive, little regard for the truth or fake news."
W4293124965,Quantifying the “infodemic”: People turned to trustworthy ne,16,1.4;6.8,"In 2020, news outlets repeatedly publishing false content accounted for 1.39% of the web traffic to news outlets and 6.76% of the Facebook engagement with news outlets."
W4306964957,Detecting Misinformation: Identifying False News Spread by P,2,75.0,"We validate this text-based approach by measuring the prevalence of misinformation in political leaders’ social media posts in Brazil, an example of a developing country in which 75% of all the content shared by elected politicians on social media in Brazil from 2018 to 2020 did not contain referenc"
W4306964957,Detecting Misinformation: Identifying False News Spread by P,2,1.5;50.5,"The number of posts containing misinformation can range from 50 to 38,695, and the percentage of politicians who have shared misinformation can also range from 1.48% (14) to 50.5% (478)."
W4306964957,Detecting Misinformation: Identifying False News Spread by P,2,63.0,"Out of the 104 stories not inBoatos, 63% (66) were classified as false."
W4306964957,Detecting Misinformation: Identifying False News Spread by P,2,78.0,"We found that 78% of the articles selected from reputable news sources were misclassified as false when they deployed more sensationalist rhetoric, used clickbait, and otherwise did not resemble a news article headline."
W4306964957,Detecting Misinformation: Identifying False News Spread by P,2,12.3,"Out of the 146 politicians who are identified as sharing false sto- ries using the text-based approach, 12.3% (18) were not identified in the domain-based approach."
W4306964957,Detecting Misinformation: Identifying False News Spread by P,2,73.2,"Out of the 478 politicians who were classified as sharing misinformation in the domain-based approach, 73.2% (350) were not identified as sharing false content in the text-based approach (see Figure 1b)."
W4306964957,Detecting Misinformation: Identifying False News Spread by P,2,95.0,"Out of the 139 posts with working links, 131 (95%) stories were not checked by any fact-checking agency."
W4306964957,Detecting Misinformation: Identifying False News Spread by P,2,10.2,"In the subset of posts with cosine similarity greater than 0.4, the rate in which we found false stories was 10.2%."
W4306964957,Detecting Misinformation: Identifying False News Spread by P,2,0.8,"The false positives (that we identified as false but were rated as true or non-verifiable by the fact-checking organization) for the domain classification approach (0.8%) linked to domains in our list were primarily 22We contacted Boatos, the same organization from which we draw our main fact-checki"
W4306964957,Detecting Misinformation: Identifying False News Spread by P,2,44.0,"Around 44% of posts included in this sam- ple that we coded as false based on the presence of a suspicious domain, were coded as true or unverifiable by the fact-checking organization."
W4306964957,Detecting Misinformation: Identifying False News Spread by P,2,2.0,"Where we found false negatives (less than 2% of posts for the domain approach), posts included claims that were primarily exaggerations and rumors, 32 though a few were false, including posts about COVID-19 quarantines and attempts by the Worker’s Party to interfere with the federal police."
W4306964957,Detecting Misinformation: Identifying False News Spread by P,2,8.3;44.0,"We compared our classification against the fact-checker review, and found that the false positive rate (posts we rated as false and the fact-checker as true or not verifiable) for posts dropped from 44.05% (in the domain-based approach in the domain sample) to 8.3% (in the text-based approach) or 36"
W4306964957,Detecting Misinformation: Identifying False News Spread by P,2,1.2;7.6;40.7,"Across each sample, the text-based approach produces at a minimum 1.2% and at a maximum 7.6% false negatives (posts we deemed as true and the fact checker as false) and the domain-based approached produced at a minimum 1.2% and a maximum 40.7% false negatives – primarily due to the fact that the dom"
W4309243406,Misinformation in the media: global coverage of GMOs 2019-20,4,25.0;40.0,"In terms of readership, the mation conversation.” Thus 40% of the “misinfor­ articles we rated as factually accurate had mation conversation” on GMOs in traditional a potential readership of 4.8 billion, while those media fell into the “human health” topic category containing misinformation had a re"
W4309243406,Misinformation in the media: global coverage of GMOs 2019-20,4,11.0,"misinformation about pesticides had the next high­ This means that 11% of our database of media est readership, with 106 million out of 1.8 billion coverage of GMOs mentioning human health potential views."
W4309243406,Misinformation in the media: global coverage of GMOs 2019-20,4,11.0,"A similar propor­ achieved 85 million out of 1.5 billion readership, tion of the “pesticides” category (also 11%) was while misinformation on production had tagged as misinformation, although in volume 47 million out of 1.8 billion views and misinforma­ terms the number (16 articles out of 150) was "
W4309243406,Misinformation in the media: global coverage of GMOs 2019-20,4,100.0,"show the persistence and influence of anti-GMO One of the most striking results from our analy­ misinformation in sub-Saharan Africa, quantita­ sis is that 100% the misinformation about GMOs tively confirming anecdotal observations made by has been characterized as negative, mixed, or neu­ practitio"
W4309243406,Misinformation in the media: global coverage of GMOs 2019-20,4,22.0;37.0,"A meta- GMO groups in Africa are supported by groups analysis of the global impact of GM crops found based in the Global North, primarily Europe, an average yield increase of 22% and a reduction in where food security is not an issue.35 chemical pesticides of 37%.27 These benefits are Many of the Af"
W4393231882,Tracing the dynamics of misinformation and vaccine stance in,1,27.0,"Similarly, the misinformation classification model identifies 460,087 tweets as misinformation, accounting for over 27% of the dataset."
W4393231882,Tracing the dynamics of misinformation and vaccine stance in,1,20.0;30.0,"In the second year of COVID-19 (2021–2022), these ratios increased up to 20%, resulting in over 30% of tweets at the end of 2022 containing some form of NSV or misinformation."
W4407878374,Semi-supervised self-training for COVID-19 misinformation de,2,0.1;80.0,"presidential election, finding that 0.1% of the users in their Twitter data were responsible for sharing 80% of the identified fake news."
W4407878374,Semi-supervised self-training for COVID-19 misinformation de,2,48.1;95.0,"Hold- ing all else equal, non-misinformation tweets are expected to receive approximately 48.1% of the retweets that misinformation tweets get (IRR = 0.48, 95% CI 0.459–0.503, p < 0.001)."
W4407878374,Semi-supervised self-training for COVID-19 misinformation de,2,86.8;88.7;95.0,"For likes and replies, misinformation tweets were again expected to experi- ence higher engagement, however for these metrics the differences were smaller, with non-misinformation tweets expected to receive 86.8% of the likes (IRR = 0.868, 95% CI 0.839–0.898, p < 0.001) and 88.7% of the replies (IRR"
W4407878374,Semi-supervised self-training for COVID-19 misinformation de,2,1.0;2.5,"Out of the 21,809 misinformation tweets in the dataset, 553 (2.5%) contained links to alternative news media sites, while in comparison, of the 404,453 non-misinformation tweets, only 3979 (1%) included such links."
W4407878374,Semi-supervised self-training for COVID-19 misinformation de,2,1.0;2.5,"However, the presence of alternative news media sites in the data overall was quite low, with only 2.5% of the misinfor - mation tweets and 1% of the non-misinformation tweets containing links to such sites."
W4414446446,Separate worlds of misinformation. An explorative study of c,3,74.0,The findings indicated that 74% of the articles contained inaccurate information regarding the legal and medical status of brain-dead patients.
W4414446446,Separate worlds of misinformation. An explorative study of c,3,14.0;86.0;93.0,"ChatGPT then identified 127 (93%) of the e5 matches, covering 86% overall, with a 14% false negative rate."
W4414446446,Separate worlds of misinformation. An explorative study of c,3,32.0,32% of the claims were entirely false.
W4414446446,Separate worlds of misinformation. An explorative study of c,3,35.0,"NENNO The study found that in about 35% of their talk show appearances, AfD members directly stated misinformation, mostly about alleged political bias in public institutions."
W4416223891,Pharmacological topics of interest for young people: misinfo,1,68.0,"The subcategory containing the high - est number of posts with misinformation (33,68%) was no source of reference (Fig."
W4416223891,Pharmacological topics of interest for young people: misinfo,1,33.3,English posts included misinformation in 33.3% of videos and German Fig.
W4416223891,Pharmacological topics of interest for young people: misinfo,1,43.5,"Of the vid- eos that used moving visual animation technique, 43.48% contained misinformation."
W7163893383,When Algorithms Prescribe: A Cross-Sectional Study of Qualit,1,26.5;81.8;90.9,"Although wellness promoters accounted for the largest share of all false-claim videos (26.5%), the highest within-group prevalence was observed among CAM health professionals (90.9%), followed by wellness promoters (81.8%)."
W7163893383,When Algorithms Prescribe: A Cross-Sectional Study of Qualit,1,16.7;18.6,"They also accounted for smaller shares of the total false-claim videos, with physicians contributing 16.7% and non-physician healthcare providers contributing 18.6% of all false-claim content."
W7163893383,When Algorithms Prescribe: A Cross-Sectional Study of Qualit,1,6.3;8.0;11.6,"The most frequently identified categories involved alleged coenzyme Q10 depletion (n = 26, 11.6% of coded false claims), claims that statins reduce cholesterol needed for hormone production (n = 18, 8.0%), promotion of alternatives to statin therapy (n = 14, 6.3%), and denial of the causal role of l"
W7163893383,When Algorithms Prescribe: A Cross-Sectional Study of Qualit,1,40.0,Another important finding of this study was the high prevalence of false or misleading claims with nearly 40% of videos containing at least one inaccurate statement.
