batch,oaid,doi,year,title,ruling,reason,construct_guess,delivered_ruling,override_rule
1,W1129176898,,2015,Antenatal information sources for maternal and infant diet.,NOT,"off-topic: reports shares of antenatal information SOURCES, no misinformation measure",,NOT,
1,W1672733492,10.14687/ijhs.v11i1.2732,2014,"Tamamlayıcı alternatif tıp ile ilgili gazete haberlerinin gazetecilik, halk sağlığı ve tıbbi etik boyutuyla değerlendirilmesi1",NOT,"quality-only: 585 CAM articles coded for source and stance, not accuracy or falsity",,NOT,
1,W2052303061,10.1002/bult.2010.1720360505,2010,Twitter‐based information distribution during the 2009 Red River Valley flood threat,NOT,"no audience denominator: descriptive account of Twitter use in a flood, no rumour share",,NOT,
1,W2282449574,10.5070/d3222030089,2016,Dermatology in Doximity,NOT,"quality-only: 140 Doximity articles coded by content type and shares, no accuracy coding",,NOT,
1,W2320668124,10.1890/0012-9623-91.4.438,2010,Snake Invasion: Evaluation of an Online News Frenzy,UNSURE,"evaluation of an online news frenzy could code accuracy of news items, outcome unstated",CONTENT,UNSURE,
1,W2338956363,,2012,"Crowdwork, crisis and convergence: how the connected crowd organizes information during mass disruption events",NOT,"no audience denominator: dissertation on digital volunteerism, misinformation only as framing",,NOT,
1,W2344262716,,2016,Social Media and Unfounded Health Beliefs: An Assessment of Participants' Response to Health Posts on Epidemics,UNSURE,survey of 400 students on exposure to social media epidemic posts; whether a perceived-misinformation share is reported is unstated,RECALL,UNSURE,
1,W2563677521,10.1080/10410236.2016.1250706,2016,"One Step Forward, One Step Back: Changes in News Coverage of Medical Interventions",NOT,"quality-only: HealthNewsReview criteria score reporting completeness, not truth of the story",,NOT,
1,W2791367039,10.18332/tid/84741,2018,'Alternative fact' narrative influencing tobacco control: a case study of tobacco industry interference in print media,NOT,"no audience denominator: thematic case study of tobacco press narratives, no share of all articles",,NOT,
1,W2804236375,10.6082/m17p8wgz,2017,Demand for Online News under Government Control,UNSURE,browsing-panel shares for government-controlled Russian outlets; unclear whether those outlets are treated as unreliable sources,EXPOSURE,UNSURE,
1,W2804339869,10.3916/c54-2018-10,2017,Critical thinking of young citizens towards news headlines in Chile,NOT,intervention/experiment: student headline-classification exercises measuring critical thinking ability,,NOT,
1,W2886210379,10.5204/mcj.1422,2018,Post-Truth Protest: How 4chan Cooked Up the Pizzagate Bullshit,NOT,no audience denominator: essay case study of one conspiracy theory's origin on 4chan,,NOT,
1,W2896747101,,2018,MINING FACEBOOK PAGE FOR BI-PARTISAN ANALYSIS,NOT,"no audience denominator: descriptive statistics on CNN/Fox Facebook reactions, no falsity coding",,NOT,
1,W2903903405,,2018,The tactics & tropes of the Internet Research Agency,UNSURE,IRA platform-data report gives summary statistics and possibly a reach figure; whether any share has a population denominator is unstated,REACH,UNSURE,
1,W2913276738,10.1080/21582041.2019.1569714,2019,"Disinformation and digital influencing after terrorism: spoofing, truthing and social proofing",NOT,"no audience denominator: conceptual typology of influence techniques, no rumour prevalence",,NOT,
1,W2917182147,10.13135/2611-853x/2914,2018,"Big Data, Small Data, Broken Windows and Fear Discourse: Brexit, the EU and the Majority Illusion",NOT,"no audience denominator: multimodal and netnographic analysis of Brexit corpora, no falsity share",,NOT,
1,W2917790100,10.1287/isre.2020.0925,2020,A Tangled Web: Should Online Review Portals Display Fraudulent Reviews?,NOT,intervention/experiment: randomized tests of how to display flagged fraudulent reviews,,NOT,
1,W2927878794,10.22174/jcr.2018.55.4.54,2018,An Exploratory Study on the Formal Requirements of ‘Fact’ Suggestion through Analysis of SNU FactCheck Information Metadata,NOT,"no audience denominator: 740 fact-check records coded for procedural transparency, not verdicts",,NOT,
1,W2954806192,,2019,Representação da informação noticiosa pelas agências de fact-checking: do acesso à informação ao excesso de informação,NOT,no audience denominator: qualitative analysis of how fact-checking agencies represent information,,NOT,
1,W2965723438,,2018,De la ironía a la militancia : los memes de internet como arma política en la campaña presidencial colombiana del 2018,NOT,"no audience denominator: meme corpus coded for sentiment and reach, not falsity",,NOT,
1,W2965916618,10.2196/15298,2019,Social Media Outrage in Response to a School-Based Substance Use Survey: Qualitative Analysis,UNSURE,207 archived comments coded into themes; whether a conspiratorial or misinformation theme share is reported is unstated,CONTENT,UNSURE,
1,W2974446869,10.11114/smc.v7i2.4525,2019,Understanding Social Media’s Role in Propagating Falsehood in Conflict Situations: Case of the Cameroon Anglophone Crisis,NOT,"no audience denominator: qualitative account of three ways falsehood spread, no share of a defined set",,NOT,
1,W2981997775,10.31355/15,2017,Public Perception of the Role of Facebook Usage in Political Campaign in Nigeria,NOT,"off-topic: perception survey of Facebook campaign use, no misinformation measure in the abstract",,NOT,
1,W2986533913,10.1093/eurpub/ckz185.682,2019,Role of Social Media in vaccination debate about HPV: the VAC Medi+Board study,NOT,tool/infrastructure: conference talk on a Twitter dashboard for vaccine-debate monitoring,,NOT,
1,W2991713571,10.5455/annalsmedres.2019.09.514,2019,The impact of social media news on the health perception of society,NOT,"belief/attitude only: survey of perceived reliability of social media health news, no exposure share",,NOT,
1,W3016939727,10.1371/journal.pone.0230843,2020,Reporting quality and spin in abstracts of randomized clinical trials of periodontal therapy and cardiovascular disease outcomes,NOT,reports share of RCT abstracts with spin (86%) and claiming benefit despite a null primary outcome (64%),CONTENT,ELIGIBLE,addendum rule 1 (sample must be audience-facing media)
1,W3024871347,10.2196/15623,2020,Insights From Twitter Conversations on Lupus and Reproductive Health: Protocol for a Content Analysis,NOT,"review/commentary: study protocol, no results",,NOT,
1,W3036144303,10.1111/ajps.12535,2020,Partisan Gaps in Political Information and Information‐Seeking Behavior: Motivated Reasoning or Cheerleading?,NOT,"intervention/experiment: incentivised survey experiment on partisan information search, browsing coded for slant not misinformation",,NOT,
1,W3047195202,10.5210/spir.v2019i0.11011,2019,"BOTS AMONG US: PREVALENCE, INFLUENCE, AND ROLES OF AUTOMATED ACCOUNTS IN THE GERMAN TWITTER FOLLOW NETWORK",NOT,"off-topic: prevalence of automated accounts in a follow network, not a misinformation share",,NOT,
1,W3047238509,10.5210/spir.v2019i0.10941,2019,"TRUST IN TAIWAN’S MEDIA ECOLOGY, AUDIENCE AND CIVIC ENGAGEMENT: 2018 TAIWANESE LOCAL ELECTIONS AND NATIONAL REFERENDA AS A CASE STUDY",NOT,review/commentary: conference panel front matter,,NOT,
1,W3048980451,10.6007/ijarbss/v10-i3/7053,2020,Media Literacy Dimension in Reinforcing Political Participation Integrity Among Young People in Social Media,UNSURE,student survey whose participation-integrity measure includes spreading fake news; unclear whether a share is reported or only a scale,RECALL,UNSURE,
1,W3076458421,,2020,Evaluating the Quality of Information Found in the Most Common Health Websites in Google Using DISCERN and CRAAP,NOT,"quality-only: DISCERN and CRAAP ratings of health websites, no accuracy or truth coding",,NOT,
1,W3080239747,10.2147/rmhp.s257473,2020,An Extensive Search Trends-Based Analysis of Public Attention on Social Media in the Early Outbreak of COVID-19 in China,NOT,"no audience denominator: counts of rumours from refuting platforms correlated with search indices, no share",,NOT,
1,W3082916558,10.25200/bjr.v16n2.2020.1212,2020,JOURNALISM AND FACT-CHECKING: typification of sources used for checking and criteria for selecting fact-checked material – an analysis by Agência Lupa and Aos Fatos,NOT,"no audience denominator: analysis of fact-checking agencies' sources and selection criteria, no verdict share",,NOT,
1,W3088859497,10.1093/pa/gsaa033,2020,From Bad to Worse? The Media and the 2019 Election Campaign,NOT,review/commentary: essay on media coverage of the 2019 UK campaign,,NOT,
1,W3089036524,10.1093/pa/gsaa029,2020,A Transparent Digital Election Campaign? The Insights and Significance of Political Advertising Archives for Debates on Electoral Regulation,UNSURE,first analysis of Facebook and Google ad archives; whether ads are coded for misleading claims is unstated,CONTENT,UNSURE,
1,W3091946553,10.1371/journal.pone.0239826,2020,Comparing covariation among vaccine hesitancy and broader beliefs within Twitter and survey data,UNSURE,tweets keyword-matched to belief items and stance-coded via weblinks; unclear whether a share of anti-vaccine or misinformation tweets is reported,CONTENT,UNSURE,
1,W3092576173,10.5210/spir.v2020i0.11132,2020,‘COORDINATED INAUTHENTIC BEHAVIOUR’ AND OTHER ONLINE INFLUENCE OPERATIONS IN SOCIAL MEDIA SPACES,NOT,review/commentary: conference panel front matter,,NOT,
1,W3099932286,10.3389/feduc.2020.565062,2020,"How Do University Students’ Web Search Behavior, Website Characteristics, and the Interaction of Both Influence Students’ Critical Online Reasoning?",UNSURE,browsing histories of 50 students coded for website quality; unclear whether quality means credibility or accuracy and whether a share of visits is reported,EXPOSURE,UNSURE,
1,W3108812612,10.1108/oir-04-2020-0130,2020,Encountering misinformation online: antecedents of trust and distrust and their impact on the intensity of Facebook use,UNSURE,"survey (N=661) on encountering misinformation on Facebook; SEM of trust, unclear whether a perceived-exposure share is reported",RECALL,UNSURE,
2,W3111058483,,2014,Obezite ile Mücadelede Medyada Yer Alan Zayıflama Amaçlı Yarışma Programları için Bilimsel ve Etik Değerlendirme,NOT,"commentary/policy essay on TV weight-loss shows, no coded sample or share; review/commentary",,NOT,
2,W3113416514,10.1093/eurheartj/ehaa1019,2020,TeleHealth in the digital revolution era,NOT,"editorial letter on telehealth citing prior Twitter work, no estimate of its own; review/commentary",,NOT,
2,W3127514505,10.31620/jccc.12.20/03,2020,MEDIA EXAGGERATION AND INFORMATION CREDIBILITY: QUALITATIVE ANALYSIS OF FEAR GENERATION FOR COVID- 19 USING NVIVO,NOT,"qualitative NVivo sentiment analysis of respondent views, no share of a defined set; no audience denominator",,NOT,
2,W3127528189,10.47363/jvrr/2020(1)106,2020,Investigation of the Level of Public Awareness Outcome of COVID -19 Pandemic among Nigerians,NOT,"awareness/knowledge survey; misconceptions measured as beliefs held, not exposure; belief/attitude only",,NOT,
2,W3127643009,10.31703/glsr.2020(v-iv).02,2020,The Smokescreen of Media during COVID-19 and Its Perpetual Resolutions: A Thick Description,NOT,"discursive essay on the COVID infodemic, no data; review/commentary",,NOT,
2,W3129131992,10.33564/ijeast.2020.v05i05.052,2020,EVALUATING COVID-19 HEALTH INFORMATION USING MACHINE LEARNING,NOT,"topic model contrasts anti- vs pro-vaccination communities, stance not accuracy (addendum rule 3); quality-only",,NOT,
2,W3129416825,10.3390/ijerph18052273,2021,Chilean Digital Press Coverage of the Relation between Diet and Mental Health,NOT,"news items coded for topic, frame and source range, no accuracy judgement; quality-only",,NOT,
2,W3130132527,,2021,Law Student's response to the COVID 19 Infodemic on Social Media: An Empirical Study,UNSURE,survey of law students on handling COVID misinformation; verification methods reported but any encounter share unstated,RECALL,UNSURE,
2,W3132012056,10.1515/for-2020-2015,2020,Legislator Adoption of the Fake News Label: Ideological Differences in Republican Representative Use on Twitter,NOT,"use of the ""fake news"" epithet by legislators is rhetoric, not false content; off-topic",,NOT,
2,W3134707315,10.1371/journal.pone.0248160,2021,Misinformation on COVID-19 origin and its relationship with perception and knowledge about social distancing: A cross-sectional study,NOT,"survey of perceptions of COVID origin, i.e. belief in a false claim, not exposure; belief/attitude only",,NOT,
2,W3135219393,10.3390/ijerph18052381,2021,"Old Tricks, New Opportunities: How Companies Violate the International Code of Marketing of Breast-Milk Substitutes and Undermine Maternal and Child Health during the COVID-19 Pandemic",NOT,qualitative themes plus raw violation counts with no denominator; no audience denominator,,NOT,
2,W3138053709,10.3390/journalmedia2010007,2021,COVID-19-Related Social Media Fake News in India,NOT,"sample is 125 fake news items, so shares are within a misinformation-only corpus; no audience denominator",,NOT,
2,W3138942390,10.2196/23593,2021,Concerns Discussed on Chinese and French Social Media During the COVID-19 Lockdown: Comparative Infodemiology Study Based on Topic Modeling,NOT,topic modelling of COVID posts; misinformation discussed qualitatively with no share; no audience denominator,,NOT,
2,W3140278754,,2021,Public Perception of Social Media Reports on Covid-19 in Port Harcourt Rivers State,UNSURE,survey of 400 residents on social media COVID reports; percentages reported but whether any is perceived exposure to misinformation is unstated,RECALL,UNSURE,
2,W3143407426,10.35631/ijcrei.36002,2021,THE IMPACT OF MEDIA INFODEMICS ON COVID-19 OUTBREAK IN INTENSIFYING GLOBAL PANIC AMONG MALAYSIANS: A PERCEPTION-BASED ANALYSIS,UNSURE,focus groups with 15 Malaysians reporting percentages on fake-news handling; whether a share who encountered infodemic content is given is unstated,RECALL,UNSURE,
2,W3148801295,10.5539/ass.v17n4p24,2021,"Functions, Influences & Effects of WhatsApp Use During the Movement Control Order (MCO) in Malaysia",NOT,"structured interviews with 10 informants, qualitative only; no audience denominator",,NOT,
2,W3157245184,10.1525/gp.2021.19054,2021,The Multidimensionality of Trust: Assessing Finnish Audiences’ Views on the Trustworthiness of Digital News,NOT,"audience surveys measure trust in news and awareness of disinformation dangers, not exposure; belief/attitude only",,NOT,
2,W3178060509,10.1080/19331681.2021.1945987,2021,Public responses to COVID-19 information from the public health office on Twitter and YouTube: implications for research practice,UNSURE,"comments to a public health office categorized across two platforms with misinformation named as the target, but only tone findings reported",CONTENT,UNSURE,
2,W3187774863,10.2196/30971,2021,Infodemic Signal Detection During the COVID-19 Pandemic: Development of a Methodology for Identifying Potential Information Voids in Online Conversations,NOT,development of a WHO social-listening taxonomy for signal detection; tool/infrastructure,,NOT,
2,W3188384768,10.2196/29929,2021,The Impact of COVID-19 on Conspiracy Hypotheses and Risk Perception in Italy: Infodemiological Survey Study Using Google Trends,UNSURE,"Google Trends relative search volumes, with one conspiracy query put at 0.04% of pandemic web interest; unclear this is an exposure share rather than a relative index",EXPOSURE,UNSURE,
2,W3192748711,10.1097/ju.0000000000002045.12,2021,MP36-12 MARKETING PLATFORMS DOMINATE CONSUMER UNDERSTANDING OF SHOCKWAVE THERAPY FOR ERECTILE DYSFUNCTION,NOT,Google search-volume trends for shockwave therapy terms with no accuracy coding; off-topic,,NOT,
2,W3202491947,,2021,Critical Thinking in Media Sphere: Attitude of University Teachers to Fake News and Its Impact on the Teaching,NOT,"survey of 76 teachers on critical attitudes to media reliability, no exposure measure; belief/attitude only",,NOT,
2,W3204712709,10.18374/jabe-21-3.2,2021,A CRISIS OF KNOWLEDGE MISMANAGEMENT: THE EFFECT OF FAKE NEWS ON CONSUMER DISTRUST ALONG COVID-19 ERA,UNSURE,survey of 164 Egyptian consumers where fake news predicts distrust; whether a fake-news exposure share is reported is unstated,RECALL,UNSURE,
2,W3206715780,10.1093/pm/pnab305,2021,Manifestations of Pain During the COVID-19 Pandemic Portrayed on Social Media: A Cross-Sectional Study,NOT,"150 YouTube videos appraised with a quality instrument, no accuracy coding; quality-only",,NOT,
2,W3214892076,10.1111/ced.15041,2021,A qualitative analysis of online misinformation and conspiracy theories in psoriasis,NOT,"thematic review of psoriasis misinformation themes, no sample share; no audience denominator",,NOT,
2,W3217112090,,2020,"Representaciones sociales del envejecimiento en Chile: cuando las noticias distorsionan, desinforman y enferman. / Social representation of aging in Chile: when the news distorts, misinform and sicken.",NOT,"4,176 news items coded for social representations of ageing, framing not falsity (addendum rule 3); quality-only",,NOT,
2,W4205325104,10.4103/jiaphd.jiaphd_56_21,2021,"The Impact of Panic Spread in Social Media Over COVID-19 on Dental Students of Nellore, India – A Cross-Sectional Study",UNSURE,"survey of 534 dental students on social media panic and fake news; reported percentages are platform use and opinion, exposure share unstated",RECALL,UNSURE,
2,W4206100778,10.17975/sfj-2021-015,2021,Identifying COVID-19 Instagram behaviour patterns via a novel network analysis pipeline,NOT,"hashtag network clusters and sentiment plus bot classification (addendum rule 2), no share of false content; no audience denominator",,NOT,
2,W4211191558,10.1177/09697330211041749,2022,‘Blurred boundaries’: When nurses and midwives give anti-vaccination advice on Facebook,NOT,"thematic analysis of nurses views on colleagues anti-vaccination posts, stance not falsity and no share of a defined set; no audience denominator",,NOT,
2,W4213346193,10.2196/33110,2022,Exploring Resource-Sharing Behaviors for Finding Relevant Health Resources: Analysis of an Online Ovarian Cancer Community,NOT,"176 shared links coded for relevance, not accuracy or truth; quality-only",,NOT,
2,W4214697828,10.11594/jmaber.03.02.05,2022,Infodemic amidst the Covid-19 in the Philippines: Spotted By Vera Files.Org,NOT,"sample is Vera Files fact-checked false claims, a misinformation-only corpus; no audience denominator",,NOT,
2,W4220988406,10.5204/mcj.2852,2022,How Google Autocomplete Algorithms about Conspiracy Theorists Mislead the Public,NOT,"essay arguing Google autocomplete subtitles for known conspiracists are misleading, no coded sample share; review/commentary",,NOT,
2,W4225947046,10.6007/ijarbss/v12-i4/12909,2022,Informal Social Control Impact on Young People Political Participation Integrity: Structural Equation Modelling Approach,NOT,"SEM of political participation integrity; fake-news spreading appears only in framing, no share reported; no audience denominator",,NOT,
2,W4226210281,10.1097/ju.0000000000002543.01,2022,MP14-01 EVALUATING THE QUALITY OF SOCIAL MEDIA CONTENT ON UROLITHIASIS PROCEDURES,NOT,"DISCERN quality scores for 24 urolithiasis items, no accuracy coding; quality-only",,NOT,
2,W4229001797,10.1111/jonm.13664,2022,Electronic health literacy among older adults in the context of the COVID‐19 pandemic: A mixed‐methods study,NOT,eHealth literacy scores plus interviews; misinformation mentioned qualitatively with no share; no audience denominator,,NOT,
2,W4281567619,10.1016/j.techsoc.2022.102004,2022,Tackling fake news in socially mediated public spheres: A comparison of Weibo and WeChat,NOT,"semantic content analysis of official debunking posts, denominator is debunking output not a wider set; no audience denominator",,NOT,
2,W4281755992,10.3390/ijerph19116751,2022,How Official Social Media Affected the Infodemic among Adults during the First Wave of COVID-19 in China,UNSURE,"survey of 1398 Chinese adults with perceived infodemic as an outcome construct; only SEM coefficients reported, unclear if any share is given",RECALL,UNSURE,
2,W4282838978,10.1093/cdn/nzac054.046,2022,#mediterraneandiet: A Content Analysis of Mediterranean Diet – Related Information on TikTok,UNSURE,"200 TikTok videos coded on 62 variables with misleading content flagged, but no accuracy variable or share stated in the preliminary results",CONTENT,UNSURE,
2,W4283759691,10.24912/jk.v14i1.13196,2022,Social Media Movement and Covid-19 Prevention in Indonesia,NOT,"qualitative thematic analysis of 1123 Instagram posts; misinformation is one of 15 themes, not a quantified share; no audience denominator",,NOT,
2,W4285079489,10.54940/ss60022913,2021,The Role of Educational Content in Raising the Skill of Media Students in Detecting False News on Digital Platforms: A field Study on a Sample of Students from Media Colleges and Departments in Arab Universities,NOT,"survey of 150 media students on verification mechanisms and credibility judgements, no exposure measure; belief/attitude only",,NOT,
3,W4285795763,10.30935/ojcmt/12240,2022,Exploring Denial Strategies against Climate Change across Agents and Media Platforms,NOT,"no audience denominator: 124 articles selected as climate disinformation, a misinformation-only corpus coded for denial strategies",,NOT,
3,W4286362903,10.1109/tts.2022.3192757,2022,Tracking Anti-Vax Social Movement Using AI-Based Social Media Monitoring,NOT,"detection/classifier: AI sentiment and NER monitoring of tweets, no share coded false",,NOT,
3,W4291885213,10.2196/38242,2022,Web-Based Perspectives of Deemed Consent Organ Donation Legislation in Nova Scotia: Thematic Analysis of Commentary in Facebook Groups,NOT,"no audience denominator: thematic analysis of 2337 comments, misinformation a theme with no share coded",,NOT,
3,W4292318859,10.46335/ijies.2022.7.9.17,2022,Impact of Media: Spreading Web Information,NOT,"no audience denominator: 90 already-debunked fake news stories, a misinformation-only corpus",,NOT,
3,W4293077290,10.1111/ssqu.13178,2022,Populist media diets,NOT,"off-topic: media diets by ideological extremity and perceived credibility, no source classified as low-credibility (addendum rule 4)",,NOT,
3,W4296175712,10.28918/iqtida.v2i01.5124,2022,Penyebaran Berita Hoaks Seputar Fatwa Haram Vaksinasi Covid-19,UNSURE,"descriptive hoax study; the 117-of-634-uploads share is a cited ministry figure, unclear whether the study reports a denominator of its own",CONTENT,UNSURE,
3,W4300003789,10.30813/bricolage.v8i2.3090,2022,From sadness to anger: Public perception over Covid-19 news coverage in Indonesia,NOT,"belief/attitude only: perceptions of COVID-19 news coverage and platform use, no misinformation encounter measure",,NOT,
3,W4306322252,10.2196/42759,2022,An Analysis of Information Sources of YouTube Videos Pertaining to Tattoo Removal: Cross-sectional Study,NOT,"quality-only: 162 YouTube videos coded for presenter profession and referral advice, no accuracy coding",,NOT,
3,W4306911960,10.1111/cea.14246,2022,Reinventing the wheal: A review of online misinformation and conspiracy theories in urticaria,NOT,"review/commentary: narrative review of urticaria misinformation themes, no sampled denominator",,NOT,
3,W4307133870,10.22376/ijpbs/lpr.2022.12.6.p87-95,2022,Impact of Infodemic on Public Perception on Covid-19 Pandemic: Web-Based Cross-Sectional Survey,NOT,"belief/attitude only: infodemic survey reporting information sources and knowledge, no exposure share",,NOT,
3,W4307383795,10.1093/eurpub/ckac131.172,2022,Use of Hashtags related to Covid-19 infodemics by bot accounts,NOT,"no audience denominator: hashtag community detection on bot-classified accounts, bots are not false claims (addendum rule 2)",,NOT,
3,W4311661047,10.2196/37924,2022,Twitter Trends for Celiac Disease and the Gluten-Free Diet: Cross-sectional Descriptive Analysis,NOT,"no audience denominator: superuser shares of celiac and gluten-free tweets by contributor type, no accuracy coding",,NOT,
3,W4312155658,10.1017/s0266462322001234,2022,OP74 Assessing Public Confidence Towards COVID-19 Vaccines Through Social Media Insights Leveraged Using Artificial Intelligence Techniques,NOT,"belief/attitude only: 302 tweets coded to vaccine-hesitancy themes, misinformation described but not quantified",,NOT,
3,W4312177457,10.2478/jec-2022-0014,2022,Vidzeme Region Inhabitants’ Media Usage Specifics,NOT,"off-topic: media-use and trust shares in a Latvian regional survey, no misinformation measure",,NOT,
3,W4312590649,10.47989/irisic2220,2022,"‘Confused, scared, hopeless, unsure.’ Teens looking for information about COVID-19",UNSURE,26-teen questionnaire with checklists that explicitly covered credibility and disinformation; no exposure share stated,RECALL,UNSURE,
3,W4313324568,10.53791/imgelem.1187245,2022,GENERATION Z: MEDIA CONSUMPTION AND MIL,UNSURE,Greek Generation Z media-consumption survey said to provide data on disinformation; outcome unstated,RECALL,UNSURE,
3,W4316618180,10.55367/hjwl1906,2022,The effects of online disinformation on a digital society in a fragile democracy,NOT,"review/commentary: legal discussion of disinformation regulation in Georgia, no sampled estimate",,NOT,
3,W4317354277,10.5281/zenodo.7547576,2023,User Perceptions of Privacy and Security in Online Social Networks,NOT,review/commentary: general essay on privacy perceptions with no study design or data,,NOT,
3,W4319054518,10.5281/zenodo.7603531,2023,WhatsApp and the Changing Face of the Zimbabwean Newsrooms: A Case of the Chronicle and NewsDay,NOT,"belief/attitude only: 75 questionnaires on WhatsApp newsroom practice, fake news raised as a concern not measured",,NOT,
3,W4319436674,10.4103/jispcd.jispcd_103_22,2022,Peruvian Children’s Access to Oral Health Information during the COVID- 19 Pandemic,NOT,"off-topic: access to oral health information in the ENDES survey, no misinformation measure",,NOT,
3,W4323824991,10.1111/jgs.18313,2023,Lack of geriatricians in aging‐related national media talks,NOT,"quality-only: 60 TED talks coded for speaker credentials and themes, no accuracy coding of content",,NOT,
3,W4360606950,10.1097/ju.0000000000003268.02,2023,MP34-02 PUBLIC INTEREST IN ONLINE INFORMATION ON RECURRENT UTIS IS GREATEST FOR INFORMATION WITH THE POOREST PUBLICATION QUALITY,NOT,quality-only: DISCERN reliability scores for recurrent-UTI articles with no accuracy or truth coding,,NOT,
3,W4360607897,10.1097/ju.0000000000003225.14,2023,MP10-14 TIKTOK AS AN EDUCATION TOOL FOR KIDNEY STONE PREVENTION,UNSURE,87 TikTok videos scored on DISCERN plus proportion matching AUA diet recommendations; unclear whether the guideline coding is accuracy or mere coverage,CONTENT,UNSURE,
3,W4361279959,10.3390/soc13040083,2023,"Xenophobia and Hate Speech towards Refugees on Social Media: Reinforcing Causes, Negative Effects, Defense and Response Mechanisms against That Speech",NOT,"off-topic: xenophobia and hate speech towards refugees, stance and hostility rather than falsity",,NOT,
3,W4365148965,10.48047/jcr.06.02.37,2023,Future of Digital Media in India: A Quantitative study of Experts' Opinion,NOT,"review/commentary: general essay on the future of Indian digital media, no estimate",,NOT,
3,W4366830595,10.1017/cts.2023.431,2023,"396 Quantitative Analysis of FDA Warning Letters Related to the Use of Social Media Sites in Product Misbranding for the Treatment, Prevention, or Diagnosis of COVID-19",NOT,"no audience denominator: counts of FDA warning letters by platform, a regulatory-action denominator not audience-facing content",,NOT,
3,W4367147499,10.22720/hnmr.2022.6.2.189,2022,"Global health, global networks: a multilingual network approach to COVID-19 tweets in Norway, Korea, and Italy",NOT,"no audience denominator: multilingual Twitter network methodology, misinformation sources identified but not quantified",,NOT,
3,W4379519884,10.46630/msae.1.2023.04,2023,MEDIA PLURALISM IN THE DIGITAL ENVIRONMENT FROM THE USERS’ POINT OF VIEW,NOT,"belief/attitude only: user perceptions of media pluralism, trust and attitudes toward misinformation, no exposure measure",,NOT,
3,W4379768255,10.1097/tp.0000000000004691,2023,TikTok and Transplantation: A Trending Opportunity,NOT,"quality-only: 85 TikTok transplant posts coded for source, purpose and format, no accuracy coding",,NOT,
3,W4381274228,10.5281/zenodo.8060974,2022,The Impact of Social Media on Political Participation and Mobilization in Nigeria,NOT,"belief/attitude only: 200 students rating social media effects on political participation, misinformation named as a perceived impact",,NOT,
3,W4382246596,10.34135/mlar-23-01-12,2023,Popularisation of Science and Science Journalism on Social Media in Slovakia,NOT,"review/commentary: essay on science journalism and literacy on Instagram, no sampled denominator",,NOT,
3,W4382681354,10.57260/rcmrj.2023.264223,2023,Civic Life in the Digital Space of Pre-Service Teachers,NOT,"survey of 118 pre-service teachers reporting descriptive agreement that disinformation online is widespread, a perceived-amount item",RECALL,ELIGIBLE,addendum rule 12 (perceived amount means perceived amount of what one sees)
3,W4383070440,10.12785/ijcds/140112,2023,"Topic Modelling, Classification and Characterization of Critical Information",UNSURE,BERT labels 3777 COVID tweets as 1427 fake and 2350 real; unclear whether the tweet set is a sampled corpus or a curated benchmark,CONTENT,UNSURE,
3,W4384823984,10.1017/s0008938923000432,2023,"Settler Colonialism, Illiberal Memory, and German-Canadian Hate Networks in the Twentieth and Twenty-first Centuries",NOT,"no audience denominator: network visualisation of far-right historical misinformation circulation, no share of a defined set",,NOT,
3,W4385172648,10.1016/j.foreco.2023.121274,2023,Trends in bushfire related tweets during the Australian ‘Black Summer’ of 2019/20,NOT,"no audience denominator: topic modelling and sentiment of 80000 bushfire tweets, arson misinformation described but not quantified",,NOT,
3,W4385325063,10.1038/s41586-023-06297-w,2023,Like-minded sources on Facebook are prevalent but not polarizing,UNSURE,"population-scale Facebook exposure data; the headline measure is like-minded sources, ideological slant not falsity (addendum rule 4), but an untrustworthy-source exposure share may be reported alongside it",EXPOSURE,UNSURE,
3,W4385809279,10.1108/intr-07-2022-0578,2023,"What's in the black box? How algorithmic knowledge promotes corrective and restrictive actions to counter misinformation in the USA, the UK, South Korea and Mexico",NOT,"belief/attitude only: four national surveys measuring presumed influence of misinformation on self and others, no exposure measure",,NOT,
3,W4386499327,10.37745/ijeld.2013/vol11n83040,2023,"The Challenges of Internet Usage for Academic Activities Among Students of Delta State University, Abraka",NOT,"belief/attitude only: 120 students on internet-access challenges, fake news named among safety concerns",,NOT,
3,W4386711659,10.19165/psys7271,2023,"The Not-So-Silent ""Majority'': An Automated Content Analysis of Anti-Government Online Communities",UNSURE,automated topic analysis of two anti-government communities tracking a disinformation theme over time; unclear whether a share of posts is reported,CONTENT,UNSURE,
3,W4387723304,10.15507/2078-9823.063.023.202303.336-348,2023,"Political Values, Orientations and Ideals of Modern Youth and Their Reflection in Virtual Space",NOT,"off-topic: essay on Russian youth political values using secondary survey statistics, no misinformation measure",,NOT,
4,W4387845731,10.18357/otessaj.2023.3.1.48,2023,The Complexities of Using Digital Social Networks in Teaching and Learning,NOT,"instructor survey; misinformation named as a perceived challenge, not an exposure item (belief/attitude only)",,NOT,
4,W4388777471,10.31703/gdpmr.2023(vi-i).19,2023,Social Media and Political Polarization in Pakistan,NOT,polarization essay-study; no coded sample and no share (no audience denominator),,NOT,
4,W4388814011,10.54254/2753-7064/12/20230076,2023,Identifying False Information in the Era of Big Data,NOT,controlled accuracy-discernment and sharing-intention experiments (intervention/experiment),,NOT,
4,W4389094417,10.1080/21645515.2023.2281729,2023,Extracting factors associated with vaccination from Twitter data and mapping to behavioral models,NOT,BERTopic topics mapped to 5C/HBM factors; no truth judgement of tweets (no falsity coding),,NOT,
4,W4389458611,10.47524/jictdar.v5i2.22,2023,Prevalence of infodemic as a factor affecting COVID-19 vaccination acceptance: Literature survey and monitoring in Nigeria,NOT,conceptual literature survey on infodemic and vaccine acceptance (review/commentary),,NOT,
4,W4389740491,10.1002/jvc2.339,2023,White lies? A qualitative review of internet‐based vitiligo‐related misinformation,NOT,qualitative themes within a misinformation-targeted search corpus; no share of a wider set (no audience denominator),,NOT,
4,W4390506455,10.24198/jkk.v11i2.49492,2023,Rise against rumors: Leveraging online social movements for hoax prevention by netizens,NOT,"anti-hoax movement motivations, framing and collective identity; no encounter measure (belief/attitude only)",,NOT,
4,W4390672319,10.3390/soc14010006,2024,The Media and Information in the Content Diet of Colombian Social Media Users,NOT,media-outlet content diet coded for composition and thematic axis; no accuracy coding (no falsity coding),,NOT,
4,W4390677955,10.35516/jjss.v16i3.2206,2023,The Role of Social Media Networks in Promoting a Culture of Tolerance and Combating Extremism from the Perspective of Gulf Cooperation Council Students Studying at Jordanian Universities,NOT,tolerance/extremism survey; rumours and fake news appear as a perceived obstacle only (belief/attitude only),,NOT,
4,W4390709827,10.18522/2658-5820.2023.3.6,2023,News consumption in cities and towns of Kazakhstan,NOT,24 news diaries coded for volume and source spectrum; no reliability or truth coding (no falsity coding),,NOT,
4,W4390789843,10.52907/jipit.v3i1.259,2023,Beyond the Ballot: A Comparative Analysis of Political Microtargeting Practices and Regulations in Kenya and Nigeria,NOT,regulatory analysis of political microtargeting; ads not coded for falsity (no falsity coding),,NOT,
4,W4391623400,10.2196/54000,2024,Using Social Listening for Digital Public Health Surveillance of Human Papillomavirus Vaccine Misinformation Online: Exploratory Study,UNSURE,social listening deployed for HPV misinformation surveillance; abstract stub does not say whether a share of posts is reported,CONTENT,UNSURE,
4,W4392510276,10.5409/wjcp.v13.i1.89139,2024,Effect of nutrition-related infodemics and social media on maternal experience: A nationwide survey in a low/middle income country,NOT,outcomes are nutrition knowledge and myth-belief scores plus information sources (belief/attitude only),,NOT,
4,W4392894021,10.25139/jsk.v7i3.7402,2023,User behaviour and hoax information on social media case of Indonesia,NOT,mixed-methods account of hoax propagation; no denominator or coded share (no audience denominator),,NOT,
4,W4393072789,10.53964/jmer.2024002,2024,Evaluating the Impact of Social Media News on the Level of Students’ Fear and Anxiety during the COVID-19 Pandemic,NOT,"enumerated outcomes are platform use, information access and psychological distress; no encounter item (belief/attitude only)",,NOT,
4,W4393232587,10.38043/commusty.v2i1.4979,2024,The Utilization of Twitter in The Anticipation of Covid-19 Hoax News in Yogyakarta City,NOT,"discursive abstract with no method, sample or coded denominator (no audience denominator)",,NOT,
4,W4393382091,10.26577/hj.2024.v71.i1.2,2024,Problems of identifying sources and visual content in social media: the experience of Kazakhstan,NOT,40 posts selected because they carry false information; category shares inside a misinformation-only corpus (no audience denominator),,NOT,
4,W4394061173,10.59102/kufil/2024/iss1pp214-228,2024,NAVIGATING MEDIA LITERACY CHALLENGES IN HIGHER EDUCATION EFL COURSES: INSIGHTS FROM STUDENT BEHAVIORS AND PEDAGOGICAL STRATEGIES,ELIGIBLE,quantitative student survey listing misinformation encounters alongside usage and verification as measured outcomes,RECALL,ELIGIBLE,
4,W4394892871,10.1093/jbcr/irae036.108,2024,109 Practice Promotion or Burn Prevention: An Assessment of the Social Media Landscape in Burn Care,NOT,259 burn accounts coded by creator and content type; no accuracy coding (no falsity coding),,NOT,
4,W4394958350,10.47772/ijriss.2024.803161,2024,Capacity to Detect Fake News: Its Relationship to the Utilization of Online Platforms of BSED Social Studies Student,NOT,"outcomes are fake-news detection capacity, verification habits and platform use (belief/attitude only)",,NOT,
4,W4396562450,10.31315/jik.v22i1.8421,2024,Sentiments Analysis on Twitter Towards Hoax Information on Social Media News,NOT,word-frequency and sentiment analysis of hoax discourse; no truth coding of a sampled set (no falsity coding),,NOT,
4,W4396710265,10.1017/s0029665124001587,2024,Characteristics of popular diet-related TikTok videos,NOT,250 diet videos coded for body-related content and engagement; no accuracy coding (no falsity coding),,NOT,
4,W4396889489,10.3390/soc14050066,2024,Digital Competencies in Verifying Fake News: Assessing the Knowledge and Abilities of Journalism Students,NOT,self-rated verification competencies and confidence; no exposure item (belief/attitude only),,NOT,
4,W4396933565,10.1057/s41599-024-03115-0,2024,More than news! Mapping the deliberative potential of a political online ecosystem with digital trace data,NOT,web-trace website classes scored on deliberative potential; no credibility or falsity instrument (no falsity coding),,NOT,
4,W4399502103,10.1016/j.glt.2024.05.003,2024,"Relationships between social media usage, attitudes toward information on social media, and COVID-19 vaccine hesitancy",NOT,"social media usage, trust in information and vaccine hesitancy; no exposure item (belief/attitude only)",,NOT,
4,W4400112596,10.1093/pnasnexus/pgae257,2024,Followers do not dictate the virality of news outlets on social media,UNSURE,"57M Facebook posts from 1,000+ outlets with a source-reliability classification, but the stated outcome is growth dynamics; unclear whether any engagement or post share by reliability is reported",EXPOSURE,UNSURE,
4,W4400288629,10.32332/tapis.v8i2.9454,2024,Pola Konsumsi Berita dalam Era Digital: Perbandingan Preferensi Generasi Z Terhadap Sumber Berita Tradisional dan Modern,NOT,news-source preference survey; enumerated outcomes are consumption preferences (belief/attitude only),,NOT,
4,W4400383613,10.21608/mcr.2023.363542,2023,The impact of Freedom and Economic Development on the work of Social Media Platforms Across Nations “A Secondary Analysis in the Light of Normative Theories’ Principals”,UNSURE,"secondary analysis of the CIGI 25-country ""Social media, Fake news & Algorithms"" survey; that instrument plausibly carries a fake-news encounter item the abstract does not list",RECALL,UNSURE,
4,W4400591458,10.26650/connectist2024-1460282,2024,A study on Kahramanmaraş Earthquake survivors : “Social media platforms were more effectively used than the traditional media”,NOT,"earthquake survivors' communication practices and views; disinformation appears as a perceived need, not an exposure item (belief/attitude only)",,NOT,
4,W4400594187,10.21512/emacsjournal.v6i2.11556,2024,Combating Hoax and Misinformation in Indonesia Using Machine Learning What is Missing and Future Directions,NOT,systematic literature review of hoax-detection methods; the 56% figure is quoted from an external survey (review/commentary),,NOT,
4,W4400642163,10.33595/2226-1478.15.2.916,2024,Desinformación sobre las vacunas contra la Covid-19 a través de la red social Facebook,NOT,"posts from anti-vaccine organisations' pages, a misinformation-only corpus, analysed for interactions and sentiment (no audience denominator)",,NOT,
4,W4400662615,10.5392/ijoc.2024.20.2.008,2024,Network Analysis of News Spread on YouTube in Korea: Focus on the Death of Kim Jong-un,NOT,"network analysis of videos selected for relevance to one rumour; misinformation-only corpus, no share (no audience denominator)",,NOT,
4,W4401124349,10.54596/2958-0048-2024-2-90-95,2024,THE ROLE OF SOCIAL MEDIA IN THE DEVELOPMENT OF POLITICAL CRISES,NOT,discursive content analysis of crisis posts with no denominator or coded share (no audience denominator),,NOT,
4,W4401593904,10.55559/sjahss.v3i8.369,2024,Efficacy of Verification Observatories in Mitigating the Psychological Impact of Rumors Disseminated via social media During wars: Gaza War on Telegram in 2023 as a case study,NOT,fact-check subscriber survey; all reported percentages are psychological effects and perceptions of the observatories (belief/attitude only),,NOT,
4,W4401793868,10.1097/jw9.0000000000000174,2024,Short and clear: YouTube Shorts recommendations for rosacea,NOT,"YouTube Shorts videos coded by creator type, subtype and treatment recommendation; no accuracy judgement (no falsity coding)",,NOT,
4,W4402265334,10.69889/b4gjer19,2024,Social Media and Political Activism in India: A Content Analysis of Online Movements,NOT,tweet types and sentiment across four hashtags; misinformation only noted as a challenge (no falsity coding),,NOT,
4,W4402617605,10.5840/pcaa201975110,2019,The Age of Fragmentation: 100 Days of Trump’s Tweets through the Lens of Neil Postman,NOT,"qualitative themes in Trump's tweets, disinformation as a theme label with no coded share (no falsity coding)",,NOT,
4,W4403042484,10.1017/s0029665124004828,2024,Exploring protein literacy online: a thematic analysis of YouTube comments on food protein knowledge,NOT,YouTube comments coded into five topical themes with reference percentages; no truth judgement (no falsity coding),,NOT,
4,W4403088765,10.1111/jocd.16608,2024,Short Snips: You T ube Shorts Recommendations for Hair Loss and Alopecia,NOT,80 hair-loss Shorts coded by speaker and treatment type; no accuracy coding (no falsity coding),,NOT,
4,W4403303899,10.21272/obraz.2024.2(45)-6-15,2024,Rumor Generation and Spreading on WeChat and Facebook During the COVID-19 Pandemic,NOT,desk comparison of platform countermeasures and literature; no sample or share (review/commentary),,NOT,
5,W4403458436,10.1177/08944393241287793,2024,Improving the Quality of Individual-Level Web Tracking: Challenges of Existing Approaches and Introduction of a New Content and Long-Tail Sensitive Academic Solution,NOT,"tool/infrastructure: introduces the WebTrack tracking tool, no exposure share reported",,NOT,
5,W4403649933,10.1016/j.jbusres.2024.115014,2024,"I like, I share, I vote: Mapping the dynamic system of political marketing",NOT,"no audience denominator: time-series system model of posts and polls, no share of a defined set",,NOT,
5,W4404038014,10.5210/fm.v29i11.13831,2024,Uncovering coordinated cross-platform information operations: Threatening the integrity of the 2024 U.S. presidential election,NOT,"detection/classifier: coordination-detection framework; content characterised qualitatively within an inauthentic-actor network, no share of a wider stream",,NOT,
5,W4404133911,10.1002/jvc2.561,2024,What lies beneath: A qualitative review of misinformation on vulval lichen sclerosus,NOT,no audience denominator: qualitative thematic review inside a misinformation-only sample,,NOT,
5,W4404443433,10.1177/14614448241293409,2024,"What does it mean to “do your own research?” A comparative content analysis of DYOR messages in Instagram and Facebook posts about reproductive health, food, and vaccines",NOT,"no falsity coding: quantitative content analysis codes alarm/agency/promotion themes, never truth",,NOT,
5,W4404510248,10.1111/bju.16583,2024,Can artificial intelligence evaluate the quality of YouTube videos on erectile dysfunction?,NOT,"quality-only: DISCERN and PEMAT scores only, no accuracy coding",,NOT,
5,W4404512531,10.59581/harmoni-widyakarya.v1i2.3159,2023,Literasi Media Mahasiswa Ilmu Komunikasi UPS Tegal Mengenai Hoax Virus Covid-19 Di Social Networking Berdasarkan ICF,NOT,"belief/attitude only: outcomes enumerated as technical skills, critical understanding and communicative ability, no encounter item",,NOT,
5,W4404816944,10.21240/merz/2017.5.2,2017,Studie: Alles Fake?!,NOT,"belief/attitude only: reported percentages are trust, concern and perceived danger of fake news, not perceived exposure",,NOT,
5,W4404866307,10.54254/2753-7064/51/20242591,2024,The Impact of Social Fake News on Different Groups of People-Take TikTok and Kuaishou for Example,NOT,"belief/attitude only: outcome is psychological acceptance of and response to fake news, no exposure share",,NOT,
5,W4405248240,10.1007/s10606-024-09506-w,2024,The Social Convergence of Information Disorder: Discovery and Analysis of the “Fertile Ground” of COVID-19 Vaccine Hesitancy,NOT,"no audience denominator: discourse analysis of a vaccine-fertility Twitter collection, no share reported",,NOT,
5,W4405354334,10.54097/yt8x9g64,2024,The Impact of Digital Media on Mass Communication: A Mixed-method Study,NOT,"belief/attitude only: outcomes are trust, engagement and media habits; doubts about accuracy are a trust measure",,NOT,
5,W4405656237,10.5935/2317-2622/direitomackenzie.v18n317289,2024,Impactos da interpretação sobre sustentabilidade e informações ambientais no Rio Grande do Sul: dados resultantes da aplicação de formulário do Projeto ATIA,NOT,"no audience denominator: form on interpreting environmental information, results are recommendations not shares",,NOT,
5,W4405872607,10.30574/wjarr.2024.24.3.3935,2024,Exploring social media strategies use during the presidential campaign of the 2023 general elections in Nigeria,UNSURE,385-respondent election survey with tables and charts; false information named as a finding but no exposure item stated,RECALL,UNSURE,
5,W4405885015,10.46568/jmcd.v28i1.300,2023,Media Diet Plan: Analyzing What Media Serves and What's Needed,NOT,"no falsity coding: junk media is an entertainment genre category, not a truth judgement",,NOT,
5,W4406258487,10.1145/3701217,2025,Women's Perspectives and Challenges in Adopting Perinatal Mental Health Technologies,NOT,"no audience denominator: interviews plus qualitative reading of posts, misinformation is a theme not a coded share",,NOT,
5,W4406300755,10.46763/bssr242424413z,2024,SOCIAL MEDIA AND FREEDOM OF EXPRESSION: A SURVEY ON UNIVERSITY STUDENTS IN TURKEY,NOT,"belief/attitude only: outcomes are familiarity with free expression and social media use, no exposure item",,NOT,
5,W4406382191,10.47772/ijriss.2024.8120234,2025,"The Invisible Majority: Rural Women, Digital Campaigns, and Political Violence",UNSURE,self-administered survey of rural voters across nine digital-violence domains including disinformation campaigns; share reporting each is plausible but unstated,RECALL,UNSURE,
5,W4406400320,10.30574/wjarr.2025.25.1.0131,2025,Computational propaganda and misinformation: AI technologies as tools of media manipulation,NOT,review/commentary: synthesis of published studies and case studies of AI-enabled propaganda,,NOT,
5,W4406628020,10.1080/10826084.2024.2422987,2025,"#natural, #vegan, #healing: A Content Analysis of Health Content Among Instagram Posts Focused on Cannabis Edibles",NOT,"no falsity coding: 702 posts coded for presence of health, wellness and food associations, never for accuracy",,NOT,
5,W4406928642,10.71097/ijsat.v16.i1.1631,2025,Misinformation: Analysing the Role of Fact-Checking in Countering Communal and Political Narratives During the 2024 Lok Sabha Elections in India,NOT,"no audience denominator: corpus is Alt News fact-checks, a misinformation-only sample",,NOT,
5,W4407177512,10.61784/jtah3037,2025,ANALYZING THE IMPACT OF FALSE INFORMATION ON SOCIAL MEDIA: IMPLICATIONS FOR SOCIETY,UNSURE,COVID hashtag scrape split into verified-false and true posts; a content share is plausible but only engagement means are reported,CONTENT,UNSURE,
5,W4407195409,10.5210/spir.v2024i0.14065,2025,NAVIGATING THE GRAY: THE ECONOMIC UNDERBELLY OF TIKTOK'S SIDE HUSTLES,NOT,"no audience denominator: thematic study of crypto-scam tactics on TikTok, no share of a defined set",,NOT,
5,W4407195712,10.5210/spir.v2024i0.14090,2025,"CONTROVERSIES, PROBLEMATIC INFORMATION, AND POLARISATION: CASE STUDIES ACROSS SIX COUNTRIES",NOT,"review/commentary: AoIR panel front matter, not a study",,NOT,
5,W4407313862,10.47760/cognizance.2025.v05i02.002,2025,THE POWER OF DATA ANALYTICS: UNCOVERING BOT ARMIES’ MANIPULATION TECHNIQUES IN ONLINE SOCIAL NETWORKS,NOT,off-topic: outcome is encountering bots and bot-identification tactics; deceptive actors are not coded false content,,NOT,
5,W4407598524,10.62754/joe.v3i8.6414,2024,Assess Nurses' Social Media Conduct's Effect on Patient Trust,UNSURE,"44.1% of 280 nurses cite misinformation, but the abstract frames it as a concern rather than an encounter item",RECALL,UNSURE,
5,W4407875472,10.71064/spu.amjr.9.2.315,2025,The Spread of Information Disorder on Facebook and its Impact on Sociocultural Sustainability,ELIGIBLE,structured questionnaires with 50 Nairobi respondents on exposure to information disorder on Facebook; self-reported exposure share expected,RECALL,ELIGIBLE,
5,W4408010436,10.24036/jce.v7i3.1125,2024,Perilaku Hate Speech di Media Sosial Facebook dan Twitter (Studi Pada Mahasiswa Universitas Negeri Padang),NOT,"no audience denominator: qualitative content analysis with 14 informants, no share of a defined set",,NOT,
5,W4408046435,10.1016/j.ijid.2024.107723,2025,"Social Listening Analysis of information patterns and public perception of Lassa fever, Diphtheria, and Cerebrospinal Meningitis in Nigeria",NOT,"no falsity coding: social listening reports volume, reach and engagement; misinformation noted but never coded as a share",,NOT,
5,W4408188925,10.19166/lectura.v1i2.9468,2025,"2024 ELECTION LITERACY FOR BEGINNER VOTER IN AMURAN DISTRICT, SOUTH MINAHASA",NOT,"belief/attitude only: outcomes are political participation and literacy needs of first-time voters, no encounter item",,NOT,
5,W4408336983,10.22214/ijraset.2025.67348,2025,Exploring the Impact of Social Media Applications on the Education System,NOT,belief/attitude only: percentages are platform use; misinformation appears as a perceived challenge to academic outcomes,,NOT,
5,W4408657694,10.47772/ijriss.2025.9020308,2025,Social Media Misuse in Ghana: Ethical Implications and Its Influence on National Values,NOT,"belief/attitude only: means and SDs on agreement statements about social media misuse, a concern measure not an exposure share",,NOT,
5,W4408899932,10.21037/tau-2025-104,2025,Video platforms and sexual healthcare in China: assessment of content on premature ejaculation,NOT,"quality-only: the 45.19% unreliable share comes from DISCERN and GQS scoring, not an accuracy judgement",,NOT,
5,W4409064420,10.61955/krbzhr,2024,COVID-19 health information needs and seeking behaviour of River State population,NOT,"belief/attitude only: fake news appears as a general challenge statement, not a perceived-exposure item",,NOT,
5,W4409247829,10.5117/ccr2024.2.7.mert,2024,I really thought I would use more than just Google: Investigating professional journalistic online use with browser history donations,NOT,"no falsity coding: browser-history donation compares self-reported and measured repertoires, no reliability or accuracy coding of visits",,NOT,
5,W4409319996,10.2196/65217,2025,The Quality of Dermatology Match Information on Social Media Platforms: Cross-Sectional Analysis,ELIGIBLE,"34 Reddit, TikTok and SDN posts coded against official NRMP and APD data; shares of posts giving advice that contradicts the official figures are reported",CONTENT,ELIGIBLE,
5,W4409345740,10.1017/s1368980025000461,2025,Content quality versus sharing practices on social media: a cross-sectional analysis of nutrition information on Twitter,NOT,"quality-only: 1005 articles scored with the Online Quality Assessment Tool, no accuracy judgement",,NOT,
5,W4409380471,10.53555/kuey.v30i1.9797,2024,"Online News Media And The Issue Of Ethics, Credibility And Information Overload: A Study",NOT,"belief/attitude only: survey outcomes are perceived credibility, speed and ease of news access",,NOT,
5,W4409759918,10.70428/tedc.v19i1.1173,2025,ANALISIS KETERAMPILAN LITERASI MEMBACA DIGITAL GENERASI Z DALAM MENGIDENTIFIKASI BERITA HOAKS DI ERA DIGITAL,NOT,"belief/attitude only: reported percentages are hoax awareness, verification behaviour and confidence, no encounter item",,NOT,
5,W4409812115,10.55248/gengpi.6.0425.1433,2025,Impact Of Social Media Influence On Senior Citizens,NOT,"belief/attitude only: the 70% figure is felt susceptibility to fraud and misinformation, not exposure",,NOT,
5,W4410128941,10.63682/jns.v14i13s.3236,2025,Healthcare Interventions to Mitigate the Effects of Social Media on Neonatal Health: Combating Misinformation and Enhancing Parental Support,UNSURE,parent survey on social-media misinformation and neonatal decisions; outcomes not enumerated and an exposure item is plausible,RECALL,UNSURE,
6,W4410448741,10.55535/gmr.2024.4.24,2024,Alfabetizarea digitală și rezistența la dezinformare în cadrul personalului militar al NATO,NOT,"rule 8: outcomes enumerated are literacy, recognition capacity and credibility strategies; no encounter item; belief/attitude only",,NOT,
6,W4410502312,10.59261/jpia.v1i1.4,2024,Analyzing the Role of Social Media in Shaping Public Opinion and Public Policy in the Post-Truth Era,NOT,conceptual mixed-methods account of narratives with no defined sample or coded share; no audience denominator,,NOT,
6,W4410518719,10.1111/jocd.70252,2025,Assessing the Quality and Safety of Do‐It‐Yourself Cosmetic Neuromodulator Injection Tutorials on YouTube,UNSURE,"rule 10/13: 40 videos coded for guideline COVERAGE, credentials and engagement, non-adherence means omission; no falsity coding",,NOT,addendum rule 18 (demonstrated practice contradicting a standard is accuracy)
6,W4410523036,10.20527/h-js.v4i2.387,2025,Konstruksi Sosial Masyarakat terhadap Berita Hoaks melalui Media Sosial Whatsapp pada Masa Kampanye Pemilu 2024,NOT,qualitative phenomenological interview study; no audience denominator,,NOT,
6,W4410567000,10.1017/s0029665125001296,2025,"Young Australian adults’ preferences, perceptions and use of online nutrition content: a qualitative study",NOT,"qualitative interviews with 20 young adults, thematic analysis; no audience denominator",,NOT,
6,W4410599995,10.12677/ecl.2025.1451442,2025,Intelligent Governance of Fake News on Online Platforms in the Digital Economy Era—A Study on Key Node Identification Based on Multi-Indicators Fusion,NOT,builds a centrality-based super-spreader identification model scored by precision/recall; detection/classifier,,NOT,
6,W4411123864,10.28982/josam.8029,2025,From hashtags to healing: Social media insights on kinesio taping in Türkiye,NOT,445 kinesio-taping posts categorised by poster type and platform only; no falsity coding,,NOT,
6,W4411124631,10.55041/isjem04351,2025,Role of YouTube and Social Media Influencers in Enhancing Financial Literacy among Indian Youth: An Exploratory Study,NOT,exploratory content analysis of finfluencer content with no accuracy coding of a defined set; no falsity coding,,NOT,
6,W4411410730,10.1016/j.ard.2025.06.1339,2025,ABS1260-PARE HEALTH LITERACY ONLINE SURVEY,NOT,"rule 8: outcomes enumerated are medication knowledge, information sources, credibility skills and telemedicine attitudes; belief/attitude only",,NOT,
6,W4411579783,10.31516/2410-5333.067.01,2025,Social Media as a Platform for Manipulation: Domestic Experience in the Context of the Russian-Ukrainian War,NOT,case-study description of fake content on Viber and Facebook with no sample or coded share; no audience denominator,,NOT,
6,W4411615967,10.15605/jafes.038.s2.34,2023,CAN ARTIFICIAL INTELLIGENCE (CHATGPT) REPLACE HEALTHCARE PROVIDERS' WORKLOAD IN MANAGING TYPE 2 DIABETES?,UNSURE,"two endocrinologists graded ChatGPT diabetes answers for accuracy and found errors, but the number of questions and any share are unstated",CONTENT,UNSURE,
6,W4412033631,10.4103/ijocr.ijocr_4_25,2025,Influence of Social Media on Public Awareness of Oral Cancer and Early Symptoms,NOT,"rule 12: the 25% endorsing incorrect risk factors is false belief, not exposure or sharing; belief/attitude only",,NOT,
6,W4412264111,,2018,"Different platforms, different journalisms:A diacrone study of content qualities in news media across platforms",NOT,"23,989 news items coded for sources and journalistic processing, no truth judgement; no falsity coding",,NOT,
6,W4412467255,10.1177/02666669251358479,2025,Digitisation and information dissemination: Evaluating the effect of information spread on national conflict in Nigeria,NOT,"rule 9: survey analysed by SEM-PLS reporting path effects of fake-news spread on conflict, no descriptive share; no audience denominator",,NOT,
6,W4412531037,10.1016/j.vaccine.2025.127511,2025,Validating community concerns of menstrual changes associated with COVID-19 vaccination using a self-controlled case series analysis of real-world data,NOT,"70,977 posts discussing menstrual changes are counted, never coded for truth, and the clinical arm is an SCCS incidence analysis; no audience denominator",,NOT,
6,W4412652518,10.1111/risa.70079,2025,Mental health risks of pandemic‐related media communication: The mediating roles of distinct types of perceived threat,NOT,"rule 9: two-wave panel with frequency-of-use exposure scales feeding a mediation model, and low-quality media is an outlet-type label not a credibility instrument (rule 4); no audience denominator",,NOT,
6,W4412912227,10.9771/contemporanea.v23i1.61789,2025,Possibilidade metodológica para representação de redes sociotécnicas associada ao debate político,NOT,methodology paper for representing sociotechnical Twitter networks; no audience denominator,,NOT,
6,W4413168196,10.64370/hcpz6546,2022,"The narrative in digital space, hate speech, fake news, and attempt for their ethical cleansing",NOT,trend commentary on hate speech and fake news with no defined sample or coded share; no audience denominator,,NOT,
6,W4413173963,10.58355/competitive.v4i3.175,2025,Decoding Gen-Z: The Impact of Social Networks on Their Decision-Making Mechanisms,NOT,"rule 12: respondents encounter political content and hold prevalent concerns about misinformation, which is a concern not an exposure item; belief/attitude only",,NOT,
6,W4413218774,10.1017/s0029665125101055,2025,A systematic analysis of the quality of online nutrition information relating to autism and diet available on the social media platform X (formerly Twitter),NOT,"rules 7 and 16: 28 articles scored on OQAT currency/credibility/reliability plus sentiment, no accuracy coding anywhere; quality-only",,NOT,
6,W4413442335,10.63056/acad.004.03.0603,2025,A Comparative Analysis of Print and Electronic Media in the Age of Digital Media and Artificial Intelligence,NOT,"no stated sample, instrument or numbers; quality, credibility and engagement coding with no truth judgement; no falsity coding",,NOT,
6,W4413467805,10.70382/nijhcsr.v9i6.012,2025,SOCIAL MEDIA AS AN AGENT OF POLITICAL EDUCATION ON ELECTORAL FRAUD IN THE 2023 PRESIDENTIAL ELECTION,NOT,"rule 12: misinformation appears only as a barrier-agreement item with a weighted mean, not an encounter share; belief/attitude only",,NOT,
6,W4413745650,10.1140/epjds/s13688-025-00582-6,2025,AGECovP: identifying ageism and analyzing COVID-19 discourse on older adults in YouTube,NOT,presents the AGECovP YouTube dataset with ageism labels; review/commentary (dataset paper),,NOT,
6,W4414036247,10.55041/ijsrem52480,2025,Student Advocacy on Social Media: Risk and Opportunities,NOT,survey lists misinformation among perceived challenges with no encounter or sharing share; belief/attitude only,,NOT,
6,W4414192883,10.51903/k4h62185,2025,"Digital Natives, Critical Strangers: The Challenge of Student Critical Literacy in Indonesia's Post-Truth Era",ELIGIBLE,"reports 75% of participants admitted having believed a hoax at least once, a self-reported encounter share with a denominator, though the denominator is only 8 interviewees",RECALL,ELIGIBLE,
6,W4414288561,10.63468/jpsa.3.3.80,2025,Impact of Social Media on Political Awareness and Voting Behaviour in Punjab,NOT,"rule 9: correlation and regression outputs only, misinformation prevalence asserted with no descriptive share; no audience denominator",,NOT,
6,W4414351820,10.31039/bjir.v2i8.65,2025,The use of social media in the creation political awareness of youth in Delta State,ELIGIBLE,"rule 12: descriptive survey of 500 in which most respondents judge the political information they see on social media to be false and unreliable, a perceived-amount item about what they encounter",RECALL,ELIGIBLE,
6,W4414519581,10.11114/smc.v13i4.7989,2025,The Role of Social Media in Mitigating Risks During Civil Unrest: The Case of the 2021 Looting in KwaZulu-Natal,NOT,outcomes are agreement that social media alerts were timely and helpful; misinformation appears only as a closing caveat; belief/attitude only,,NOT,
6,W4414610988,10.1080/01416200.2025.2567281,2025,The branding and perception of madrasahs on social media: an analysis of misinformation and public sentiment using social network analysis,NOT,"25,000 tweets coded for sentiment and network structure with no truth judgement; no falsity coding",,NOT,
6,W4414731937,10.32350/sri.31.03,2025,"News Media Propaganda and Intricate Conflict Outcomes: A Case Study of 2023 General Elections of Oyo State, Nigeria",NOT,"rule 15: the 48 content-analysed messages are a propaganda-only corpus of two parties, so a share within it is not a prevalence; no audience denominator",,NOT,
6,W4414745983,10.58578/ijecs.v3i3.7531,2025,The Effectiveness of Digital Political Communication in Increasing Generation Z Political Participation in Indonesia,NOT,regression on political participation with misinformation named only as a perceived challenge; belief/attitude only,,NOT,
6,W4414897043,10.1080/1461670x.2025.2562141,2025,"Different Country, Different Truth? A Cross-Country Comparison of Fact-Checking Journalism During Public Health Crises",NOT,"rule 15: 1,036 fact-checking articles are a false-claim-only corpus, and the coding is topic, stakeholder and debunking approach; no audience denominator",,NOT,
6,W4414897437,10.52340/healthecosoc.2025.09.02.10,2025,The Crisis of Trust in the Digital Age: Potential and Limitations of Civic Engagement in Georgia,NOT,"documentary review plus six expert interviews and secondary polls, no share of exposure reported; no audience denominator",,NOT,
6,W4414979000,10.47772/ijriss.2025.909000299,2025,"Effect of Digital Electoral Mobilization on National Security in Nairobi City County, Kenya",NOT,"mixed-methods thematic account of electoral security, no coded share of misinformation; no audience denominator",,NOT,
6,W4415240145,10.21742/ajemr.2025.10.1.01,2025,Social Media Use and Information-Sharing Behavior among University Students: A Developing Country Perspective,NOT,"survey outcomes are platform use and sharing motives, with misinformation raised only as a concern; belief/attitude only",,NOT,
6,W4415405459,10.5005/jp-journals-11002-0131,2025,Neonatologists\' Use of Social Media: A Survey Exploring Professional and Personal Practices,NOT,"rule 8: outcomes are frequency of professional social media use and opinions about it, misinformation only a stated concern; belief/attitude only",,NOT,
6,W4415543465,10.22178/pos.122-55,2025,Digital Literacy and Information Disorder: Understanding Older Adults' Interaction With False Information on Social Media,UNSURE,"rule 8: mixed-methods study of 20 older adults on responding to false information received and shared on WhatsApp and Facebook, with simple statistics reported but no outcome list, so an encounter or sharing item may exist",RECALL,UNSURE,
6,W4415623404,10.36902/jcas.v1.i1.4,2025,The Role of Social Media in Shaping Political Participation among University Students.,NOT,"regression on political participation, misinformation named only as a risk in the discussion; belief/attitude only",,NOT,
6,W4415661837,10.11648/j.ijics.20251002.12,2025,Social Media as an Emerging Instrument of Political Engagement: The Case of Obuasi East Constituency,NOT,survey of 100 with misinformation appearing only as a perceived barrier; belief/attitude only,,NOT,
6,W4415950679,10.47772/ijriss.2025.910000138,2025,Social Media Trends and Public Opinion Dynamics in Port Harcourt,NOT,"survey of 323 on trend engagement and agenda setting, misinformation only a closing challenge; belief/attitude only",,NOT,
7,W4416108110,10.4038/sljarshss.v13i2.10,2023,Media and Mental Health: Examining the impact of Information Overload during COVID-19 and Creating awareness on fake-information through the #CheckTheFake campaign of ARMT,NOT,outcomes are mental-health measures; no misinformation exposure or sharing share (belief/attitude only),,NOT,
7,W4416358967,10.48175/ijarsct-29321,2025,Hashtag Democracy: Social Media Movements and the Shifting Terrain of Civic Engagement,NOT,"misinformation appears only as a raised concern, rule 12 (belief/attitude only)",,NOT,
7,W4416739609,10.4103/mjdrdypu.mjdrdypu_784_24,2025,Quality of Online News Media Reports of Sexual Violence in India,UNSURE,"WHO/UNESCO reporting checklist is quality-only, but the ""myths of false allegations"" item may be a falsity code over 240 articles",CONTENT,UNSURE,
7,W4416794548,10.52340/gs.2025.07.04.21,2025,Invisible Editors: Impact of AI on Media Content Quality and Trust,UNSURE,content analysis of AI-curated media could yield a low-quality/disinformation share; abstract states no content outcome,CONTENT,UNSURE,
7,W4416800034,10.1136/bmjopen-2024-095811,2025,Reducing decisional conflict in COVID-19 vaccination in ethnocultural communities through sensemaking: a participatory action mixed-methods study,NOT,"277 broker narratives thematically coded for trust/risk, never for truth (no falsity coding)",,NOT,
7,W4417165686,10.1093/jsxmed/qdaf320.115,2025,(115) Assessing the Quality of Ai-Generated Responses to Patient Queries on Regenerative Therapies for Erectile Dysfunction: A Multi-Platform Evaluation,NOT,"eight yes/no source-transparency and completeness criteria, no accuracy coding, rules 7/16 (quality-only)",,NOT,
7,W4417167038,10.1093/jsxmed/qdaf320.273,2025,(277) What AI Performs Best When Answering Commonly Asked Questions About Testosterone Replacement Therapy?,UNSURE,"accuracy graded as Likert means compared by ANOVA, no share with a denominator, rule 9 logic (no audience denominator)",,NOT,addendum rule 20 (AI-answer evaluations reporting only a mean)
7,W4417292706,10.63282/3050-9262.ijaidsml-v6i3p116,2025,The Effectiveness of Social Media in Customer Risk Awareness,ELIGIBLE,one fifth of a 12-month sampled post compendium carried deceptive markers,CONTENT,ELIGIBLE,
7,W4417536004,10.29188/2712-9217-2025-11-3-19-24,2025,Technology of trust: «Vaxi» – a modern vaccination solution.,NOT,"53.8% use ""unregulated search engines"" with no credibility instrument classifying them, rule 4 (off-topic)",,NOT,
7,W7105918140,10.5281/zenodo.17635597,2025,Influence of WhatsApp Broadcast Messages on Political Discourse during the 2023 Presidential Election in Selected South-South States of Nigeria,NOT,"68.9% exposure is to WhatsApp broadcasts generally, messages never judged for truth (no falsity coding)",,NOT,
7,W7107870533,10.24191/jikm.v15isi2.7237,2025,Exploring The Impact of Social Media Utilization on Perceived Information Overload: The Mediating Role of Information Disorder Experiences,NOT,"mediation model reporting path coefficients on a perceived information-disorder scale, rule 9 (no audience denominator)",,NOT,
7,W7110622323,,2025,Digitalization of News: Shaping News Consumption Behavior,UNSURE,dissertation on news-diet quality; whether quality includes an unreliable-source share is unstated,EXPOSURE,UNSURE,
7,W7111195971,10.13189/ujph.2025.130617,2025,Reels Addiction and Mental Health: A Questionnaire-Based Study on Its Psychological Impact,NOT,n=33 wellbeing survey; misinformation named only as a concern (belief/attitude only),,NOT,
7,W7113148141,,2025,THE IMPACT OF SOCIAL MEDIA ON DIETARY CHOICES AMONG YOUNG ADULTS,NOT,"enumerated outcomes are correlations on diet behaviour and confidence in accuracy, no encounter item, rule 8 (belief/attitude only)",,NOT,
7,W7115918384,10.37899/mjds.v2i1.220,2025,Collective Action in Digital Activism: How Hashtags Mobilize Social Movements,NOT,"misinformation listed only as a challenge to activism, rule 12 (belief/attitude only)",,NOT,
7,W7117102890,10.1111/jocd.70628,2025,Medicinal Plants for Acne Vulgaris: An Evidence‐Based Review of Treatments Promoted by Social Media,NOT,"narrative review of the herbal-medicine literature, not a media sample, rules 1 and base list (review/commentary)",,NOT,
7,W7117236533,10.1016/j.aggp.2025.100241,2025,Public narratives of geriatric diseases in the digital space: A topic modelling analysis of YouTube comments,NOT,"129,613 comments topic-modelled and sentiment-coded; misinformation only asserted qualitatively (no falsity coding)",,NOT,
7,W7117312300,10.18535/sshj.v9i12.2152,2025,"The Importance of Media Literacy in the Dissemination and Acceptance of Disaster-Related Information on Digital Platforms: Specifically, to the Ditva Tropical Cyclone Disaster in Sri Lanka in November 2025",UNSURE,"disaster media-literacy survey of 300, results section absent; design plausibly carries a misinformation-encounter item, rule 8",RECALL,UNSURE,
7,W7117370959,10.54097/w5d78t62,2025,Current Misconceptions of Obsessive-Compulsive Disorder Among Chinese Adolescents: Causes and Implications,UNSURE,reports social media as the commonest source from which participants collected misinformation; unclear if a respondent share of encountering it is given,RECALL,UNSURE,
7,W7117760189,10.33545/26649845.2025.v7.i2m.481,2025,The algorithmic curator: A Bayesian analysis of social media's influence on news consumption patterns and biases,NOT,"four perception constructs reported as Bayesian correlations, no share, rule 9 (no audience denominator)",,NOT,
7,W7117766416,10.25019/europolity.2025.19.2.4,2025,"THE ROLE OF CIVIL SOCIETY IN FIGHTING DISINFORMATION: SUCCESSES, FAILURES, AND FUTURE DIRECTIONS IN ROMANIA IN THE EU CONTEXT",NOT,policy analysis of civil-society responses citing secondary Eurobarometer/EDMO reports (review/commentary),,NOT,
7,W7117887723,10.70382/bjhss.v10i6.056,2026,THE ROLE OF SOCIAL MEDIA IN IMPROVING POLITICAL PARTICIPATION IN NIGERIA: A CASE STUDY OF 2023 GENERAL ELECTIONS IN NIGER STATE,UNSURE,"n=400 election survey finding social media was used to spread fake news; no outcomes enumerated, rule 8",RECALL,UNSURE,
7,W7118119044,10.18103/mra.v13i12.7014,2025,"Knowledge, Perceptions, and Preventive Practices on Mpox in Zimbabwe: Insights from districts with suspected and confirmed cases",NOT,"KAP survey outcomes are misconceptions, attitudes and hesitancy, no encounter item, rule 8 (belief/attitude only)",,NOT,
7,W7118367196,10.5281/zenodo.18165338,2025,"Awareness, Usage and Challenges of online news platform among Lagos State Local government workers",UNSURE,"49.4% report difficulty filtering fake news; unclear whether this is an encounter item or a skills/difficulty item, rule 8",RECALL,UNSURE,
7,W7118388341,10.5281/zenodo.18169599,2025,Audience Perception of Igbo Broadcast News Credibility in Enugu South Local Government Area of Enugu state,NOT,"77.6% name misinformation as a threat to broadcast credibility, a concern item, rule 12 (belief/attitude only)",,NOT,
7,W7119066706,10.31718/2077-1096.25.344,2025,MEDIA LITERACY AS A FOUNDATION OF DIGITAL COMPETENCE IN FUTURE MEDICAL PROFESSIONALS,NOT,"23-item media-literacy survey; enumerated outcomes are sources, verification skills and AI use, no encounter item, rule 8 (belief/attitude only)",,NOT,
7,W7119496210,10.1080/1461670x.2025.2610340,2026,"Fact-Checking in Venezuela: Navigating Authoritarianism, Media Collapse, and Economic Crisis to Counter Misinformation",NOT,"sample is 1,178 fact-check articles, a misinformation-only corpus, rule 15 (no audience denominator)",,NOT,
7,W7120975745,10.63056/acad.004.04.1349,2025,"Instagram, Youth, and Law Enforcement in Pakistan: A Study of Perceptions, Trust, and Civic Engagement",NOT,"misinformation appears only as an expressed concern, rule 12 (belief/attitude only)",,NOT,
7,W7122536298,10.1186/s43067-025-00311-z,2026,Topic evolution in social media discourse during global health emergencies,NOT,"70,452 tweets topic-modelled and sentiment-scored; no item is judged for truth (no falsity coding)",,NOT,
7,W7124251785,10.36311/1981-1640.2025.v19.e025040,2026,A Checagem de Fatos em Redes Sociais On-Line no Combate à Desinformação sobre Mudanças Climáticas no Rio Grande do Sul,NOT,"qualitative case study of one fact-checking profile, no coded denominator (no audience denominator)",,NOT,
7,W7124839521,10.5120/ijca2026926242,2026,Modeling Propagation of Financial Fraud A Case Study of Cryptocurrency Scam in Social Networks,NOT,"diffusion and engagement analysis of one scam campaign, corpus assembled around the fraud, rule 15 (no audience denominator)",,NOT,
7,W7125091482,,2026,A crise climática e as dinâmicas glocais de desinformação,NOT,"corpus is the most-engaged climate misinformation itself; shares are of senders and types within it, rule 15 (no audience denominator)",,NOT,
7,W7125369974,10.70553/pau.2025.1991.34,2025,Amplifying Her Voice: The Power of Social Media in Women’s Health Awareness and Advocacy in Nigeria,NOT,misinformation named only as a barrier in qualitative responses (belief/attitude only),,NOT,
7,W7125380806,10.69693/sustainable.v1i3.22,2025,"Deepfakes, Public Trust, and Online Discourse: Sentiment Analysis of Responses to the “Guru Beban Negara” Hoax Clarification on Social Media",NOT,"2,252 comments on one hoax clarification coded for sentiment; frame is a single rumour, rule 15 (no audience denominator)",,NOT,
7,W7125488928,10.1093/biosci/biaf210,2025,Denial and Misconceptions about Tropical Deforestation,NOT,opinion essay on deforestation denial with no coded sample (review/commentary),,NOT,
7,W7125568091,,2025,Interés público y desinformación en tiempos de crisis: el caso de la DANA en Valencia en 2024,NOT,"Google Trends relative search interest in ""bulos"" and ""fake news"", rule 6 (no audience denominator)",,NOT,
7,W7125574270,,2025,"Desinformación en el sector alimentario. Estudio de casos publicados en Maldita, Newtral y EFE Verifica",NOT,"676 fact-checking reports drawn from a universe of fact-checks, a misinformation-only corpus, rule 15 (no audience denominator)",,NOT,
7,W7125949361,10.22054/ilt.2026.90658.951,2025,User Responses to Linguistic Diversity in Instagram based on the Language Subordination Model Process,NOT,"Lippi-Green language-subordination typology applied to 400+ comments; its ""misinformation"" component is a discourse label with no stated accuracy standard, rule 14 (no falsity coding)",,NOT,
7,W7125955053,10.1093/socpro/spag003,2026,“Let them eat kale!”: Appeals to class-based resentment in American conservative opposition to climate change solutions,NOT,"N=1788 articles coded for rhetorical appeals, and the paper states misinformation was not the strategy (no falsity coding)",,NOT,
7,W7126218390,10.1145/3795516,2026,Scrutinizing Systemic Risks in Personalized Recommender Systems Through Sock-Puppet Auditing of VLOPs,NOT,"SOAP sock-puppet auditing framework, presented as a method with no exposure share (tool/infrastructure)",,NOT,
8,W7127141106,10.54660/.ijhsi.2026.2.1.10-15,2026,The Impact of Social Media on Shaping Voter’s Political Opinions: A Study of the 2024 Presidential Election in Sri Lanka,UNSURE,"stated sub-purpose is to assess spread of misinformation; 100-student questionnaire, outcomes not enumerated (rule 8 terse-abstract branch)",RECALL,UNSURE,
8,W7127396173,10.36615/zcmncs11,2025,Effect of Social Media on National Security During the 2020 ENDSARS Protests in Lagos State,NOT,"belief/attitude only; enumerated outcomes are social-media roles, misinformation appears only in recommendations",,NOT,
8,W7127951292,10.52326/jss.utm.2025.8(4).05,2026,DATA JUSTICE IN FOOD MARKETING: WILL ALGORITHMS ELIMINATE DATA BIAS ON PLATFORMS?,NOT,"no falsity coding; 3,300 monitored posts coded for reach and topical salience, no truth judgement",,NOT,
8,W7128435088,10.4314/iijikm.v16i2.1,2026,"Cybersecurity risk of frequent social media use among Gen Z influencers: A case study of university student Facebook users in Kisii University, Kenya",UNSURE,longitudinal log of 100 Facebook pages / 440 observations recording reports of misinformation; whether a share of a defined set is reported is unclear,CONTENT,UNSURE,
8,W7128476594,10.63056/academia.4.4.2025.1486,2025,Role of Social Media in Public Awareness in Pakistan: A Case Study of Khyber Pakhtunkhwa (2017–2025),NOT,"belief/attitude only; misinformation named as a barrier to awareness, no exposure item (rule 12)",,NOT,
8,W7128504941,10.29121/shodhsamajik.v3.i1.2026.63,2026,"SOCIAL MEDIA AS A CATALYST FOR PROTEST MOBILISATION AGAINST SEXUAL VIOLENCE: DIGITAL ACTIVISM, CELEBRITY INFLUENCE AND OFFLINE PARTICIPATION IN INDIA",NOT,"belief/attitude only; 'concerns regarding misinformation' among 80 users, no encounter item (rule 12)",,NOT,
8,W7128716320,10.9734/arjass/2026/v24i2873,2026,Evaluating Social Media Platforms for Promotion of Maternal Health Awareness among Women in Nasarawa State,NOT,"belief/attitude only; misinformation reported as a challenge to using social media, not an exposure measure (rule 12)",,NOT,
8,W7128921423,10.54476/ioer-imrj/734694,2026,"Youth’s Exposure to Social Media and Its Influence on Political Engagement in A Private Educational Institution in Lipa City, Batangas",NOT,"belief/attitude only; enumerated outcomes are usage, political engagement and misinformation awareness, an awareness/skills item (rules 8 and 21)",,NOT,
8,W7130247705,,2025,Literacidad crítica y ciudadanía digital. Desinformación y sesgos de género en la formación del profesorado de Educación Básica y de Historia,NOT,"belief/attitude only; think-aloud source-evaluation performance task with 20 pre-service teachers, a skills outcome (rules 8 and 21)",,NOT,
8,W7130820602,10.6084/m9.figshare.31385064,2026,An Experiential View of What Short Digital News Practices Mean from An Audience Perspective,NOT,"no audience denominator; interviews, diaries and data donations analysed thematically for news-time practices, no misinformation share",,NOT,
8,W7131351810,10.58213/b8wxac09,2026,A Machine Learning Driven Framework for Enhancing Digital Election Campaigns to Strengthen Democracy,NOT,"belief/attitude only; enumerated outcomes are voter behaviour, engagement and information literacy, misinformation named only as a risk",,NOT,
8,W7132817981,10.5281/zenodo.18817962,2025,"THE INFLUENCE OF SOCIAL MEDIA ON SOCIAL ORDER IN CALABAR METROPOLIS OF CROSS RIVER STATE, NIGERIA",NOT,"belief/attitude only; regression on social order, false-news spread appears only in recommendations",,NOT,
8,W7133136622,10.5281/zenodo.18821491,2026,Regulatory Challenges in Controlling Misinformation on Encrypted and Algorithm-Driven Platforms: A Critical Evaluation of Facebook and WhatsApp,NOT,"belief/attitude only; N=180 perceptions of regulatory effectiveness by weighted mean, no exposure item",,NOT,
8,W7133342276,10.32832/amk.v4i4.3075,2025,Changes in the News Paradigm in Online Journalism,UNSURE,"N=30 survey of trust in news framed around readers 'consumed by hoaxes'; outcomes not enumerated, a hoax-encounter item is plausible (rule 8 terse branch)",RECALL,UNSURE,
8,W7133344411,10.5281/zenodo.18850435,2026,Evaluating the Role of Social Media in Democratic Deliberation: A Study,NOT,belief/attitude only; 'concerns about misinformation and unreliable content' among 130 students (rule 12),,NOT,
8,W7133500060,10.5281/zenodo.18861088,2026,ETHICAL DISCOURSE IN PUBLIC RELATIONS PRACTICE IN THE DIGITAL AGE,NOT,"belief/attitude only; practitioners agreeing digitalisation increased fake news is a general concern item, not perceived amount of what they see (rule 12)",,NOT,
8,W7133522495,10.5210/spir.v2024i0.15389,2026,"SOCIAL MEDIA IN ELECTIONS: EVIDENCE FROM THE UNITED STATES, GERMANY, AND AUSTRALIA",NOT,"review/commentary; AoIR panel front matter for five papers (rule 5, as corrected in addendum 5)",,NOT,
8,W7133537437,10.5210/spir.v2024i0.15346,2026,DETECTING OPINION LEADERS IN A TELEGRAM NETWORK OF FORWARDED MESSAGES,NOT,"no audience denominator; network mapping of Telegram forwarding roles, no falsity coding and no share",,NOT,
8,W7133549810,10.5210/spir.v2024i0.15239,2026,"THROWING SPAGHETTI, SEEING WHAT STICKS: ITERATIVE DECEPTION IN DIGITAL STRATEGIC INFORMATION OPERATIONS",NOT,"no audience denominator; three qualitative case studies of Facebook information operations, deceptive tactics not a coded content share (rules 2 and 15)",,NOT,
8,W7133591808,,2025,REDES SOCIALES Y DESINFORMACIÓN ECONÓMICA: IMPACTO EN LA CIUDADANÍA DIGITAL,UNSURE,403-respondent survey on economic disinformation consumption plus content analysis of 20 viral posts; whether an exposure share is reported is unstated,RECALL,UNSURE,
8,W7134189934,10.36887/2415-8453-2026-1-12,2026,Adaptation of modern mass media and news media to a multichannel information distribution environment,NOT,"review/commentary; secondary summary of Reuters Institute and other reports, the 70% figure is platform news reach not misinformation",,NOT,
8,W7134227921,10.63544/ijss.v5i2.242,2026,AI-Driven Media Evolution: Redefining Journalism and Communication in the Digital Age,NOT,"belief/attitude only; Likert means on AI risks including misinformation (M=4.30), a concern measure (rule 12)",,NOT,
8,W7134248076,10.62823/ijemmasss/8.1(i).8521,2026,"Digital Media, Cultural Transformation, and Social Disorganization: An Indian Perspective",NOT,"no audience denominator; secondary data plus qualitative case insights, misinformation exposure named as a theme with no denominator",,NOT,
8,W7134255627,10.5281/zenodo.18922574,2026,Disaster Management in The Digital ERA: The Power of Social Media Engagement,NOT,belief/attitude only; misinformation listed among challenges in a 100-respondent disaster survey (rule 12),,NOT,
8,W7134264872,10.64880/theresearchdialogue.v4i4.04,2026,Navigating the Digital Maze: Analyzing Media Literacy Challenges Among Youth in Lucknow City,NOT,"belief/attitude only; enumerated outcomes are credibility assessment, consumption habits and ability to discern misinformation, all skills items (rules 8 and 21)",,NOT,
8,W7134270978,10.5281/zenodo.18921992,2026,"Social Media as Source of Oral Health Information-Seeking among Adult Residents of Jos-South Local Government Area, Plateau State, Nigeria",UNSURE,N=300 Likert survey where 'half-truths and misinformation were prevalent' in the oral-health content respondents met; could be a perceived-amount item under rule 12 or a general concern item,RECALL,UNSURE,
8,W7134272174,10.21608/pijth.2026.459522.1029,2026,Reshaping the Way Hotel Guests Make Decisions: Unpacking the Role of New Media Literacy in Online Hotel Booking Platforms,UNSURE,"N=407 questionnaire assessed experiences with fake reviews and misleading photos, but the analysis reported is SEM; rule 9 would exclude a purely latent outcome and the abstract does not say whether descriptives are given",RECALL,UNSURE,
8,W7134276768,10.1002/rai2.70041,2026,Performance evaluation of large language models in answering patients' questions about treatment of connective tissue diseases,UNSURE,LLM answers to CTD treatment questions graded for Medical Accuracy on a 1-5 Likert with only means reported (rule 20),CONTENT,UNSURE,
8,W7134806723,10.5281/zenodo.18940320,2026,Perceived Credibility of Online News Media Among Lagos State Local Government Workers,UNSURE,"belief/attitude only; the 49.4% is difficulty filtering misinformation, a skills item, not an encounter measure (rule 21)",,NOT,addendum rule 28 (rule 21 yields to positive evidence of an encounter item)
8,W7134836879,10.5281/zenodo.18935253,2026,"Exposure and Trust in Online Political Messages in the Age of Social Media Algorithms among Voters in South-South, Nigeria",NOT,"off-topic; exposure measured is to algorithm-curated political messages with no falsity or credibility coding, reported as means",,NOT,
8,W7135067715,10.5281/zenodo.18979555,2026,"Influence of Social Media in Healthcare Decision Making: Evidence from Prem Niketan Hospital, Jaipur",NOT,belief/attitude only; misinformation listed among reported challenges in a 150-respondent health survey (rule 12),,NOT,
8,W7136301092,10.5281/zenodo.19048325,2026,"Drivers, Barriers, And Continuance Intention Of Digital Payment Platforms In The Misinformation Era: A Study In Odisha.",NOT,"belief/attitude only; misinformation-related barriers as a predictor of continuance intention, no exposure item",,NOT,
8,W7137165288,10.54476/apjaet/80826,2026,Navigating Electorate Landscape and Building Resilient Digital Ecosystem: Educational Blueprint for Student Voters,NOT,"belief/attitude only; outcomes are perceptions of social media's electoral impact and influencer persuasion, no encounter item (rule 8)",,NOT,
8,W7139875379,,2023,THE INFLUENCE OF SOCIAL MEDIA ON POLITICAL COMMUNICATION: A CASE STUDY OF NIGERIA'S 2023 GENERAL ELECTIONS IN OMU-ARAN,NOT,"belief/attitude only; findings concern voter education and turnout, misinformation appears only as a challenge to be addressed",,NOT,
8,W7140160130,10.2196/95273,2026,Exploring Conversational Dynamics in Scientific and Pseudoscientific Health Communities on YouTube: A Process Mining and Network Analysis Study (Preprint),NOT,"no audience denominator; videos selected into scientific and pseudo-scientific sets, so any share is an artefact of construction, and the comment coding is sentiment and theme (rules 11 and 15)",,NOT,
8,W7140276406,10.7860/jcdr/2026/88273.23051,2026,Effect of Digital Food Environment on Dietary Choices in Adults of Delhi NCR: A Quantitative Survey,NOT,"belief/attitude only; enumerated outcome measures are food availability, affordability, marketing and nudges, misinformation named as context in an in-progress study",,NOT,
8,W7140291265,10.5281/zenodo.19221119,2026,A Critical Analysis of the Laws & Regulations governing OTT Platforms and Social Media in India,NOT,belief/attitude only; misinformation listed among perceived regulatory challenges by 120 respondents (rule 12),,NOT,
8,W7143515221,10.59141/cerdika.v6i3.3388,2026,The Use of Social Media as A Medium For Disseminating Academic Information,NOT,"belief/attitude only; results are reliance shares and reach, misinformation named only as a governance risk",,NOT,
8,W7147005413,10.5281/zenodo.19369236,2026,Assessing Urban Women's Perception Of The Credibility Of Health Information Shared On Social Media Platforms,UNSURE,N=160 survey of perceived credibility of health information on social media; a perceived-amount-false item of the kind rule 12 admits is plausible but the enumerated objectives are all trust and credibility,RECALL,UNSURE,
8,W7147344981,10.22271/27084450.2026.v7.i2a.149,2026,The role of algorithmic news curation in shaping public discourse: A research on Facebook and X (Twitter) users in the United Kingdom,NOT,"belief/attitude only; the 38.1% is low trust in algorithmic news citing bias and misinformation, a concern measure (rule 12)",,NOT,
9,W7147641887,10.70382/hijaerd.v11i6.043,2026,THE INFLUENCE OF SOCIAL MEDIA IN SUSTAINING NIGERIA’S DEMOCRACY: A STUDY OF THE 2023 GENERAL ELECTION IN NIGER STATE,NOT,misinformation named only as a threat to democracy in a Likert election survey; belief/attitude only,,NOT,
9,W7148363910,10.5281/zenodo.19388050,2026,New Media and the Rise of Citizen Journalism,NOT,"essay/survey on citizen journalism; misinformation appears as a challenge, no encounter item; belief/attitude only",,NOT,
9,W7149416401,10.59075/15y4sr66,2026,"Mobile First, Facts Last? Digital Literacy, WhatsApp News, and Rural-Urban Information Gaps in Pakistan",NOT,argumentative synthesis of secondary surveys and policy reports; review/commentary,,NOT,
9,W7151747156,10.5281/zenodo.19468728,2026,From Screens to Ballots: The Influence of Social Media in Shaping Students' Views on the 2028 Elections,NOT,"outcomes enumerated (screen time, platform use, voting intention, critical thinking); no misinformation encounter item; belief/attitude only",,NOT,
9,W7152495051,10.70382/hijaerd.v11i6.050,2026,THE INFLUENCE OF SOCIAL MEDIA IN SUSTAINING NIGERIA’S DEMOCRACY,NOT,duplicate of n=1; misinformation named only as a threat; belief/attitude only,,NOT,
9,W7152736191,10.1108/el-09-2025-0366,2026,Understanding AI-generated content user intermittent discontinuance: a COR theory perspective,NOT,SEM/fsQCA with misinformation as a latent predictor of exhaustion; coefficients not shares; no audience denominator,,NOT,
9,W7154600683,10.5281/zenodo.19605293,2026,A Study on the Impact of the Digital Age on the Development of Political Awareness in Modern-Day India,NOT,secondary-source essay on new media and political awareness in India; review/commentary,,NOT,
9,W7154697307,10.9790/0837-3101044951,2026,"Digital Democracy In India: Social Media, Public Opinion And Election Polling (2010 – 2025)",UNSURE,mixed-method with primary survey data and misinformation among the analysed dimensions; abstract too terse to enumerate survey outcomes,RECALL,UNSURE,
9,W7154722458,10.5281/zenodo.19625708,2026,"Education on Countering Wrong and Hostile Viewpoints in Cyberspace for University Students: A Case Study at Nghe an University, Vietnam",NOT,"outcomes are awareness, ability to identify misinformation and capacity to respond; skills items; belief/attitude only",,NOT,
9,W7154797575,,2025,Revisión de las preferencias de la opinión pública frente a las plataformas digitales y los medios de comunicación convencionales como fuente de información,NOT,comparative reading of published audience reports; review/commentary,,NOT,
9,W7154880352,,2026,Factors Associated with Trust in Social Media Information: An Analysis of Psychosocial and Demographic Correlates,NOT,Pew ATP analysis of trust and support for misinformation restriction; no exposure or sharing item; belief/attitude only,,NOT,
9,W7154995479,10.21831/diksi.v34i1.95120,2026,Scrutinizing deceits in fake news using forensic linguistic within French alternative news media,NOT,the survey share (14.3%) is an ability-to-identify item (rule 21) and the three articles are a fake-news-only corpus; belief/attitude only,,NOT,
9,W7155072767,10.14419/ijet.v7i3.29.19319,2026,Study on the characteristics of security and cognitive composition through internet information,NOT,builds a cognitive structure of perceived source reliability; no exposure measure; belief/attitude only,,NOT,
9,W7155216858,10.21676/23897856.6368,2025,"Between truth and doubt: The credibility of social networks, an analysis of perceptions of truthfulness",UNSURE,survey of 456 on perceived truthfulness/reliability of platform content; unclear whether any item asks how much of what they see is false (rule 12 edge),RECALL,UNSURE,
9,W7155386945,10.5281/zenodo.18935497,2026,Role of Media and Social Media in the Electoral Process,NOT,misinformation listed as a threat alongside paid news; no encounter item; belief/attitude only,,NOT,
9,W7155493513,10.82471/nw1w8-xk064,2025,THE IMPACT OF SOCIAL MEDIA ON SOCIETY : CHALLENGES AND OPPORTUNITIES,NOT,no stated method; misinformation framed as a societal challenge; belief/attitude only,,NOT,
9,W7155530871,10.1177/22799036261444088,2026,"Public views, patterns, and impacts of social networking site use for medicine-related information in Saudi Arabia: A cross-sectional study",NOT,"outcomes enumerated (use, topics, medication changes, adverse effects); misinformation only in framing; belief/attitude only",,NOT,
9,W7155626806,10.7759/cureus.107689,2026,Internet and Media Use in the Context of Infertility and Assisted Reproductive Technology: Empowerment or Overload?,NOT,"outcomes enumerated (frequency, sources, motivations, trust, satisfaction, perceived impact); no misinformation encounter item; belief/attitude only",,NOT,
9,W7156135695,10.24911/ijmdc.51-1769931645,2026,The role of social media on health decision-making among families in Saudi Arabia,NOT,outcomes are platform use and perceived credibility of health information; belief/attitude only,,NOT,
9,W7159597519,10.5281/zenodo.19944719,2026,Public Relations Representation of Political Pluralism via Facebook and its Implication on Democratic Development in Nigeria,NOT,Facebook-user survey naming misinformation as a challenge to pluralism; belief/attitude only,,NOT,
9,W7159817698,10.55737/psi.2026a-51177,2026,"Political Awareness, Media Influence, and Voting Behavior: Evidence from University Students in Punjab, Pakistan",UNSURE,misinformation is a five-point Likert latent construct reported only as a regression coefficient; rule 9; no audience denominator,,NOT,"addendum rule 27 (rule 9 applies to latent constructs, not measured batteries)"
9,W7160450658,10.62823/ijira/06.1(ii).8783,2026,Impact of Social Media on Electoral Behaviour in Local Elections,NOT,no stated method or data; discursive account of social media and local elections; review/commentary,,NOT,
9,W7160643245,10.1088/2515-7620/ae6b10,2026,U.S. television news coverage of climate change policy is aggregately balanced but polarized,NOT,"climate segments coded for policy stance/balance against public opinion, not against a truth standard; rules 3 and 13; no falsity coding",,NOT,
9,W7160705986,10.5281/zenodo.20094403,2026,"Media Dependency, User Satisfaction and Digital Information Challenges in Social Media Use Among College Students in Cainta, Rizal",NOT,misinformation enters as a Likert 'digital information challenge' with a weighted mean; rule 12; belief/attitude only,,NOT,
9,W7161259651,10.3390/su18104859,2026,AI-Driven Social Media Analytics for Assessing Climate Change Perceptions and Supporting Adaptation and Sustainability Policies,NOT,"29,576 X posts coded for sentiment and LDA topics only; sound denominator but no truth judgement; no falsity coding",,NOT,
9,W7161358701,,2026,"Trust in the Digital Age: Podcasts, Alternative Media, and the Reconfiguration of Institutional Legitimacy",NOT,thesis testing alternative-media use against institutional trust via misinformation and conspiracy BELIEF; no encounter item; belief/attitude only,,NOT,
9,W7161428748,10.55041/isjem07479,2026,"The Dual Impact of Social Media on Modern Lifestyles and Societal Dynamics: Opportunities, Challenges, and Ethical Implications",NOT,"survey of 500 reporting connection and anxiety percentages; fake news named as a problem, no exposure item; belief/attitude only",,NOT,
9,W7161685327,10.70682/s3r.2026.05,2026,Youth Political Awareness in the Age of Instagram-Based Citizen Journalism,NOT,misinformation enters only as 'concern about misinformation'; rule 12; belief/attitude only,,NOT,
9,W7162184709,10.1093/ntr/ntag120,2026,"Examining marketing, imagery, and health-related messaging on nicotine pouch products on YouTube Shorts: an exploratory content analysis",NOT,"239 YouTube Shorts coded for imagery, marketing and health-claim presence with no evidence standard; rule 14; no falsity coding",,NOT,
9,W7162398686,10.62383/dialogika.v2i2.1011,2026,Dampak Hoaks Kenaikan Bahan Bakar Minyak di Platform X (2024-2026) terhadap Polarisasi Masyarakat,NOT,500 posts sampled around one fuel-price hoax and coded for sentiment; rule 15; no audience denominator,,NOT,
9,W7162463844,10.25259/csdm_32_2026,2026,Psychological impact of the glass skin ideal on young social media users: A cross-sectional study,UNSURE,"250-respondent survey whose stated aim includes dermatological misinformation, but the exposure item targets a beauty ideal and the falsity element ('66% unrealistic') is a belief item",RECALL,UNSURE,
9,W7162769640,10.4103/jehp.jehp_754_25,2026,Knowledge and awareness of insulin resistance among social media users: A cross-sectional study in Jordan,NOT,"outcomes are insulin-resistance knowledge, behaviour change and anxiety; misinformation only in the conclusion; belief/attitude only",,NOT,
9,W7162846831,10.30574/ijsra.2026.19.2.1199,2026,"Fact, fake, or false: Determining millennials’ susceptibility to media effects on disaster information",NOT,"susceptibility to media effects (dispositional, developmental, social) plus fact-checking skills; rule 21; belief/attitude only",,NOT,
9,W7162938155,10.69916/jkbti.v5i2.444,2026,AN ANALYSIS OF FEAR OF MISSING OUT (FOMO) AS A DRIVER OF HOAX DISSEMINATION IN THE PRABOWO ERA USING MLP,UNSURE,"TikTok comment crawl labelled Hoax/Non-Hoax and fed to an MLP; rule 11 - abstract does not say whether the labelled corpus is a stream sample or a balanced training set, and no share is quoted",CONTENT,UNSURE,
9,W7163004006,10.25258/ijddt.16.41s.104,2026,Regulation of Social Media Content: Challenges and Opportunities,NOT,"8,104 videos from a misinformation dissemination dataset, outcome is removal rate not a falsity share; rule 15; no audience denominator",,NOT,
9,W7163665229,10.59415/mjacs.363,2026,INVESTIGATING THE ROLE OF SOCIAL MEDIA IN MEDIA LITERACY EDUCATION AMONG POST GRADUATION STUDENTS OF TUMKUR,ELIGIBLE,93-student survey reporting verification practices and 'continued exposure to misinformation' as a finding; rule 8 positive-evidence case,RECALL,ELIGIBLE,
9,W7163666005,10.5281/zenodo.20554354,2026,The 'Market Place of Ideas' in an Era of Algorithmic Amplification: Theory Vs. Reality,NOT,doctrinal constitutional analysis with case law; no quantified audit output; review/commentary,,NOT,
9,W7163751893,10.29121/granthaalayah.v14.i5.2026.6918,2026,IMPACT OF SOCIAL MEDIA ON POLITICAL NEWS CONSUMPTION AMONG YOUTH,NOT,fuzzy-inference and diffusion modelling of political news consumption; no defined denominator or share; no audience denominator,,NOT,
9,W7163804487,10.65521/ijrdmr.v15i2.3255,2026,The Role of Social Media in Influencing Investment Decisions,UNSURE,"110-investor questionnaire whose research question is whether platforms mislead; enumerated outcomes (awareness, confidence, decisions) omit exposure, but an encountered-unverified-information item is plausible",RECALL,UNSURE,
9,W7163821603,10.1017/s0029665126102663,2026,A study exploring the relationship between social media use and nutrition-related practices among secondary school students in London,ELIGIBLE,"'71% had encountered nutrition misinformation' among 24 adolescents; self-reported encounter share, denominator above the rule 19 floor of 20",RECALL,ELIGIBLE,
10,W7164034087,10.64229/yz73sq53,2025,Influence of Smartphone Ownership on the Practice and Growth of Citizen Journalism among Uyo Residents,NOT,misinformation appears only as a listed challenge of citizen journalism; belief/attitude only (rule 12),,NOT,
10,W7164235851,,2026,Percepción de estudiantes de nivel medio ante las noticias falsas,NOT,"outcomes are media preferences, awareness that fake news circulates and a discernment task; belief/attitude only (rules 12, 21)",,NOT,
10,W7164553173,10.5281/zenodo.20666361,2026,IMPACT OF SOCIAL MEDIA USAGE ON CAREER DECISION-MAKING OF HIGHER SECONDARY STUDENTS,UNSURE,64% report 'exposure to misinformation' as a challenge of career-related social media use; whether the item asked about personal encounter is unresolved (rule 12 boundary),RECALL,UNSURE,
10,W7164642284,10.70211/ltsm.3026-7196.183,2026,Social Media as a Crisis Communication Tool During the 2021 KwaZulu-Natal and Gauteng Civil Unrest,NOT,"perceptions of social media roles, factor structure and chi-square tests only; belief/attitude only (rules 9, 12)",,NOT,
10,W7164749183,10.58775/2735-3990.1548,2026,Impact of Social Media on Acne Treatment Practices in Egypt,NOT,outcomes are acne prevalence and treatment behaviour; no exposure or falsity measure; off-topic,,NOT,
10,W7164758262,10.46568/jmcd.v32i1.447,2025,"Explorations of New Media in Investigative Journalism Practice and Whistleblowing Among Journalists in Selected South-West States, Nigeria",NOT,fake news named qualitatively as an impediment to journalism; belief/attitude only (rule 12),,NOT,
10,W7164844576,10.5281/zenodo.20699751,2026,"Impact of TikTok on Social Activism, Youth Empowerment, and Community Building in Osun State, Nigeria",NOT,misinformation listed as a challenge of TikTok activism; belief/attitude only (rule 12),,NOT,
10,W7164850581,10.61424/rjbe.v4i2.878,2026,"Responsible Communication on Social Media: University Students’ Perceptions of Ethical Sharing, Verification Practices, and Cultural Sensitivity in Vietnam",NOT,"outcomes enumerated as use, perceived responsibility, verification behaviour and concerns; belief/attitude only (rule 8)",,NOT,
10,W7164884619,10.58578/yasin.v6i4.10692,2026,Isu-Isu Kritis Historiografi di Era Digital: Analisis Narasi Sejarah pada Media Sosial,NOT,"qualitative thematic analysis of 150 historical posts and 3,500 comments, no truth coding or share; no falsity coding (rule 13)",,NOT,
10,W7164888575,10.67107/jcmr.2025.613,2025,Textual analysis of Covid-19 messages on WhatsApp personal chats and group forums in Nigeria,NOT,"qualitative content analysis of forwarded WhatsApp messages into three topical categories, no truth coding; no falsity coding (rule 13)",,NOT,
10,W7165151295,10.6082/xts04-hjc52,2023,Correcting Misperceptions on Indian Whatsapp with Experimental Adaptation: Building an Experimentation Platform on Whatsapp,NOT,builds a WhatsApp experimentation platform for testing interventions; tool/infrastructure,,NOT,
10,W7165626695,10.9790/0853-2503041622,2026,Impact Of Social Media Dental Trends On Periodontal Health Awareness And Practices: A Cross-Sectional Questionnaire-Based Study,NOT,self-reported adoption of dental trends with no stated evidence standard judging them; no falsity coding (rule 14),,NOT,
10,W7165644714,10.36685/jlssm.v3i1.2043,2026,The Paradox of Mental Health Literacy on Social Media: Between Information Accessibility and the Risk of Digital Misinformation,NOT,completed phase is 8 thematic interviews; the misinformation-exposure survey is stated as future work; no audience denominator,,NOT,
10,W7165760962,10.18549/pharmpract.2026.2.3608,2026,How social media influencers shape medical and health product purchases: A Cross-sectional analysis,NOT,outcomes are purchase behaviour and concern about unverified sources; belief/attitude only (rule 12),,NOT,
10,W7165841923,10.69714/ynh55n47,2026,PENGARUH AI DI MEDIA SOSIAL TERHADAP PENYEBARAN HOAKS DAN PERSEPSI KEPERCAYAAN MAHASISWA PROGRAM STUDI KOMPUTERISASI AKUNTANSI UNIVERSITAS SRIWIJAYA,UNSURE,hoax dissemination enters as a Likert predictor in a regression; only coefficients and R-squared reported; no audience denominator (rule 9),,NOT,"addendum rule 27 (measured battery, not a latent construct)"
10,W7166018808,10.5281/zenodo.20923723,2026,"A Multivariate Analysis of Factors Influencing the Spread of Misinformation among Undergraduates of the Federal University of Technology, Akure, Nigeria",UNSURE,"EFA plus regression on a misinformation-spreading scale; variance explained, no share; no audience denominator (rule 9)",,NOT,"addendum rule 27 (measured battery, not a latent construct)"
10,W7166718490,10.55248/gengpi.07.0626.17b22,2026,Instagram Viral Content and Fact-Checking Techniques: An Analytical Study of Verification Practices in the Digital Media Environment,NOT,outcomes are verification techniques and their perceived effectiveness; belief/attitude only (rule 8),,NOT,
10,W7166811293,10.65932/military-studies-2025-1-6,2025,"Disinformation operations as an asymmetric instrument of pressure on military cohesion: the case of the Western Balkans, 2016-2023",NOT,per-capita disinformation volume index in a country-year panel; no share of what any audience saw; no audience denominator,,NOT,
10,W7166867890,10.2196/82300,2026,Characterizing Online Questions and Answers About Cannabis Use and Pregnancy on the Social Media Platform Quora: Data Mining and Qualitative Content Analysis,NOT,"529 Quora questions and 1,074 answers coded into themes, roles and sentiment with no truth judgement; no falsity coding (rule 13)",,NOT,
10,W7167089137,10.71097/ijtas.v17.i6.1339,2026,COMBATING MISINFORMATION IN THE DIGITAL ERA: INFORMATION LITERACY INITIATIVES AND THE ROLE OF ACADEMIC LIBRARIES,NOT,"library professionals' awareness of misinformation and challenges to literacy work; belief/attitude only (rules 8, 12)",,NOT,
10,W7167365399,10.1080/01605682.2026.2689428,2026,"An optimisation model for minimising fake news dissemination: the role of user demographics, content characteristics, and intervention strategies",UNSURE,logistic regression on fake-news sharing behaviour; construct 1 admits predictor-framed sharing surveys but no sample or base rate is stated,SHARING,UNSURE,
10,W7167680241,10.1093/humrep/deag083.789,2026,"L26/P-455 High demand, low accessibility. Are patients being left behind? A cross-sectional analysis of the quality and readability of online contraception Information in the UK",NOT,"100 contraception webpages scored on QUEST credibility and Flesch readability with no accuracy coding anywhere; quality-only (rules 7, 16)",,NOT,
10,W7167815518,10.3126/njmr.v9i2.95265,2026,AI and Cybersecurity: Combating Deepfakes and Misinformation in Nepal,NOT,"Likert perceptions of what combats deepfakes, reported as regression coefficients; belief/attitude only (rules 9, 12)",,NOT,
10,W7167901080,10.5281/zenodo.21301355,2026,"""COMMEMORATING 200 YEARS OF UDANT MARTAND"" THE RESILIENCE PARADOX: WHY HINDI NEWSPAPERS CONTINUE TO COMMAND TRUST IN AN ERA OF DIGITAL INFORMATION EXPANSION",NOT,readers' trust in newspapers and expressed concern about digital misinformation; belief/attitude only (rule 12),,NOT,
10,W7168141838,10.12688/f1000research.185707.1,2026,"The Influence of Digital Democracy, Political Literacy, and Post-Truth Politics on Gen Z Political Participation in the 2024 Elections in Indonesia",NOT,"SEM with post-truth politics as a latent moderator; path coefficients only, no share; no audience denominator (rule 9)",,NOT,
10,W7168243017,10.5281/zenodo.21358670,2026,L'ARCHITETTURA ALGORITMICA DEL CONFLITTO: DISINFORMAZIONE GUIDATA DALL'INTELLIGENZA ARTIFICIALE NEGLI ECOSISTEMI DEI SOCIAL MEDIA IN ITALIA E IN GEORGIA,NOT,"interpretive comparative essay built on transparency reports and EUvsDisinfo databases, no coded sample; review/commentary",,NOT,
10,W7168261248,10.5281/zenodo.21298626,2026,Fake Accounts and Political Manipulation: Topic and Sentiment Analysis in Indonesia,NOT,"8,102 posts drawn only from 100 identified fake accounts, coded by topic and sentiment; no audience denominator (rules 2, 15)",,NOT,
10,W7168284219,10.2196/78262,2026,Online Discussions About Alopecia Areata in 5 Arabian Gulf Countries: Social Media Listening Study,NOT,"8,500 alopecia mentions coded for topic, platform and engagement with no truth judgement; no falsity coding (rule 13)",,NOT,
10,W7168391826,10.82403/6k3r-sx78,2026,CONTENT ANALYSIS OF YOUTUBE VIDEOS ON OIL PALM PRODUCTION AND PROCESSING IN NIGERIA,NOT,"152 oil-palm videos coded for metadata, presentation and topic with no accuracy coding; no falsity coding (rule 13)",,NOT,
10,W7168508052,10.66851/dnjel.v1i2.87,2026,Assessing Media Literacy and Digital Information Verification Among Boarding House Students Around Universitas Negeri Medan,NOT,"enumerated Likert dimensions are verification behaviour, ethics, privacy and confidence in recognising misinformation; belief/attitude only (rules 8, 21)",,NOT,
10,W7168722119,10.5281/zenodo.21392527,2026,DIGITAL SOCIAL MEDIA AND NEWS: A NEW AGE JOURNALISM,NOT,misinformation and fake news named as concerns in a descriptive journalism survey; belief/attitude only (rule 12),,NOT,
10,W7168777343,10.5281/zenodo.21392712,2026,ASSESMENT ON POLITICAL CAMPAIGN AMONG YOUTH THROUGH ONLINE MEDIA CONTENT,NOT,misinformation and propaganda named as challenges of online political content; belief/attitude only (rule 12),,NOT,
10,W7169513020,10.18848/2327-0144/cgp/a228,2026,Scrolling Through Risk,NOT,"enumerated outcomes are use patterns, misinformation awareness and verification, modelled by SEM; belief/attitude only (rules 8, 9, 21)",,NOT,
10,W7169513053,10.51698/tripodos.2026.60.02,2026,Fake News and Football. The Qatar World Cup as a Showcase for Disinformation,NOT,sample is the denials issued by fact-checking agencies about the Qatar World Cup; no audience denominator (rule 23),,NOT,
10,W7169584487,10.36108/njsa/6202.42.0101,2026,Digital Platforms and Public Confidence in Police-Citizen Relations in the Context of Security Crises in Nigeria,NOT,"outcome is public trust in police, with misinformation discussed qualitatively and never quantified; belief/attitude only",,NOT,
10,W7169700813,,2026,The Proliferation of Misinformation Is Unprecedented: How Do Concerns About Misinformation Affect Travelers’ Trust in Online Reviews?,NOT,"concern about fake information enters as a moderator in a mediation model; belief/attitude only (rules 9, 12)",,NOT,
10,W7169774997,10.1111/pde.70318,2026,"Delayed Newborn Bathing: Exploring Social Media Trends, Cultural Perspectives, and Dermatologic Implications",NOT,narrative review of neonatal bathing evidence with an unquantified look at TikTok claims; review/commentary,,NOT,
10,W7169800177,10.24198/inf.v6i2.69804,2026,Digital financial literacy within the Telegram platform at the @sarjanacrypto community,NOT,"qualitative single-case thematic reduction of 3,974 Telegram messages with no truth coding; no falsity coding (rule 13)",,NOT,
10,W7169800343,10.24198/inf.v6i1.69305,2026,The role of social media as information infrastructure for the integration and information practices of migrant communities,UNSURE,"survey of 256 Chin migrants printing item shares, with 'misinformation exposure' listed among barriers but no number given",RECALL,UNSURE,
10,W7169837516,10.26524/amr.2026.2.5,2025,Nutritional Misinformation and Digital Food Culture in Modern Public Health,NOT,narrative review of nutrition misinformation studies; review/commentary,,NOT,
11,W7170050858,10.36676/jmk.v6.i1.183,2026,A Deciphering of Digital Democracy: How Social Media Influences Election Results,NOT,discursive case-study essay on social media and elections; no coded share (no audience denominator),,NOT,
11,W7170062586,10.67371/ajsss.v1i1.5,2026,Use and Misuse of Social Media and National Security in Africa : A Delicate Balance between Order and Liberty in Kenya,UNSURE,survey of 384 users with a misinformation-spread measure; unclear if any encounter/sharing share is reported,RECALL,UNSURE,
11,W7170151931,10.1038/s41405-026-00457-6,2026,Online oral health misinformation and information quality: a scoping review,NOT,scoping review of oral-health misinformation studies (review/commentary),,NOT,
11,W7170186479,10.71085/sss.05.03.586,2026,Artificial Intelligence-driven disinformation campaigns and their influence on political violence and extremism,NOT,secondary synthesis of existing databases and literature; no own denominator (review/commentary),,NOT,
11,W7171044156,10.1002/ijgo.71257,2026,Assessing the quality of contraception‐related content on TikTok : A scoping review,NOT,scoping review of TikTok contraception content (review/commentary),,NOT,
11,W7171162740,10.67228/3071561x/ijirht-2022pii3j9s,2021,The Role of Online Forums in Shaping Public Discourse,NOT,conceptual/qualitative forum essay; no coded sample share (no audience denominator),,NOT,
11,W7171400360,10.33094/ijssp.v18i1.2469,2026,Endangered democracies: A comparative study of the 2023 Nigerian presidential election and the rise of Nazism in 1930s Germany,NOT,qualitative textual analysis of scraped election posts; no share of a defined set (no audience denominator),,NOT,
11,W7171491987,10.6084/m9.figshare.33102213,2026,Austrian adolescents’ sources of political information and trust in them: The reconfiguration of information authority on social media,NOT,"qualitative peer-group discussions on trust; donated content is elicitation material, never truth-coded (no audience denominator)",,NOT,
11,W7171524435,10.5209/poso.99518,2026,The Portuguese paradox: high trust in the news and the perils of social media disinformation in elections,NOT,"DNR outcomes enumerated are trust, reliance and worry about disinformation; concern is not exposure, rule 12 (belief/attitude only)",,NOT,
11,W7171798670,10.1371/journal.pdig.0001590,2026,"Internet use for pregnancy-related information and its correlates among women attending antenatal care in Mogadishu, Somalia",NOT,internet use for pregnancy information; misinformation only in a closing recommendation (off-topic),,NOT,
11,W7171954308,10.69714/tj9rzq79,2026,KETIKA AI MENJADI MESIN HOAKS: SIAPA YANG BERTANGGUNG JAWAB?,NOT,"content analysis of 5,000 verified hoax posts, a misinformation-only corpus; bot share is not false content, rules 15 and 2 (no audience denominator)",,NOT,
11,W7171979756,10.58812/wsiss.v4i03.2983,2026,The Influence of Religiosity and Digital Literacy on Anti-Religious Misinformation Behavior Among Social Media Users in Indonesia,UNSURE,"Likert disinformation-sharing scale with regression coefficients and R2 only, rule 9 (no audience denominator)",,NOT,"addendum rule 27 (measured battery, not a latent construct)"
11,W7172201378,10.24818/ea/2026/73/958,2026,The Impact of Fake News on Consumer Trust in Fast-Food Restaurants: Perceptions of Young People in Bucharest,NOT,"CFA/multi-group model of perceived fake-news impact on trust, rules 9 and 12 (belief/attitude only)",,NOT,
11,W7172294287,10.51878/social.v6i3.13647,2026,PENGARUH PENGGUNAAN MEDIA SOSIAL BERMUATAN INTOLERAN TERHADAP SIKAP TOLERANSI MAHASISWA PPKn UNIVERSITAS TANJUNGPURA,UNSURE,questionnaire to 100 students on encountering intolerant content including hoaxes; falsity construct and any share unclear,RECALL,UNSURE,
11,W7172338269,10.47772/ijriss.2026.100700353,2026,The Role of Social Media as a Platform for Citizen Journalism in Sri Lanka,UNSURE,survey of 100 citizen journalists reporting higher misinformation exposure among the politically engaged; whether an encounter share is given is unclear,RECALL,UNSURE,
11,W7172490659,10.24818/ea/2026/73/880,2026,Between Social Media Misinformation and AI Assistance: Mechanisms Shaping Purchase Intention for Sustainable Food Products,NOT,"TPB structural equation model with perceived food misinformation as a latent predictor, rule 9 (no audience denominator)",,NOT,
11,W7172534227,10.24818/ea/2026/73/901,2026,Impact of Fake News on Sustainable Apparel Consumption through Social Media,NOT,"SEM of fake-news influence on apparel purchase intention; latent constructs only, rule 9 (no audience denominator)",,NOT,
11,W7172541068,10.1177/16094069261464498,2026,Assessing Local Experiences of Health Phenomena: A Methodology for Social Media Surveillance in Public Health,UNSURE,methods paper illustrated by four surveillance projects incl. COVID-19 vaccine misinformation; results section gives no coded share,CONTENT,UNSURE,
11,W7196950114,10.33411/ijist/1601,2025,Digital Credibility and Social Gratification: Understanding How Generation Z in Pakistan Engages with Misinformation and Algorithmic Influence in the Contemporary Social Media Landscape,NOT,"focus groups; the one number is verification behaviour (52% verify before sharing), a skills item under rules 8 and 21 (belief/attitude only)",,NOT,
11,W7201920245,,2026,Cuentas falsas y manipulación política: análisis temático y de sentimientos en Indonesia,NOT,"8,102 posts from 100 identified fake accounts; deceptive actors are not false claims and the frame is misinformation-targeted, rules 2 and 15 (no audience denominator)",,NOT,
11,W7202213311,10.59185/tjr.v49i1.215,2025,Fractured Truth Between the Border and Broadcasts – The PostTruth Gaze of Indian Media on Bangladeshi Hindus After the July Uprising,NOT,"qualitative content analysis of Indian media disinformation about one event; misinformation-targeted frame, rule 15 (no audience denominator)",,NOT,
11,W7202244735,10.5281/zenodo.21907736,2026,"Mapping Kremlin Propaganda Narratives, Operational Mechanics, and Counter-Intelligence Matrices",NOT,OSINT synthesis restating exposure rates from other organisations surveys (review/commentary),,NOT,
11,W7202254937,10.36948/ijfmr.2026.v08i04.85210,2026,Digital Democracy and Electoral Integrity: Regulating Social Media Influence in Developed and Developing Societies,NOT,comparative legal analysis with unreported survey and content strands; no share of a defined set (no audience denominator),,NOT,
11,W7203444883,10.58216/kjri.v2025i1.659,2026,"Deepfake in Kenyan Media Landscape: Assessing Awareness, Detection Capacity, and Training Needs among Communication Practitioners",NOT,"deepfake awareness and detection-ability outcomes are skills items, rule 21 (belief/attitude only)",,NOT,
11,W7203548458,10.5281/zenodo.21944365,2026,The Influence of Social Media on Youth Voting Behaviour in Ilorin West Local Government Area during the 2023 Kwara State Gubernatorial Election,NOT,"voter survey where misinformation appears as an issue affecting decisions, not an encounter item, rule 12 (belief/attitude only)",,NOT,
11,W7203664307,10.55737/trt/v-v.300,2026,The Role of Artificial Intelligence in Combating Climate Change Misinformation Across Digital Media Platforms,UNSURE,"survey of 300 with a self-reported weekly climate-misinformation exposure item, but only a mean percentage change is quoted",RECALL,UNSURE,
11,W7203824328,10.11648/j.pbs.20261504.14,2026,"WhatsApp, TikTok, and Anonymous Advice: Online Support Ecologies for Youth Wellbeing in Kenya",NOT,survey outcomes are access and platform trust; misinformation appears only as a qualitative theme in an uncoded content scan (no falsity coding),,NOT,
11,W7203836436,10.56293/ijasr.2026.7210,2026,Impact of Social Media on Political Mobilization in Somalia: Opportunities and Challenges,NOT,"descriptive survey of 216; exposure measured is to political content, misinformation appears only as a listed challenge, rule 12 (belief/attitude only)",,NOT,
11,W7204136707,10.71085/rjhsa.04.02.81,2026,Impact of Social Media on Voting Behavior in Pakistan: A Case Study of 2024 Elections,NOT,"survey of 160 students; misinformation named as an issue, no encounter item (belief/attitude only)",,NOT,
11,W7204169053,10.5281/zenodo.22101118,2026,Digital Masculinity and Scientific Authority: Computational Analysis of Health Misinformation in Turkish and Macedonian Online Forums,NOT,topic modelling and close reading of forum posts; no truth coding of the sampled posts (no falsity coding),,NOT,
11,W7204221588,10.5377/rlpc.v7i14.23300,2026,Crisis institucional y disputa por el relato en Guatemala: análisis triangulado del discurso digital y la dieta mediática en la elección de la Corte de Constitucionalidad,NOT,"discourse analysis of 135 X posts; disinformation discussed as a mechanism, never coded (no falsity coding)",,NOT,
11,W7204253215,10.1016/j.jfscie.2026.100081,2026,The reliability of answers about root canal retreatment provided by artificial intelligence chatbots,UNSURE,"100 chatbot answers scored on GQS/mDISCERN plus CLEAR, whose Lack of Misinformation item is a truth code, rules 22 and 20; unclear whether a share is given for it",CONTENT,UNSURE,
11,W7204452824,10.63380/irj.v4n2.2026.410,2026,"El nuevo periodismo en Ecuador: redes sociales, influenciadores y lenguaje digital (2020-2025)",NOT,documentary study triangulating secondary data and literature (review/commentary),,NOT,
11,W7204608296,,2026,Evaluating the Clinical Utility of Large Language Models in Otolaryngology Patient Education,UNSURE,"LLM answer evaluation reporting readability only, accuracy scoring pending; 16 answers is below the corpus floor, rules 20 and 19",CONTENT,UNSURE,
11,W7204831837,10.1177/2325967126s00290,2026,"Paper 32. Performance & Promises: A Social Media Review of Alleged Indications, Risks and Usage of “Peptides” in Musculoskeletal Health",UNSURE,"239 posts with mDISCERN quality and FDA-criteria compliance, plus promoted-benefit shares for unapproved compounds; whether any claim is coded against an evidence standard is unclear, rules 14 and 18",CONTENT,UNSURE,
11,W7204856675,10.3389/fpubh.2026.1931903,2026,"Health misinformation, digital health literacy, and attitudes toward science among university students: an exploratory cross-sectional survey",NOT,"outcomes enumerated are sources, literacy skills, evaluation criteria and attitudes; no encounter item, rules 8 and 21 (belief/attitude only)",,NOT,
11,W7204936956,10.5281/zenodo.22231644,2026,EXPOSURE TO ONLINE NEWS PLATFORMS AND POLITICAL AWARENESS AMONG AUCHI POLYTECHNIC STUDENTS,NOT,"news-exposure survey of 392 where fake news appears only as a perceived challenge, rule 12 (belief/attitude only)",,NOT,
11,W7204948723,10.51967/tepian.v7i3.3929,2026,Analysis of Hoax News Propagation Patterns on Threads Using GCN-Based Structural Node Embedding,NOT,"GCN propagation model over a hoax-keyword crawl; centrality metrics, no share (detection/classifier)",,NOT,
11,W7207607455,10.5281/zenodo.22280367,2026,"A Study on Citizen Expectations and State Responses to Curb Spreading of Misinformation in India: Evidence from Public Opinion, Parliamentary Discourse and Policy Analysis",NOT,survey of 121 on support for regulation and awareness of the law; no encounter item (belief/attitude only),,NOT,
12,W2039024181,10.1016/j.jaip.2014.12.011,2015,Mobile health applications for asthma,NOT,"letter giving an overview of asthma apps, explicitly no quality or accuracy appraisal; review/commentary",,NOT,
12,W2964538246,10.1007/s10067-019-04706-y,2019,Quality and readability of online information on ankylosing spondylitis,NOT,"JAMA benchmark, HONcode and readability only, no accuracy coding anywhere (rules 7/16); quality-only",,NOT,
12,W2965560451,10.1016/j.transproceed.2019.01.170,2019,Thematic Analysis of the Organ Transplantation News in Turkish Press,NOT,"17 newspaper texts coded into six themes, no truth judgement (rule 13); no falsity coding",,NOT,
12,W2991201953,10.1016/j.ijinfomgt.2019.102042,2019,Deep strategic mediatization: Organizational leaders’ knowledge and usage of social bots in an era of disinformation,NOT,organisational knowledge and usage of social bots; deceptive actors are not false claims (rule 2); off-topic,,NOT,
12,W3048276999,10.1016/j.vaccine.2020.07.072,2020,“Vaccines for pregnant women…?! Absurd” – Mapping maternal vaccination discourse and stance on social media over six months,NOT,"stance coding (promotional/neutral/discouraging) of 2,722 posts, stance is not falsity (rules 3/13); no falsity coding",,NOT,
12,W3210546290,10.1007/s13278-021-00815-2,2021,Amplifying influence through coordinated behaviour in social networks,NOT,"method paper detecting coordinated account networks, validated against ground-truth datasets (rule 2); detection/classifier",,NOT,
12,W4220776181,10.1016/j.jadohealth.2022.01.043,2022,"126. Adolescent Perceptions of Different e-Cigarette Marketing Characteristics in Retail, Online and Social Media",NOT,"conference abstract, thematic analysis of three focus groups on marketing appeal, no share of a defined set; no audience denominator",,NOT,
12,W4221106178,10.1016/j.vaccine.2022.03.024,2022,Hesitancy towards COVID-19 vaccines on social media in Canada,UNSURE,"1,145 CBC comments from 19 articles coded inductively, misrepresentation treated as misinformation, but no share stated in the abstract",CONTENT,UNSURE,
12,W4311288517,10.1007/s10461-022-03922-z,2022,Impact of COVID-19 on HIV Prevention Access: A Multi-platform Social Media Infodemiology Study,UNSURE,"multi-platform PrEP posts, misinformation is one of the annotated themes (rule 22 analogue), but no share stated",CONTENT,UNSURE,
12,W4387208025,10.1016/j.ijrobp.2023.06.743,2023,A U.S. Cancer Center's Interactive Cancer Education Program for Spanish-Speaking Latinos during COVID-19 Pandemic,NOT,Facebook Live cancer education campaign reporting reach and engagement metrics; intervention/experiment,,NOT,
12,W4390604998,10.1016/j.vaccine.2024.01.001,2024,The Social Ecology of Health Beliefs and Misinformation Framework: Examining the impact of misinformation on vaccine uptake through individual and sociological factors,NOT,"31 interviews and focus groups, thematic framework building, no share of a defined set; no audience denominator",,NOT,
12,W4416871918,10.1007/s10900-025-01545-8,2025,"Assessment of Knowledge, Attitude, and Anxiety among Healthcare Providers and Medical Students in Iraq about Monkeypox Virus during the 2024 Global Outbreak",NOT,"knowledge, attitude and anxiety outcomes enumerated with no encounter item, 63.7% is an information-source share (rule 8); belief/attitude only",,NOT,
12,W4417119300,10.1007/s13187-025-02804-x,2025,Quality Assessment of Videos about Radiotherapy-Related Oral Mucositis on YouTube in Brazil,ELIGIBLE,"104 of the first 200 YouTube videos coded, 10.6% (n=11) classified poor due to presence of misinformation and 56.7% accurate with none (rule 16, accuracy alongside quality)",CONTENT,ELIGIBLE,
12,W7168126613,10.1007/s00266-026-06071-z,2026,"Social Media Use Among Plastic Surgeons in China: A National Cross-Sectional Survey of Professional Benefits, Ethical Risks, and Platform-Specific Challenges",ELIGIBLE,"national survey of 800 plastic surgeons, 76.68% report exposure to misleading advertisements, a self-reported encounter with a person denominator",RECALL,ELIGIBLE,
12,W7196954847,10.1016/j.pedn.2026.07.065,2026,Patterns and factors associated with social media use among parents of children with cancer: A cross-sectional study,NOT,"platform preference and motives for use enumerated as the outcomes, misinformation appears only in the implications (rule 8); belief/attitude only",,NOT,
12,W7208722976,10.1016/j.ijmedinf.2026.106708,2026,"Health information seeking and digital tool engagement among diabetes patients: post-COVID-19 perspectives on trust, misinformation, and AI-Based MOH services",NOT,"outcomes are information seeking, trust and cross-source verification with SEM path coefficients, no exposure item (rules 8/9); belief/attitude only",,NOT,
13,W1972947958,10.1016/s1526-4114(11)60181-9,2011,Families Ask Because They Need Answers,UNSURE,no subject in title; cannot exclude with certainty,CONTENT,UNSURE,
13,W2002963872,10.1016/j.carage.2014.04.004,2014,Living in the Modern World of Social Media,UNSURE,vague social-media column title; cannot exclude,CONTENT,UNSURE,
13,W2031136850,10.1038/embor.2012.135,2012,More than meets the eye,UNSURE,uninformative title,CONTENT,UNSURE,
13,W2121458613,10.1016/j.jtcvs.2012.11.001,2013,Change you can count on,UNSURE,uninformative title,CONTENT,UNSURE,
13,W2131717922,10.1016/j.jaci.2009.12.988,2010,Justifiable deception in everyday practice,UNSURE,ambiguous 'deception'; clinical-placebo reading likely but not certain,CONTENT,UNSURE,
13,W2320650257,10.1016/s1042-0991(15)31338-4,2013,Show me the data,UNSURE,uninformative title,CONTENT,UNSURE,
13,W2595250622,10.1016/s0140-6736(17)30721-3,2017,Lessons from the controversy over statins,UNSURE,likely commentary but the title does not declare it,CONTENT,UNSURE,
13,W2617152350,10.1016/j.joms.2017.03.040,2017,The Year of Living Alternative Factually,UNSURE,post-truth title; empirical content not ruled out,CONTENT,UNSURE,
13,W3001303185,10.1016/j.jpainsymman.2019.12.309,2020,What’s On Your Mind? I Need Help: Identifying Social Media Resources Available to Caregivers of ALS Patients (S747),UNSURE,resource inventory likely; rule 13 expected to decide at full text,CONTENT,UNSURE,
13,W3045528870,10.1016/j.carage.2020.07.017,2020,Honesty Is the Best Policy,UNSURE,uninformative title,CONTENT,UNSURE,
13,W3209378799,10.1007/s10606-021-09411-6,2021,Make a Difference in a Different Way: Twitter Bot Creators and Wikipedia Transparency.,NOT,"off-topic; bot creators are deceptive actors, not false claims (rule 2)",,NOT,
13,W4229016104,10.1016/j.jpeds.2022.05.001,2022,Social Media and Functional Gastrointestinal Disorders in Children,UNSURE,possible content analysis of paediatric GI social media,CONTENT,UNSURE,
13,W4381893159,10.1016/j.fertnstert.2023.06.014,2023,Taking AIm at medical misinformation,UNSURE,misinformation title; an empirical estimate is not ruled out,CONTENT,UNSURE,
13,W4386067305,10.1016/j.ajogmf.2023.101138,2023,Labor induction in the age of TikTok: what are influencers teaching patients about oxytocin infusion?,UNSURE,TikTok content analysis of oxytocin claims; accuracy coding plausible,CONTENT,UNSURE,
13,W4386444597,10.1016/j.joms.2023.08.040,2023,Is TikTok a Tool in an Oral Surgery Practice?,UNSURE,possible TikTok content analysis,CONTENT,UNSURE,
13,W4389344071,10.1016/j.clnesp.2023.09.449,2023,Assessment of scientific reliability and quality of the gluten-free diet video clips on youtube,UNSURE,reliability instrument may be quality-only; rule 16 expected to decide,CONTENT,UNSURE,
13,W4393513208,10.1016/j.jpag.2024.01.014,2024,7. A TikTok Take on PCOS,UNSURE,likely TikTok content analysis of PCOS accuracy,CONTENT,UNSURE,
13,W4399482417,10.1136/annrheumdis-2024-eular.1747,2024,POS0055-PARE UNDERSTANDING UNMET NEEDS IN GIANT CELL ARTERITIS (GCA) AND POLYMYALGIA RHEUMATICA (PMR) USING SOCIAL MEDIA: A PATIENT AND CAREGIVER PERSPECTIVE,NOT,no falsity coding; unmet-needs thematic study of patient posts,,NOT,
13,W4401616392,10.1007/s12144-024-06422-6,2024,"Structural knowledge and subjective knowledge, not factual knowledge, promotes corrective and restrictive actions towards healthy eating misinformation in China: a multigroup comparison of extended cognitive mediation model based on altruism",UNSURE,cognitive mediation SEM; rule 9 expected to decide at full text,RECALL,UNSURE,
13,W4406321628,10.1038/s41390-025-03835-2,2025,Navigating the digital frontier: protecting adolescents in the age of mobile internet,UNSURE,likely perspective piece but the title does not declare it,RECALL,UNSURE,
13,W4409313874,10.1016/j.nexres.2025.100322,2025,Climate hoax: The shift from scientific discourse to speculative rhetoric in climate change conversations,UNSURE,climate-hoax rhetoric may be content-coded with a denominator,CONTENT,UNSURE,
13,W4409981267,10.1016/j.jcyt.2025.03.254,2025,Physicians' Views on Orthobiologics,UNSURE,physician-views survey; misinformation items not ruled out,RECALL,UNSURE,
13,W4410552059,10.1016/j.elerap.2025.101504,2025,Information and funding decisions in peer-to-peer markets: An exploratory study,NOT,off-topic; funding decisions in peer-to-peer markets,,NOT,
13,W4411962565,10.1007/s11616-025-00895-6,2025,Was macht eine Behauptung prüfenswert? Eine Untersuchung der Selektionskriterien beim Faktenchecken anhand der Nachrichtenwerttheorie,UNSURE,fact-check sample frame; rule 23 expected to decide at full text,CONTENT,UNSURE,
13,W4412432818,10.1016/j.jagp.2025.04.105,2025,"103. WHATSAPP DOC?!: OLDER IMMIGRANTS, COMMUNICATION AND MENTAL HEALTH.",UNSURE,messaging-app communication; exposure items not ruled out,RECALL,UNSURE,
13,W7119112578,10.1007/s43681-025-00946-8,2026,AI in Layman’s life,UNSURE,vague AI-and-society title,CONTENT,UNSURE,
13,W7165056318,10.1007/s10796-026-10765-9,2026,"Decoding Deepfake Perceptions: Trustworthiness, Importance and Behavioral Intention",UNSURE,"deepfake perceptions; an encounter item is not ruled out (rules 8, 9)",RECALL,UNSURE,
13,W7169586193,10.1007/s10389-026-02853-6,2026,The role of social media platforms in shaping menstrual health literacy among adolescent girls: a scoping review,NOT,review/commentary; scoping review,,NOT,
13,W7172418897,10.1038/s41558-026-02680-3,2026,Social media and the changing landscape of climate change communication,UNSURE,likely review or perspective but the title does not declare it,CONTENT,UNSURE,
13,W7204960880,10.1016/j.nexres.2026.102379,2026,Cognitive Warfare Through Misinformation in 2025 Hybrid Conflicts: Psychological and Economic Impacts and the Model-Projected Effects of Layered AI–Human Interventions,NOT,intervention/experiment; model-projected effects of AI-human interventions,,NOT,
