oaid,doi,year,title,decision,reason,n_copies,copies
W1578797436,10.1111/j.2041-210x.2010.00016.x,2010,Methods in Ecology and Evolution,EXCLUDE,not a study; journal launch editorial,1,W1578797436
W1589901196,10.1111/j.1479-828x.2010.01172.x,2010,The 2010 Arthur Wilson Oration The Ascent of Woman From Queen Adelaide to Queen Camilla,EXCLUDE,not a study; ceremonial oration,1,W1589901196
W1759378810,10.1111/j.2151-6952.2009.00006.x,2010,"Digital: Museum as Platform, Curator as Champion, in the Age of Social Media",EXCLUDE,review/commentary; museum curation column,1,W1759378810
W1972836173,10.1097/acm.0b013e3181ea28d2,2010,State University of New York Upstate Medical University College of Medicine,EXCLUDE,not a study; medical curriculum description,1,W1972836173
W1976106597,10.1002/meet.14504701123,2010,Authority and trust in information,EXCLUDE,not a study; conference panel description,1,W1976106597
W1978782889,10.1176/pn.45.17.psychnews_45_17_010,2010,APA Ready to Help Members Adapt to Medicine's Future,EXCLUDE,not a study; professional news item,1,W1978782889
W1985785629,10.1097/acm.0b013e3181e915cb,2010,University of Missouri School of Medicine in Columbia,EXCLUDE,not a study; medical curriculum description,1,W1985785629
W1994153435,10.1111/j.1749-7345.2010.00349.x,2010,Toward Improved Public Confidence in Farmed Fish Quality: A Canadian Perspective on the Consequences of Diet Selection,EXCLUDE,off-topic; aquaculture diet review,1,W1994153435
W2000840868,10.1016/s1526-4114(10)60313-7,2010,NIH Panel Finds No Alzheimer's Prevention to Endorse,EXCLUDE,not a study; clinical news brief,1,W2000840868
W2017317145,10.1097/ede.0b013e3181e9bba6,2010,"Preregistration of Study Protocols Is Unlikely to Improve the Yield From Our Science, But Other Strategies Might",EXCLUDE,review/commentary; research-methods essay,1,W2017317145
W2031687839,10.1016/j.aorn.2010.03.004,2010,RSS for Nurses—Part 2,EXCLUDE,not a study; how-to technology column,1,W2031687839
W2041896787,10.1097/acm.0b013e3181e95855,2010,University of Medicine and Dentistry of New Jersey Robert Wood Johnson Medical School,EXCLUDE,not a study; medical curriculum description,1,W2041896787
W2047766013,10.1111/j.1440-1584.2009.01117.x,2010,Ethics and trauma: lessons from media coverage of Black Saturday,EXCLUDE,off-topic; journalist interviews on reporting ethics,1,W2047766013
W2051063701,10.1111/j.1540-4781.2010.01104.x,2010,Merits and Metrics in Journal Publishing,EXCLUDE,not a study; editor's essay,1,W2051063701
W2052303061,10.1002/bult.2010.1720360505,2010,Twitter‐based information distribution during the 2009 Red River Valley flood threat,MAYBE,crisis Twitter study; may code rumour/misinformation share,1,W2052303061
W2063801923,10.1890/0012-9623-91.4.382,2010,"Minutes of the ESA Governing Board, 17‐18 May, 2010 Washington, DC",EXCLUDE,not a study; meeting minutes,1,W2063801923
W2068988102,10.1097/ede.0b013e3181cc9cda,2010,Journalism,EXCLUDE,review/commentary; essay on journalism and public health,1,W2068988102
W2069565755,10.1002/cncy.20107,2010,Cancer Cytopathology 2010: Leading the way into the future,EXCLUDE,not a study; journal editorial,1,W2069565755
W2081249232,10.1176/pn.45.11.psychnews_45_11_014,2010,Project Seeks to Destroy Barriers Keeping Blacks From MH Care,EXCLUDE,not a study; professional news item,1,W2081249232
W2082016957,10.1002/bult.2010.1720360409,2010,The conundrum of providing authoritative online consumer health information: Current research and implications for information professionals,EXCLUDE,review/commentary; no quantified accuracy sample,1,W2082016957
W2091015753,10.1097/acm.0b013e3181ea29b7,2010,Weill Cornell Medical College of Cornell University,EXCLUDE,not a study; medical curriculum description,1,W2091015753
W2094237523,10.1016/s0140-6736(10)60421-7,2010,Experts concerned about vaccination backlash,EXCLUDE,not a study; Lancet news report,1,W2094237523
W2098149068,10.1093/jnci/djq185,2010,Assays that Predict Outcomes Make Slow Progress Toward Prime Time,EXCLUDE,not a study; journal news feature,1,W2098149068
W2105842209,10.4037/ccn2010235,2010,Embrace Hope: An End-of-Life Intervention to Support Neurological Critical Care Patients and Their Families,EXCLUDE,off-topic; clinical care intervention,1,W2105842209
W2106168131,10.1002/bult.2010.1720370112,2010,Part I: Government information: Adding value as an expert guide,EXCLUDE,not a study; professional practice column,1,W2106168131
W2108155849,10.1613/jair.3089,2010,A Utility-Theoretic Approach to Privacy in Online Services,EXCLUDE,off-topic; privacy/personalisation computer science,2,W2108155849;W3105433983
W2115383483,10.5038/1944-0472.3.2.7,2010,The Weakest Link: The Risks Associated with Social Networking Websites,EXCLUDE,off-topic; operational security commentary,1,W2115383483
W2125375674,10.1093/toxsci/kfq329,2010,Endocrine Disruption: Historical Perspectives and Its Impact on the Future of Toxicology Testing,EXCLUDE,off-topic; toxicology review,1,W2125375674
W2130542470,10.1038/nature08979,2010,"Genome-wide association study of CNVs in 16,000 cases of eight common diseases and 3,000 shared controls",EXCLUDE,off-topic; human genetics,1,W2130542470
W2131717922,10.1016/j.jaci.2009.12.988,2010,Justifiable deception in everyday practice,MAYBE,no abstract; ambiguous 'deception' title,1,W2131717922
W2144232014,,2010,Inglorious Installers: Security in the Application Marketplace,EXCLUDE,off-topic; software security analysis,1,W2144232014
W2149989131,10.1111/j.1475-682x.2009.00314.x,2010,Inequality in the Internet Age: A Twenty-First Century Dilemma,EXCLUDE,review/commentary; digital-divide special-issue introduction,1,W2149989131
W2155269066,10.1093/ijpor/edq037,2010,The Relation Between Unit Nonresponse and Item Nonresponse: A Response Continuum Perspective,EXCLUDE,off-topic; survey nonresponse methodology,1,W2155269066
W2166424324,10.1086/ahr.115.4.1002,2010,"The Price of Discretion: Prostitution, Venereal Disease, and the American Military in France, 1944–1946",EXCLUDE,off-topic; military history,1,W2166424324
W2166534100,10.1111/j.1751-7176.2010.00369.x,2010,Meta‐Analysis Concludes Angiotensin Receptor Blocker Use Increases the Risk of Developing Cancer: Concerns About the Science and the Message,EXCLUDE,review/commentary; editorial on media coverage,1,W2166534100
W2168767366,10.1352/1934-9556-48.3.220,2010,Evolution of Autism Support and Understanding Via the World Wide Web,EXCLUDE,review/commentary; narrative review of online communities,1,W2168767366
W2171451527,10.1177/0894439310382507,2010,Mapping the Australian Networked Public Sphere,EXCLUDE,off-topic; blog link mapping without accuracy coding,1,W2171451527
W2221002079,10.2345/0899-8205-44.s1.8,2010,A Roundtable Discussion … Increased Focus on Human Factors Drives Device Safety Improvements,EXCLUDE,not a study; roundtable transcript,1,W2221002079
W2313472746,10.1097/jwh.0b013e3181d57017,2010,Statistics,EXCLUDE,not a study; editorial column,1,W2313472746
W2314382883,10.1097/01.eem.0000383963.79399.e6,2010,Breaking News: CMS May Adopt Throughput Measures to Deter ED Boarding,EXCLUDE,not a study; trade news item,1,W2314382883
W2317368916,10.1097/01.eem.0000391509.14032.6b,2010,Quality Matters: Hang onto that ED Whiteboard,EXCLUDE,review/commentary; HIPAA myths column with no denominator,1,W2317368916
W2318359166,10.1097/01.eem.0000381463.53790.b0,2010,"Special Report: Chagas Disease Rare, But Increasingly on the Radar",EXCLUDE,not a study; clinical news feature,1,W2318359166
W2320668124,10.1890/0012-9623-91.4.438,2010,Snake Invasion: Evaluation of an Online News Frenzy,MAYBE,may quantify share of inaccurate online news items,1,W2320668124
W2324539867,10.1097/01.cot.0000366137.51963.75,2010,Oncologists Using Twitter to Advance Cancer Knowledge,EXCLUDE,not a study; trade news feature,1,W2324539867
W2328567729,10.1097/01.cot.0000368006.55576.35,2010,Updates on Breast Cancer Screening from the RSNA Meeting,EXCLUDE,not a study; conference news roundup,1,W2328567729
W2328717113,10.1097/01.cot.0000388276.37892.58,2010,Provenge is Talk of GU Malignancies Congress,EXCLUDE,not a study; conference news report,1,W2328717113
W2330978041,10.1097/01.eem.0000389819.33361.54,2010,"Breaking News: Despite Serious Risks, Radiation Overdoses on the Rise",EXCLUDE,not a study; trade news item,1,W2330978041
W2333687264,10.1097/01.cot.0000390562.01631.68,2010,QOPI Feedback Helps Practices Improve Assessment of Psychosocial Quality of Care,EXCLUDE,off-topic; quality-of-care feedback study,1,W2333687264
W2382460664,,2010,Research on Data Combination Privacy Preservation Mechanism for SaaS,EXCLUDE,off-topic; data privacy engineering,1,W2382460664
W2526057778,,2010,"Crustal structure beneath the Trondelag Platform and adjacent areas of the Mid-Norwegian margin, as derived from wide-angle seismic and potential field data",EXCLUDE,off-topic; geophysics,1,W2526057778
W2578246809,10.1016/j.annemergmed.2010.08.022,2010,Electronic Health Records: Promises and Realities,EXCLUDE,off-topic; health IT commentary,1,W2578246809
W4205318253,10.1097/jom.0b013e3181cc696e,2010,News Highlights,EXCLUDE,not a study; society meeting announcements,10,W4205318253;W4232954827;W4237061117;W4252409570;W4210543838;W4230286392;W4239733918;W4242087525;W4249644138;W4237520254
W4206638499,10.1097/acm.0b013e3181e914e9,2010,University of Michigan Medical School,EXCLUDE,not a study; medical curriculum description,1,W4206638499
W4206668384,10.1097/acm.0b013e3181e95aa7,2010,Albany Medical College,EXCLUDE,not a study; medical curriculum description,1,W4206668384
W4206699355,10.1097/acm.0b013e3181e86cab,2010,Yale University School of Medicine,EXCLUDE,not a study; medical curriculum description,1,W4206699355
W4212875539,10.1093/aob/mcq135,2010,Plant Cuttings,EXCLUDE,not a study; botany news column,5,W4212875539;W4236656096;W4249282036;W4239261632;W4250892338
W4230638173,10.1097/opx.0b013e3181da547b,2010,IN THE NEWS/NEW PRODUCTS,EXCLUDE,not a study; society news and products page,26,W4230638173;W4243741411;W4251198036;W4230463941;W4234908640;W4248732571;W4241652588;W4244563998;W4245042753;W4247155996;W4248935370;W4255025402;W4206388534;W4234543830;W4241976354;W4242642681;W4231824475;W4234952147;W4250720136;W4250773481;W4251672062;W4253014761;W4246947415;W4247255632;W4249258127;W4234392281
W4235258251,10.1097/01.hj.0000373454.83450.ab,2010,MANUFACTURERS NEWS,EXCLUDE,not a study; product announcements,21,W4235258251;W4240203664;W4240327374;W4251850685;W4241349065;W4242138308;W4253303224;W4243411260;W4245299122;W4230741025;W4246953296;W4241010039;W4239769158;W4241463172;W4232808304;W4386617984;W4205113224;W4206267158;W4240216286;W4229586098;W4214876904
W4235331833,10.1097/01.cot.0000388590.15090.54,2010,"SHOP TALK: New Jobs, Appointments, & Changes; Promotions; Honors; Grants, & Other ‘People News’",EXCLUDE,not a study; personnel announcements,1,W4235331833
W4238859175,10.1097/qad.0b013e328339256a,2010,Keratinization of the adult male foreskin and implications for male circumcision,EXCLUDE,review/commentary; scientific letter reply,1,W4238859175
W4240452985,10.1097/acm.0b013e3181ea2349,2010,New York Medical College,EXCLUDE,not a study; medical curriculum description,1,W4240452985
W4246395825,10.1097/01.cot.0000370079.93906.87,2010,"Some Cancer Centers Seem Reluctant to Advertise Their Advertising Efforts (Second of 2 Parts, An Eric Rosenthal report)",EXCLUDE,not a study; journalistic report on hospital advertising,1,W4246395825
W4248528622,10.1002/xrs.1281,2010,News,EXCLUDE,not a study; research news column,10,W4248528622;W4246534722;W2324744980;W4244568636;W4386565187;W4386584201;W4386584507;W4394061447;W4401449644;W4414281055
W4253175888,10.1086/650340,2010,Data Archiving,EXCLUDE,not a study; journal policy editorial,1,W4253175888
W4256322992,10.1002/jps.22399,2010,A Brief History of the Journal of Pharmaceutical Sciences' First 50 Years,EXCLUDE,not a study; journal history editorial,1,W4256322992
W4294715490,,2010,The Weakest Link: The Risks Associated with Social Networking Website,EXCLUDE,off-topic; operational security commentary,1,W4294715490
W4396241863,10.1002/j.2831-865x.2010.tb00371.x,2010,The Evolution of Mean: Satire in the American Elections of 1980 and 2008 Compared,EXCLUDE,review/commentary; humanities essay on satire,1,W4396241863
W571805170,,2010,Reliability and timeliness analysis of content-based publish/subscribe systems,EXCLUDE,off-topic; distributed systems performance,1,W571805170
W612507105,,2010,Introducing Communication Research: Paths of Inquiry,EXCLUDE,not a study; textbook,1,W612507105
W788768982,10.1044/leader.ftr2.15112010.16,2010,Classroom Acoustics: What Possibly Could Be New?,EXCLUDE,off-topic; classroom acoustics advocacy,1,W788768982
W1497545985,10.1111/j.1467-3010.2011.01888.x,2011,New reports from government make the headlines,EXCLUDE,review/commentary; nutrition policy news editorial,1,W1497545985
W1550394195,10.1111/j.1467-8551.2011.00768.x,2011,Management Research in the UK: A Personal View,EXCLUDE,not a study; personal essay,1,W1550394195
W1574052451,,2011,RePriv: Re-Envisioning In-Browser Privacy,EXCLUDE,off-topic; browser privacy system,1,W1574052451
W1583059097,,2011,The Filter Bubble: What the Internet Is Hiding from You,EXCLUDE,not a study; trade book,1,W1583059097
W1606601608,10.1184/r1/6721256.v1,2011,"Reading, Writing, Relationships: The Impact of Social Network Sites on Relationships and Well-Being",EXCLUDE,off-topic; SNS use and well-being,1,W1606601608
W1647086383,,2011,Economic Impact of Identity Theft in India: Lessons from Western Countries,EXCLUDE,off-topic; identity theft/cybercrime,1,W1647086383
W1716182591,10.1111/j.1526-4637.2011.01223.x,2011,"Our Academy, Our Mission, Our Work!",EXCLUDE,not a study; presidential column,1,W1716182591
W1746191347,,2011,Bootstrapping named entity resources for adaptive question answering systems,EXCLUDE,off-topic; NLP question answering,1,W1746191347
W1766430409,,2011,The journal club.,EXCLUDE,not a study; journal club summaries,1,W1766430409
W1893103652,10.2345/0899-8205-45.s2.76,2011,‘Where IT Meets IV’ Integrating Intravenous Infusion Devices With Hospital Information Systems,EXCLUDE,off-topic; medical device integration,1,W1893103652
W1923710850,10.1111/j.1752-7325.2011.00230.x,2011,Sustainable oral health interventions,EXCLUDE,off-topic; oral health implementation commentary,1,W1923710850
W1967426501,10.1353/rhe.2011.0008,2011,Seeing the Light: Religious Colleges in Twenty-First Century America (review),EXCLUDE,review/commentary; book review,1,W1967426501
W1972673491,10.1080/13555502.2011.611700,2011,"Review ofVictorian Popular Culture(Adam Matthew Digital, 2011)",EXCLUDE,review/commentary; digital archive review,1,W1972673491
W1972947958,10.1016/s1526-4114(11)60181-9,2011,Families Ask Because They Need Answers,MAYBE,no abstract; title gives no subject,1,W1972947958
W1990701819,10.1176/pn.46.7.psychnews_46_7_4_1,2011,Major Study Will Assess 'What Works' in PTSD Care,EXCLUDE,not a study; professional news item,1,W1990701819
W1998559827,10.1353/rhe.2011.0019,2011,Undocumented Immigrants and Higher Education: ¡Si Se Puede! (review),EXCLUDE,review/commentary; book review,1,W1998559827
W2007709335,10.1097/mpa.0b013e3182203e3c,2011,Pancreatic Cancer Prevention and the 2010 Dietary Guidelines for Americans,EXCLUDE,off-topic; diet and cancer review,1,W2007709335
W2013263268,10.1093/jnci/djr341,2011,Oral Contraceptives as Ovarian Cancer Prevention: In the News,EXCLUDE,not a study; journal news feature,1,W2013263268
W2017532465,10.1353/mec.2011.0012,2011,Transformation of Semantics in the History of Japanese Subcultures since 1992,EXCLUDE,off-topic; cultural studies essay,1,W2017532465
W2019218975,10.1002/dat.20541,2011,A community at home,EXCLUDE,not a study; patient narrative,1,W2019218975
W2020331382,10.1002/whe.10220,2011,Solitude: ‘The Most Pressing Issue on Campus Today’,EXCLUDE,not a study; higher-education opinion piece,1,W2020331382
W2024066380,10.1002/dat.20606,2011,State of the art: Chronic kidney disease education,EXCLUDE,off-topic; patient education review,1,W2024066380
W2031998625,10.1176/pn.46.4.psychnews_46_4_3,2011,Psychiatry in Paradise,EXCLUDE,not a study; presidential column,1,W2031998625
W2050853772,10.1007/s13181-011-0171-5,2011,Hard Impact: Journal Impact Factor and JMT,EXCLUDE,not a study; journal metrics editorial,1,W2050853772
W2051970953,10.1002/dat.20620,2011,The delivery of dialysis services on a nationwide basis: Can we afford the nonprofit system?,EXCLUDE,off-topic; reprinted health policy essay,1,W2051970953
W2081938571,10.1176/pn.46.17.psychnews_46_17_21_1,2011,Risperidone Shows No Benefit Over Placebo for PTSD,EXCLUDE,off-topic; news report of a drug trial,1,W2081938571
W2084169028,10.1086/ahr.116.2.316,2011,On Being Heard: A Case for Paying Attention to the Historical Ear,EXCLUDE,off-topic; history of the senses,1,W2084169028
W2096338751,10.2752/175174311x12861940861743,2011,Apocalypse Now: An Interview with Joy Garnett,EXCLUDE,not a study; artist interview,1,W2096338751
W2107779436,,2011,Keyphrase Extraction from Online News Using Binary Integer Programming,EXCLUDE,detection/classifier; NLP extraction method,1,W2107779436
W2109670200,10.1016/j.annemergmed.2011.07.013,2011,Journal Performance Report for 2010,EXCLUDE,not a study; journal performance editorial,1,W2109670200
W2124332080,10.1352/1934-9556-49.5.352,2011,Presidential Address 2011 Imagining the Future: Establishing a New Legacy for AAIDD,EXCLUDE,not a study; presidential address,1,W2124332080
W2126565407,10.1176/pn.46.24.psychnews_46_24_18-a,2011,Are Soda-Swilling Teens More Apt to Be Violent?,EXCLUDE,off-topic; news report on diet and violence,1,W2126565407
W2133217804,,2011,Quantification of Social Blog Network using B-Rank technique & Blog Recommandation,EXCLUDE,off-topic; blog popularity ranking algorithm,1,W2133217804
W2151693197,10.5070/g313110856,2011,"A Vast Machine: Computer Models, Climate Data, and the Politics of Global Warming",EXCLUDE,review/commentary; book review,1,W2151693197
W2152318949,10.1093/jnci/djr537,2011,Pediatric Palliative Care in Europe Expands,EXCLUDE,off-topic; journal news feature,1,W2152318949
W2218457982,10.32855/fcapital.201102.001,2011,The (Coming) Social Media Revolution in the Academy,EXCLUDE,review/commentary; essay on academic social media,1,W2218457982
W2274223971,,2011,Automatic search interface clustering and search result processing in metasearch engine,EXCLUDE,off-topic; metasearch engine engineering,1,W2274223971
W2279286148,,2011,我國企業對於延伸性企業報導語言(XBRL)導入因素及效益之探討,EXCLUDE,off-topic; XBRL accounting adoption thesis,1,W2279286148
W2313676000,10.1097/01.eem.0000406946.05619.11,2011,Second Opinion: Theses for the Door of Emergency Medicine,EXCLUDE,not a study; opinion column,1,W2313676000
W2313776035,10.1111/j.1468-4004.2011.52315.x,2011,NAM in north Wales,EXCLUDE,not a study; conference report,1,W2313776035
W2316967395,10.1097/01.eem.0000405497.31664.39,2011,Quality Matters: The Not-So-Ancillary Services,EXCLUDE,not a study; quality improvement column,1,W2316967395
W2317156398,10.1097/01.eem.0000405487.08793.1c,2011,Breaking News: The Next Big Thing? GP in ED,EXCLUDE,not a study; trade news item,1,W2317156398
W2321072613,10.1097/01.cot.0000398815.61854.3c,2011,Simoneʼs OncOpinion: The Value of Life,EXCLUDE,not a study; opinion column,1,W2321072613
W2321998587,10.1097/qai.0b013e3182056ad9,2011,Probiotics: The Potential for a Live Microbicide to Prevent HIV,EXCLUDE,off-topic; HIV microbicide letter,1,W2321998587
W2322949023,10.1097/01.hj.0000408320.23115.e2,2011,Cover Story: Consumer skittishness turns hearing aid sales sluggish,EXCLUDE,off-topic; hearing aid sales trade news,1,W2322949023
W2324387650,10.1097/ede.0b013e31821d0426,2011,Random Allocation in Observational Data,EXCLUDE,review/commentary; epidemiology false positives,1,W2324387650
W2324648453,10.1097/01.cot.0000395331.02181.5e,2011,Anal Cancer: IMRT Reduces Toxicities,EXCLUDE,off-topic; anal cancer radiotherapy,1,W2324648453
W2325868234,10.1097/01.hj.0000399151.30374.0c,2011,AudiologyNOW! takes attendees from innovation to implementation,EXCLUDE,not a study; conference report,1,W2325868234
W2326758410,10.1097/01.cot.0000405392.63562.8f,2011,Prostate Cancer Biomarkers: Research Updates at AUA Annual Meeting,EXCLUDE,off-topic; prostate cancer biomarkers,1,W2326758410
W2327782630,10.1097/01.hj.0000405465.16012.45,2011,INTERNATIONAL HEARING SOCIETY CONVENTION PREVIEW: ‘Innovate like Edison’ at IHS,EXCLUDE,not a study; convention preview,1,W2327782630
W2329184434,10.1111/j.1471-0528.2011.03074.x,2011,Editor’s Choice,EXCLUDE,review/commentary; obstetrics editorial,1,W2329184434
W2333068802,10.1097/01.eem.0000403711.79542.12,2011,Journal Scan: New Pulmonary Embolism Policy Sorts through the Evidence,EXCLUDE,review/commentary; pulmonary embolism policy scan,1,W2333068802
W2335386916,10.1097/ede.0b013e31821e28f3,2011,"X-WAS, Traditional Epidemiology, and Policy Action",EXCLUDE,review/commentary; epidemiology methods debate,1,W2335386916
W2342356442,,2011,An Examination of Microblog as News Source among University Students in Mainland China,EXCLUDE,"off-topic; microblog news gratifications, no misinformation measure",1,W2342356442
W2347174070,10.18192/riss-ijhs.v2i1.1527,2011,SmartHand: A Sense of Assistive Devices,EXCLUDE,off-topic; prosthetic device review,1,W2347174070
W2401556567,10.1111/j.1752-8062.2011.00315.x,2011,In the NEWS A ROUNDUP OF NEWS AND INFORMATION FROM OUR COMMUNITY,EXCLUDE,not a study; community news roundup,3,W2401556567;W4247492712;W4238413590
W2415748937,10.1002/ajmg.a.34265,2011,"State administrative data can aid long‐term newborn follow‐up, researchers report",EXCLUDE,off-topic; newborn screening administrative data,1,W2415748937
W2443323741,10.2345/0899-8205-45.2.109,2011,Wireless Technology Leading to ‘New Age of Medicine’,EXCLUDE,off-topic; wireless medicine interview,1,W2443323741
W248530421,,2011,All A-Twitter about Education: Improving Our Schools in 140 Characters or Less,EXCLUDE,review/commentary; Twitter in education debate,1,W248530421
W2610875994,,2011,Media tendency in positioning Monica Lewinsky dealing with her sexual scandal narrated in www.nytimes.com and www.washingtonpost.com,EXCLUDE,off-topic; qualitative media framing of a scandal,1,W2610875994
W2755906668,,2011,"Suburb, Neighborhood, Ghetto: From the Ambiguity of Definitions to Representations",EXCLUDE,review/commentary; conceptual essay on urban vocabulary,1,W2755906668
W4231662032,10.2345/0899-8205-45.4.260,2011,The Roundup,EXCLUDE,not a study; news roundup,2,W4231662032;W4210318866
W4234540021,10.1097/01.hj.0000406777.88745.cf,2011,Over the Wire,EXCLUDE,not a study; news items,1,W4234540021
W4237062053,10.1097/jwh.0b013e318225f734,2011,Everyone Benefits From Guidelines,EXCLUDE,review/commentary; editorial on guidelines,1,W4237062053
W4238428682,10.1111/j.1365-2745.2011.01926.x,2011,Journal of Ecology News,EXCLUDE,not a study; journal news,2,W4238428682;W4247264013
W4245548161,10.1287/mnsc.1110.1436,2011,Management Insights,EXCLUDE,off-topic; management research digest,1,W4245548161
W4247714229,10.1890/1540-9295-9.8.424,2011,Dispatches,EXCLUDE,not a study; environmental news dispatches,11,W4247714229;W4253276537;W4234259435;W4245514098;W4253642099;W2690814476;W4231535991;W4244531289;W4249639329;W4254738592;W4246241878
W4251037768,10.1111/j.1600-6143.2011.03886.x,2011,Organ Procurement and Transplantation Network and Scientific Registry of Transplant Recipients 2010 Data Report,EXCLUDE,off-topic; transplant registry data report,1,W4251037768
W4253952169,10.1016/s0140-6736(11)60657-0,2011,Salt and cardiovascular disease mortality,EXCLUDE,off-topic; salt and cardiovascular mortality,1,W4253952169
W4256527582,10.1890/0012-9623-92.2.215,2011,Ecology on the Web,EXCLUDE,not a study; website listing column,1,W4256527582
W4416913995,10.1108/dl-02-2011-0008,2011,HealthStream,EXCLUDE,review/commentary; healthcare futures essay,1,W4416913995
W7167687703,10.59236/emro.v13i12a4953,2011,Barbershop Punk,EXCLUDE,not a study; documentary film review,1,W7167687703
W83740279,,2011,A new video studio for CERN,EXCLUDE,not a study; CERN facility news,1,W83740279
W1032326417,,2012,Газета «Le Moniteur universel» как источник по истории русско-французских отношений в 1801-1807 гг,EXCLUDE,off-topic; nineteenth-century diplomatic history,1,W1032326417
W1508990202,,2012,Credibilidad de los medios: un análisis bivariado de las opiniones de los españoles. Media credibility: a bivariate analysis of the Spanish views,EXCLUDE,"off-topic; media credibility opinions, no misinformation exposure",1,W1508990202
W1515827528,10.5325/pennhistory.79.3.0284,2012,Not Only Prints: Early Republic-Era Visual Culture Research at the Library Company of Philadelphia,EXCLUDE,off-topic; visual culture collections essay,1,W1515827528
W1516847927,,2012,Candid Reflections on the Departure of Black Women Faculty from Academe in the United States.,EXCLUDE,off-topic; blog content analysis of academic racism,1,W1516847927
W153563330,,2012,Leveraging the information redundancy in wireless and mobile environments,EXCLUDE,off-topic; wireless network redundancy engineering,1,W153563330
W1559793694,10.1111/j.1742-6723.2012.01570.x,2012,Have medical journals missed the Web 2.0 roller coaster?,EXCLUDE,review/commentary; medical journals and Web 2.0,1,W1559793694
W1569398332,10.1111/j.1365-2125.2012.04255.x,2012,Fifty years after thalidomide; what role for drug regulators?,EXCLUDE,review/commentary; drug regulation history,1,W1569398332
W1572057438,10.1111/j.1445-5994.2012.02860.x,2012,The crisis in availability of donor organs: time to move beyond the rhetoric,EXCLUDE,review/commentary; organ donation editorial,1,W1572057438
W1602720187,10.1111/j.1467-3010.2012.01957.x,2012,News in the world of nutrition: current challenges for clear communication,EXCLUDE,review/commentary; nutrition communication editorial,1,W1602720187
W1756747716,10.1002/evan.21317,2012,To understand the baboon,EXCLUDE,review/commentary; science essay,1,W1756747716
W1784961924,,2012,University Rankings – Are Philippine HEIs Ready for Them?,EXCLUDE,off-topic; university rankings essay,1,W1784961924
W1970952918,10.7326/0003-4819-156-3-201202070-00389,2012,"Adult Immunization 2012: Politics, Process, and Progress",EXCLUDE,review/commentary; adult immunization editorial,1,W1970952918
W1976957243,10.1215/08879982-1629155,2012,Statism and Anti-Statism,EXCLUDE,off-topic; political theory essay,1,W1976957243
W1978968418,10.3163/1536-5050.100.3.020,2012,Medical Heritage Library,EXCLUDE,off-topic; digital library project,1,W1978968418
W1993439800,10.1111/nph.12027,2012,The N orth A merican M ycoflora p roject – the first steps on a long journey,EXCLUDE,off-topic; mycological survey project,1,W1993439800
W1994736118,10.1002/evan.21330,2012,Dracula! A paradigm shift in evolutionary genetics: Death of a theory at the hands of the undead?,EXCLUDE,review/commentary; evolutionary genetics essay,1,W1994736118
W2006101683,10.1080/13555502.2012.683149,2012,Half FullandHalf Empty,EXCLUDE,off-topic; newspaper digitisation essay,1,W2006101683
W2006460222,10.1057/ejis.2012.13,2012,Willing to pay for quality personalization? Trade-off between quality and privacy,EXCLUDE,off-topic; personalization and privacy trade-off,1,W2006460222
W2007660363,10.1373/clinchem.2012.194738,2012,Communication of Scientific Information: Is It Time to Reassess?,EXCLUDE,review/commentary; scientific publishing essay,1,W2007660363
W2007943847,10.1177/2211068212457635,2012,Informatics and Computing,EXCLUDE,not a study; software product listings,1,W2007943847
W2021114908,10.1080/13555502.2012.739837,2012,A Review ofLivingstone's 1871 Field Diary: A Multispectral Critical Edition,EXCLUDE,not a study; book review,1,W2021114908
W2024929381,10.1016/s0140-6736(12)62174-6,2012,The story of GBD 2010: a “super-human” effort,EXCLUDE,not a study; news feature on GBD,1,W2024929381
W2027698643,10.1002/ana.23581,2012,Apping at the Annals,EXCLUDE,review/commentary; journal app editorial,1,W2027698643
W2030625017,10.1093/ehr/ces072,2012,"Did We Really Want a National Health Service? Hospitals, Patients and Public Opinions before 1948",EXCLUDE,off-topic; NHS history and public opinion,1,W2030625017
W2031136850,10.1038/embor.2012.135,2012,More than meets the eye,MAYBE,no abstract; uninformative title,1,W2031136850
W2033991690,10.4103/0019-5545.104790,2012,Is digital boom spelling cerebral doom?,EXCLUDE,review/commentary; technology and the brain essay,1,W2033991690
W2049642512,10.1097/ede.0b013e31827886f7,2012,Commentary,EXCLUDE,review/commentary; statistics commentary,1,W2049642512
W2055574727,10.1093/musqtl/gds020,2012,Recording and Reality: The Musical Subject,EXCLUDE,off-topic; music historiography,1,W2055574727
W2056294262,10.2217/pmt.12.52,2012,The War on Drugs Versus the War on Pain: Surviving Two Perfect Storms,EXCLUDE,review/commentary; pain policy editorial,1,W2056294262
W2064281008,10.2345/0899-8205-46.5.334,2012,What's the Prognosis? Making Infusion Systems Safer,EXCLUDE,off-topic; infusion device safety,1,W2064281008
W2072550130,10.1093/cvr/cvs344,2012,What does the future hold for Cardiovascular Research?,EXCLUDE,not a study; journal editorial,1,W2072550130
W2074564378,10.1373/clinchem.2012.194621,2012,Handling False Positives in the Genomic Era,EXCLUDE,off-topic; genomics false positives,1,W2074564378
W2079362536,10.1016/j.annemergmed.2012.04.022,2012,Journal Performance Report for 2011: Forty Years of Raising the Bar for Emergency Medicine,EXCLUDE,not a study; journal performance report,1,W2079362536
W2081991543,10.1016/j.mayocp.2012.11.010,2012,Mayo Clinic Proceedings 2013: Report From a New Vista,EXCLUDE,not a study; journal editorial report,1,W2081991543
W2094633556,10.1353/rhe.2012.0044,2012,Globalization’s Muse: Universities and Higher Education Systems in a Changing World (review),EXCLUDE,not a study; book review,1,W2094633556
W2105407723,10.3835/plantgenome2012.06.0002ed,2012,Growing The Plant Genome in 2013,EXCLUDE,not a study; journal editorial,1,W2105407723
W2111805149,10.1093/ejcts/ezs587,2012,Working the fundamentals,EXCLUDE,not a study; presidential address,1,W2111805149
W2115879674,10.1088/1748-9326/7/2/021003,2012,Limits to the availability of groundwater in Africa,EXCLUDE,off-topic; groundwater hydrology commentary,1,W2115879674
W2128880918,10.1093/bioinformatics/bts199,2012,Geneious Basic: An integrated and extendable desktop software platform for the organization and analysis of sequence data,EXCLUDE,tool; bioinformatics software platform,1,W2128880918
W2144119276,10.1093/mutage/ger072,2012,Colorectal cancer genetics: from candidate genes to GWAS and back again,EXCLUDE,off-topic; cancer genetics review,1,W2144119276
W2145072286,10.1093/ije/dys112,2012,Cohort Profile: The Born in Bradford multi-ethnic family cohort study,EXCLUDE,off-topic; birth cohort profile,1,W2145072286
W2149534047,10.1002/cplu.201100057,2012,ChemPlusChem—Close Collaborations Centering on Chemistry,EXCLUDE,not a study; journal editorial,1,W2149534047
W2150384521,10.1093/infdis/jis549,2012,Reconsidering Hand Hygiene Monitoring,EXCLUDE,off-topic; hand hygiene monitoring,1,W2150384521
W2155988954,10.1542/peds.2012-1137,2012,Guidelines for Lipid Screening in Children and Adolescents: Bringing Evidence to the Debate,EXCLUDE,review/commentary; lipid screening guideline debate,1,W2155988954
W2161893058,,2012,An open invitation to the cancer immunology community.,EXCLUDE,not a study; journal invitation,1,W2161893058
W2164275416,10.1093/poq/nfs044,2012,"Presidential Address: Survey Research, Its New Frontiers, and Democracy",EXCLUDE,review/commentary; survey research presidential address,1,W2164275416
W2171752594,10.1016/j.jand.2012.03.004,2012,Added Sugars and Risk of Colorectal Cancer,EXCLUDE,off-topic; diet and colorectal cancer,1,W2171752594
W22627963,,2012,Internet Use by Students of Faculty of Science in Two Nigerian Universities,EXCLUDE,"off-topic; student internet use, no misinformation measure",1,W22627963
W2270185400,10.1136/amiajnl-2012-000813,2012,AMIA policy activities,EXCLUDE,not a study; health IT policy report,1,W2270185400
W2320153887,10.1097/01.eem.0000419509.97360.d7,2012,Special Report,EXCLUDE,not a study; conference preview,4,W2320153887;W2331771962;W2887587855;W4386565195
W2321271762,10.1097/01.cot.0000419317.81847.79,2012,Profiles in Oncology Social Media,EXCLUDE,not a study; profile of a physician blogger,1,W2321271762
W2324868240,10.1093/jahist/jar651,2012,There Will Be Birds: Images of Oil Disasters in the Nineteenth and Twentieth Centuries,EXCLUDE,off-topic; history of oil disaster imagery,1,W2324868240
W2327486927,10.1097/prs.0b013e31825dc64c,2012,What Kind of Breast Implant Do I Have? The Importance of the National Breast Implant Registry,EXCLUDE,off-topic; breast implant registry letter,1,W2327486927
W2329913308,10.1097/01.hj.0000418984.95188.cf,2012,Breaking News,EXCLUDE,off-topic; newborn hearing screening follow-up,1,W2329913308
W2331105659,10.1097/ta.0b013e318262f5e5,2012,Union of forces,EXCLUDE,not a study; presidential address,1,W2331105659
W2332368311,10.1097/01.cot.0000411542.03220.51,2012,Key MDS Takeaways from ASH,EXCLUDE,off-topic; haematology conference summary,1,W2332368311
W2332830238,10.1097/01.eem.0000410883.18751.9d,2012,Viewpoint: Why Cost Must Be Part of Our Education,EXCLUDE,review/commentary; medical education viewpoint,1,W2332830238
W2334017310,10.15373/22778179/aug2013/71,2012,Information Sources of Rural Women on Health and Nutrition in Ranga Reddy District of Andhra Pradesh,EXCLUDE,"off-topic; health information sources, no misinformation measure",1,W2334017310
W2338956363,,2012,"Crowdwork, crisis and convergence: how the connected crowd organizes information during mass disruption events",MAYBE,crisis social media dissertation; may quantify misinformation in streams,1,W2338956363
W2401824404,,2012,Extracting Relevant and Trustworthy Information from Microblogs.,EXCLUDE,detection/classifier; spam and expert ranking on Twitter,1,W2401824404
W2418307972,10.1525/bio.2012.62.10.4,2012,Where Have All the Caribou Gone?,EXCLUDE,off-topic; caribou ecology feature,1,W2418307972
W286791656,,2012,Using mobile technology and social networking to crowdsource citizen science,EXCLUDE,tool; citizen science crowdsourcing platform,1,W286791656
W4212912340,10.4300/jgme-d-12-00278.1,2012,In This Issue,EXCLUDE,not a study; issue summary,2,W4212912340;W4252424071
W4229490757,10.1002/biot.201100482,2012,"BiotecVisions 2012, January",EXCLUDE,not a study; journal news section,1,W4229490757
W4233597524,10.1097/nne.0b013e3182504a77,2012,Take a Closer Look at the Cost of Healthcare,EXCLUDE,off-topic; healthcare expenditure survey resource,1,W4233597524
W4239382362,10.1353/pla.2012.0021,2012,Briefly Noted,EXCLUDE,not a study; book reviews,1,W4239382362
W4243603336,10.1097/opx.0b013e318276bd22,2012,ACADEMY NEWS,EXCLUDE,not a study; academy news items,1,W4243603336
W4248891686,10.1111/j.1753-0407.2012.00197.x,2012,Journal of Diabetes NEWS,EXCLUDE,not a study; journal conference news,2,W4248891686;W4241663362
W4251684472,10.5325/jmodeperistud.3.1.0093,2012,The Listener Historical Archive 1929–1991.,EXCLUDE,review/commentary; digital archive review,1,W4251684472
W4253930516,10.1177/0740277512451468,2012,Olympian Dreams,EXCLUDE,not a study; magazine essay on sport,1,W4253930516
W4302061433,,2012,A Research Regarding to Obligatory Displacement about School Administrators,EXCLUDE,off-topic; school administrator rotation,1,W4302061433
W4417106301,10.1108/dl-09-2012-0008,2012,TOJDE,EXCLUDE,off-topic; electronic publishing essay,1,W4417106301
W563261581,,2012,Why Calories Count: From Science to Politics,EXCLUDE,not a study; popular science book,1,W563261581
W772069326,10.1044/leader.ftr3.17142012.5,2012,Clinical Trials for Otoprotective Agents,EXCLUDE,off-topic; hearing-loss drug trials,1,W772069326
W1486260984,10.1080/1369118x.2012.756051,2013,"YOUTUBE, TWITTER AND THE OCCUPY MOVEMENT",EXCLUDE,off-topic; video circulation coded but no misinformation measure,1,W1486260984
W1506448949,10.5204/mcj.625,2013,The Social Media Contradiction: Data Mining and Digital Death,EXCLUDE,review/commentary; data mining and digital death,1,W1506448949
W1516823488,,2013,Federal government food policy committees and the financial interests of the food sector.,EXCLUDE,review/commentary; food policy conflicts of interest,1,W1516823488
W1574290717,,2013,"AN EMPIRICAL STUDY ON THE ELECTRONIC COMMERCE PRACTICES AMONG THE GRAPE GROWERS OF COIMBATORE DISTRICT IN TAMILNADU, INDIA",EXCLUDE,off-topic; e-commerce among grape growers,1,W1574290717
W1844833167,,2013,"Memory, Hither Come",EXCLUDE,off-topic; music pedagogy essay,1,W1844833167
W1947273340,10.1111/ajag.12095,2013,Advances in gerontology research and education: Perspectives from the A ustralian A ssociation of G erontology,EXCLUDE,off-topic; gerontology research history,1,W1947273340
W1965803189,10.1093/eurpub/ckt031,2013,"European Public Health News * EUPHA President's column * EUPHA office news * Message from the Regional Director (January 2013)--A Historical Turning Point to Fight Antibiotic Resistance * Increasing Efforts on Vaccine Preventable Diseases in the EU * Three Priorities of the 2013 Work Plan of ECDC * 6TH European Public Health Conference--Health in Europe: Are we there Yet? Learning from the Past, Building the Future",EXCLUDE,not a study; public health news column,1,W1965803189
W1971636599,10.1111/trf.12093,2013,Optimizing red blood cell transfusion therapy in the 21st century: the power of data analysis for past understanding and future guidance,EXCLUDE,off-topic; transfusion data commentary,1,W1971636599
W1971817132,10.1002/eji.201370012,2013,Fair play at EJI,EXCLUDE,not a study; journal editorial,1,W1971817132
W1982305621,10.1096/fj.13-1101ufm,2013,A Changing Landscape: Traumatic Brain Injury in Military Combat and Civilian Athletics,EXCLUDE,off-topic; traumatic brain injury,1,W1982305621
W1982651650,10.1002/wea.2161,2013,West African Monsoon 2012,EXCLUDE,off-topic; monsoon climate review,1,W1982651650
W1997055805,10.1118/1.4794923,2013,Risk of medical imaging,EXCLUDE,review/commentary; radiation risk policy statement,1,W1997055805
W1998379554,10.1176/appi.pn.2013.7b13,2013,Lazarus Recounts Year as AMA President,EXCLUDE,not a study; association news report,1,W1998379554
W2002497320,10.1111/nph.12329,2013,Do black truffles avoid sexual harassment by linking mating type and vegetative incompatibility?,EXCLUDE,off-topic; truffle population genetics,1,W2002497320
W2012560708,10.14316/pmp.2013.24.2.133,2013,Policy Statement of the International Organization for Medical Physics,EXCLUDE,review/commentary; medical physics policy statement,1,W2012560708
W2015213491,10.1086/675318,2013,Silenced Mbembe Muses,EXCLUDE,off-topic; African art curatorial essay,1,W2015213491
W2017065157,10.1176/appi.pn.2013.12a31,2013,Three Decades of Working in Integrated Care,EXCLUDE,not a study; personal reflection column,1,W2017065157
W2018272348,10.1118/1.4824059,2013,Exposure tracking for x-ray imaging is a bad idea,EXCLUDE,off-topic; radiation dose tracking debate,1,W2018272348
W2022951047,10.1016/j.simpat.2013.06.002,2013,Priori information and sliding window based prediction algorithm for energy-efficient storage systems in cloud,EXCLUDE,off-topic; cloud storage prediction algorithm,1,W2022951047
W2043219589,10.1353/not.2013.0035,2013,The Perilous Life of Symphony Orchestras: Artistic Triumphs and Economic Challenges by Robert J. Flanagan (review),EXCLUDE,review/commentary; book review,1,W2043219589
W2044020449,10.1080/17544750.2013.785667,2013,Convergence of new and old media: new media representation in traditional news,EXCLUDE,off-topic; news sourcing analysis without misinformation coding,1,W2044020449
W2077480417,10.1176/appi.pn.2013.7b10,2013,Depression Across the Lifetime Often Traces U-Shaped Curve,EXCLUDE,off-topic; depression trajectory news item,1,W2077480417
W2079637079,10.1002/wps.20023,2013,"The characteristics, content, performance, and impact of the WPA website (www.wpanet.org)",EXCLUDE,off-topic; society website description,1,W2079637079
W2083465639,10.1016/j.carage.2013.08.020,2013,"Cameras, Citations, and Abuse Investigations",EXCLUDE,off-topic; nursing-home cameras and abuse investigations,1,W2083465639
W2084017631,10.1111/jan.12036,2013,It's time for the nursing profession to leverage social media,EXCLUDE,review/commentary; editorial on nursing social media,1,W2084017631
W2085730190,10.1111/epi.12149,2013,Epilepsia and the rough seas of medical publishing,EXCLUDE,not a study; journal editorial,1,W2085730190
W2090036534,10.1215/08879982-2307175,2013,How to Stop a Deportation,EXCLUDE,off-topic; deportation reportage,1,W2090036534
W2095754749,10.1016/j.future.2013.07.001,2013,Achieving Accountable MapReduce in cloud computing,EXCLUDE,off-topic; cloud computing method,1,W2095754749
W2110419902,10.1002/meet.14505001127,2013,Learning analytics & FERPA: Issues of student privacy and new boundaries of student data,EXCLUDE,off-topic; student data privacy,1,W2110419902
W2113330606,10.1093/ije/dyt058,2013,Improving causal inference,EXCLUDE,review/commentary; epidemiology commentary,1,W2113330606
W2113952707,10.1145/2487259.2487262,2013,Top-k diversity queries over bounded regions,EXCLUDE,off-topic; information retrieval algorithm,1,W2113952707
W2115094536,10.1093/ije/dyt039,2013,"If data could talk back: Anzia Yezierska, Paul de Kruif and thousands of pages of ‘research’",EXCLUDE,review/commentary; history of epidemiology,1,W2115094536
W2117100364,10.1504/ijbis.2013.055544,2013,Examining success factors of open source software repositories: the case of OSOR.eu portal,EXCLUDE,off-topic; open source repository success factors,1,W2117100364
W2121458613,10.1016/j.jtcvs.2012.11.001,2013,Change you can count on,MAYBE,"no abstract; uninformative title, cannot rule out",1,W2121458613
W2123065652,10.1373/clinchem.2012.201988,2013,Biomarkers for Acute Kidney Injury: Where Are We Today? Where Should We Go?,EXCLUDE,off-topic; kidney injury biomarkers,1,W2123065652
W2135821293,10.1111/nbu.12038,2013,A week to remember: For life,EXCLUDE,not a study; nutrition education week report,1,W2135821293
W2141819269,10.1071/ah12158,2013,Increasing the influence of one’s research on policy,EXCLUDE,review/commentary; research-to-policy commentary,1,W2141819269
W2146235000,10.1525/bio.2013.63.10.11,2013,Making Yourself Clear: The Conversation of One,EXCLUDE,review/commentary; book review on science communication,1,W2146235000
W2149156886,10.1093/ndt/gft299,2013,The ERA-EDTA database on recurrent glomerulonephritis following renal transplantation,EXCLUDE,off-topic; transplant glomerulonephritis registry,1,W2149156886
W2151510173,,2013,Data Protection and Malicious Insiders Detection in Cloud,EXCLUDE,off-topic; cloud security decoy technology,1,W2151510173
W2154058520,10.1016/j.nurpra.2013.09.008,2013,Does It Matter Where Primary Care NPs Practice?,EXCLUDE,off-topic; nurse practitioner practice location,1,W2154058520
W2160330042,10.1002/pdi.1752,2013,‘Type 3 diabetes’: linking a brain insulin‐resistant state with dementia and Alzheimer's disease,EXCLUDE,off-topic; diabetes and dementia commentary,1,W2160330042
W2168787003,10.1088/1748-9326/8/1/011002,2013,Advancing agricultural greenhouse gas quantification *,EXCLUDE,off-topic; agricultural greenhouse gas quantification,1,W2168787003
W2181329467,,2013,The CloudProxy Tao for Trusted Computing,EXCLUDE,off-topic; trusted cloud computing framework,1,W2181329467
W2188591461,10.1525/bio.2013.63.10.4,2013,Biodiversity Online,EXCLUDE,off-topic; biological collections digitisation,1,W2188591461
W2194351237,10.1525/bio.2013.63.3.11,2013,Defining Epigenetics in Deterministic Terms,EXCLUDE,review/commentary; epigenetics book review,1,W2194351237
W2202588881,,2013,"""I want to know what others have found interesting” : Online social filtering of news and magazine articles",EXCLUDE,"off-topic; qualitative news-filtering interviews, no misinformation measure",1,W2202588881
W2237532456,10.1016/s1042-0991(15)31050-1,2013,Gaining momentum: Pharmacists recognized for health care contributions,EXCLUDE,not a study; pharmacy news item,1,W2237532456
W2315758691,10.1097/01.cot.0000432315.39785.a8,2013,ERIC ROSENTHAL REPORTS,EXCLUDE,not a study; correspondent news column,1,W2315758691
W2317642628,10.1093/sysbio/syt017,2013,Evolution: Making Sense of Life.—Carl Zimmer and Douglas J. Emlen.,EXCLUDE,review/commentary; textbook review,1,W2317642628
W2320650257,10.1016/s1042-0991(15)31338-4,2013,Show me the data,MAYBE,"no abstract; uninformative title, cannot rule out",1,W2320650257
W2324837471,10.1902/jop.2013.134001,2013,Academy Report: Peri‐Implant Mucositis and Peri‐Implantitis: A Current Understanding of Their Diagnoses and Clinical Implications,EXCLUDE,off-topic; periodontology consensus report,1,W2324837471
W2324921520,10.1016/s1042-0991(15)31331-1,2013,The faces of pharmacy: Students and pharmacists stepping forward,EXCLUDE,not a study; pharmacy news item,1,W2324921520
W2326771605,10.4156/jcit.vol8.issue2.23,2013,Product Quality and Safety Incident Information Tracking Based on Web News,EXCLUDE,detection/classifier; web-news incident tracking model,1,W2326771605
W2327226516,10.1097/01.cot.0000425914.60398.2f,2013,Prostate Cancer,EXCLUDE,not a study; conference news on prostate cancer,2,W2327226516;W2328566401
W2329191801,10.5849/jof.13-001,2013,The Student-Citizen and Study Abroad,EXCLUDE,off-topic; study-abroad commentary,1,W2329191801
W2329609391,10.1097/npt.0b013e31829218bc,2013,Reviews of Wellness and Physical Activity Web Sites for Persons With Neurological Disability,EXCLUDE,"review/commentary; narrative website reviews, no accuracy coding",1,W2329609391
W2330639295,10.1242/jeb.095851,2013,JEB is 90!,EXCLUDE,not a study; journal anniversary editorial,1,W2330639295
W2365939137,,2013,Corporate Social Responsibility Practices in Chinese Hotel Industry: A Content Analysis of Public CSR Information of Top 15 Chinese Hotel-management Companies,EXCLUDE,off-topic; corporate social responsibility content analysis,1,W2365939137
W2408502546,,2013,The Return of the Probability of Relevance.,EXCLUDE,not a study; keynote abstract on retrieval models,1,W2408502546
W2411077863,10.1353/nib.2013.0005,2013,Editors’ Note,EXCLUDE,not a study; editors' note,2,W2411077863;W4249383361
W2589101632,10.1093/eurpub/el_404,2013,Is the food industry in the driver's seat?,EXCLUDE,review/commentary; food industry policy letter,1,W2589101632
W4214490104,10.30770/2572-1852-99.2.35,2013,State Member Board Briefs,EXCLUDE,not a study; medical board briefs,3,W4214490104;W4230538684;W4213059425
W4231363767,10.1097/01.cot.0000432900.07584.5b,2013,SHOP TALK,EXCLUDE,not a study; awards news column,48,W4231363767;W4235900450;W4245918663;W4252304120;W4231295897;W4242047904;W4244139469;W4246898838;W4253224195;W4234773387;W4239008357;W4240446750;W4229793848;W4248208919;W4248755651;W4230439526;W4234761127;W4242774710;W4243174288;W4248749449;W4206234317;W4206720054;W4210732955;W4249442477;W4255210793;W4256257410;W4205601263;W4206075201;W4206299137;W4210436765;W4247921405;W4205916391;W4247847046;W4200221615;W4205258615;W4206196434;W4205603892;W4213298331;W4224239445;W4293249398;W4307890610;W4309187553;W4327908565;W4383815981;W4408053255;W4414540654;W7147079227;W7160890180
W4242978987,10.1097/mcg.0b013e31828446f0,2013,An Overview of the Programmatic Highlights at Gastro 2013,EXCLUDE,not a study; conference programme overview,1,W4242978987
W4368516011,,2013,A GIS-BASED ENVIRONMENTAL HEALTH INFORMATION SOURCE FOR MALAYSIAN CONTEXT,EXCLUDE,tool; GIS environmental health information system,1,W4368516011
W4417253858,10.1108/dl-02-2013-0002,2013,Broward Virtual School,EXCLUDE,off-topic; virtual school description,1,W4417253858
W4417253892,10.1108/dl-02-2013-0005,2013,Georgia Schools,EXCLUDE,off-topic; online charter schooling in Georgia,1,W4417253892
W778509265,,2013,"NASA GES DISC support of CO2 Data from OCO-2, ACOS, and AIRS",EXCLUDE,off-topic; NASA data archive services,1,W778509265
W1138440479,,2014,HindEnCorp 0.5,EXCLUDE,dataset paper; parallel text corpus,1,W1138440479
W116643188,,2014,How do urban people in China form stigmatization on rural-to-urban migrant children?,EXCLUDE,off-topic; stigmatisation of migrant children,1,W116643188
W122979777,,2014,Like This Study? use of Social Networking Sites in Behavioral Medicine,EXCLUDE,review/commentary; review of social media research uses,1,W122979777
W1541290554,10.1111/aepr.12077,2014,C hina's Impact on the Rest of the World: Editors’ Overview,EXCLUDE,off-topic; economics editors' overview,1,W1541290554
W1550857732,10.1111/acv.12127,2014,‘New conservation’ or surrender to development?,EXCLUDE,review/commentary; conservation ideology critique,1,W1550857732
W1559841937,,2014,Data Invulnerability and Data Integrity Verification of Multi Cloud Storage,EXCLUDE,off-topic; cloud storage data integrity,1,W1559841937
W1580444200,10.5204/mcj.813,2014,"How Vladimir Putin’s Divorce Story Was Constructed and Received, or When the President Divorced His Wife and Married the Country Instead",EXCLUDE,off-topic; political persona and Twitter reception,1,W1580444200
W1586561197,10.1111/1742-6723.12191,2014,F ree O pen A ccess M edical education ( FOAM ) for the emergency physician,EXCLUDE,review/commentary; medical education commentary,1,W1586561197
W1672733492,10.14687/ijhs.v11i1.2732,2014,"Tamamlayıcı alternatif tıp ile ilgili gazete haberlerinin gazetecilik, halk sağlığı ve tıbbi etik boyutuyla değerlendirilmesi1",MAYBE,quantified newspaper CAM content analysis; misleading-content coding unclear,1,W1672733492
W1834323807,10.5406/19457987.35.1.04,2014,"F. Lauriston Bullard: Lincoln Scholar, Pulitzer Prize Winner, Book Thief",EXCLUDE,off-topic; historical biography,1,W1834323807
W1896016129,10.15252/embr.201338358,2014,The laboratory notebook in the 21st century,EXCLUDE,review/commentary; electronic lab notebooks,1,W1896016129
W1940995062,10.1111/evj.12390,2014,E thical animal research – a pathway to zero tolerance,EXCLUDE,not a study; editorial on research ethics,1,W1940995062
W1942273544,10.15252/embr.201439409,2014,Omics and the bioeconomy,EXCLUDE,off-topic; bioeconomy commentary,1,W1942273544
W1967097077,10.1111/jch.12469,2014,The World Hypertension League: A Look Back and a Vision Forward,EXCLUDE,not a study; organisation retrospective,1,W1967097077
W1982436469,10.7182/pit2014624,2014,Impact of Organ Donation Education on US Undergraduate Nursing Students,EXCLUDE,intervention/experiment only; organ donation education trial,1,W1982436469
W1987380307,10.1007/s11280-014-0293-1,2014,Mining streams of short text for analysis of world-wide event evolutions,EXCLUDE,detection/classifier; event-detection text mining method,1,W1987380307
W1991962708,10.1002/wps.20086,2014,Great expectations for participatory research: what have we achieved in the last ten years?,EXCLUDE,review/commentary; participatory research reflection,1,W1991962708
W2001831085,10.1002/hep.27238,2014,Entrustable Professional Activities for Gastroenterology Fellowship Training,EXCLUDE,off-topic; fellowship training milestones,1,W2001831085
W2002963872,10.1016/j.carage.2014.04.004,2014,Living in the Modern World of Social Media,MAYBE,"no abstract; social-media title, cannot rule out",1,W2002963872
W2010657807,10.1002/oby.20784,2014,We want you back,EXCLUDE,not a study; journal editorial,1,W2010657807
W2012847524,10.5325/complitstudies.51.4.0587,2014,"Should We Justify the Humanities? A Round Table with David Damrosch, Lois Zamora, and Marianne Hirsch",EXCLUDE,not a study; round table transcript,1,W2012847524
W2013558054,10.1093/jjco/hyt207,2014,Cross-boundary Cancer Studies at the University of Tokyo: Oncology in Asian Countries: Clinical Development Challenges and Opportunities,EXCLUDE,off-topic; oncology drug development,1,W2013558054
W2023852478,10.1093/eurpub/cku052,2014,European Public Health News,EXCLUDE,not a study; public health news column,20,W2023852478;W2137545684;W2808891341;W4234133367;W4248616268;W4255964880;W4231226024;W4232836430;W4239237429;W4212818174;W4241979452;W4255746560;W4213315050;W4248566644;W4206279738;W4237798967;W4220984100;W4289334216;W4300689268;W4385443281
W2024712511,10.5720/kjcn.2014.19.6.550,2014,A Survey for Needs and Preference of Food and Nutrition information on Mass Media for Korean Female Adults,EXCLUDE,"off-topic; information-source preferences, no misinformation measure",1,W2024712511
W2034925550,10.1016/s0140-6736(14)61661-5,2014,Crowdfunding for medical research picks up pace,EXCLUDE,off-topic; crowdfunding news item,1,W2034925550
W2040857353,10.1016/s0140-6736(14)62389-8,2014,Health sciences rated highly in UK's research assessment,EXCLUDE,not a study; research-assessment news item,1,W2040857353
W2042350446,10.1118/1.4889368,2014,WE-A-16A-01: International Medical Physics Symposium: Increasing Access to Medical Physics Education/Training and Research Excellence,EXCLUDE,not a study; conference symposium announcement,1,W2042350446
W2044186596,10.1111/cdev.12328,2014,Looking Back and Looking Ahead,EXCLUDE,review/commentary; outgoing editor's editorial,1,W2044186596
W2047251604,10.1080/13183222.2014.11009136,2014,The Dilemma of Group Membership in the Internet Age: Public Knowledge as Preferred Misinformation,EXCLUDE,"belief/attitude only; science knowledge, no exposure measure",1,W2047251604
W2050117174,10.1007/s10115-014-0777-4,2014,Constructing topical hierarchies in heterogeneous information networks,EXCLUDE,off-topic; information-network method paper,1,W2050117174
W2051274944,10.1111/nph.12905,2014,Engaging students with plant science: the P lant S cience TREE,EXCLUDE,off-topic; plant-science teaching resource,1,W2051274944
W2055489068,10.1016/j.cub.2014.03.028,2014,Hype in Halifax,EXCLUDE,review/commentary; magazine news feature,1,W2055489068
W2056204342,10.1053/j.ajkd.2014.09.002,2014,ICH-CAHPS: What Signal on the Chadburn?,EXCLUDE,review/commentary; nephrology editorial,1,W2056204342
W2056347567,10.1176/appi.pn.2014.10a4,2014,IPS: Learn About Integrating Care and Expanding Partnerships,EXCLUDE,review/commentary; society president's column,1,W2056347567
W2068602670,10.1542/pir.35-1-3,2014,Fluoride and Dental Caries Prevention in Children,EXCLUDE,review/commentary; clinical fluoride review,2,W2068602670;W4205274347
W2071570067,10.1111/foge.12026,2014,"The Pilgrimage to Santiago de Compostela, Spain",EXCLUDE,off-topic; travel essay on pilgrimage,1,W2071570067
W2074784645,10.1016/j.carage.2014.08.005,2014,Protect Yourself From Overexposure,EXCLUDE,off-topic; sun/radiation overexposure piece,1,W2074784645
W2087087113,10.1016/j.stemcr.2014.10.016,2014,The Case for Stem Cell Counselors,EXCLUDE,review/commentary; stem-cell counselling essay,1,W2087087113
W2099154964,10.4037/ajcc2014696,2014,Organ Donation: Practicalities and Ethical Conundrums,EXCLUDE,review/commentary; organ-donation ethics review,1,W2099154964
W2099406325,10.1007/s13238-014-0091-7,2014,The immunology connection—my first T cell receptor structure projects,EXCLUDE,off-topic; immunology personal memoir,1,W2099406325
W2100151606,10.1016/s0140-6736(14)62230-3,2014,Academia gets social,EXCLUDE,not a study; Lancet news item,1,W2100151606
W2105265265,10.1016/j.gendis.2014.08.003,2014,Genes & Diseases: Moving molecular and translational medicine forward,EXCLUDE,review/commentary; inaugural journal editorial,1,W2105265265
W2106637341,10.15252/embr.201439016,2014,Co‐author responsibility,EXCLUDE,review/commentary; authorship editorial,1,W2106637341
W2111531635,10.4300/jgme-d-13-00225.1,2014,Reflections From a Resident's Immersion in the World of Mass Media,EXCLUDE,review/commentary; resident's personal reflection,1,W2111531635
W2114809833,10.1002/2013jd021091,2014,Toward a satellite-based observation of atmospheric heat source over land,EXCLUDE,off-topic; satellite atmospheric science,1,W2114809833
W2116049170,10.1093/jpids/piu117,2014,An Enterovirus D68 Outbreak Highlights the Value of Pediatric Infectious Disease Specialists,EXCLUDE,off-topic; enterovirus outbreak commentary,1,W2116049170
W2121114990,10.1373/clinchem.2014.224469,2014,Critical Issues in International Biobanking,EXCLUDE,off-topic; biobanking policy Q&A,1,W2121114990
W2137368582,10.1177/0740277514529723,2014,Vietnam’s Second Revolution,EXCLUDE,off-topic; Vietnam development reportage,1,W2137368582
W2153473413,10.1093/eurpub/cku024,2014,European Public Health News * President's column * EUPHA office column * Message from the WHO Regional Director for Europe: Better health for Europe * Message from the EU Commissioner: 'What is new in our fight against cancer?' * Seventh European Public Health Conference--'Mind the gap: reducing inequalities in health and health care',EXCLUDE,not a study; public-health newsletter,1,W2153473413
W2155906159,10.1111/mpp.12135,2014,Plant Pathology 2.0,EXCLUDE,off-topic; plant-pathology web commentary,1,W2155906159
W2160518858,10.1016/j.bbmt.2014.01.008,2014,A “Window of Opportunity” for Patients with Late-Onset Pulmonary Dysfunction after Allogeneic Hematopoietic Cell Transplantation,EXCLUDE,off-topic; transplant pulmonary outcomes commentary,1,W2160518858
W2166276927,10.1098/rsbl.2014.0771,2014,"The rediscovery of the Aldabra banded snail, Rhachistia aldabrae",EXCLUDE,off-topic; snail rediscovery editorial note,1,W2166276927
W2167464816,10.15252/embr.201439130,2014,An explosion of alternatives,EXCLUDE,review/commentary; EMBO reports editorial,1,W2167464816
W2182605672,,2014,Study on Evolution Trends of Network Public Opinion Based on Hyperlink Analysis,EXCLUDE,"tool; hyperlink opinion-tracking method, no misinformation share",1,W2182605672
W2184632867,,2014,Multimedia Smart Secured Streaming in Wireless Networks,EXCLUDE,off-topic; secure media streaming method,1,W2184632867
W2189317554,10.1007/s00063-014-0365-0,2014,Betreuung der Angehörigen von Organspendern an der Intensivstation,EXCLUDE,off-topic; ICU donor-family care,1,W2189317554
W2220330175,10.1016/j.jnim.2014.10.007,2014,The effects of food labelling on consumer choice and industry practices,EXCLUDE,off-topic; food-labelling policy abstract,1,W2220330175
W2277634566,10.7282/t3r78cqb,2014,"The internet, race, and U.S. democracy",EXCLUDE,"off-topic; selective exposure, no misinformation measure",1,W2277634566
W2303352942,10.1525/jams.2014.67.3.848,2014,Reviews: Bodleian Library Broadside Ballads and English Broadside Ballad Archive,EXCLUDE,off-topic; ballad archive database review,1,W2303352942
W2312267717,10.1097/01.cot.0000451722.98346.4b,2014,Evidence that Obesity Raises Risk of Death in Young Women with ER-Positive Breast Cancer,EXCLUDE,off-topic; oncology conference news,1,W2312267717
W2316301182,10.1111/add.12518,2014,News and Notes,EXCLUDE,not a study; tobacco policy news roundup,2,W2316301182;W4254989403
W2316478299,10.1016/s1042-0991(15)30885-9,2014,A different spin on March Madness!,EXCLUDE,off-topic; nursing management editorial,1,W2316478299
W2319083289,10.1097/01.nurse.0000453704.64284.5e,2014,Taking a stand against falls,EXCLUDE,off-topic; hospital falls quality piece,1,W2319083289
W2320340779,10.1097/01.asw.0000453390.66928.4b,2014,State of the Union,EXCLUDE,off-topic; wound-care conference editorial,1,W2320340779
W2322239824,10.5858/arpa.2014-0044-ed,2014,Rebooting the Pathology Journal: Learning in the Age of Digital Pathology,EXCLUDE,review/commentary; digital pathology editorial,1,W2322239824
W2322391307,10.1097/01.cot.0000444389.34093.31,2014,New Alliance Aims to Accelerate Success of Biomarkers in Clinical Practice,EXCLUDE,off-topic; biomarker alliance news,1,W2322391307
W2322983525,10.1177/1090820x14525765,2014,The Sunshine Act: Even SPF 100 Won't Help,EXCLUDE,off-topic; Sunshine Act commentary,1,W2322983525
W2323030707,10.1177/0740277514541059,2014,A Box of Ideas,EXCLUDE,off-topic; refugee reportage,1,W2323030707
W2323365076,10.1097/01.nme.0000457287.24218.c1,2014,So you want to...Go back to school,EXCLUDE,off-topic; nursing career advice,1,W2323365076
W2325291415,10.1249/jsr.0000000000000047,2014,"Sports Medicine, Health Care Reform, and Quality Improvement Efforts in the Current Paradigm",EXCLUDE,review/commentary; sports medicine policy commentary,1,W2325291415
W2325731095,10.1016/s1042-0991(15)30974-9,2014,Cultivating leadership: Be the change,EXCLUDE,off-topic; nursing leadership editorial,1,W2325731095
W2327685898,10.1097/01.cot.0000455787.41164.85,2014,Hints that Adoptive T-Cell Therapy May Be Promising for Advanced Cervical Cancer,EXCLUDE,off-topic; cancer immunotherapy news,1,W2327685898
W2333952139,10.1093/nsr/nwu043,2014,Controversy of GM crops in China,EXCLUDE,review/commentary; GM crop policy commentary,1,W2333952139
W2335751466,10.1093/biosci/biu002,2014,Politicizing Science,EXCLUDE,review/commentary; essay on politicisation of science,1,W2335751466
W2378132168,,2014,News Cloud Scheme Based on Hadoop Platform,EXCLUDE,tool; Hadoop news platform design,1,W2378132168
W2416720013,10.20418/jrcd.vol1no8.176,2014,Journal of Rare Cardiovascular Diseases: All that glitters is not gold. Randomized Controlled Trails versus real‑life patients: Challenges of a maturing Journal,EXCLUDE,review/commentary; journal editorial,1,W2416720013
W2421486699,10.1525/jams.2014.67.1.286,2014,"Reviews: Work and Pray: Living the Psalms with the Nuns of Regina Laudis, Performing the Passion: J. S. Bach and the Gospel According to John, and You Can't Sing It for Them: Continuity, Change, and a Church Musician",EXCLUDE,off-topic; sacred music book reviews,1,W2421486699
W2605944803,10.2134/cs2014-47-5-1,2014,Nutrient Management Plans: How closely do farmers follow them?,EXCLUDE,off-topic; farm nutrient management,1,W2605944803
W2897396033,10.30770/2572-1852-100.4.17,2014,A Century of Collaboration: The National Board of Medical Examiners and the Federation of State Medical Boards,EXCLUDE,off-topic; medical board centennial history,1,W2897396033
W2919053947,10.1044/leader.ftr3.19012014.56,2014,Bringing Up CSD,EXCLUDE,off-topic; association president interview,1,W2919053947
W3111058483,,2014,Obezite ile Mücadelede Medyada Yer Alan Zayıflama Amaçlı Yarışma Programları için Bilimsel ve Etik Değerlendirme,MAYBE,may score accuracy of TV weight-loss programmes,1,W3111058483
W4236276467,10.1038/nj0435,2014,Spotlight on Shanghai,EXCLUDE,off-topic; Nature careers city profile,1,W4236276467
W4237960479,10.1002/lt.23972,2014,Preparing for the inevitable: The death of a living liver donor,EXCLUDE,off-topic; liver donor mortality commentary,1,W4237960479
W4240912945,10.1097/mcg.0000000000000203,2014,WDHD 2014 News and Events,EXCLUDE,not a study; health-day events roundup,1,W4240912945
W4243050231,10.1097/01.cot.0000452601.13161.1f,2014,ASTRO & AAPM Launch Radiation Oncology Incident Learning System to Improve Patient Safety & Quality,EXCLUDE,off-topic; radiation safety reporting system,1,W4243050231
W4243826110,10.1353/jge.2014.0027,2014,Curricular Commons,EXCLUDE,review/commentary; MOOC curriculum column,1,W4243826110
W4254638008,10.1111/pme.12457,2014,President's Message,EXCLUDE,review/commentary; society president's message,1,W4254638008
W642539945,,2014,Mind Change: How Digital Technologies Are Leaving Their Mark on Our Brains,EXCLUDE,review/commentary; popular science book,1,W642539945
W7139125617,10.5281/zenodo.19099013,2014,Challenges and Opportunities in Digital Journalism Policy: An African Perspective on Kenya,EXCLUDE,no audience denominator; journalism policy analysis,2,W7139125617;W7139134923
W751548732,,2014,"E-Rate Reform Picks Up Speed: Spurred on by President Obama's ConnectED Initiative, the FCC Is Moving to Prioritize WiFi over Outdated Technology, and There's Still Time for Districts to Speak Up about What They Need",EXCLUDE,off-topic; school broadband funding policy,1,W751548732
W1129176898,,2015,Antenatal information sources for maternal and infant diet.,MAYBE,survey may report encountered nutrition misinformation,1,W1129176898
W1505436400,10.1111/jch.12620,2015,High Blood Pressure in Sub‐Saharan Africa: The Urgent Imperative for Prevention and Control,EXCLUDE,off-topic; hypertension burden commentary,1,W1505436400
W1508008412,10.1111/aogs.12661,2015,The Swedish uterus transplantation project: the story behind the Swedish uterus transplantation project,EXCLUDE,off-topic; uterus transplantation history,1,W1508008412
W1522209719,10.7176/nmmc.vol3813-23,2015,Buttressing the Need for Ethical Guidance for Online Reporting in Nigeria,EXCLUDE,no audience denominator; qualitative essay on reporting ethics,1,W1522209719
W1534596366,10.1111/jpc.12946,2015,Profound hypomagnesaemia secondary to alternative therapy in a child with autism spectrum disorder,EXCLUDE,not a study; single clinical case report,1,W1534596366
W1677332777,10.1590/0074-02760150251,2015,Memórias and the Journal Citation Reports,EXCLUDE,off-topic; journal impact factor editorial,1,W1677332777
W1873098841,,2015,National Library of Medicine report for EAHIL.,EXCLUDE,not a study; library news update,1,W1873098841
W1939450569,10.1002/gch2.1006,2015,Global Challenges: Global Health,EXCLUDE,off-topic; global health overview,1,W1939450569
W1966236159,10.1016/j.pmrj.2014.12.002,2015,Expert Testimony: Implications for Life Care Planning,EXCLUDE,off-topic; expert witness testimony commentary,1,W1966236159
W197192521,10.1227/neu.0000000000000733,2015,WEED,EXCLUDE,not a study; journalism awards news,1,W197192521
W1977500051,10.1016/j.csl.2015.01.003,2015,Conversational system for information navigation based on POMDP with user focus tracking,EXCLUDE,tool; dialogue system for information navigation,1,W1977500051
W2011767051,10.1093/jahist/jav062,2015,"Historical Digital Literacy, One Classroom at a Time",EXCLUDE,review/commentary; history teaching essay,1,W2011767051
W2020000245,10.1002/cplu.201402421,2015,Eighty Volumes and Still Young at Heart,EXCLUDE,review/commentary; chemistry journal editorial,1,W2020000245
W2027997059,10.1093/cjres/rsu034,2015,Thinking about smart cities,EXCLUDE,off-topic; smart cities editorial,1,W2027997059
W2039024181,10.1016/j.jaip.2014.12.011,2015,Mobile health applications for asthma,MAYBE,may assess content quality of asthma apps,1,W2039024181
W2089386434,10.1097/qai.0000000000000420,2015,Evaluating the New York State 2010 HIV Testing Law Amendments,EXCLUDE,off-topic; HIV testing law evaluation,1,W2089386434
W2112149859,10.1111/andr.12125,2015,European Academy of Andrology Newsletter 2‐2015,EXCLUDE,not a study; society newsletter,1,W2112149859
W2114531455,10.1177/2050157914550664,2015,Mobile news use and participation in elections: A bridge for the democratic divide?,EXCLUDE,off-topic; mobile news use and turnout,1,W2114531455
W2119784444,10.15252/embr.201541048,2015,Responsibility and intellectual property in synthetic biology,EXCLUDE,off-topic; synthetic biology IP governance,1,W2119784444
W2124928484,10.1080/09523987.2015.1053289,2015,"Examining learners’ perspective of taking a MOOC: reasons, excitement, and perception of usefulness",EXCLUDE,off-topic; MOOC learner perceptions,1,W2124928484
W2126168420,10.1016/s0140-6736(15)60515-3,2015,Syrian crisis: health experts say more can be done,EXCLUDE,not a study; Lancet news item,1,W2126168420
W2128597526,10.1093/eurheartj/ehv004,2015,Heart failure: the cardiovascular epidemic of the 21st century,EXCLUDE,off-topic; heart failure editorial,1,W2128597526
W2135391594,10.1113/jphysiol.2015.270164,2015,The Journal of Physiology annual report 2014–15: a year of change and celebration,EXCLUDE,not a study; journal annual report,1,W2135391594
W2139409655,10.5858/arpa.2014-0335-ed,2015,The Essential Role of Pathologists in Health Care and Health Policy,EXCLUDE,review/commentary; pathology advocacy essay,1,W2139409655
W2158287688,10.1093/bja/aev152,2015,Culture of blame in the National Health Service; consequences and solutions,EXCLUDE,review/commentary; NHS blame culture commentary,1,W2158287688
W2183638453,,2015,"Analysis of WEKA Data Mining Algorithm REPTree, Simple Cart and RandomTree for Classification of Indian News",EXCLUDE,detection/classifier; WEKA news classification,1,W2183638453
W2183817587,,2015,"Comparative Analysis of WEKA Data Mining Algorithm RandomForest, RandomTree and LADTree for Classification of Indigenous News Data",EXCLUDE,detection/classifier; WEKA news classification,1,W2183817587
W2183852774,,2015,Dynamic Business Model Outsourcing for Data Integrity in Clouds,EXCLUDE,off-topic; cloud storage integrity method,1,W2183852774
W2214151451,10.1093/eurheartj/ehv504,2015,EHJ's new impact factor of 15.2: a global strategy is paying off,EXCLUDE,not a study; impact factor editorial,1,W2214151451
W2223660255,,2015,Shifting roles and blurring boundaries: the diffusion of management and journalism in networked newspaper newsrooms,EXCLUDE,off-topic; newsroom management ethnography,1,W2223660255
W2226413016,10.1016/j.carage.2015.11.002,2015,Final Fee Schedule Includes Payment for Advance Care Planning,EXCLUDE,off-topic; Medicare payment news item,1,W2226413016
W2264860698,10.1093/biosci/biv079,2015,Notes on Changing Practices in Data Publication,EXCLUDE,off-topic; data-publication workshop report,1,W2264860698
W2265864999,10.1093/jlb/lsv038,2015,Marginally scientific? Genetic testing of children and adolescents for lifestyle and health promotion,EXCLUDE,review/commentary on direct-to-consumer genetic testing,1,W2265864999
W2270719982,10.1093/nop/npv032,2015,"PubMed Central, Case-Based Reviews series, and relevant clinical topics",EXCLUDE,not a study; journal editorial,1,W2270719982
W2276398615,10.1007/s11390-015-1562-x,2015,The Best Answers? Think Twice: Identifying Commercial Campagins in the CQA Forums,EXCLUDE,detection/classifier; identifying commercial campaigns,1,W2276398615
W2281204957,10.5325/jeasmedarcherstu.3.3.0277,2015,The Curator as Scholar and Public Spokesperson,EXCLUDE,off-topic; museum curatorship essay,1,W2281204957
W2284503377,10.1093/nutrit/nuv050,2015,"Introduction to the European Hydration Institute’s Expert Conference on Human Hydration, Health, and Performance",EXCLUDE,not a study; conference introduction,1,W2284503377
W2292826361,10.1093/pa/gsv037,2015,Exit Velocity: The Media Election,EXCLUDE,review/commentary on election media coverage,1,W2292826361
W2293869990,10.1093/asj/sjv057,2015,Silicone on Trial: Breast Implants and the Politics of Risk,EXCLUDE,review/commentary; book review,1,W2293869990
W2295163033,10.2196/iproc.4703,2015,Design of A Smartphone Application for Automated Wound Measurements for Home Care,EXCLUDE,off-topic; wound-measurement app,1,W2295163033
W2297312432,10.13088/jiis.2015.21.3.101,2015,Improving Performance of Recommendation Systems Using Topic Modeling,EXCLUDE,off-topic; recommender-system method,1,W2297312432
W2307377601,10.1002/lob.10074,2015,"John Holland Martin From Picograms to Petagrams and Copepods to Climate: The Class of MS 280, Moss Landing Marine Laboratories",EXCLUDE,not a study; biography,2,W2307377601;W4238893099
W2319448716,10.1177/0740277515591546,2015,Indian Women,EXCLUDE,off-topic; online abuse reportage,1,W2319448716
W2324586830,10.1177/0740277515605287,2015,Food and Nationalism,EXCLUDE,off-topic; food and nationalism essay,1,W2324586830
W2330326770,10.1097/01.cot.0000462461.25087.88,2015,Crowdfunding,EXCLUDE,off-topic; crowdfunding news feature,1,W2330326770
W2331647335,10.1093/jnci/djv395,2015,Childhood Cancer Survivors: The Long Road Ahead,EXCLUDE,off-topic; cancer survivorship feature,1,W2331647335
W2340829813,10.21018/rjcpr.2015.3.167,2015,"#publicrelations on Twitter: Pushers, Talkers, Influencers on Spamming PR and Job Hunting",EXCLUDE,off-topic; PR hashtag descriptive analysis,1,W2340829813
W2410171218,10.1093/ppar/prv004,2015,Optimizing Health in Aging Societies,EXCLUDE,off-topic; population ageing essay,1,W2410171218
W2416394294,10.1097/ta.0000000000000709,2015,Pediatric trauma and the Pediatric Trauma Society,EXCLUDE,not a study; presidential address,1,W2416394294
W2417382791,10.1227/neu.0000000000000807,2015,How Obamacare Will Affect You,EXCLUDE,review/commentary on health policy,1,W2417382791
W2419430989,10.2215/cjn.09440915,2015,Border Health,EXCLUDE,off-topic; kidney care access commentary,1,W2419430989
W2437232193,10.5694/mja15.c1214,2015,Building on the rich heritage of the Medical Journal of Australia,EXCLUDE,not a study; editor's introduction,1,W2437232193
W2563956437,,2015,PERANCANGAN SISTEM INFORMASI SEKOLAH BERBASIS WEB MENGGUNAKAN PHP DAN MYSQL PADA SMP NEGERI 14 PADANG,EXCLUDE,off-topic; school information system design,1,W2563956437
W2623421554,,2015,American Misconceptions about Australian Aboriginal Art,EXCLUDE,belief/attitude only; museum patrons' misconceptions,1,W2623421554
W2642512387,10.1097/01.cot.0000466420.76631.09,2015,Cancer-Related News from the CDC,EXCLUDE,not a study; cancer statistics news item,2,W2642512387;W4240301365
W2732718617,,2015,Business model innovation dynamics in legacy newspapers : Strategizing at critical junctures,EXCLUDE,off-topic; newspaper business models,1,W2732718617
W2745101154,,2015,Strategic Utilization of SNS Marketing for College Sports League Supporters,EXCLUDE,off-topic; sports SNS marketing,1,W2745101154
W2911321810,10.1016/j.resuscitation.2015.01.027,2015,Resuscitation highlights in 2014,EXCLUDE,off-topic; resuscitation research highlights,1,W2911321810
W2980798432,10.1249/fit.0000000000000085,2015,Sorting Through the Headlines,EXCLUDE,not a study; advice column,1,W2980798432
W3037027177,10.1097/01.cot.0000479775.09958.81,2015,3 Questions on... The Future of Data Sharing,EXCLUDE,not a study; panel interview,1,W3037027177
W3124887637,10.1145/2749279.2749283,2015,"""Manipulation and abuse on social media"" by Emilio Ferrara with Ching-man Au Yeung as coordinator",EXCLUDE,review/commentary; overview of social media manipulation,1,W3124887637
W4229838538,10.5849/jof.15-898,2015,Forestry Reports,EXCLUDE,off-topic; forestry reports,1,W4229838538
W4231893964,10.5325/pennhistory.82.2.0216,2015,The First Great Awakening in Colonial American Newspapers: A Shifting Story,EXCLUDE,review/commentary; historical book review,1,W4231893964
W4234560014,10.1353/ner.2015.0010,2015,Sensei,EXCLUDE,not a study; fiction,1,W4234560014
W4244095869,10.1097/anc.0000000000000196,2015,Noteworthy Professional News,EXCLUDE,not a study; professional news column,2,W4244095869;W4235225776
W4246724034,10.1890/0012-9623-96.2.224,2015,SOCIETY ACTIONS,EXCLUDE,not a study; society meeting minutes,1,W4246724034
W4248002756,10.1097/anc.0000000000000233,2015,Recognizing Excellence in the Neonatal Nursing Profession,EXCLUDE,not a study; awards announcement,1,W4248002756
W4255796997,10.1002/xrs.2659,2015,News Article,EXCLUDE,off-topic; physics instrumentation news,1,W4255796997
W4256410423,10.1176/appi.pn.2015.12a6,2015,"2015 Sarnat Prize in Mental Health Goes to Jamison, Kendler",EXCLUDE,not a study; prize announcement,1,W4256410423
W2236337521,10.4018/ijdst.2016010104,2016,SONATA,EXCLUDE,detection/classifier; trustworthiness framework for crowdsensing,1,W2236337521
W2254491306,10.1353/not.2016.0036,2016,e-codices -Virtual Manuscript Library of Switzerland (review),EXCLUDE,review/commentary; digital library review,1,W2254491306
W2272811456,10.4300/jgme-d-15-00552.1,2016,The Tragedy of the Medical Education Commons,EXCLUDE,review/commentary on medical education,1,W2272811456
W2279751978,10.1111/1440-1630.12281,2016,Peer review: Least-worst approach or the very best we can do?,EXCLUDE,not a study; editorial on peer review,1,W2279751978
W2282449574,10.5070/d3222030089,2016,Dermatology in Doximity,MAYBE,platform content analysis; accuracy coding unclear,1,W2282449574
W2283694230,10.2196/jmir.4738,2016,"Garbage in, Garbage Out: Data Collection, Quality Assessment and Reporting Standards for Social Media Data Use in Health Research, Infodemiology and Digital Disease Detection",EXCLUDE,"review/commentary; reporting-standards framework, no prevalence estimate",1,W2283694230
W2317357404,10.1111/ecog.02493,2016,Towards a more reproducible ecology,EXCLUDE,off-topic; reproducibility in ecology,1,W2317357404
W2325252574,10.1111/tri.12762,2016,Social Media Editor: what is it all about?,EXCLUDE,not a study; editorial,1,W2325252574
W2326354368,10.1002/oby.21457,2016,"Biases in obesity research: Identify, correct, endorse, or abandon effort?",EXCLUDE,review/commentary on obesity research bias,1,W2326354368
W2336164883,10.1213/ane.0000000000001206,2016,Can We Talk? A Necessary Conversation Between Anesthesiologists and Stem Cell Biologists,EXCLUDE,off-topic; stem cell biology commentary,1,W2336164883
W2339822197,10.1093/poq/nfv084,2016,"E Pluribus Pluribus, or Divided We Stand",EXCLUDE,review/commentary on political polarisation,1,W2339822197
W2341080160,10.9744/informatika.13.1.25-32,2016,PEMBUATAN APLIKASI AUDIENCE RESPONSE SYSTEM BERBASIS WEB DAN ANDROID,EXCLUDE,off-topic; audience response system development,1,W2341080160
W2341602580,10.1109/tsc.2016.2555313,2016,Mobile Medical Data Synchronization on Cloud-Powered Middleware Platform,EXCLUDE,off-topic; mobile health data synchronisation,1,W2341602580
W2344262716,,2016,Social Media and Unfounded Health Beliefs: An Assessment of Participants' Response to Health Posts on Epidemics,MAYBE,survey of exposure to social media health posts,1,W2344262716
W2344547545,10.13088/jiis.2016.22.1.01,2016,Investigating Dynamic Mutation Process of Issues Using Unstructured Text Analysis,EXCLUDE,off-topic; issue-tracking text-mining method,1,W2344547545
W2345218638,10.1111/cts.12396,2016,Pharmacometabolomics in Early‐Phase Clinical Development,EXCLUDE,off-topic; pharmacometabolomics,1,W2345218638
W2361571020,,2016,The American Three Percent: The Politics and Economics of Climate Disinformation,EXCLUDE,no audience denominator; climate policy and funding analysis,1,W2361571020
W2396345441,10.1108/tcj-06-2015-0024,2016,The Neenan Company: rebuilding from a crisis,EXCLUDE,off-topic; business case study,1,W2396345441
W2402075556,10.1111/jan.13004,2016,Taking a stand against predatory publishers,EXCLUDE,review/commentary on predatory publishing,1,W2402075556
W2407894475,10.1186/s40169-016-0096-3,2016,Building the basis for proteomics in personalized medicine for targeted treatment,EXCLUDE,off-topic; proteomics,1,W2407894475
W2409148474,10.1353/abr.2016.0035,2016,A Grim Present,EXCLUDE,review/commentary; book review,1,W2409148474
W2409308133,10.4103/2321-4848.183367,2016,"Re-humanizing “high-tech, no touch” medicine: Narrative medicine and cinemeducation perspectives",EXCLUDE,review/commentary on narrative medicine,1,W2409308133
W2410567727,10.1044/leader.ftr1.21062016.44,2016,Not Cured … But Improved,EXCLUDE,off-topic; dementia communication feature,1,W2410567727
W2440603740,10.1016/j.soctra.2016.05.005,2016,Comptes rendus,EXCLUDE,not a study; book review section,1,W2440603740
W2461351246,10.5858/arpa.2016-0250-sa,2016,"Naissance of the Archives of Pathology & Laboratory Medicine: A Critical Analysis of the January 1926, Volume 1 Issue",EXCLUDE,off-topic; journal history analysis,1,W2461351246
W2464514739,10.1097/01.cot.0000490059.58830.8b,2016,Solutions to Meet Global Challenge of Rising Cancer Costs,EXCLUDE,not a study; news briefing report,1,W2464514739
W2464697366,10.1097/opx.0000000000000929,2016,Evolution and Publishing Biomedical Research,EXCLUDE,not a study; publishing editorial,1,W2464697366
W2466473650,10.7326/afed201605030,2016,Annals for Educators - 3 May 2016,EXCLUDE,not a study; educators' digest,1,W2466473650
W2469431138,10.1353/gsr.2016.0052,2016,Burning the Reichstag: An Investigation into the Third Reich’s Enduring Mystery by Benjamin Hett,EXCLUDE,review/commentary; book review,1,W2469431138
W2470572250,10.1097/prs.0000000000002293,2016,Plastic and Reconstructive Surgery: The Future of the Journal and the Field through the 21st Century,EXCLUDE,not a study; journal anniversary editorial,1,W2470572250
W2471753556,10.1016/j.pragma.2016.06.007,2016,Textual factualization: The phenomenology of assertive reformulation and presupposition during a speech event,EXCLUDE,off-topic; linguistic theory,1,W2471753556
W2472419846,10.2471/blt.15.164020,2016,Community health worker programmes after the 2013–2016 Ebola outbreak,EXCLUDE,off-topic; health systems commentary,1,W2472419846
W2474184378,10.1016/j.jneb.2016.04.110,2016,Why Popular Diets Don't Work: A Systemic Review and Implications for Educators,EXCLUDE,review/commentary; diet review for educators,1,W2474184378
W2491420121,10.1111/cobi.12772,2016,Conservation Biology celebrates success,EXCLUDE,not a study; journal awards announcement,1,W2491420121
W2499067082,10.1097/01.nep.0000480673.43077.85,2016,Consumer Electronics Show 2016,EXCLUDE,not a study; trade show report,1,W2499067082
W2511406154,10.1097/mlr.0000000000000629,2016,Psychometric Development of the Research and Knowledge Scale,EXCLUDE,belief/attitude only; research literacy scale development,1,W2511406154
W2512937089,10.1093/ijpor/edw022,2016,Toxic Talk: How Online Incivility Can Undermine Perceptions of Media,EXCLUDE,intervention/experiment only; incivility effects on media perceptions,1,W2512937089
W2516462250,10.2134/csa2016-61-8-1,2016,Emerging contaminants in agricultural systems,EXCLUDE,off-topic; agricultural contaminants,1,W2516462250
W2518387663,10.1097/01.cot.0000499603.36963.50,2016,Helping Young Cancer Survivors Make the Most of Life,EXCLUDE,off-topic; cancer rehabilitation feature,1,W2518387663
W2518902122,10.1111/trf.13724,2016,Blood collection and use in the United States: you can't manage what you can't measure,EXCLUDE,off-topic; blood supply surveillance,1,W2518902122
W2519324379,10.4103/0366-6999.187865,2016,The New Era of Organ Transplantation in China,EXCLUDE,review/commentary on organ transplantation politics,1,W2519324379
W2522353709,10.1093/jeclap/lpw060,2016,Competition Authorities and Digital Markets: The Need for an All-Around Resolute Action,EXCLUDE,off-topic; competition law commentary,1,W2522353709
W2524247070,10.1642/auk-16-108.1,2016,Membership trends in the American Ornithologists' Union and the evolving role of professional ornithological societies,EXCLUDE,off-topic; society membership trends,1,W2524247070
W2528440739,10.1111/ejn.13423,2016,Writing a constructive peer review: a young PI perspective,EXCLUDE,not a study; peer review guidance,1,W2528440739
W2529009724,10.1016/s0140-6736(16)31744-5,2016,Longer lives and unfinished agendas on child survival,EXCLUDE,off-topic; child mortality commentary,1,W2529009724
W2529132213,10.1044/leader.ftr1.21102016.44,2016,Helping Them Hold On,EXCLUDE,off-topic; aphasia treatment feature,1,W2529132213
W2535161639,10.6082/gfrr8-r2c19,2016,Defining invisible problems: the intersection of politics and science in American public opinion about climate change,EXCLUDE,belief/attitude only; climate opinion dissertation,1,W2535161639
W2537409933,10.1176/appi.pn.2016.10b3,2016,Free Online Training Modules Hoped to Attract More Students to Psychiatry,EXCLUDE,not a study; training programme news,1,W2537409933
W2540709789,10.1176/appi.pn.2016.11a1,2016,Final MACRA Rule Announced; APA to Help You Navigate Changes,EXCLUDE,not a study; policy news item,1,W2540709789
W2545789073,,2016,Tracing Topic Discussions with the Event-Driven Sir Model for Online Forums,EXCLUDE,off-topic; information diffusion model,1,W2545789073
W2549956885,10.1162/afar_r_00318,2016,"Beauté Congo—1926–2015—Congo Kitoko Fondation Cartier pour l'art contemporain, Paris July 11, 2015-January 10, 2016",EXCLUDE,off-topic; art exhibition review,1,W2549956885
W2550136454,10.1373/clinchem.2016.254664,2016,A Roadmap to Successful Clinical Proteomics,EXCLUDE,off-topic; clinical proteomics,1,W2550136454
W2550137112,10.1093/nsr/nww075,2016,Scientific leap-forward in the critical period: the thirteenth Five-Year Plan of the Chinese Academy of Sciences (CAS),EXCLUDE,off-topic; science policy plan,1,W2550137112
W2556243058,10.1093/jlb/lsw051,2016,Mitochondrial replacement therapy: the UK and US regulatory landscapes,EXCLUDE,off-topic; reproductive technology regulation,1,W2556243058
W2556893201,10.1093/pastj/gtw033,2016,The Social History of the Archive: Record-Keeping in Early Modern Europe,EXCLUDE,off-topic; archival history,1,W2556893201
W2558262397,10.1111/cros.12173,2016,Spiritual and Sustainable: Religion Responds to Climate Change,EXCLUDE,not a study; panel transcript,1,W2558262397
W2559911224,10.5334/ijic.2598,2016,Internet-based provider-patient communication in Ghana: recent findings,EXCLUDE,off-topic; provider-patient internet use surveys,1,W2559911224
W2560005795,10.3732/ajb.1600327,2016,Planning the future of plant systematics: Report on a special colloquium at the Royal Netherlands Academy of Arts and Sciences,EXCLUDE,not a study; colloquium report,1,W2560005795
W2560622547,10.1373/jalm.2016.021709,2016,"Theranos Session at the 2016 AACC Annual Scientific Meeting & Clinical Lab Expo: Expectations, Impressions, and Takeaways",EXCLUDE,review/commentary; meeting impressions,1,W2560622547
W2561968841,10.1097/hp.0000000000000623,2016,"Breaking Bad News in the High-concern, Low Trust Setting",EXCLUDE,review/commentary on risk communication practice,1,W2561968841
W2562123895,10.1002/pdi.2066,2016,Virtual consultations: from science fiction to clinical fact,EXCLUDE,off-topic; telemedicine feature,1,W2562123895
W2563677521,10.1080/10410236.2016.1250706,2016,"One Step Forward, One Step Back: Changes in News Coverage of Medical Interventions",MAYBE,"content analysis of health news quality, accuracy-related criteria",1,W2563677521
W2564081747,10.1353/rah.2016.0078,2016,Feeling Used: Literary History without Reading,EXCLUDE,off-topic; literary history review,1,W2564081747
W2565254368,10.1093/ae/tmw078,2016,Insect Festivals in North America: Patterns and Purposes,EXCLUDE,off-topic; entomotourism,1,W2565254368
W2565749852,10.1016/j.carage.2016.12.001,2016,Maintaining a Personal Touch in High-Tech Care,EXCLUDE,off-topic; clinical care commentary,1,W2565749852
W2566292553,10.1097/ta.0000000000001298,2016,A legacy of caring,EXCLUDE,not a study; reflective essay,1,W2566292553
W2570571024,10.1093/cmlj/kmw025,2016,Reviewing recent developments in China’s capital markets and assessing the relevance of the Proposed Shanghai International Board,EXCLUDE,off-topic; capital markets analysis,1,W2570571024
W2573540865,10.1093/tcbh/hww059,2016,"Picturing Race in the British National Health Service, 1948-1988",EXCLUDE,off-topic; historical media and race study,1,W2573540865
W2587060225,10.1093/ndt/gfw442,2016,Obesity and kidney disease: hidden consequences of the epidemic,EXCLUDE,off-topic; obesity and kidney disease,1,W2587060225
W2591189448,,2016,"Project report - months 1 - 18, Deliverable 1.2 of the H2020 project SafetyCube.",EXCLUDE,not a study; project deliverable report,1,W2591189448
W2604342923,10.1093/ije/dyw168,2016,The University Group Diabetes Program 1961-1978: pioneering randomized controlled trial,EXCLUDE,off-topic; history of a clinical trial,1,W2604342923
W2610511919,10.1446/85783,2016,Big data and Big GAFA. Thoughts on the data economy,EXCLUDE,review/commentary; essay on the data economy,1,W2610511919
W2612746722,10.1215/0041462x-3616624,2016,"The Temptation of Despair: Tales of the 1940s, by Werner Sollors",EXCLUDE,review/commentary; book review,1,W2612746722
W2616027919,10.5325/goodsociety.25.1.0119,2016,"Reconciling Democratic Theories and Realities: A Review of Christopher H. Achen and Larry M. Bartels, Democracy for Realists: Why Elections Do Not Produce Responsive Government",EXCLUDE,review/commentary; book review,1,W2616027919
W2617058419,10.5406/19457987.37.1.05,2016,Building a Twenty-First-Century Lincoln Memorial: The Digital Revolution in Lincoln Studies Scholarship,EXCLUDE,off-topic; digital history of Lincoln studies,1,W2617058419
W2625704394,10.4103/ipj.ipj_45_17,2016,Mental health awareness: The Indian scenario,EXCLUDE,review/commentary; editorial on mental health awareness,1,W2625704394
W2761062139,,2016,El lenguaje: interacción del periodismo y la comunicación. ¿Es posible un nuevo contexto?,EXCLUDE,off-topic; semiotic essay on journalism language,1,W2761062139
W2766452766,,2016,Dermatology in Doximity - eScholarship,EXCLUDE,"off-topic; content-type analysis, no accuracy coding",1,W2766452766
W2777308729,10.1177/0266666916686820,2016,Effects of sense of control and social presence on customer experience and e-service quality,EXCLUDE,intervention/experiment only; website design experiment,1,W2777308729
W2793666323,10.30818/jpkm.2016.2010210,2016,"Radio Strategy to Build Network Society, Case Study of Social Media Usage in Suara Surabaya Media (Strategi Radio untuk Membangun Masyarakat Berjaringan,Studi Kasus Penggunaan Sosial Media di Suara Surabaya Media)",EXCLUDE,off-topic; qualitative radio case study,1,W2793666323
W2916224757,10.1093/molbev/msw233,2016,"A Report by the Editor-in-Chief for MBE, Volume 32",EXCLUDE,not a study; editor-in-chief annual report,1,W2916224757
W4210251511,10.5325/jinfopoli.6.2016.475,2016,Obfuscation: A User's Guide for Privacy and Protest,EXCLUDE,review/commentary; book review,1,W4210251511
W4230417442,10.1063/pt.3.3371,2016,New books,EXCLUDE,not a study; new-books listing,1,W4230417442
W4233017862,10.1097/mcg.0000000000000760,2016,World Gastroenterology Organisation News and Events,EXCLUDE,not a study; society news and events,1,W4233017862
W4235926538,10.1097/01.sih.0000483296.42082.aa,2016,"Association of Standardized Patient Educators: 15th Annual Meeting June 26–29 2016 Tampa, FL",EXCLUDE,not a study; conference proceedings abstracts,1,W4235926538
W4242748063,10.1038/nj0483,2016,Spotlight on Guangzhou,EXCLUDE,"not a study; magazine spotlight feature, no abstract",1,W4242748063
W4409449881,10.55917/2575-2499.1271,2016,"SLIS Student Research Journal, Vol.2, Iss.2",EXCLUDE,not a study; journal issue editorial,1,W4409449881
W4417494784,10.1108/qrde-12-2016-0001,2016,Electronic Data and the E-Learner,EXCLUDE,off-topic; essay on student work and data,1,W4417494784
W7126086761,10.1108/sojo-06-2016-0003,2016,Claiming the Right to the City Through Intergroup Dialogue,EXCLUDE,off-topic; intergroup dialogue essay,1,W7126086761
W2573451069,,2017,Analisis Semiotika Foto Perempuan Dalam Media Cetak Harian Serambi Indonesia (Edisi Januari Sampai Februari 2015),EXCLUDE,off-topic; semiotic analysis of newspaper photos,1,W2573451069
W2585472988,10.1007/s10994-016-5617-1,2017,Memory-adaptive high utility sequential pattern mining over data streams,EXCLUDE,off-topic; data-mining algorithm,1,W2585472988
W2587196376,10.1097/01.eem.0000512763.92882.b9,2017,Medically Clear,EXCLUDE,review/commentary; column on predatory journals,1,W2587196376
W2587233598,10.1016/j.apr.2017.01.013,2017,A novel approach for monitoring vertical profiles of boundary-layer pollutants: Utilizing routine news helicopter flights,EXCLUDE,off-topic; air pollution monitoring method,1,W2587233598
W2587883898,10.1176/appi.pn.2017.2b1,2017,"NIAAA Track to Highlight Advances in AUD Diagnosis, Treatment",EXCLUDE,not a study; meeting programme news,1,W2587883898
W2590785036,10.1080/13555502.2017.1301178,2017,Stuck in the Middle: Developing Research Workflows for a Multi-scale Text Analysis,EXCLUDE,off-topic; digital humanities workflow essay,1,W2590785036
W2591920604,10.15837/ijccc.2017.2.2599,2017,Model of Network Topic Detection Based on Web Usage Behaviour Mode Analysis and Mining Technology,EXCLUDE,detection/classifier; topic detection model,1,W2591920604
W2593519715,10.1097/01.hj.0000513790.21557.fc,2017,Smart Earbuds: A Looming Threat to the Hearing Aid Market?,EXCLUDE,off-topic; hearing aid market feature,1,W2593519715
W2595156743,10.1109/tsipn.2017.2682799,2017,Hidden Chinese Restaurant Game: Grand Information Extraction for Stochastic Network Learning,EXCLUDE,off-topic; game-theoretic network learning model,1,W2595156743
W2595250622,10.1016/s0140-6736(17)30721-3,2017,Lessons from the controversy over statins,MAYBE,no abstract; statin controversy may involve media misinformation,1,W2595250622
W2598710782,10.1002/ajh.24744,2017,"Thalassemia: Yesterday, Today, Tomorrow",EXCLUDE,not a study; personal patient narrative,1,W2598710782
W2599157033,10.1109/access.2017.2683159,2017,Computational Offloading for Efficient Trust Management in Pervasive Online Social Networks Using Osmotic Computing,EXCLUDE,off-topic; trust computing architecture,1,W2599157033
W2602239201,10.1111/jch.12994,2017,Understanding the science that supports population‐wide salt reduction programs,EXCLUDE,review/commentary; salt science commentary,1,W2602239201
W2603217212,10.1093/rheumatology/kex091,2017,"Twitter, #alternativefacts, careless whispers and Rheumatology",EXCLUDE,review/commentary; editorial on Twitter in rheumatology,1,W2603217212
W2603392745,10.1097/tp.0000000000001671,2017,The Opioid Crisis and Its Consequences,EXCLUDE,review/commentary; opioid crisis review,1,W2603392745
W2605188235,10.1002/cpe.4093,2017,Security and privacy in social networks,EXCLUDE,not a study; special issue editorial,1,W2605188235
W2605806532,10.1097/tp.0000000000001801,2017,Cut the “Gordian Knot”,EXCLUDE,review/commentary; letter on organ allocation,1,W2605806532
W2606976978,10.1111/1471-0528.14530,2017,Social media is essential for research engagement,EXCLUDE,review/commentary; debate essay on social media,1,W2606976978
W2607335236,10.1176/appi.pn.2017.4b18,2017,Experts React to Facebook’s Updated Suicide Prevention Tools,EXCLUDE,not a study; news article on Facebook tools,1,W2607335236
W2607928782,10.1097/01.cot.0000516746.43894.1c,2017,Why I Care About Clinical Trials,EXCLUDE,not a study; personal essay,1,W2607928782
W2609189773,10.1097/01.hj.0000516772.30916.b8,2017,Noise-Induced Hearing Loss: What Your Patients Don't Know Can Hurt Them,EXCLUDE,off-topic; hearing loss news feature,1,W2609189773
W2609353563,10.1016/j.pbj.2017.03.006,2017,Cardiovascular precision medicine: Bad news from the front?,EXCLUDE,review/commentary; precision medicine commentary,1,W2609353563
W2610978522,10.1111/capa.12218,2017,Social license to operate: Legitimacy by another name?,EXCLUDE,off-topic; social licence theory essay,1,W2610978522
W2611476725,10.1080/19312458.2017.1317338,2017,Content Analysis by the Crowd: Assessing the Usability of Crowdsourcing for Coding Latent Constructs,EXCLUDE,"off-topic; crowdcoding method study, no misinformation measure",1,W2611476725
W2617152350,10.1016/j.joms.2017.03.040,2017,The Year of Living Alternative Factually,MAYBE,"no abstract; post-truth title, empirical content not ruled out",1,W2617152350
W2624601483,10.1093/nsr/nwx059,2017,Why China needs data sharing to address its air-quality challenge,EXCLUDE,off-topic; air quality data sharing,1,W2624601483
W2624672571,,2017,The Future of Social Media Usage for Scholarly Research,EXCLUDE,off-topic; scholarly dissemination case study,1,W2624672571
W2626171327,10.1111/1467-9566.12608,2017,Making sense: further studies of living with chronic illness,EXCLUDE,off-topic; chronic illness essay,1,W2626171327
W2685284630,10.1097/tp.0000000000001741,2017,Promote Your Work in Transplantation,EXCLUDE,review/commentary; tips for promoting research,1,W2685284630
W2736493358,,2017,Digital Audio and Sports Sponsorship: Audience Connection through Podcasting,EXCLUDE,off-topic; podcast sports sponsorship study,1,W2736493358
W2737622245,10.1176/appi.pn.2017.5b23,2017,"Are Today’s EHR Alerts Putting Clinicians, Patients at Risk?",EXCLUDE,off-topic; EHR alert fatigue feature,1,W2737622245
W2737850704,10.1002/lob.10193,2017,Moving the Conversation from “Us vs. Them” to Just “Us”: Insights from the AAAS S&T Policy Forum,EXCLUDE,not a study; policy forum report,1,W2737850704
W2738278561,10.1016/s2214-109x(17)30300-5,2017,Gender Empowerment Index: a choice of progress or perfection,EXCLUDE,off-topic; gender empowerment index comment,1,W2738278561
W2739200385,10.1002/cpdd.374,2017,Theranos Experience Exposes Weaknesses in FDA Regulatory Discretion,EXCLUDE,review/commentary; Theranos regulatory commentary,1,W2739200385
W2739288495,10.1093/aje/kwx148,2017,Getting Risk Right: Understanding the Science of Elusive Health Risks,EXCLUDE,review/commentary; book review,1,W2739288495
W2740007266,10.1016/j.carage.2017.07.001,2017,PA/LTC Goes Around the World in Online Communities,EXCLUDE,"not a study; association column, no abstract",1,W2740007266
W2743432148,10.1093/nsr/nwx098,2017,A vaccine crisis in the era of social media,EXCLUDE,review/commentary; vaccine confidence commentary,1,W2743432148
W2744283447,10.1176/appi.pn.2017.8a7,2017,"How to Chart Progress Notes Faster, Smarter, Better",EXCLUDE,not a study; how-to column on charting,1,W2744283447
W2746924539,10.1016/j.pathol.2017.04.011,2017,"Replacing warfarin therapy with the newer direct oral anticoagulants, or simply a growth in anticoagulation therapy? Implications for pathology testing",EXCLUDE,"off-topic; anticoagulation testing, no abstract",1,W2746924539
W2747992441,10.4300/jgme-d-17-00171.1,2017,More Than Likes and Tweets: Creating Social Media Portfolios for Academic Promotion and Tenure,EXCLUDE,review/commentary; social media portfolios for promotion,1,W2747992441
W2748180044,10.4300/jgme-d-17-00375.1,2017,How to Create a Bad Survey Instrument,EXCLUDE,review/commentary; editorial on survey design,1,W2748180044
W2748293871,10.1525/jams.2017.70.2.555,2017,Review: MIMO: Musical Instrument Museums Online,EXCLUDE,review/commentary; database review,1,W2748293871
W2748462898,10.1111/nbu.12273,2017,The British Nutrition Foundation: 50 years of making nutrition science accessible to all,EXCLUDE,not a study; foundation anniversary piece,1,W2748462898
W2748859029,,2017,ผสอขาวกบการใชประโยชนและความนาเชอถอของขอมลในสอสงคมออนไลนเพอรายงานขาวสาร (JOURNALISTS WITH USEFULNESS AND CREDITBILITY OF INFORMATION IN ONLINE SOCIAL MEDIA FOR NEWS REPORTING),EXCLUDE,no audience denominator; qualitative interviews with 30 journalists,1,W2748859029
W2752609062,10.1097/01.tp.0000525192.74382.7b,2017,Study on the Effectiveness of the Training on Organ Donation in Çanakkale,EXCLUDE,intervention/experiment only; organ donation training pre-post,1,W2752609062
W2753064028,10.1109/tcad.2017.2750067,2017,Enabling Security-Enhanced Attestation With Intel SGX for Remote Terminal and IoT,EXCLUDE,off-topic; SGX attestation system,1,W2753064028
W2753878939,10.1097/01.cot.0000525219.72486.bd,2017,The Art of Breaking Bad News to Patients,EXCLUDE,off-topic; clinician communication feature,1,W2753878939
W2754520026,10.7326/afho201712190,2017,Annals for Hospitalists - 19 December 2017,EXCLUDE,not a study; journal digest,1,W2754520026
W2756153856,10.24940/ijird/2017/v6/i8/aug17108,2017,Effects of Strategy Implementation on the Performance of Digital Media Industry in Kenya,EXCLUDE,off-topic; digital media strategy and sales,1,W2756153856
W2765114205,10.2134/csa2017.62.1110,2017,Synchrotron Radiation‐Based Methods for Environmental Biogeochemistry,EXCLUDE,off-topic; synchrotron methods,1,W2765114205
W2765538567,10.1111/resp.13197,2017,Letter from Hong Kong,EXCLUDE,not a study; editorial letter,1,W2765538567
W2765747493,10.1093/eurpub/ckx186.168,2017,Participatory surveillance on influenza as a tool for health promotion,EXCLUDE,off-topic; influenza participatory surveillance,1,W2765747493
W2765851732,10.1353/bhm.2017.0066,2017,American Plagues: Lessons from Our Battles with Disease by Stephen H. Gehlbach,EXCLUDE,review/commentary; book review,1,W2765851732
W2766012497,10.7326/m17-2447,2017,Inpatient Notes: Diagnostic Excellence Starts With an Incessant Watch,EXCLUDE,review/commentary; essay on diagnostic performance,1,W2766012497
W2766306848,10.1093/cvr/cvx208,2017,The generosity of the Cardiovascular Research community,EXCLUDE,not a study; outgoing editorial,1,W2766306848
W2766621749,10.1002/pra2.2017.14505401046,2017,"Human values and trust in scientific journals, the mainstream media and fake news",EXCLUDE,"belief/attitude only; trust experiment, no exposure measure",1,W2766621749
W2767570300,10.1093/jeclap/lpx070,2017,The fight over antitrust’s soul,EXCLUDE,off-topic; antitrust commentary,1,W2767570300
W2769263451,10.1016/j.optcom.2017.10.067,2017,Study the effects of varying interference upon the optical properties of turbid samples using NIR spatial light modulation,EXCLUDE,"off-topic; optics study, no abstract",1,W2769263451
W2771160271,10.1044/leader.ftr2.22122017.54,2017,Seeking Civility Among Faculty,EXCLUDE,off-topic; faculty incivility feature,1,W2771160271
W2771836520,10.1016/j.scs.2017.11.030,2017,COVERS-UP: Collaborative Verification of Smart User Profiles for social sustainability of smart cities,EXCLUDE,"tool; profile verification system, no abstract",1,W2771836520
W2774001754,10.7326/m17-1812,2017,"Trends in U.S. Drug Overdose Deaths in Non-Hispanic Black, Hispanic, and Non-Hispanic White Persons, 2000–2015",EXCLUDE,off-topic; drug overdose mortality trends,1,W2774001754
W2775658188,10.21882/ruc.v5i9.718,2017,A percepção de jornalistas atuantes em portais de notícias de Curitiba sobre a eficácia dos releases,EXCLUDE,off-topic; journalists' views on press releases,1,W2775658188
W2775813256,10.1071/hev28n3_ed,2017,Health Promotion Futures,EXCLUDE,review/commentary; health promotion editorial,1,W2775813256
W2776027740,10.1093/eurheartj/ehx726,2017,Karin Sipido MD PhD,EXCLUDE,not a study; editor interview,1,W2776027740
W2776463974,10.1016/j.ocecoaman.2017.12.010,2017,Using social media to strengthen public awareness of wildlife conservation,EXCLUDE,"off-topic; conservation awareness piece, no abstract",1,W2776463974
W2779301105,10.1016/j.carage.2017.12.001,2017,We Are the Ones: Keynoter Promotes Collaboration in Times of Change,EXCLUDE,"not a study; keynote report, no abstract",1,W2779301105
W2779860930,10.1002/cpdd.430,2017,Opioid Prescribing: What Are the Numbers?,EXCLUDE,off-topic; opioid prescribing statistics,1,W2779860930
W2781432304,10.1525/jams.2017.70.3.861,2017,"Review: Singing Games in Early Modern Italy: The Music Books of Orazio Vecchi, by Paul Schleuse",EXCLUDE,review/commentary; book review,1,W2781432304
W2785827204,,2017,Accessing Reliable Health Information on the Web: A Review of the HON Approach.,EXCLUDE,tool; review of HON trust indicators,1,W2785827204
W2786156535,10.5250/symploke.25.1-2.0517,2017,"Inside Job—Or, How To Deconstruct The West's Asia Fetish (Without Really Trying)",EXCLUDE,off-topic; literary theory essay,1,W2786156535
W2787495383,,2017,Bots as a news service and its emotional connectivity with the audience. The case of Politibot,EXCLUDE,"off-topic; news chatbot audience study, no misinformation measure",1,W2787495383
W2789305802,,2017,Instilling Positive Beliefs about Organ Donation: An Information Processing Approach,EXCLUDE,intervention/experiment only; organ donation message experiment,1,W2789305802
W2789505413,,2017,"Text cube: construction, summarization and mining",EXCLUDE,off-topic; text cube data mining thesis,1,W2789505413
W2792936539,10.1093/isle/isy001,2017,"Walking the Walk: Ammons, Eigner, and Ecopoetic Form in the 1960s",EXCLUDE,off-topic; poetry criticism,1,W2792936539
W2793140770,10.1093/eurheartj/ehx619,2017,European Heart Journal – Cardiovascular Pharmacotherapy,EXCLUDE,not a study; journal editorial,1,W2793140770
W2794086845,10.1093/jnci/djx294,2017,Supplements to Help Prevent Neuropathy During Chemotherapy? A Cautionary Tale,EXCLUDE,off-topic; chemotherapy neuropathy commentary,1,W2794086845
W2803657644,10.6082/ctasg-4bb52,2017,From the Margins to the Mainstream? A Comparative Case Study of Restorative Justice Implementation and Integration within Public Schools,EXCLUDE,off-topic; restorative justice case study,1,W2803657644
W2804236375,10.6082/m17p8wgz,2017,Demand for Online News under Government Control,MAYBE,browsing-panel shares for government-controlled news outlets,1,W2804236375
W2804339869,10.3916/c54-2018-10,2017,Critical thinking of young citizens towards news headlines in Chile,MAYBE,headline classification task may report news-quality shares,1,W2804339869
W2805007715,10.1525/jams.2017.70.3.819,2017,Ernst Bloch's Musical Thought,EXCLUDE,off-topic; musicology essay,1,W2805007715
W2806505284,10.1097/wno.0000000000000476,2017,Harnessing the Power of Genetic Engineering for Patients With Mitochondrial Eye Diseases,EXCLUDE,off-topic; ophthalmic genetics review,1,W2806505284
W2809802424,10.1097/01.reo.0000000000000067,2017,"We Have Come a Long Ways, But We Have a Long Ways to Go!",EXCLUDE,not a study; president's column,1,W2809802424
W2810408521,,2017,Exploring Attitudes Towards Bariatric Surgery Patients and Policies in Canada,EXCLUDE,belief/attitude only; obesity stigma experiment,1,W2810408521
W2883958105,10.7282/t3k64n7z,2017,Essays in valuation of non-market environmental impacts,EXCLUDE,off-topic; environmental valuation thesis,1,W2883958105
W2908699235,,2017,"Library Resources: Evaluating Information in the Era of ""Fake News"": Information Diet/ Media Chart",EXCLUDE,"not a study; library resource guide, no abstract",1,W2908699235
W2970731048,,2017,Trustworthy and Portable Emulation Platform for Digital Preservation.,EXCLUDE,off-topic; emulation platform for preservation,1,W2970731048
W2981997775,10.31355/15,2017,Public Perception of the Role of Facebook Usage in Political Campaign in Nigeria,MAYBE,survey percentages may cover perceived campaign misinformation,1,W2981997775
W3110171187,,2017,ACTITUDES E INTENCIÓN DE FAMILIARES DE PACIENTES HOSPITALIZADOS HACIA LA DONACIÓN DE ÓRGANOS Y TEJIDOS1,EXCLUDE,belief/attitude only; organ donation attitude survey,1,W3110171187
W3122729793,10.14738/abr.59.3623,2017,Nudgital: Critique of Behavioral Political Economy,EXCLUDE,review/commentary; theoretical critique of nudging,1,W3122729793
W3137273365,10.1353/tfr.2017.0312,2017,Babybatch by Isabelle Coudrier,EXCLUDE,review/commentary; novel review,1,W3137273365
W3216993212,10.24061/2707-8728.1.2017.7,2017,Features of organization of medico-legal expert researches in the cases of the mass injuring of victims in the salon of bus,EXCLUDE,off-topic; forensic medicine,1,W3216993212
W4236616418,10.30770/2572-1852-103.1.23,2017,INTERNATIONAL BRIEFS,EXCLUDE,not a study; news briefs,2,W4236616418;W4246555012
W4237706404,10.1086/691595,2017,"News, Programs, Publications, and Awards",EXCLUDE,not a study; society news,1,W4237706404
W4239054912,10.1002/pop4.172,2017,Editor's Letter,EXCLUDE,review/commentary; editorial,1,W4239054912
W4239673009,10.5325/studamerhumor.3.2.0242,2017,The Power of Satire,EXCLUDE,review/commentary; book review,1,W4239673009
W4241300506,10.1093/ndt/gfx070,2017,Farewell Editorial,EXCLUDE,review/commentary; editorial,1,W4241300506
W4241317696,10.1016/s2155-8256(17)30044-3,2017,Education,EXCLUDE,not a study; journal section heading,1,W4241317696
W4245652426,10.5204/mcj.1286,2017,Depict,EXCLUDE,review/commentary; issue editorial,1,W4245652426
W4246433866,10.1016/s2155-8256(17)30048-0,2017,Regulation,EXCLUDE,not a study; journal section heading,1,W4246433866
W4247195447,10.1016/s2155-8256(17)30046-7,2017,Health and Regulatory-Related Social Issues,EXCLUDE,not a study; journal section heading,1,W4247195447
W4320302622,10.22271/allresearch.2017.v3.i12i.10457,2017,Role of social media in politics,EXCLUDE,review/commentary; no quantitative estimate,1,W4320302622
W4321848155,10.56140/jocis-v9-1,2017,The big techs keep gaining momentum. Is it time for a new research agenda?,EXCLUDE,review/commentary; editorial,1,W4321848155
W4404816944,10.21240/merz/2017.5.2,2017,Studie: Alles Fake?!,MAYBE,German survey with shares on fake news; perceived exposure unclear,1,W4404816944
W4416619227,10.1108/dl-11-2017-0006,2017,Telehealth: Changing Healthcare for Humans and Animals,EXCLUDE,off-topic,1,W4416619227
W4416619243,10.1108/dl-11-2017-0001,2017,Investigating Twitter Use in Lower Division Online Classrooms,EXCLUDE,off-topic; online teaching,1,W4416619243
W2765183883,10.1037/hop0000082,2018,Through the looking-glass: PsycINFO as an historical archive of trends in psychology.,EXCLUDE,off-topic; bibliographic database history,1,W2765183883
W2781518627,10.2196/publichealth.7823,2018,Social Media Impact of the Food and Drug Administration's Drug Safety Communication Messaging About Zolpidem: Mixed-Methods Analysis,EXCLUDE,off-topic; posts coded for relevance not accuracy,1,W2781518627
W2783171635,10.1093/biosci/bix136,2018,The Frontiers of Artificial Intelligence,EXCLUDE,review/commentary,1,W2783171635
W2783723919,10.1111/aepr.12210,2018,Comment on “Political Economy of Agricultural Reform in Japan under Abe's Administration”,EXCLUDE,review/commentary; off-topic,1,W2783723919
W2784109163,10.1093/biosci/bix152,2018,Biology Graduate Programs Educating Students for Life beyond Academia,EXCLUDE,off-topic,1,W2784109163
W2784127006,10.1002/eji.201870016,2018,Mandatory vaccination in Italy: Time for engagement of immunologists,EXCLUDE,review/commentary; editorial,1,W2784127006
W2785547144,10.4018/ijt.2018010104,2018,The Diffusion of Ignorance in On-Line Communities,EXCLUDE,non-empirical; philosophical theory,1,W2785547144
W2787415828,10.13023/etd.2018.025,2018,Essays on U.S. Beef Markets,EXCLUDE,off-topic; agricultural economics,1,W2787415828
W2788257144,,2018,Keynote - Calling Bullshit: Data Reasoning for the Digital Age,EXCLUDE,not a study; keynote abstract,1,W2788257144
W2788585320,10.1177/1464884918757072,2018,Algorithms in the newsroom? News readers’ perceived credibility and selection of automated journalism,EXCLUDE,intervention/experiment only; credibility perceptions,1,W2788585320
W2789626389,10.1111/nicc.12340,2018,Critical care research and the wisdom of hindsight,EXCLUDE,review/commentary; off-topic,1,W2789626389
W2790246249,,2018,LD- SMO Algorithm for Determining Trust in Skewed Social Media Data,EXCLUDE,detection/classifier,1,W2790246249
W2790256986,10.7916/d8kp9dpj,2018,The Future of Advertising and Publishing,EXCLUDE,not a study; conference report,1,W2790256986
W2791367039,10.18332/tid/84741,2018,'Alternative fact' narrative influencing tobacco control: a case study of tobacco industry interference in print media,MAYBE,content analysis of press articles; false-information share possible,1,W2791367039
W2794355618,10.4018/ijwp.2018010105,2018,Evaluation of Blockchain in Capital Market Use-Cases,EXCLUDE,off-topic,1,W2794355618
W2794431057,10.26798/jiko.2018.v3i1.81,2018,PEMETAAN AKSES HALAMAN SITUS WEB BERBASIS LOG-ACCESS (Log-Access Based Web Site Access Mapping Page),EXCLUDE,off-topic; university website traffic logs,1,W2794431057
W2794560509,10.1186/s12885-018-4245-5,2018,"To fast, or not to fast before chemotherapy, that is the question",EXCLUDE,review/commentary,1,W2794560509
W2794850480,10.1016/j.radi.2018.03.003,2018,Social media and radiography research: Ethical considerations,EXCLUDE,review/commentary; ethics editorial,1,W2794850480
W2795197771,10.1177/2056305118765741,2018,The Imagined Audience for and Perceived Quality of News Comments: Exploring the Perceptions of Commenters on News Sites and on Facebook,EXCLUDE,off-topic; comment-quality perceptions not misinformation,1,W2795197771
W2795388292,10.1097/01.eem.0000532168.07961.0b,2018,InFocus,EXCLUDE,not a study; clinical column,1,W2795388292
W2795509038,10.29021/spdv.76.1.924,2018,Another Step Towards Indexation of the SPDV Journal in 2018,EXCLUDE,review/commentary; editorial,1,W2795509038
W2796036629,10.5858/arpa.2018-0060-ed,2018,Molecular Testing in Lung Cancer: Where to Draw the Line?,EXCLUDE,off-topic,1,W2796036629
W2796972497,10.5325/edgallpoerev.19.1.0119,2018,Poe in Cyberspace: A Twentieth Birthday Party,EXCLUDE,off-topic; literary column,1,W2796972497
W2797275270,10.1161/circoutcomes.118.004742,2018,"Letter by Hochman and Maron Regarding Article, “‘Faith Healing’ and ‘Subtraction Anxiety’ in Unblinded Trials of Procedures: Lessons From DEFER and FAME-2 for End Points in the ISCHEMIA Trial.”",EXCLUDE,not a study; letter,1,W2797275270
W2797763050,,2018,Four Principles for Digital Expression (You Won't Believe #3!),EXCLUDE,non-empirical; legal essay,1,W2797763050
W2800071573,10.1177/0004867418772343,2018,Assessing the quality of media reporting of suicide news in India against World Health Organization guidelines: A content analysis study of nine major newspapers in Tamil Nadu,EXCLUDE,guideline-compliance coding only; no accuracy coding,1,W2800071573
W2801090475,10.1093/ejcts/ezy056,2018,Randomized trials and big data analysis: we need the best of both worlds,EXCLUDE,review/commentary; off-topic,1,W2801090475
W2802017221,10.1097/mol.0000000000000520,2018,Can we still learn from the Seven Countries Study?,EXCLUDE,review/commentary,1,W2802017221
W2802970464,10.1093/cid/ciy359,2018,The Fog May be Lifting Around Antibiotic Use Metrics and Interfacility Comparison,EXCLUDE,review/commentary; editorial,1,W2802970464
W2803513637,10.1093/isr/viy021,2018,Agential Constructivism and Change in World Politics,EXCLUDE,non-empirical; IR theory,1,W2803513637
W2803597576,10.1373/clinchem.2018.288225,2018,"The Power of Social Media in Medicine and Medical Education: Opportunities, Risks, and Rewards",EXCLUDE,review/commentary; expert Q&A,1,W2803597576
W2804467015,10.5210/ojphi.v10i1.8980,2018,The Myths and Truths About Comparing Syndromic Data Across Sites,EXCLUDE,not a study; round-table abstract,1,W2804467015
W2804591035,10.5210/ojphi.v10i1.8912,2018,Revitalizing the Global Public Health Intelligence Network (GPHIN),EXCLUDE,tool; surveillance platform,1,W2804591035
W2805446862,10.1111/ejn.13978,2018,Cortical layer with no known function,EXCLUDE,off-topic; neuroscience memoir,1,W2805446862
W2805744436,10.13016/m22b8vf8s,2018,A study on textual contents in online communities and social media using text mining approaches,EXCLUDE,detection/classifier; text-mining methods,1,W2805744436
W2805782096,10.1093/icvts/ivy144,2018,"Sex, crime and surgery: Interactive CardioVascular and Thoracic Surgery in the age of fake news",EXCLUDE,review/commentary; journal editorial,1,W2805782096
W2806703982,10.1016/j.java.2018.05.002,2018,The Worst-Kept Secret in Healthcare,EXCLUDE,review/commentary; off-topic,1,W2806703982
W2808921758,10.1093/af/vfy008,2018,Giving meat meaning: Creating value-based connections with consumers,EXCLUDE,off-topic; marketing commentary,1,W2808921758
W2809267319,10.2196/jmir.9156,2018,Young People’s Experiences of Viewing the Fitspiration Social Media Trend: Qualitative Study,EXCLUDE,no audience denominator; qualitative themes only,1,W2809267319
W2809579039,10.1016/j.jbi.2018.06.007,2018,A novel framework for biomedical entity sense induction,EXCLUDE,detection/classifier; NLP method,1,W2809579039
W2809758394,,2018,PERANCANGAN PROMOSI FITUR PREMIUM PADA SPOTIFY,EXCLUDE,off-topic; marketing design project,1,W2809758394
W2860626108,10.18314/jnb.v4i2.1039,2018,Obstacles and Impediments of Overweight and Obesity,EXCLUDE,off-topic,1,W2860626108
W2883387179,10.1053/j.gastro.2018.07.020,2018,Are Value-Based Payments Bumps in the Road or the Road to Nowhere?,EXCLUDE,review/commentary; off-topic,1,W2883387179
W2883996892,,2018,Gatekeeping Breaking News Online: How Social Media Affect Journalists' Crime News Sourcing and Dissemination in India,EXCLUDE,off-topic; journalists' credibility perceptions,1,W2883996892
W2884202959,10.1093/af/vfy011,2018,#FakeMeat: How big a deal will animal meat analogs ultimately be?,EXCLUDE,off-topic; meat market commentary,1,W2884202959
W2884424251,,2018,Factors Affecting Saudi Customers’ Attitude Towards Social Media Advertising,EXCLUDE,off-topic; advertising attitudes,1,W2884424251
W2884459405,10.1093/tropej/fmy039,2018,The Scientific Integrity of Journal Publications in the Age of ‘Fake News’,EXCLUDE,review/commentary; editorial on research fraud,1,W2884459405
W2884849848,10.1007/s10943-018-0670-7,2018,"The Influence of Age, Gender and Religion on Willingness to be an Organ Donor: Experience of Religious Muslims Living in Sweden",EXCLUDE,off-topic; qualitative organ-donation study,1,W2884849848
W2885710842,10.5204/mcj.1454,2018,Protest in Progress/Progress in Protest,EXCLUDE,review/commentary; issue editorial,1,W2885710842
W2885970021,10.5210/ojphi.v10i1.8968,2018,Syndromic Surveillance – Reports of Successes from the Field,EXCLUDE,not a study; panel abstract,1,W2885970021
W2886210379,10.5204/mcj.1422,2018,Post-Truth Protest: How 4chan Cooked Up the Pizzagate Bullshit,MAYBE,4chan corpus case study; conspiracy content counts possible,1,W2886210379
W2886454007,10.1016/s2214-109x(18)30342-5,2018,Parasitic and parachute research in global health,EXCLUDE,not a study; correspondence,1,W2886454007
W2888303223,10.1215/0041462x-7142105,2018,Lasting Impressions: The Legacies of Impressionism in Contemporary Culture by Jesse Matz,EXCLUDE,review/commentary; book review,1,W2888303223
W2889143188,10.1109/access.2018.2863033,2018,Performance Characterization of Low-Latency Adaptive Streaming From Video Portals,EXCLUDE,off-topic; video delivery engineering,1,W2889143188
W2889407524,10.14778/3229863.3236262,2018,Scalable and efficient data analytics and mining with lemonade,EXCLUDE,tool; analytics platform demo,1,W2889407524
W2891512781,,2018,Do You Regret Using Social Media? Understanding the Role of Dark Side of Social Media in Regret and Discontinuance Behavior,EXCLUDE,off-topic; discontinuance intentions,1,W2891512781
W2891757271,10.1016/j.jadohealth.2018.06.015,2018,Another Vaccine. Another Meningococcal Vaccine. Another Adolescent Vaccine. Another Article About a Vaccine.,EXCLUDE,review/commentary; editorial,1,W2891757271
W2891773508,10.30534/ijccn/2018/05722018,2018,Occasion news with Upgraded Reporting towards Advanced India,EXCLUDE,tool; proposed citizen-journalism app,1,W2891773508
W2892821141,10.15407/econlaw.2018.02.117,2018,INSTITUTIONAL AND INVESTMENT APPROACH TO THE HARMONIZATION OF INTERESTS OF PARTICIPANTS OF CITY`S HOUSING AND COMMUNAL SERVICES MARKET,EXCLUDE,off-topic,1,W2892821141
W2893341328,10.15407/econlaw.2018.02.103,2018,POTENTIAL POSSIBILITIES OF SPATIAL DEVELOPMENT OF CITIES AND REGIONS FROM IMPLEMENTATION NON-CONTACT PAYMENT TECHNOLOGIES,EXCLUDE,off-topic,1,W2893341328
W2894513194,10.1177/1541931218621312,2018,Warnings for Hurricane Irma: Trust of Warning Type and Perceptions of Self-Efficacy and Susceptibility,EXCLUDE,belief/attitude only; alert trust not misinformation exposure,1,W2894513194
W2894547919,10.1055/s-0038-1669378,2018,Nutrition in Child Health Conditions,EXCLUDE,off-topic,1,W2894547919
W2895026202,10.1002/fee.1958,2018,Science and nature filmmaking: making a career of visual storytelling,EXCLUDE,off-topic; career commentary,1,W2895026202
W2895294336,10.31211/interacoes.n34.2018.a1,2018,An Era of AI-personation & Self(ie) Surveillance,EXCLUDE,non-empirical; autoethnographic essay,1,W2895294336
W2895307880,10.1097/01.cot.0000547467.23471.ad,2018,"Report Hails Marked Progress Against Cancer, Issues Call to Action",EXCLUDE,not a study; news item,1,W2895307880
W2895330241,10.1097/01.cot.0000547483.14886.a7,2018,3 Questions on...The Role of Advanced Practice Providers in Oncology Care,EXCLUDE,not a study; interview column,1,W2895330241
W2896211913,,2018,Prosumer law and network platform regulation: the long view towards creating OffData,EXCLUDE,non-empirical; regulation essay,1,W2896211913
W2896747101,,2018,MINING FACEBOOK PAGE FOR BI-PARTISAN ANALYSIS,MAYBE,platform-data mining of fake-news posts; share unclear,1,W2896747101
W2900437307,10.1097/mat.0000000000000915,2018,Extracorporeal Technologies Within the Social Media Labyrinth,EXCLUDE,review/commentary,2,W2900437307;W4233202988
W2901199536,,2018,The impact of global platforms on media competition and on the results of european communication companies,EXCLUDE,off-topic; media economics,1,W2901199536
W2901409340,10.1162/neco_a_01146,2018,Ten Simple Rules for Organizing and Running a Successful Intensive Two-Week Course,EXCLUDE,off-topic; teaching guidance,1,W2901409340
W2901702843,10.1002/adma.201802810,2018,Making a Material Difference: Materials Science Research at the National University of Singapore,EXCLUDE,off-topic,1,W2901702843
W2901946341,10.1002/ajb2.1195,2018,The growing importance of data literacy in life science education,EXCLUDE,review/commentary; education editorial,1,W2901946341
W2902158403,10.1111/jan.13921,2018,Measuring the social impact of nursing research: An insight into altmetrics,EXCLUDE,off-topic; altmetrics of nursing articles,1,W2902158403
W2902280746,10.1016/j.jhsa.2018.09.008,2018,2018 ASSH Presidential Address: Joy of Hand Surgery,EXCLUDE,not a study; address,1,W2902280746
W2902406694,10.1504/ijaip.2019.10017749,2018,Detecting near-duplicate images using segmented minhash algorithm,EXCLUDE,detection/classifier,2,W2902406694;W4239717071
W2902452459,10.1353/crc.2018.0051,2018,"Masculinity, Media, and the American Presidency by Meredith Conroy",EXCLUDE,review/commentary; book review,1,W2902452459
W2902851317,10.1111/1467-923x.12574,2018,9. Rethinking Democracy with Social Media,EXCLUDE,review/commentary; essay,1,W2902851317
W2903178789,10.1111/jonm.12739,2018,Predatory journals and the pollution of academic publishing,EXCLUDE,review/commentary; editorial,1,W2903178789
W2903903405,,2018,The tactics & tropes of the Internet Research Agency,MAYBE,platform-data report on IRA disinformation; reach estimates possible,1,W2903903405
W2905085301,10.1111/ina.12519,2018,Finding the most valuable references for interdisciplinary research,EXCLUDE,review/commentary; editorial,1,W2905085301
W2905355490,10.15407/econlaw.2018.03.058,2018,PRIORITY DIRECTIONS FOR IMPROVING THE QUALITY OF PLANNING OF STATE EXTRABUDGETARY FUNDS OF UKRAINE,EXCLUDE,off-topic,1,W2905355490
W2906263575,10.1016/j.bja.2018.12.002,2018,Change management: the British Journal of Anaesthesia in 2018,EXCLUDE,review/commentary; editorial,1,W2906263575
W2906876166,10.1111/dme.13856,2018,News and Views: A Roundup of some new developments in diabetes,EXCLUDE,not a study; news roundup,1,W2906876166
W2908235742,,2018,Perancangan Buku Ilustrasi Sejarah Singkat Jurnalistik Indonesia Era Kolonial Hingga Digital,EXCLUDE,not a study; illustrated-book design project,1,W2908235742
W2911601496,10.1093/icon/moy105,2018,The Great Leveler. Violence and the History of Inequality from the Stone Age to the Twenty-First Century,EXCLUDE,review/commentary; book review,1,W2911601496
W2917182147,10.13135/2611-853x/2914,2018,"Big Data, Small Data, Broken Windows and Fear Discourse: Brexit, the EU and the Majority Illusion",MAYBE,Facebook/press corpus analysis of Brexit fake news; share unclear,1,W2917182147
W2917835425,10.2118/0318-0023-jpt,2018,E&P Notes (March 2018),EXCLUDE,not a study; industry news,1,W2917835425
W2922089843,10.15688/nbit.jvolsu.2018.2.5,2018,Robotechnical System for Analyzing Cyber-Security of Information Communication Systems and Networks,EXCLUDE,tool; cybersecurity system,1,W2922089843
W2924846621,10.1093/jeclap/lpz010,2018,After Facebook: What to Expect from Germany,EXCLUDE,review/commentary; competition-law note,1,W2924846621
W2927878794,10.22174/jcr.2018.55.4.54,2018,An Exploratory Study on the Formal Requirements of ‘Fact’ Suggestion through Analysis of SNU FactCheck Information Metadata,MAYBE,740 fact-check items coded; verdict shares possible,1,W2927878794
W2953979474,10.6007/ijarbss/v8-i11/5216,2018,Probability Model: Malaysian Consumer Online Shopping Behavior towards Online Shopping Scam,EXCLUDE,off-topic; consumer fraud not misinformation,2,W2953979474;W4248411793
W2965723438,,2018,De la ironía a la militancia : los memes de internet como arma política en la campaña presidencial colombiana del 2018,MAYBE,Facebook meme corpus with disinformation framing; falsity coding unclear,1,W2965723438
W2969540203,,2018,The Implications of Social Media Disinformation in Reproducing Systemic Forms of Oppression Like Racism,EXCLUDE,review/commentary; methodological essay,1,W2969540203
W2970388626,,2018,Tracking public opinion on social media,EXCLUDE,detection/classifier; sentiment-tracking methods,1,W2970388626
W2980998877,10.17150/2308-6203.2018.7(4).599-614,2018,Attracting Audience to Digital Media Using Gamification Elements,EXCLUDE,off-topic; gamification of online media,1,W2980998877
W2995912932,10.7916/d8-evn6-ee24,2018,Feminists on Facebook: an Ontology of Assemblages for Digital Platforms of Resistance,EXCLUDE,non-empirical; theoretical essay,1,W2995912932
W3008482289,10.1002/fsat.3202_3.x,2018,From the President and News,EXCLUDE,not a study; society news,1,W3008482289
W3009466603,10.1002/fsat.3204_3.x,2018,From the Chief Executive and IFST News,EXCLUDE,not a study; association news column,3,W3009466603;W3081805473;W4311061866
W3010504197,10.1002/fsat.3203_3.x,2018,From the Chief Executive and News,EXCLUDE,not a study; association news column,1,W3010504197
W3048656877,,2018,Social media as an e-health communication channel: the use of (@medtweetmyhq) among students of UiTM Melaka / Wan Azfarozza Wan Athmar... [et al.],EXCLUDE,no audience denominator; five-informant interview study,1,W3048656877
W3111776612,,2018,Social Media and Electioneering: The Case of the United States 2016 Presidential Election,EXCLUDE,review/commentary; descriptive essay on secondary literature,1,W3111776612
W3137937923,10.1163/26836408-01302006,2018,Social Networking as Power Balancing in Tanzanian Politics,EXCLUDE,off-topic; political positioning case study,1,W3137937923
W3173174476,10.51983/ijiss.2018.8.2.513,2018,News Consumption on the Internet by Undergraduate Students of Public Universities in Nigeria,EXCLUDE,off-topic; general news consumption with no misinformation measure,1,W3173174476
W3197804474,10.48165/tjmitm.2018.0909,2018,Consumer perception and readership pattern of toi readers – a case study,EXCLUDE,off-topic; newspaper readership and buying behaviour,1,W3197804474
W4235026395,10.1093/neuros/nyy290,2018,Humility,EXCLUDE,not a study; honorary lecture,1,W4235026395
W4238393884,10.1093/pastj/gty033,2018,Networks,EXCLUDE,not a study; historiographical essay,1,W4238393884
W4251671191,10.7771/2380-176x.8261,2018,Don's Conference Notes,EXCLUDE,not a study; conference report,1,W4251671191
W4392670336,10.58837/chula.jletters.47.2.8,2018,"Guidelines for Developing the Enterprising Library, Faculty of Business Administration, Chiang Mai University(แนวทางการพฒนาหองสมดวสาหกจขนาดกลางและขนาดยอมคณะบรหารธรกจ มหาวทยาลยเชยงใหม)",EXCLUDE,off-topic; library services for small enterprises,1,W4392670336
W4412264111,,2018,"Different platforms, different journalisms:A diacrone study of content qualities in news media across platforms",MAYBE,content-quality coding across platforms may include accuracy,1,W4412264111
W7134891791,10.22452/basirah.vol8no1.3,2018,Aplikasi al-Tabayyun dalam Menangani Penularan Maklumat Palsu Berkaitan Produk Halal The Application of al-Tabayyun in Addressing the Spread of False Information Related to Halal Products,EXCLUDE,review/commentary; library-based normative analysis,1,W7134891791
W7141046166,10.65301/ijcd.2018.8.3.4.11,2018,Social Media Criticism in Respect to Audience Exposure,EXCLUDE,review/commentary; non-empirical critique of social media,1,W7141046166
W7203797599,10.59236/emro.v5i4a1800,2018,Our Genes/Our Choices Series,EXCLUDE,not a study; video series review,1,W7203797599
W2800776483,10.1097/bs9.0000000000000005,2019,A new platform for new promises in hematology,EXCLUDE,not a study; journal launch editorial,1,W2800776483
W2911561235,10.1111/1365-2656.12940,2019,Goodbye and farewell to print,EXCLUDE,not a study; journal editorial,1,W2911561235
W2912668665,10.1007/s11616-019-00484-4,2019,"Fake News, Warnhinweise und perzipierter Wahrheitsgehalt: Zur unterschiedlichen Anfälligkeit für Falschmeldungen in Abhängigkeit von der politischen Orientierung",EXCLUDE,intervention/experiment only; warning labels and susceptibility to false news,1,W2912668665
W2913276738,10.1080/21582041.2019.1569714,2019,"Disinformation and digital influencing after terrorism: spoofing, truthing and social proofing",MAYBE,social media monitoring after attacks may quantify rumour volume,1,W2913276738
W2913715954,10.1093/cvr/cvz041,2019,"Joint ESM-EVBO meetings: past, present, and future",EXCLUDE,not a study; conference announcement,1,W2913715954
W2914610142,10.1080/1461670x.2019.1580149,2019,"News Users on Facebook: Interaction Strategies on the Pages of El Paìs, la Repubblica, Le Monde, and The Guardian",EXCLUDE,off-topic; newspaper engagement with no misinformation measure,1,W2914610142
W2915763061,10.1093/ije/dyz004,2019,Data Resource Profile: Cohort and Longitudinal Studies Enhancement Resources (CLOSER),EXCLUDE,off-topic; cohort data resource profile,1,W2915763061
W2916302242,10.1109/access.2019.2901864,2019,Detecting Malicious Social Bots Based on Clickstream Sequences,EXCLUDE,detection/classifier; malicious bot detection,2,W2916302242;W4385779418
W2917431061,10.1038/s41467-019-08874-y,2019,Prototype of running clinical trials in an untrustworthy environment using blockchain,EXCLUDE,off-topic; blockchain clinical trial prototype,1,W2917431061
W2917692235,10.1111/jvs.12697,2019,Progress in vegetation science: Trends over the past three decades and new horizons,EXCLUDE,off-topic; vegetation science editorial,1,W2917692235
W2917771091,10.1093/ije/dyz010,2019,Network multipliers and public health,EXCLUDE,off-topic; epidemiological methods commentary,1,W2917771091
W2918378254,10.1177/2050640619832800,2019,Young GI Angle: How to anticipate patients' questions and anxiety for planned major GI surgery,EXCLUDE,off-topic; surgical communication commentary,1,W2918378254
W2919297822,10.1111/mcn.12802,2019,Micronutrient powder programs: New findings and future directions for implementation science,EXCLUDE,off-topic; micronutrient programme editorial,1,W2919297822
W2919811225,10.7189/jogh.09.010404,2019,Precision Global Health – The case of Ebola: a scoping review,EXCLUDE,review/commentary; scoping review of digital technologies,1,W2919811225
W2920149509,10.1038/s41390-019-0357-0,2019,Invited Commentary on ‘Prospective associations between television in the preschool bedroom and later bio-psycho-social risks’,EXCLUDE,not a study; invited commentary,1,W2920149509
W2920369175,10.1080/1461670x.2019.1586567,2019,Consumptive News Feed Curation on Social Media as Proactive Personalization: A Study of Six East Asian Markets,EXCLUDE,off-topic; feed-curation survey with no misinformation measure,1,W2920369175
W2920590623,10.1002/cre2.176,2019,"Quo Vadis, Cochrane Collaboration?",EXCLUDE,not a study; editorial on research governance,1,W2920590623
W2922100073,10.1002/cpt.1384,2019,“Thorough QT/QTc in a Dish”: Can Human Induced Pluripotent Stem Cell–Derived Cardiomyocytes Predict Thorough QT Outcomes?,EXCLUDE,off-topic; cardiac safety pharmacology,1,W2922100073
W2923786003,10.4018/ijcac.2019040105,2019,An Efficient Privacy-preserving Approach for Secure Verifiable Outsourced Computing on Untrusted Platforms,EXCLUDE,off-topic; privacy-preserving outsourced computation,1,W2923786003
W2924784345,10.3389/feart.2019.00042,2019,Earthquake Education Through the Use of Documentary Movies,EXCLUDE,intervention/experiment only; education initiative,1,W2924784345
W2931220583,10.3837/tiis.2019.02.008,2019,A Decentralized and Non-reversible Traceability System for Storing Commodity Data,EXCLUDE,off-topic; blockchain traceability system,1,W2931220583
W2932258048,10.1111/1751-7915.13406,2019,Microbiome yarns: The Global Phenotype‐Genotype Survey. Episode III : importance of microbiota diversification for microbiome function and biome health,EXCLUDE,not a study; satirical microbiology dialogue,1,W2932258048
W2940092611,10.1353/jod.2019.0033,2019,The Era of Manipulation,EXCLUDE,review/commentary; book review,1,W2940092611
W2940239155,10.1163/25900110-00101004,2019,Keeping Media Literacy Critical during the Post-Truth Crisis over Fake News,EXCLUDE,review/commentary; media literacy essay,1,W2940239155
W2944826280,10.1353/sew.2019.0027,2019,No One Knows You’re a Dog,EXCLUDE,not a study; literary essay,1,W2944826280
W2945688982,10.1093/icb/icz038,2019,Lessons from the “Intelligent Design” trial: Explaining evolution and climate science in a “post-evidentiary world”,EXCLUDE,not a study; award lecture essay,1,W2945688982
W2946116911,10.1542/peds.2018-2166,2019,Meaningful Patient Engagement in Research: Lessons From Retinoblastoma,EXCLUDE,not a study; patient perspective piece,1,W2946116911
W2946762810,10.1109/tcss.2019.2913783,2019,Human-Centric Cyber Social Computing Model for Hot-Event Detection and Propagation,EXCLUDE,detection/classifier; hot-event detection model,1,W2946762810
W2946895381,10.5210/ojphi.v11i1.9678,2019,Mapping PPS: A case study of story map journals for interactive health reporting,EXCLUDE,off-topic; story map case study,1,W2946895381
W2950680853,10.1111/jan.14096,2019,"The 3Rs of nursing science: Ready, rubric and recognition",EXCLUDE,not a study; nursing science editorial,1,W2950680853
W2952477082,10.1145/3311091,2019,Uncertainty-based False Information Propagation in Social Networks,EXCLUDE,no audience denominator; opinion-propagation simulation,1,W2952477082
W2954235014,10.1055/a-0902-2596,2019,Young endoscopists involvement in national endoscopy societies: the SPEDY example!,EXCLUDE,not a study; society committee report,1,W2954235014
W2954806192,,2019,Representação da informação noticiosa pelas agências de fact-checking: do acesso à informação ao excesso de informação,MAYBE,content analysis of fact-checking agencies may report verdict shares,2,W2954806192;W7120551113
W2954917766,10.1093/cvr/cvz141,2019,Social media and citations: what do cardiologists need to know?,EXCLUDE,review/commentary; social media guidance,1,W2954917766
W2955366808,10.1093/idpl/ipz007,2019,A right to reset your user profile and more: GDPR-rights for personalized news consumers,EXCLUDE,off-topic; data protection legal analysis,1,W2955366808
W2955799537,10.1093/icon/moz041,2019,Identity: The Demand for Dignity and the Politics of Resentment,EXCLUDE,review/commentary; book review,1,W2955799537
W2955984760,10.1176/appi.pn.2019.6a12,2019,APA Conference Brings Collaborative Care Model to Training Programs,EXCLUDE,not a study; conference news item,1,W2955984760
W2957189115,10.1177/1464884919862655,2019,Beyond the boundaries of science: Resistance to misinformation by scientist citizens,EXCLUDE,no audience denominator; qualitative case study of an advocacy group,1,W2957189115
W2957247684,,2019,World Trade Organization 2.0: Reforming Multilateral Trade Rules for the Digital Age,EXCLUDE,off-topic; trade policy paper,1,W2957247684
W2959986093,10.1093/eurheartj/ehz492,2019,The Biomedical Alliance Spring Meeting on Plan S,EXCLUDE,not a study; meeting report,1,W2959986093
W2959988187,10.1093/biosci/biz066,2019,On the Road to Convergence Research,EXCLUDE,not a study; funding programme feature,1,W2959988187
W2960129855,10.1093/jcr/ucz034,2019,Consuming Technocultures: An Extended JCR Curation,EXCLUDE,review/commentary; curated literature essay,1,W2960129855
W2961119044,10.1016/s0140-6736(19)31614-9,2019,Africa's first biobank start-up receives seed funding,EXCLUDE,not a study; news item,1,W2961119044
W2963667645,10.1111/anae.14780,2019,Dissemination of medical publications on social media – is it the new standard?,EXCLUDE,review/commentary; editorial on dissemination,1,W2963667645
W2963676920,10.23917/jpis.v29i1.8285,2019,KARAKTERISTIK KEKERASAN SEKSUAL TERHADAP ANAK PEREMPUAN DI WONOGIRI DAN BOYOLALI,EXCLUDE,off-topic; sexual violence characteristics study,1,W2963676920
W2964538246,10.1007/s10067-019-04706-y,2019,Quality and readability of online information on ankylosing spondylitis,MAYBE,online information quality study may code accuracy; no abstract,1,W2964538246
W2965489676,10.1093/idpl/ipz011,2019,Know your algorithm: what media organizations need to explain to their users about news personalization,EXCLUDE,review/commentary; normative transparency framework,1,W2965489676
W2965560451,10.1016/j.transproceed.2019.01.170,2019,Thematic Analysis of the Organ Transplantation News in Turkish Press,MAYBE,press content analysis may code inaccurate coverage; no abstract,1,W2965560451
W2965697037,10.1097/phh.0000000000001065,2019,Blinding Me With Science: Complementary “Head” and “Heart” Messages Are Needed to Counter Rising Vaccine Hesitancy,EXCLUDE,review/commentary; vaccine communication editorial,1,W2965697037
W2965916618,10.2196/15298,2019,Social Media Outrage in Response to a School-Based Substance Use Survey: Qualitative Analysis,MAYBE,coded 207 comments; may report share conspiratorial,1,W2965916618
W2968806782,10.30534/ijatcse/2019/7181.32019,2019,A Preliminary Study on Mechanism and Measurement of Trustworthiness on a Crowdsourcing Platform,EXCLUDE,off-topic; crowdsourcing trust measurement review,1,W2968806782
W2969250552,10.1093/asj/sjz227,2019,Breast Implant Illness: How Can We Help?,EXCLUDE,review/commentary; clinical editorial,1,W2969250552
W2970714571,,2019,Impact of e-Commerce on Corporate Governance and Ethics,EXCLUDE,off-topic; e-commerce governance survey,1,W2970714571
W2971730840,10.2196/14447,2019,Communicating Science in the Digital and Social Media Ecosystem: Scoping Review and Typology of Strategies Used by Health Scientists,EXCLUDE,review/commentary; scoping review of communication strategies,1,W2971730840
W2972029333,10.1093/biosci/biz097,2019,Making Agriculture Part of the Climate Change Solution,EXCLUDE,off-topic; agriculture feature,1,W2972029333
W2972274635,10.5271/sjweh.3851,2019,Public health and evidence-informed policy-making: The case of a commonly used herbicide,EXCLUDE,review/commentary; policy editorial,1,W2972274635
W2972286368,10.7822/omuefd.431247,2019,Dijital Eğitim Platformları Arasında EBA’nın Yeri ile İlgili Fen Bilimleri Öğretmenlerinin Görüşleri,EXCLUDE,off-topic; teachers' views on an education platform,1,W2972286368
W2973320551,10.1504/ijhpcn.2019.10024071,2019,FollowMe: a mobile crowd sensing platform for spatial-temporal data sharing,EXCLUDE,tool; crowd-sensing platform design,2,W2973320551;W4244121848
W2974220021,10.1353/abr.2019.0115,2019,Delete Your Account,EXCLUDE,review/commentary; book review,1,W2974220021
W2974446869,10.11114/smc.v7i2.4525,2019,Understanding Social Media’s Role in Propagating Falsehood in Conflict Situations: Case of the Cameroon Anglophone Crisis,MAYBE,content analysis of falsehood on WhatsApp/Facebook may report shares,1,W2974446869
W2978409841,10.1002/cbe2.1198,2019,Developing errant paths in a simulation testing environment: A how to guide for assessment professionals,EXCLUDE,off-topic; assessment simulation guide,1,W2978409841
W2979586191,10.1111/jan.14224,2019,Professionalism in a digital and mobile world: A way forward for nursing,EXCLUDE,review/commentary; professionalism essay,1,W2979586191
W2979617745,10.1093/infdis/jiz520,2019,"Ebola Vaccines: Biomedical Advances, Human Rights Challenges",EXCLUDE,review/commentary; vaccine trial editorial,1,W2979617745
W2979692629,10.1080/10420150.2019.1668391,2019,Research on the passive nuclear level gauge,EXCLUDE,off-topic; instrumentation engineering,1,W2979692629
W2980699602,10.1093/biosci/biz119,2019,Reimagining NEON Operations: We Can Do Better,EXCLUDE,not a study; research infrastructure commentary,1,W2980699602
W2981506490,10.31392/2311-5491/2019-69.4,2019,V. O. Sukhomlinsky’s ideas on the role of the teacher in students’ patriotic education feelings of the new Ukrainian school,EXCLUDE,off-topic; pedagogy article,1,W2981506490
W2981952328,10.1353/not.2019.0081,2019,Bloomsbury Popular Music,EXCLUDE,not a study; database review,1,W2981952328
W2982286661,10.20867/thm.25.2.3,2019,Factors influencing Taiwanese demand to travel abroad,EXCLUDE,off-topic; tourism demand modelling,1,W2982286661
W2982337810,10.1632/pmla.2019.134.5.1157,2019,"When Nothing Is True, Everything Is Possible: On Truth and Power by Way of Socialist Realism",EXCLUDE,review/commentary; post-truth literary essay,1,W2982337810
W2984181293,10.1093/cvr/cvz276,2019,Tracing the path from social attention to scientific impact,EXCLUDE,off-topic; altmetrics editorial,1,W2984181293
W2985913318,10.1016/j.orcp.2019.09.001,2019,"Effects of weight stigma in news media on physical activity, dietary and weight loss intentions and behaviour",EXCLUDE,intervention/experiment only; message effects study,1,W2985913318
W2986365196,10.1186/s12910-019-0406-6,2019,Analysis of official deceased organ donation data casts doubt on the credibility of China’s organ transplant reform,EXCLUDE,off-topic; forensic audit of official statistics,1,W2986365196
W2986533913,10.1093/eurpub/ckz185.682,2019,Role of Social Media in vaccination debate about HPV: the VAC Medi+Board study,MAYBE,HPV Twitter study may report misinformation share or influencer concentration,2,W2986533913;W4232270755
W2986576322,10.1093/eurpub/ckz169,2019,Digitalization: potentials and pitfalls from a public health perspective,EXCLUDE,review/commentary; supplement editorial,1,W2986576322
W2986585763,10.1093/eurpub/ckz185.681,2019,Round table: Online anti-vaccination movements: the role of social media in public health communications,EXCLUDE,review/commentary; conference round table,1,W2986585763
W2986680836,10.1093/geroni/igz038.3252,2019,SOCIAL MEDIA RESOURCES FOR BILINGUAL CAREGIVERS OF STROKE SURVIVORS,EXCLUDE,off-topic; resource inventory with no accuracy coding,1,W2986680836
W2988818871,10.26643/rb.v118i11.11072,2019,Cyber Warfare and Its Impact on India’s National Security,EXCLUDE,review/commentary; security policy essay,1,W2988818871
W2988876393,10.4103/psychiatry.indianjpsychiatry_493_19,2019,Does the Lancet Medical Journal Legitimize Terrorism?,EXCLUDE,not a study; editorial rebuttal,1,W2988876393
W2989707422,10.5325/edgallpoerev.20.2.0324,2019,Poe in Cyberspace: How Much of the Internet Is Fake?,EXCLUDE,review/commentary; literary column,1,W2989707422
W2990423911,10.1097/phh.0000000000001125,2019,Social Media in Public Health Departments: A Vital Component of Community Engagement,EXCLUDE,review/commentary; practice commentary,1,W2990423911
W2990848269,10.1093/pastj/gtz042,2019,"Microhistories of Long-Distance Information: Space, Movement and Agency in the Early Modern News*",EXCLUDE,not a study; early modern news history essay,1,W2990848269
W2990912188,10.1097/dcc.0000000000000400,2019,Influenza: 100 Years of Knowledge,EXCLUDE,not a study; reflective editorial,1,W2990912188
W2991201953,10.1016/j.ijinfomgt.2019.102042,2019,Deep strategic mediatization: Organizational leaders’ knowledge and usage of social bots in an era of disinformation,MAYBE,bot knowledge/usage survey; construct unclear with no abstract,1,W2991201953
W2991347278,10.1108/ijes-08-2018-0038,2019,Patient experiences of UK ambulance service telephone triage: a review of the literature,EXCLUDE,review/commentary; literature review,1,W2991347278
W2991713571,10.5455/annalsmedres.2019.09.514,2019,The impact of social media news on the health perception of society,MAYBE,survey may report perceived misinformation exposure or unreliability,1,W2991713571
W2991775729,10.24135/hi.v3i2.62,2019,Raising the bar: a story of bean-to-bar chocolate production in New Zealand,EXCLUDE,off-topic; food production history,1,W2991775729
W2993342864,10.5325/jinfopoli.9.2019.0370,2019,Political Manipulation and Internet Advertising Infrastructure,EXCLUDE,review/commentary; advertising policy essay,2,W2993342864;W4237524536
W2994118639,10.1002/cl2.1063,2019,Harness the power of the DOI: Digital object identifiers and what they can do for you,EXCLUDE,not a study; DOI explainer,1,W2994118639
W2994814701,10.12957/publicum.2019.47199,2019,Net Neutrality matters: Privacy antibodies for information monopolies and mass profiling | Neutralidade da rede importa: anticorpos de privacidade para monopólios de informação e profiling em massa,EXCLUDE,off-topic; net neutrality legal analysis,1,W2994814701
W2995214683,10.3302/2421-3810-201902-062-1,2019,"«#BiblioVerifica», il blog a supporto del cittadino fact-checker",EXCLUDE,tool; description of a fact-checking blog,1,W2995214683
W2995408494,10.15407/econlaw.2019.04.090,2019,"PRINCIPLE ""QUANTITY — QUALITY — COST OF SERVICES"": ECONOMIC AND LEGAL CONDITIONS OF IMPLEMENTATION IN THE HOUSING AND COMMUNAL SPHERE OF THE CITY",EXCLUDE,off-topic; utility tariff policy,1,W2995408494
W2996036998,10.1525/jams.2019.72.3.912,2019,Review: Measuring Polyphony: Digital Encodings of Late Medieval Music,EXCLUDE,review/commentary; digital edition review,1,W2996036998
W2996603324,10.35467/sdq/110722,2019,The role of social media in emergency management during the 2019 flood in Poland,EXCLUDE,"off-topic: disaster social media use, no misinformation share",1,W2996603324
W2996665259,10.3837/tiis.2019.11.021,2019,Traceable Dynamic Public Auditing with Identity Privacy Preserving for Cloud Storage,EXCLUDE,off-topic: cloud storage auditing scheme,1,W2996665259
W2996699531,10.1111/1751-7915.13520,2019,The Home Clinic or All in a Day's Work of Dr. Fics,EXCLUDE,not a study: fictional clinical dialogue,1,W2996699531
W2996732419,10.1093/eurheartj/ehz845,2019,"The Key Laboratory of Pulmonary Vascular Medicine, Chinese Academy of Medical Sciences (KLPVM-CAMS)",EXCLUDE,off-topic: research laboratory profile,1,W2996732419
W2996759101,10.5858/arpa.2019-0211-ed,2019,The University of Mississippi Medical Center's Path for Quality Improvement,EXCLUDE,off-topic: hospital quality improvement editorial,1,W2996759101
W2997137444,10.1097/01.cot.0000652288.37858.5f,2019,FOCR Annual Meeting Focuses on New Drugs & Diagnostics,EXCLUDE,not a study: meeting news report,1,W2997137444
W2998264748,,2019,Documentaries Making a Difference: Communication Effects of Environmental Film and Television,EXCLUDE,off-topic: environmental documentary effects thesis,1,W2998264748
W2998985922,,2019,The Challenges of Algorithmically Assigning Fact-checks: A Sociotechnical Examination of Google's Reviewed Claims,EXCLUDE,"tool: fact-check matching evaluation, no misinformation prevalence",1,W2998985922
W3009505477,10.5325/steinbeckreview.16.2.v,2019,"Editor's Column: “the beacon thing”: Musings on John Steinbeck, America, and Light",EXCLUDE,not a study: editor's column,1,W3009505477
W3010433071,10.1080/23743670.2020.1729832,2019,Ethiopia’s Hate Speech Predicament: Seeking Antidotes Beyond a Legislative Response,EXCLUDE,no audience denominator: hate-speech policy interviews,1,W3010433071
W3036681737,,2019,« The next billion users»: el Estado frente a multinacionales voraces,EXCLUDE,review/commentary: internet governance policy essay,1,W3036681737
W3045096129,,2019,Quaranta anys de percepció social dels aliments i l’alimentació,EXCLUDE,review/commentary: retrospective on food perception,1,W3045096129
W3046935427,10.5210/spir.v2019i0.10999,2019,"FAKE NEWS DURING NATURAL DISASTER: INFORMATION FLOW, NEWS PRACTICES AND FACT-CHECKING IN INDONESIA",EXCLUDE,no audience denominator: newsroom fact-checking practices,1,W3046935427
W3047195202,10.5210/spir.v2019i0.11011,2019,"BOTS AMONG US: PREVALENCE, INFLUENCE, AND ROLES OF AUTOMATED ACCOUNTS IN THE GERMAN TWITTER FOLLOW NETWORK",MAYBE,bot prevalence in Twitter network; share reported unclear,1,W3047195202
W3047238509,10.5210/spir.v2019i0.10941,2019,"TRUST IN TAIWAN’S MEDIA ECOLOGY, AUDIENCE AND CIVIC ENGAGEMENT: 2018 TAIWANESE LOCAL ELECTIONS AND NATIONAL REFERENDA AS A CASE STUDY",MAYBE,panel includes fake news sharing survey and Twitter analysis,1,W3047238509
W3111921163,10.47315/archives2019.320.018,2019,The Archival Management in Conditions of Electronic Governance,EXCLUDE,off-topic: archival management under e-governance,1,W3111921163
W3121486005,,2019,ANÁLISIS DE LAS INICIATIVAS FACT-CHECKING EN ESPAÑA,EXCLUDE,no audience denominator: fact-checking initiative case study,2,W3121486005;W3166310188
W3132779256,10.1093/ndt/gfz163,2019,What does a PTH of 300 pg/mL actually mean?,EXCLUDE,off-topic: parathyroid hormone assay standardization,1,W3132779256
W3145625957,,2019,Sentiment analysis of German Twitter,EXCLUDE,detection/classifier: sentiment analysis methods thesis,1,W3145625957
W3167323178,,2019,Encryption can secure the right to privacy,EXCLUDE,review/commentary: encryption and privacy op-ed,1,W3167323178
W3213084053,,2019,Searching for truth in the post-truth era: an examination of detective fiction from Poe to present,EXCLUDE,off-topic: literary analysis of detective fiction,1,W3213084053
W3215388094,10.7282/t3-8xsa-0033,2019,Survey of political bots on Twitter,EXCLUDE,detection/classifier: political bot identification algorithm,1,W3215388094
W4205158992,10.1097/ede.0000000000001147,2019,Positive Epidemiology?,EXCLUDE,review/commentary: epidemiology editorial,1,W4205158992
W4229521965,10.1111/1471-0528.15868,2019,Insights from outside BJOG,EXCLUDE,off-topic: obstetrics research digest,1,W4229521965
W4233377239,10.5325/pennhistory.86.3.0450,2019,Announcements,EXCLUDE,not a study: journal announcements,1,W4233377239
W4236918815,10.5325/fscotfitzrevi.17.1.0248,2019,"The Great Gatsby: A Variorum EditionSave Me the WaltzGatsby's Oxford: Scott, Zelda, and the Jazz Age Invasion of Britain: 1904–1929F. Scott Fitzgerald's Short Fiction: From Ragtime to Swing Time",EXCLUDE,review/commentary: literary book reviews,1,W4236918815
W4241739759,10.1144/geosci2019-044,2019,Revamping doctoral training for a decarbonised future,EXCLUDE,off-topic: geoscience doctoral training,1,W4241739759
W4248873675,10.35940/ijitee.l3170.1081219,2019,Detecting Suspicious News over Social Media using Ant Colony Optimization,EXCLUDE,detection/classifier: suspicious news detection algorithm,1,W4248873675
W4250289112,10.1016/j.chest.2018.08.1067,2019,Response,EXCLUDE,not a study: journal correspondence reply,1,W4250289112
W4255765866,10.1111/1475-4932.12505,2019,News and Notices,EXCLUDE,not a study: society news and notices,1,W4255765866
W4324005989,10.1353/rht.2019.0015,2019,"Ancient Rhetorics and Digital Networks ed. by Michele Kennerly, Damien Smith Pfister",EXCLUDE,review/commentary: book review,1,W4324005989
W4402617605,10.5840/pcaa201975110,2019,The Age of Fragmentation: 100 Days of Trump’s Tweets through the Lens of Neil Postman,MAYBE,tweet content analysis with disinformation theme; share unclear,1,W4402617605
W4416619222,10.1108/dl-12-2019-0006,2019,Virtual Advising,EXCLUDE,off-topic: online academic advising,1,W4416619222
W4416619626,10.1108/dl-08-2019-0004,2019,Using Technology in Online Courses,EXCLUDE,off-topic: technology in online courses,1,W4416619626
W7131877352,10.63227/383.465.27,2019,Supervised Machine Learning Models for Fake News Detection,EXCLUDE,detection/classifier: supervised fake news models,1,W7131877352
W2917790100,10.1287/isre.2020.0925,2020,A Tangled Web: Should Online Review Portals Display Fraudulent Reviews?,MAYBE,Yelp fraudulent review analysis may report prevalence share,1,W2917790100
W2944852501,10.1109/tetc.2020.2983007,2020,A Blockchain-Powered Decentralized and Secure Computing Paradigm,EXCLUDE,off-topic: blockchain computing paradigm,1,W2944852501
W2954465731,10.1016/j.jpdc.2020.06.015,2020,Proof of witness presence: Blockchain consensus for augmented democracy in smart cities,EXCLUDE,off-topic: blockchain consensus protocol,1,W2954465731
W2985132411,10.4037/ajcc2020683,2020,Evidence-Based Review and Discussion Points,EXCLUDE,off-topic: organ donation decision-making review,1,W2985132411
W2991112347,,2020,Peer recognition increases user content generation but reduces content novelty,EXCLUDE,off-topic: Reddit peer recognition experiment,1,W2991112347
W2997218831,10.1016/s0140-6736(19)32624-8,2020,Careful governance of African biobanks,EXCLUDE,off-topic: biobank governance,1,W2997218831
W2999524823,10.1097/01.cot.0000653332.57878.b7,2020,Discussing Technology's Impact on Cancer Care,EXCLUDE,not a study: interview on cancer care technology,1,W2999524823
W3000297960,10.1002/adtp.201900211,2020,Advanced Therapeutics – from Drug‐Delivering Microrobots to Artificial Intelligence in Digital Health,EXCLUDE,not a study: journal editorial,1,W3000297960
W3000453599,10.1093/af/vfz054,2020,Philosophical ethics and the improvement of farmed animal lives,EXCLUDE,off-topic: farmed animal ethics,1,W3000453599
W3001303185,10.1016/j.jpainsymman.2019.12.309,2020,What’s On Your Mind? I Need Help: Identifying Social Media Resources Available to Caregivers of ALS Patients (S747),MAYBE,no abstract; ALS social media resource content analysis,1,W3001303185
W3002569576,10.5858/arpa.2019-0680-ed,2020,Pathologists Will Prevail,EXCLUDE,review/commentary: pathology job market editorial,1,W3002569576
W3003208201,10.1177/1461444820902446,2020,Propaganda through ‘reflexive control’ and the mediated construction of reality,EXCLUDE,review/commentary: propaganda theory essay,1,W3003208201
W3003219647,10.1097/01.hj.0000654928.79548.08,2020,Smartphone Apps for Tinnitus Management,EXCLUDE,"quality-score-only: tinnitus app ratings, no accuracy coding",1,W3003219647
W3003842970,10.1097/prs.0000000000006717,2020,Are Breast Implants Safe?,EXCLUDE,review/commentary: breast implant safety editorial,1,W3003842970
W3004785024,10.1080/10584609.2020.1716498,2020,"Wait, Haven’t We Been Here Before? A Method for Using History to Help Political Communication Scholarship",EXCLUDE,review/commentary: methodological essay on history,1,W3004785024
W3005053612,10.1002/jac5.1165,2020,Altmetrics: Not ready for PrimeTime?,EXCLUDE,review/commentary: altmetrics editorial,1,W3005053612
W3005302694,10.1055/s-0039-3401993,2020,HRI London 2019: Marking 10 Years of the Homeopathy Research Institute,EXCLUDE,not a study: conference report,1,W3005302694
W3006367773,,2020,The Skeptic's Guide to Sports Science: Confronting Myths of the Health and Fitness Industry,EXCLUDE,not a study: trade book,1,W3006367773
W3006609555,10.1093/grurint/ikaa002,2020,The Right to Be Forgotten is Taking Shape: CJEU Judgments in GC and Others (C-136/17) and Google v CNIL (C-507/17),EXCLUDE,review/commentary: case law analysis,1,W3006609555
W3006745836,10.5694/mja2.50511,2020,Bushfire smoke: urgent need for a national health protection strategy,EXCLUDE,off-topic: bushfire smoke health policy,1,W3006745836
W3007391026,10.7454/jps.2020.01,2020,Catatan dari Managing Editor,EXCLUDE,not a study: managing editor's note,1,W3007391026
W3008307100,10.1111/nbu.12423,2020,Championing evidence‐based nutrition science in the next decade,EXCLUDE,review/commentary: nutrition science editorial,1,W3008307100
W3009820143,10.1093/ijpor/edaa008,2020,The Bandwagon Effect in an Online Voting Experiment With Real Political Organizations,EXCLUDE,intervention/experiment: bandwagon poll voting experiment,1,W3009820143
W3010265377,10.5694/mja2.50530,2020,An outbreak of COVID ‐19 caused by a new coronavirus: what we know so far,EXCLUDE,off-topic: COVID-19 clinical overview,1,W3010265377
W3010780786,10.1093/ijpor/edaa001,2020,Concurrent Media News Use and Gender-Based Political Participation Inequality in a Low-Income Democracy,EXCLUDE,"off-topic: political participation, no misinformation measure",1,W3010780786
W3011111907,10.13189/ujer.2020.080315,2020,Negative Aspects of the Use of Infocommunication Technologies by Undergraduate Students of Engineering Academic Programs in a Regional Russian University,EXCLUDE,off-topic: student internet time use,1,W3011111907
W3011328163,10.17999/sohe.2020.73.05,2020,A Process of Exploring History Knowledge by Using the Internet of High School Students,EXCLUDE,off-topic: students' historical search practices,1,W3011328163
W3013358884,10.1186/s40537-020-0283-3,2020,Time-aware domain-based social influence prediction,EXCLUDE,detection/classifier: social influence and credibility prediction,1,W3013358884
W3013775754,10.22037/aaem.v8i1.605,2020,Information Diet in Covid-19 Crisis; a Commentary.,EXCLUDE,review/commentary: information diet commentary,1,W3013775754
W3014326968,10.1353/tech.2020.0016,2020,"Undone Science: Social Movements, Mobilized Publics, and Industrial Transitions by David J. Hess",EXCLUDE,review/commentary: book review,1,W3014326968
W3014501215,10.5694/mja2.50623,2020,From SARS to COVID ‐19: the Singapore journey,EXCLUDE,review/commentary: pandemic response account,1,W3014501215
W3014852049,10.1086/708543,2020,Introduction to Special Issue: Trust in Doubt: Consuming in a Post-Truth World,EXCLUDE,review/commentary: special issue introduction,1,W3014852049
W3014965082,,2020,"A Review of ""Neo-colonialism the last stage of imperialism""",EXCLUDE,review/commentary: essay on foreign interference,1,W3014965082
W3015393190,10.4103/ijmr.ijmr_846_20,2020,Time to revisit national response to pandemics,EXCLUDE,review/commentary: pandemic preparedness editorial,1,W3015393190
W3015972564,10.32628/ijsrst207226,2020,Article Recommendation and Comics Story Representation for Twitter User Based Preferences,EXCLUDE,tool: tweet recommendation system,1,W3015972564
W3016431153,10.1080/09720510.2020.1724623,2020,Beginning with exploring the way for rumor free social networks,EXCLUDE,detection/classifier: rumor detection heuristics,1,W3016431153
W3016560194,10.1089/jwh.2020.8472,2020,Sex and Gender Disparities in the COVID-19 Pandemic,EXCLUDE,review/commentary: COVID sex disparities commentary,1,W3016560194
W3016697875,10.1093/jtm/taaa057,2020,Negative impact of social media panic during the COVID-19 outbreak in India,EXCLUDE,review/commentary: letter on social media panic,1,W3016697875
W3016758761,10.4314/ejotmas.v7i1-2.4,2020,Geospatial data and artificial intelligence technologies as innovative communication tools for quality education and lifelong learning,EXCLUDE,off-topic: geospatial/AI exposure in education,1,W3016758761
W3016871615,10.1002/cyto.a.24015,2020,Mass Cytometry—A Tool for the Curious: Networking in Berlin,EXCLUDE,not a study: research network report,1,W3016871615
W3016939727,10.1371/journal.pone.0230843,2020,Reporting quality and spin in abstracts of randomized clinical trials of periodontal therapy and cardiovascular disease outcomes,MAYBE,share of RCT abstracts with misleading spin,1,W3016939727
W3017054376,10.1080/10811680.2020.1735194,2020,Regulating Social Media Platforms: A Comparative Policy Analysis,EXCLUDE,review/commentary: platform regulation policy analysis,1,W3017054376
W3017475611,10.1002/jmv.25933,2020,Does pandemic justify the use of hydroxychloroquine for treatment and prevention of COVID‐19 in India?,EXCLUDE,review/commentary: hydroxychloroquine commentary,1,W3017475611
W3018731406,10.1093/clinchem/hvaa107,2020,"SARS-CoV-2 Serology: Much Hype, Little Data",EXCLUDE,review/commentary: serology testing commentary,1,W3018731406
W3019231780,10.1093/cvr/cvaa108,2020,Postponement of Frontiers in Cardiovascular Biomedicine (FCVB) 2020 due to COVID-19: a look forward to 2021,EXCLUDE,not a study: congress postponement notice,1,W3019231780
W3020586896,10.34172/doh.2020.01,2020,Infodemic in the Global Coronavirus Crisis,EXCLUDE,review/commentary: infodemic editorial,1,W3020586896
W3020847852,10.1016/j.comnet.2020.107289,2020,ERRANT: Realistic emulation of radio access networks,EXCLUDE,off-topic: radio access network emulation,1,W3020847852
W3020864128,10.1111/criq.12522,2020,How our misunderstanding of the digital and computing revolutions puts democracy at risk (and what to do about it),EXCLUDE,review/commentary: essay on digital risk and democracy,1,W3020864128
W3020976375,10.1080/10410236.2020.1761074,2020,Epistemic Egocentrism and Processing of Vaccine Misinformation (Vis-à-vis Scientific Evidence): The Case of Vaccine-Autism Link,EXCLUDE,intervention/experiment: vaccine misinformation processing experiment,1,W3020976375
W3021484182,10.1038/s41409-020-0913-6,2020,COVID-19 pandemic and impact on hematopoietic stem cell transplantation,EXCLUDE,off-topic: stem cell transplantation during COVID,1,W3021484182
W3022316704,10.1016/j.urology.2020.04.100,2020,Is It All in My Head? Self-reported Psychogenic Erectile Dysfunction and Depression Are Common Among Young Men Seeking Advice on Social Media,EXCLUDE,off-topic: erectile dysfunction and depression prevalence,1,W3022316704
W3022810073,10.1016/j.carage.2020.04.002,2020,Empowering Staff and Partnering with Families in the Midst of a Pandemic,EXCLUDE,off-topic: long-term care practice piece,1,W3022810073
W3024613819,10.3233/jifs-179795,2020,Application of deep learning and BP neural network sorting algorithm in financial news network communication,EXCLUDE,off-topic: news page ranking algorithm,1,W3024613819
W3024871347,10.2196/15623,2020,Insights From Twitter Conversations on Lupus and Reproductive Health: Protocol for a Content Analysis,MAYBE,lupus Twitter content analysis protocol; misinformation share possible,1,W3024871347
W3024982094,10.1136/postgradmedj-2020-138027,2020,Clinical and health policy challenges in responding to the COVID-19 pandemic,EXCLUDE,review/commentary: COVID clinical policy overview,1,W3024982094
W3025524192,10.1097/phh.0000000000001196,2020,Building Local Health Department COVID-19 Emergency and Risk Communications Capacity,EXCLUDE,review/commentary: risk communication capacity piece,1,W3025524192
W3025530518,10.1111/jgs.16569,2020,Not Wasting a Crisis: How Geriatrics Clinical Research Can Remain Engaged During COVID ‐19,EXCLUDE,review/commentary: research continuity letter,1,W3025530518
W3025698381,10.1029/2019tc006016,2020,Comment on “Active Crustal Deformation in the Trans‐Mexican Volcanic Belt as Evidenced by Historical Earthquakes During the Last 450 Years” by G. Suárez et al.,EXCLUDE,off-topic: earthquake geology comment,1,W3025698381
W3025911241,10.1111/bioe.12772,2020,Queries on the COVID‐19 quick publishing ethics,EXCLUDE,review/commentary: publishing ethics commentary,1,W3025911241
W3025996306,10.1093/pm/pnaa181,2020,"Pain Medicine Goes Digital: A Lamentation on COVID-19, the Printing Press, and the 21st Century",EXCLUDE,review/commentary: journal transition editorial,1,W3025996306
W3027557748,10.1188/20.cjon.290-295,2020,"Pediatric Patients and Dietary Choices: Examining Alternative Options, Decision Making, and Misinformation",EXCLUDE,review/commentary: narrative review of alternative diets,1,W3027557748
W3029245650,10.1097/prs.0000000000006846,2020,Quality Improvement Perspective: What Is Quality in Plastic Surgery?,EXCLUDE,review/commentary: surgical quality perspective,1,W3029245650
W3030581814,10.1002/fsat.3404_3.x,2020,From the President and IFST News,EXCLUDE,not a study: society president's column,8,W3030581814;W4205571937;W4241912647;W4281847926;W4294043781;W4323556865;W4379052360;W4402242935
W3030788861,10.1002/wcc.656,2020,Social scientific knowledge in times of crisis: What climate change can learn from coronavirus (and vice versa),EXCLUDE,review/commentary: crisis knowledge essay,1,W3030788861
W3033073618,10.1002/eji.202070065,2020,"French Immunology: from Louis Pasteur to present, always driving forward",EXCLUDE,not a study: society history piece,1,W3033073618
W3033085475,10.1111/j.1750-4910.2020.tb00564.x,2020,A Primer on Preprints,EXCLUDE,review/commentary: primer on preprints,1,W3033085475
W3033516737,10.7176/nmmc.vol9023-34,2020,"Coronavirus (COVID-19)""infodemic"" in the Social Media: A Survey of Kenya International Students in China",INCLUDE,survey of students on COVID-19 misinformation on social media,2,W3033516737;W4240399952
W3033881163,10.1097/01.hj.0000669856.72319.7c,2020,"Audiological Needs, Solutions in COVID-19",EXCLUDE,off-topic: audiology services commentary,1,W3033881163
W3033928830,10.1111/jocn.15365,2020,COVID‐19: Lessons to be learnt from a once‐in‐a‐century global pandemic,EXCLUDE,review/commentary: pandemic lessons editorial,1,W3033928830
W3035534826,,2020,Freedom of Speech and the Directive on Copyright in the Digital Single Market,EXCLUDE,off-topic: copyright directive news discourse,1,W3035534826
W3035589402,10.1093/joc/jqaa012,2020,Speaking Across Communication Subfields,EXCLUDE,not a study: special-issue editorial,1,W3035589402
W3035640638,10.1093/biosci/biaa051,2020,The Conundrum of Academic Publishing,EXCLUDE,off-topic: academic publishing feature,1,W3035640638
W3035801558,10.1016/s2215-0366(20)30228-5,2020,Multidisciplinary research priorities for the COVID-19 pandemic,EXCLUDE,review/commentary: research priorities position paper,1,W3035801558
W3035835256,10.1016/s2589-7500(20)30144-8,2020,Observational study of UK mobile health apps for COVID-19,EXCLUDE,"off-topic: app features, no accuracy coding",1,W3035835256
W3036134928,10.1249/fit.0000000000000581,2020,Championing Whole-Food and Plant-Based Diets: The Role of the Health and Fitness Professional,EXCLUDE,off-topic: diet practice column,1,W3036134928
W3036144303,10.1111/ajps.12535,2020,Partisan Gaps in Political Information and Information‐Seeking Behavior: Motivated Reasoning or Cheerleading?,MAYBE,browsing data on partisan information search; unclear if misinformation share,1,W3036144303
W3036152865,10.1109/access.2020.3003697,2020,Reliability-Aware Multi-Source Multicast Hybrid Routing in Softwarized Networks,EXCLUDE,off-topic: network routing engineering,1,W3036152865
W3036284347,,2020,Dynamic Fraud Detection via Sequential Modeling,EXCLUDE,detection/classifier: fraud detection models,1,W3036284347
W3037419174,,2020,Mitigating Fake Digital Media and Quality Assurance,EXCLUDE,tool: ML content-filtering system,1,W3037419174
W3037649434,10.1093/milmed/usaa158,2020,A Leader’s Guide to Crisis Communication: Lessons from Ebola for COVID-19,EXCLUDE,review/commentary: crisis communication guidance,1,W3037649434
W3037732196,10.3928/01484834-20200617-06,2020,An Examination of Nursing Students' Knowledge About Organ Donation,EXCLUDE,"belief/attitude only: myth knowledge, no exposure measure",1,W3037732196
W3039285782,10.1093/eurheartj/ehaa369,2020,The ESC Working Group on Myocardial Function,EXCLUDE,off-topic: cardiology working group note,1,W3039285782
W3040834157,10.1111/jopp.12226,2020,Democracy without Enlightenment: A Jury Theorem for Evaluative Voting*,EXCLUDE,not a study: political theory jury theorem,1,W3040834157
W3041478418,10.1093/labmed/lmaa035,2020,The History of Laboratory Medicine Part 4: 2004–2012; A New Journal for the New Century,EXCLUDE,off-topic: journal history,1,W3041478418
W3042212761,10.4103/amjm.amjm_26_20,2020,Population outreach program in controlling COVID-19 through social media,EXCLUDE,review/commentary: letter on social media outreach,1,W3042212761
W3042415665,10.1176/appi.pn.2020.7b21,2020,APA Collaborates to Build Practice-Based Research Network to Fight Opioid Epidemic,EXCLUDE,off-topic: association news item,1,W3042415665
W3042554030,10.1176/appi.pn.2020.6a3,2020,Phone CBT Effective for Patients With Parkinson’s Disease,EXCLUDE,off-topic: CBT trial news item,1,W3042554030
W3042611456,10.17645/pag.v8i3.2925,2020,Who Uses Right-Wing Alternative Online Media? An Exploration of Audience Characteristics,INCLUDE,"survey prevalence of right-wing alternative online media use, cross-national",1,W3042611456
W3042974357,10.37074/jalt.2020.3.1.19,2020,COmmunication’s ROugh NAvigations: ‘Fake’ news in a time of a global crisis,EXCLUDE,review/commentary: conceptual piece on fake news literacy,1,W3042974357
W3043531713,10.1007/s11192-020-03613-3,2020,"Can social media usage of scientific literature predict journal indices of AJG, SNIP and JCR? An altmetric study of economics",EXCLUDE,off-topic: altmetrics and journal indices,1,W3043531713
W3044984972,10.21274/ls.v12i1.3163,2020,ANALYSIS OF VERB TENSES ERRORS OF NON-ENGLISH STUDENTS’ WRITING,EXCLUDE,off-topic: 'misinformation' is a grammar error type,1,W3044984972
W3045178667,10.1089/hs.2020.0091,2020,Combat Stress Management and Resilience: Adapting Department of Defense Combat Lessons Learned to Civilian Healthcare during the COVID-19 Pandemic,EXCLUDE,off-topic: clinician stress commentary,1,W3045178667
W3045528870,10.1016/j.carage.2020.07.017,2020,Honesty Is the Best Policy,MAYBE,no abstract; title too vague to exclude with certainty,1,W3045528870
W3045777136,10.1111/tri.13709,2020,Dealing with uncertainty after transplantation in times of COVID‐19,EXCLUDE,review/commentary: transplant uncertainty piece,1,W3045777136
W3046237455,10.1093/ajhp/zxaa257,2020,"Searching for COVID-19 treatments: First, do no harm",EXCLUDE,review/commentary: COVID treatment editorial,1,W3046237455
W3046286136,10.26808/rs.rm.i10v4.02,2020,THE IMPORTANCE OF INFORMATION AND COMMUNICATION TECHNOLOGIES (ICTS) IN ZIMBABWE: A CASE STUDY OF SOCIAL MEDIA IN THE TOURISM AND HOSPITALITY SECTOR.,EXCLUDE,off-topic: social media in tourism marketing,1,W3046286136
W3046461780,10.1097/01.cot.0000695712.17799.e5,2020,New ACCC Report Spotlights the Expansion of Immunotherapies,EXCLUDE,off-topic: oncology report summary,1,W3046461780
W3046882704,10.1016/j.jsmc.2020.05.002,2020,Implementation of Synchronous Telemedicine into Clinical Practice,EXCLUDE,off-topic: telemedicine implementation,1,W3046882704
W3047107545,10.1016/s2589-7500(20)30194-1,2020,Could telemedicine solve the cancer backlog?,EXCLUDE,off-topic: telemedicine and cancer backlog,1,W3047107545
W3047248372,10.1093/idpl/ipaa009,2020,Governing machine-learning models: challenging the personal data presumption,EXCLUDE,off-topic: data protection law analysis,1,W3047248372
W3047403356,10.5430/ijba.v11n5p1,2020,Artificial Intelligence and the 2020 Municipal Elections in Brazil,EXCLUDE,not a study: legal/conceptual essay on AI and elections,1,W3047403356
W3047593655,10.24989/ocg.338.27,2020,Regulatory approaches to social media,EXCLUDE,not a study: platform regulation presentation,1,W3047593655
W3047661400,10.1093/heapro/daaa078,2020,‘Collaborate now with worldwide physicians and scientists!’—the obscenity of predatory science,EXCLUDE,review/commentary: predatory publishing editorial,1,W3047661400
W3047847161,10.1111/bdi.12981,2020,Psychological therapies and psychoeducational recommendations for bipolar disorder treatment during COVID‐19 pandemic,EXCLUDE,off-topic: bipolar treatment recommendations,1,W3047847161
W3048202128,10.1111/1467-8675.12527,2020,"Memory production, vandalism, violence: Civil society and lessons from a short life of a monument to Stalin",EXCLUDE,off-topic: monument vandalism and memory politics,1,W3048202128
W3048276999,10.1016/j.vaccine.2020.07.072,2020,“Vaccines for pregnant women…?! Absurd” – Mapping maternal vaccination discourse and stance on social media over six months,MAYBE,social media stance mapping; may report share of anti-vaccine content,1,W3048276999
W3048346867,10.1089/hs.2020.0120,2020,Picking Up the Pieces: Healthcare Quality in a Post-COVID-19 World,EXCLUDE,review/commentary: healthcare quality piece,1,W3048346867
W3048449908,10.1162/afar_a_00534,2020,Some Preliminary Responses to “Beyond Single Stories”,EXCLUDE,off-topic: African art scholarship responses,1,W3048449908
W3048598903,10.4103/ijam.ijam_51_20,2020,Graduate medical education: A walk in our shoes during the COVID-19 pandemic,EXCLUDE,off-topic: medical education during COVID,1,W3048598903
W3048876564,10.36401/iddb-20-01,2020,“Najia” Story: A WhatsApp Support Group For Patients With Breast Cancer,EXCLUDE,off-topic: WhatsApp cancer support group,1,W3048876564
W3048980451,10.6007/ijarbss/v10-i3/7053,2020,Media Literacy Dimension in Reinforcing Political Participation Integrity Among Young People in Social Media,MAYBE,student survey may report share reporting fake-news spreading,1,W3048980451
W3049602904,10.1111/isj.12304,2020,"An intertwined perspective on technology and digitised individuals: Linkages, needs and outcomes",EXCLUDE,not a study: editorial on digitised individuals,1,W3049602904
W3064629709,10.1093/cid/ciaa1213,2020,Implications of Coronavirus Disease 2019 (COVID-19) Antibody Dynamics for Immunity and Convalescent Plasma Therapy,EXCLUDE,off-topic: antibody dynamics commentary,1,W3064629709
W3076458421,,2020,Evaluating the Quality of Information Found in the Most Common Health Websites in Google Using DISCERN and CRAAP,MAYBE,quality rating of top health websites; CRAAP includes accuracy dimension,1,W3076458421
W3080101048,10.1002/bies.202000186,2020,The Future of the World Wide Web: Wikipedia or Whatsapp?,EXCLUDE,review/commentary: letter on web and publishing,1,W3080101048
W3080156230,10.1146/knowable-082120-1,2020,The race to develop paper-based tests for coronavirus,EXCLUDE,off-topic: diagnostic test development,1,W3080156230
W3080239747,10.2147/rmhp.s257473,2020,An Extensive Search Trends-Based Analysis of Public Attention on Social Media in the Early Outbreak of COVID-19 in China,MAYBE,counts rumours alongside search indices; possible content prevalence,2,W3080239747;W4319451199
W3080261522,10.1016/j.ipm.2020.102370,2020,An incentive-aware blockchain-based solution for internet of fake media things,EXCLUDE,tool: blockchain solution for fake media,1,W3080261522
W3080289611,10.1215/00295132-8309641,2020,The Matter of Aesthetic Experience,EXCLUDE,off-topic: literary aesthetics review,1,W3080289611
W3080988523,10.2459/jcm.0000000000001099,2020,Trials and tribulations of coronavirus disease-2019 research: with a few bright lights in the fog,EXCLUDE,review/commentary: COVID trial quality editorial,1,W3080988523
W3081208822,10.1002/jimd.12305,2020,View from inside: When multiple sulfatase deficiency changes everything about how you live and becomes your life,EXCLUDE,off-topic: patient narrative on rare disease,1,W3081208822
W3081301285,10.1162/asep_a_00795,2020,Comparing COVID-19 Control in the Asia-Pacific and North Atlantic Regions*,EXCLUDE,off-topic: cross-regional epidemic control,1,W3081301285
W3081531099,10.1111/bcp.14526,2020,Supporting frontline clinicians in the time of the pandemic: Rapid response pharmacology team,EXCLUDE,off-topic: clinical pharmacology service,1,W3081531099
W3081799889,10.24940/theijst/2020/v8/i4/st2004-015,2020,Coronavirus and Social Media: A Heuristic Approach in the Face of Pandemic,EXCLUDE,review/commentary: discursive essay on social media,1,W3081799889
W3082129780,10.1007/s10346-020-01513-4,2020,Landslide detection by deep learning of non-nadiral and crowdsourced optical images,EXCLUDE,detection/classifier: landslide image recognition,1,W3082129780
W3082146806,10.1093/eurheartj/ehaa667,2020,Closing Comments: Thomas F Lüscher talks to CardioPulse about a Decade of Exciting Development at the European Heart Journal,EXCLUDE,not a study: editor interview,1,W3082146806
W3082229420,10.1093/ibd/izaa212,2020,Management of Inflammatory Bowel Disease and COVID-19 in New York City 2020: The Epicenter of IBD in the First Epicenter of the Global Pandemic,EXCLUDE,off-topic: IBD clinical practice experience,1,W3082229420
W3082916558,10.25200/bjr.v16n2.2020.1212,2020,JOURNALISM AND FACT-CHECKING: typification of sources used for checking and criteria for selecting fact-checked material – an analysis by Agência Lupa and Aos Fatos,MAYBE,fact-check corpus analysis; may report share rated false,1,W3082916558
W3083931901,10.1215/00029831-8616211,2020,Our Beloved Kin: A New History of King Philip’s WarLiterary Indians: Aesthetics and Encounter in American Literature to 1920Unscripted America: Indigenous Languages and the Origins of a Literary NationModernity and Its Other: The Encounter with North American Indians in the Eighteenth Century,EXCLUDE,not a study: book review essay,1,W3083931901
W3083943571,10.1093/ppar/praa023,2020,"Age-Related Vulnerability to Coronavirus Disease 2019 (COVID-19): Biological, Contextual, and Policy-Related Factors",EXCLUDE,off-topic: age and COVID mortality,1,W3083943571
W3083963357,10.36517/2525-3468.ip.v5i1.2020.43238.33-53,2020,Admirável mundo novo da ética da informação 2.0 em tempos de fake news,EXCLUDE,not a study: information-ethics essay,1,W3083963357
W3084110275,10.1016/j.cose.2020.102022,2020,Are public intrusion datasets fit for purpose characterising the state of the art in intrusion event datasets,EXCLUDE,off-topic: intrusion detection datasets,1,W3084110275
W3084158305,10.1215/00029831-8616247,2020,The Civil War Dead and American ModernityBattle Lines: Poetry and Mass Media in the U.S. Civil WarI Remain Yours: Common Lives in Civil War LettersThe Literature of Reconstruction: Not in Plain Black and White,EXCLUDE,not a study: book review essay,1,W3084158305
W3084233632,10.1093/ppar/praa022,2020,Always Essential: Valuing Direct Care Workers in Long-Term Care,EXCLUDE,off-topic: long-term care workforce,1,W3084233632
W3084764202,10.1177/0003134820940772,2020,The American College of Surgeons Response to the COVID-19 Pandemic (Part III): Leadership in a Time of Crisis,EXCLUDE,off-topic: professional society pandemic response,1,W3084764202
W3085864701,10.4103/ijmr.ijmr_3640_20,2020,Revisiting regulatory framework in India for accelerated vaccine development in pandemics with an evidence-based fast-tracking strategy,EXCLUDE,off-topic: vaccine regulatory framework,1,W3085864701
W3086060491,10.1097/hs9.0000000000000465,2020,COVID‐19 – Impact on Childhood Haematology Patients,EXCLUDE,off-topic: paediatric haematology and COVID,1,W3086060491
W3087130062,10.11648/j.ajdmkd.20200502.11,2020,Distinguishing True and Fake News by Using Text Mining and Machine Learning Algorithm,EXCLUDE,detection/classifier: fake news text mining,1,W3087130062
W3087837069,10.1016/j.ajo.2020.07.028,2020,Resident Perspectives on COVID-19: Three Takeaways,EXCLUDE,review/commentary: resident perspective piece,1,W3087837069
W3088134315,10.1162/daed_e_01813,2020,"Introduction: Paths to Witnessing, Ethics of Speaking Out",EXCLUDE,not a study: issue introduction essay,1,W3088134315
W3088789293,,2020,COVID-19: Mass and individual psychology and psychopathology,EXCLUDE,not a study: opinion essay on mass psychology,1,W3088789293
W3088789383,10.1386/jdmp_00029_1,2020,Addressing platform power: The politics of competition policy,EXCLUDE,not a study: competition policy case study,1,W3088789383
W3088859497,10.1093/pa/gsaa033,2020,From Bad to Worse? The Media and the 2019 Election Campaign,MAYBE,election media analysis; may quantify misinformation reach,1,W3088859497
W3088876431,10.3168/jds.2020-18408,2020,Exploring Chinese consumers' attitudes toward traceable dairy products: A focus group study,EXCLUDE,off-topic: consumer focus groups on dairy traceability,1,W3088876431
W3088932177,10.1093/pa/gsaa026,2020,"How Niche Parties React to Losing Their Niche: The Cases of the Brexit Party, the Green Party and Change UK",EXCLUDE,off-topic: niche party electoral strategy,1,W3088932177
W3088933666,10.4103/jomfp.jomfp_285_20,2020,Curbing COVID-19: Kerala model,EXCLUDE,review/commentary: Kerala pandemic response,1,W3088933666
W3089036524,10.1093/pa/gsaa029,2020,A Transparent Digital Election Campaign? The Insights and Significance of Political Advertising Archives for Debates on Electoral Regulation,MAYBE,political ad archive analysis; may quantify misleading ads,1,W3089036524
W3089204571,10.1093/cvr/cvaa262,2020,Picking up the pace: another record high impact factor for Cardiovascular Research,EXCLUDE,not a study: journal impact factor editorial,1,W3089204571
W3089352364,10.2196/21980,2020,Application of Big Data Technology for COVID-19 Prevention and Control in China: Lessons and Recommendations,EXCLUDE,off-topic: big data for epidemic control,1,W3089352364
W3089671806,10.1086/711896,2020,A View from Inside: Insights on Consumer Behavior during a Global Pandemic,EXCLUDE,not a study: special issue introduction,1,W3089671806
W3089703818,10.1007/s13278-020-00696-x,2020,Deep learning for misinformation detection on online social networks: a survey and new perspectives,EXCLUDE,detection/classifier: deep learning survey,1,W3089703818
W3091288177,10.1097/dcc.0000000000000447,2020,Tracking a Vaccine and Developing Therapeutics for COVID-19,EXCLUDE,off-topic: vaccine and therapeutics development,1,W3091288177
W3091513336,10.4103/injr.injr_38_20,2020,Journal Metrics: Different from Author Metrics,EXCLUDE,off-topic: bibliometric journal metrics,1,W3091513336
W3091585647,10.1093/eurpub/ckaa181,2020,"Early lessons from COVID-19 response and shifts in authority: public trust, policy legitimacy and political inclusion",EXCLUDE,review/commentary: governance and public trust essay,1,W3091585647
W3091713371,10.1109/jiot.2020.3027440,2020,FTM-IoMT: Fuzzy-Based Trust Management for Preventing Sybil Attacks in Internet of Medical Things,EXCLUDE,detection/classifier: Sybil attack trust management,1,W3091713371
W3091836617,10.7916/vib.v6i.6165,2020,Hindsight is 20/20,EXCLUDE,review/commentary: pandemic preparedness opinion,1,W3091836617
W3091882952,10.1097/qai.0000000000002520,2020,What the HIV Pandemic Experience Can Teach the United States About the COVID-19 Response,EXCLUDE,review/commentary: HIV lessons for COVID,1,W3091882952
W3091884603,10.4103/ijsp.ijsp_226_20,2020,"Debating the process, impact, and handling of social and health determinants of the COVID-19 pandemic",EXCLUDE,review/commentary: pandemic determinants debate,1,W3091884603
W3091946553,10.1371/journal.pone.0239826,2020,Comparing covariation among vaccine hesitancy and broader beliefs within Twitter and survey data,MAYBE,survey plus coded tweets on vaccine beliefs; possible content prevalence,1,W3091946553
W3092292942,10.1093/eurpub/ckaa165.570,2020,Youth-led efforts against infodemic,EXCLUDE,no audience denominator: inventory of fact-checking initiatives,1,W3092292942
W3092396124,10.5210/spir.v2020i0.11114,2020,STUDYING YOUTH ONLINE POLITICAL EXPRESSION: EMPIRICAL FINDINGS AND METHODOLOGICAL CONSIDERATIONS,EXCLUDE,not a study: conference panel description,1,W3092396124
W3092550800,10.4103/ijpvm.ijpvm_215_20,2020,‘Infodemic’ During COVID-19 Pandemic: Troubleshooting the Trouble in Troubled Time Through Primary Care Activism,EXCLUDE,review/commentary: infodemic letter to editor,1,W3092550800
W3092576173,10.5210/spir.v2020i0.11132,2020,‘COORDINATED INAUTHENTIC BEHAVIOUR’ AND OTHER ONLINE INFLUENCE OPERATIONS IN SOCIAL MEDIA SPACES,MAYBE,panel includes junk news distribution and malinformation engagement estimates,1,W3092576173
W3092591785,10.5210/spir.v2020i0.11306,2020,COMMUNICATING MARKETS: COMPETITION POLICY DISCOURSE AND DIGITAL PLATFORM POWER,EXCLUDE,not a study: competition policy discourse case study,1,W3092591785
W3092788870,10.1111/1758-2229.12897,2020,"Space, time and microdiversity: towards a resolution revolution in microbiomics",EXCLUDE,off-topic: microbiome science outlook,1,W3092788870
W3092829675,10.1093/ppar/praa030,2020,How Elections Under COVID-19 May Change the Political Engagement of Older Voters,EXCLUDE,off-topic: voting methods and older voters,1,W3092829675
W3093596103,10.5260/chara.22.2.5,2020,Academic Video Online (AVON),EXCLUDE,not a study: database review,1,W3093596103
W3094208735,10.1093/labmed/lmaa093,2020,"Scientific Evidence, Medical Practice, and the Insidious Danger of Anecdotal Reports",EXCLUDE,review/commentary: editorial on anecdotal evidence,1,W3094208735
W3094361160,10.1093/ajcp/aqaa192,2020,Reversing Historical Trends,EXCLUDE,off-topic: pathology workforce diversity editorial,1,W3094361160
W3094392940,10.1002/edm2.110,2020,"Liver disease, the Swiss army knife of comorbidity: A patient perspective from the grass roots",EXCLUDE,off-topic: liver disease patient perspective,1,W3094392940
W3094617965,10.25215/0804.003,2020,Understanding the impact of COVID-19 on adolescents in India,EXCLUDE,"off-topic: adolescent psychological impact, no misinformation measure",1,W3094617965
W3095215162,10.1111/imj.15064,2020,Hydroxychloroquine for coronavirus: how not to repurpose a drug during a pandemic,EXCLUDE,review/commentary: drug repurposing editorial,1,W3095215162
W3095354414,10.1002/csan.20317,2020,Potatoes in a Pandemic,EXCLUDE,off-topic: potato supply chain feature,1,W3095354414
W3095791196,10.4103/ipj.ipj_64_20,2020,Mental health aspects of pandemics with special reference to COVID-19,EXCLUDE,review/commentary: mental health of pandemics review,1,W3095791196
W3096105851,10.3390/app10217541,2020,Ensemble Deep Learning on Time-Series Representation of Tweets for Rumor Detection in Social Media,EXCLUDE,detection/classifier: rumour detection models,1,W3096105851
W3096184111,10.33008/ijcmr.202016,2020,Language in a meme economy,EXCLUDE,not a study: artist essay on meme economy,1,W3096184111
W3096372982,10.2174/2666255813999201102192834,2020,ESBLA: An Edge-Significance Based Modified Louvain Algorithm for Event Detection from Tweets,EXCLUDE,detection/classifier: event detection algorithm,1,W3096372982
W3097598830,,2020,Why community-driven AI is the future,EXCLUDE,not a study: community AI position piece,1,W3097598830
W3099860263,10.1093/eurheartj/ehaa838,2020,The European Heart Journal – Digital Health,EXCLUDE,not a study: new journal announcement,1,W3099860263
W3099932286,10.3389/feduc.2020.565062,2020,"How Do University Students’ Web Search Behavior, Website Characteristics, and the Interaction of Both Influence Students’ Critical Online Reasoning?",MAYBE,browsing logs coded for website quality; possible share of low-quality visits,1,W3099932286
W3100762653,10.4103/idoj.idoj_292_20,2020,Indian dermatologists wield technology to combat COVID-19!,EXCLUDE,review/commentary: teledermatology piece,1,W3100762653
W3102346706,10.1097/opx.0000000000001617,2020,Referees: An Endangered Species,EXCLUDE,review/commentary: editorial on gatekeeping,1,W3102346706
W3102674998,10.1097/hs9.0000000000000500,2020,Change is Coming: Plan S From the Early Career Scientist Perspective,EXCLUDE,off-topic: open access policy opinion,1,W3102674998
W3103651902,10.17230/ingciencia.16.32.7,2020,Towards Smart-City Implementation for Crisis Management in Fast-Growing and Unplanned Cities: the Colombian Scenario,EXCLUDE,off-topic: smart-city crisis management review,1,W3103651902
W3105887359,10.23916/0020200528830,2020,The impact of social media access and anxiety among indonesia society during covid-19 outbreak,EXCLUDE,"off-topic: anxiety survey, no misinformation exposure measure",1,W3105887359
W3106222645,10.1002/lol2.10168,2020,Wikipedia can help resolve information inequality in the aquatic sciences,EXCLUDE,review/commentary: Wikipedia advocacy piece,1,W3106222645
W3106751589,10.1542/peds.2020-023861yyy,2020,Telehealth Delivery of Adherence and Medication Management System Improves Outcomes in Inner-City Children With Asthma,EXCLUDE,off-topic: pediatric asthma telehealth,1,W3106751589
W3106870691,10.1176/appi.pn.2020.12a15,2020,"Antipsychotic Use in Young Children Declining, but Concerning Trends Remain",EXCLUDE,off-topic: pediatric antipsychotic prescribing,1,W3106870691
W3107039501,10.1525/abt.2020.82.8.542,2020,Sorting Fact from Fiction,EXCLUDE,not a study: classroom media-literacy lesson plan,1,W3107039501
W3107307237,10.1542/peds.2020-023861k,2020,Association Between Early-Childhood Antibiotic Exposure and Subsequent Asthma in the US Medicaid Population,EXCLUDE,off-topic: antibiotics and childhood asthma,1,W3107307237
W3107310499,10.1542/peds.2020-023861w,2020,"Electronic Vapor Products, Marijuana Use, Smoking, and Asthma in US Adolescents",EXCLUDE,off-topic: vaping and adolescent asthma,1,W3107310499
W3107334401,,2020,Fake News Identification System,EXCLUDE,detection/classifier: fake-news identification system,1,W3107334401
W3107392211,10.5694/mja2.50855,2020,Changes in medical scientific publication associated with the COVID‐19 pandemic,EXCLUDE,"off-topic: bibliometrics of COVID publications, no accuracy coding",1,W3107392211
W3107417925,10.1542/peds.2020-023861i,2020,Rhinovirus Type in Severe Bronchiolitis and the Development of Asthma,EXCLUDE,off-topic: rhinovirus and asthma,1,W3107417925
W3107636550,10.1002/cncy.22394,2020,COVID‐19 and cancer care: What have we learned?,EXCLUDE,off-topic: COVID and cancer care,1,W3107636550
W3107793483,10.3389/fpubh.2020.583408,2020,Longitudinal Evidence of How Media Audiences Differ in Public Health Perceptions and Behaviors During a Global Pandemic,EXCLUDE,"off-topic: news-channel exposure, no misinformation measure",1,W3107793483
W3107806352,10.1176/appi.pn.2020.12a24,2020,Pandemic Allows Vast Natural Experiment in Socially Distant Psychotherapy,EXCLUDE,off-topic: tele-psychotherapy,1,W3107806352
W3107949512,10.21009/jpud.142.01,2020,Understanding Teacher's Perspectives in Media Literacy Education as an Empowerment Instrument of Blended Learning in Early Childhood Classroom,EXCLUDE,off-topic: media-literacy teaching perspectives,1,W3107949512
W3108062509,10.1080/1461670x.2020.1847681,2020,Understanding the Audience Turn in Journalism: From Quality Discourse to Innovation Discourse as Anchoring Practices 1995–2020,EXCLUDE,off-topic: qualitative study of journalism practice,1,W3108062509
W3108097071,10.1542/peds.2020-023861ii,2020,Staphylococcus aureus Antibiotic Susceptibility Patterns in Pediatric Atopic Dermatitis,EXCLUDE,off-topic: pediatric atopic dermatitis microbiology,1,W3108097071
W3108219176,10.1542/peds.2020-023861qqq,2020,The Effect of Dog Allergen Exposure on Asthma Morbidity Among Inner-City Children With Asthma,EXCLUDE,off-topic: dog allergen and asthma,1,W3108219176
W3108293930,10.1542/peds.2020-023861q,2020,Racial Disparities in Allergic Outcomes Persist to Age 10 Years in Black and White Children,EXCLUDE,off-topic: racial disparities in allergy,1,W3108293930
W3108373968,10.1542/peds.2020-023861bb,2020,The Prevalence and Persistence of Atopic Dermatitis in Urban US Children,EXCLUDE,off-topic: atopic dermatitis prevalence,1,W3108373968
W3108425425,10.1542/peds.2020-023861y,2020,Non–β-Lactam Antibiotic Hypersensitivity Reactions,EXCLUDE,off-topic: antibiotic hypersensitivity,1,W3108425425
W3108498115,10.1542/peds.2020-023861l,2020,Early-Life Antibiotic Exposure and Childhood Food Allergy: A Systematic Review,EXCLUDE,off-topic: antibiotics and food allergy,1,W3108498115
W3108524337,10.1542/peds.2020-023861dd,2020,Markers of Microbial Exposure Lower the Incidence of Atopic Dermatitis,EXCLUDE,off-topic: microbial exposure and dermatitis,1,W3108524337
W3108541079,10.1542/peds.2020-023861c,2020,Association Between Folate Metabolites and the Development of Food Allergy in Children,EXCLUDE,off-topic: folate and food allergy,1,W3108541079
W3108644973,10.1542/peds.2020-023861aaa,2020,Home-based Cow’s Milk Reintroduction Using a Milk Ladder in Children <3 Years Old With IgE-Mediated Cow’s Milk Allergy,EXCLUDE,off-topic: cow's milk reintroduction,1,W3108644973
W3108702041,10.1542/peds.2020-023861ww,2020,Quality of Life in Food Allergic Children: Results From 174 Quality-Of-Life Patient Questionnaires,EXCLUDE,off-topic: food-allergy quality of life,1,W3108702041
W3108812612,10.1108/oir-04-2020-0130,2020,Encountering misinformation online: antecedents of trust and distrust and their impact on the intensity of Facebook use,MAYBE,survey on encountering misinformation on Facebook; may report exposure share,1,W3108812612
W3108816940,10.4103/jfmpc.jfmpc_1776_20,2020,When Journals succumb to devious trials!,EXCLUDE,review/commentary: letter on COVID infodemic,1,W3108816940
W3109096534,10.1542/peds.2020-023861vvv,2020,Association of Childhood Asthma With Federal Rental Assistance,EXCLUDE,off-topic: asthma and rental assistance,1,W3109096534
W3109300427,10.1542/peds.2020-023861fff,2020,Monitoring Eosinophilic Esophagitis Disease Activity With Blood Eosinophil Progenitor Levels,EXCLUDE,off-topic: eosinophilic esophagitis biomarkers,1,W3109300427
W3109322135,10.1093/jlb/lsaa083,2020,"Transparency too little, too late? Why and how Health Canada should make clinical data and regulatory decision-making open to scrutiny in the face of COVID-19",EXCLUDE,review/commentary: regulatory transparency argument,1,W3109322135
W3109442128,10.1542/peds.2020-023861jj,2020,Treatment Effect of Omalizumab on Severe Pediatric Atopic Dermatitis (the ADAPT Randomized Clinical Trial),EXCLUDE,off-topic: omalizumab trial,1,W3109442128
W3109695592,10.1542/peds.2020-023861zzz,2020,"Association of a School-Based, Asthma-Focused Telehealth Program With Emergency Department Visits Among Children Enrolled in South Carolina Medicaid",EXCLUDE,off-topic: school asthma telehealth program,1,W3109695592
W3109741825,10.1542/peds.2020-023861f,2020,Lung Function of Adults Born at Very Low Birth Weight,EXCLUDE,off-topic: lung function after low birth weight,1,W3109741825
W3109751650,10.1542/peds.2020-023861t,2020,Prenatal and Early-Life Exposure to Indoor Air-Polluting Factors and Allergic Sensitization at 2 Years of Age,EXCLUDE,off-topic: indoor air pollution and sensitization,1,W3109751650
W3109757964,10.1542/peds.2020-023861sss,2020,Association Between Bedroom Particulate Matter Filtration and Changes in Airway Pathophysiology in Children With Asthma,EXCLUDE,off-topic: air filtration and asthma,1,W3109757964
W3110018938,10.1542/peds.2020-023861v,2020,"e-Cigarette Use Among Youth in the United States, 2019",EXCLUDE,off-topic: youth e-cigarette use,1,W3110018938
W3110075346,10.1542/peds.2020-023861dddd,2020,Montelukast and Neuropsychiatric Events in Children With Asthma: A Nested Case-Control Study,EXCLUDE,off-topic: montelukast safety,1,W3110075346
W3110176151,10.1177/2050640620975760,2020,The role of a social media editor: What to expect and tips for success,EXCLUDE,review/commentary: editorial on social media editing,1,W3110176151
W3110218974,,2020,The PeopleReporter: Smart social media tool to detect breaking news and it's credibility,EXCLUDE,tool: credibility-detection system for breaking news,1,W3110218974
W3110308149,10.1542/peds.2020-023861xxx,2020,Ambulatory Management of Childhood Asthma Using a Novel Self-Management Application,EXCLUDE,off-topic: asthma self-management app,1,W3110308149
W3110320760,10.1542/peds.2020-023861n,2020,Postnatal Probiotics and Allergic Disease in Very Preterm Infants: Sub-study to the ProPrems Randomized Trial,EXCLUDE,off-topic: probiotics and allergic disease,1,W3110320760
W3110360258,10.1542/peds.2020-023861gg,2020,Pilot Study of a Customized Nanotextile Wet Garment Treatment on Moderate and Severe Atopic Dermatitis: A Randomized Clinical Trial,EXCLUDE,off-topic: nanotextile dermatitis trial,1,W3110360258
W3110374146,10.1542/peds.2020-023861d,2020,Perinatal Maternal Mental Health Is Associated With Both Infections and Wheezing in Early Childhood,EXCLUDE,off-topic: maternal mental health and wheezing,1,W3110374146
W3110681832,10.31926/but.ssl.2020.13.62.1.12,2020,UNDERSTANDING SPUTNIK NEWS AGENCY INTERNET TRAFFIC ANALYSIS,INCLUDE,traffic/audience analysis of a disinformation outlet's reach,2,W3110681832;W4255698959
W3110714791,10.1002/eji.202070125,2020,The impact of COVID‐19 lock‐downs for European (female) immunologists – our views as members of the EFIS gender and diversity task force,EXCLUDE,off-topic: gender and diversity in immunology,1,W3110714791
W3111345076,,2020,Ocularcentrism and Deepfakes: Should Seeing Be Believing?,EXCLUDE,review/commentary: legal essay on deepfakes,1,W3111345076
W3111419804,10.1093/cvr/cvaa332,2020,"The ESC Publications Committee: scope, successes, and challenges 2009–20",EXCLUDE,review/commentary: journal committee report,1,W3111419804
W3111727314,10.4103/ijo.ijo_3688_20,2020,Understanding author scientometrics – How tall is tall?,EXCLUDE,off-topic: scientometrics of authors,1,W3111727314
W3111852532,10.1093/biosci/biaa138,2020,A Call to Action: Marshaling Science for Society,EXCLUDE,review/commentary: call to action,1,W3111852532
W3112072072,10.1016/j.jval.2020.08.1642,2020,"PNS198 Arogya Setu Mobile Application for COVID-19 Self-Assessment, Education and Participatory Disease Surveillance: Perception Among Medical and Technology University Students.",EXCLUDE,off-topic: perception of a COVID self-assessment app,1,W3112072072
W3112629194,10.2196/25241,2020,"Social Media Use, Unhealthy Lifestyles, and the Risk of Miscarriage Among Pregnant Women During the COVID-19 Pandemic: Prospective Observational Study",EXCLUDE,off-topic: social media use and miscarriage risk,1,W3112629194
W3112698335,10.4103/jiaphd.jiaphd_112_20,2020,Dental public health: Fallout of the COVID-19 pandemic,EXCLUDE,review/commentary: dental public health perspective,1,W3112698335
W3112785604,,2020,AN ERROR ANALYSIS OF PERFECT TENSE AMONG ISLAMIC SECONDARY SCHOOL STUDENTS IN TERENGGANU,EXCLUDE,off-topic: English grammar error analysis,1,W3112785604
W3113083905,10.1093/ofid/ofaa617,2020,A First Draft of the History of Treating Coronavirus Disease 2019: Use of Repurposed Medications in United States Hospitals,EXCLUDE,off-topic: repurposed COVID medications in hospitals,1,W3113083905
W3113416514,10.1093/eurheartj/ehaa1019,2020,TeleHealth in the digital revolution era,MAYBE,Twitter analysis reporting misinformation among COVID tweets,1,W3113416514
W3113833647,10.1111/nae2.12,2020,Deciding to post a manuscript preprint,EXCLUDE,review/commentary: preprint posting practice,1,W3113833647
W3113861279,10.22266/ijies2021.0228.38,2020,Ontology Meter for Twitter Fake Accounts Detection,EXCLUDE,detection/classifier: fake Twitter account detection,1,W3113861279
W3113877548,10.1111/ajph.12708,2020,Issues in Australian Foreign Policy January to June 2020,EXCLUDE,off-topic: Australian foreign policy review,1,W3113877548
W3114507436,10.12788/jhm.3545,2020,"Racial Health Disparities, COVID-19, and a Way Forward for US Health Systems",EXCLUDE,off-topic: racial health disparities,1,W3114507436
W3114593293,10.1093/jpids/piaa169,2020,Pediatric Infectious Disease Specialists: An Answer to Social Media Misinformation on Coronavirus Disease 2019,EXCLUDE,review/commentary: clinician response to misinformation,1,W3114593293
W3115437471,10.24135/hi.v4i2.84,2020,What happened women working in the hospitality industry when COVID-19 struck?,EXCLUDE,off-topic: hospitality employment during COVID,1,W3115437471
W3115509734,10.5325/edgallpoerev.21.2.0297,2020,Poe in Cyberspace: Taming the Wild Wild Web,EXCLUDE,off-topic: literary criticism,1,W3115509734
W3115775645,10.17632/nv8k69y59d.1,2020,SpanishTweetsCOVID-19: A Social Media Enriched Covid-19 Twitter Spanish Dataset,EXCLUDE,not a study: Twitter dataset paper,1,W3115775645
W3116411313,10.1093/jeclap/lpaa084,2020,When Do Markets Tip? An Overview and Some Insights for Policy†,EXCLUDE,off-topic: competition policy on platform markets,1,W3116411313
W3116454108,,2020,Social Media Use Among Undergraduates in Ghanaian Public Universities,EXCLUDE,"off-topic: social media use, no misinformation measure",1,W3116454108
W3116816371,10.1166/jctn.2020.8989,2020,Analysis of Various Multilingual Document Clustering,EXCLUDE,off-topic: document clustering method,1,W3116816371
W3117035993,10.1093/police/paaa090,2020,High Level of (Passive) Compliance in a Low-Trust Society: Hong Kong Citizens’ Response Towards the COVID-19 Lockdown,EXCLUDE,off-topic: lockdown compliance in Hong Kong,1,W3117035993
W3120251840,10.1363/psrh.12169,2020,Community‐Based Doulas and COVID ‐19: Addressing Structural and Institutional Barriers to Maternal Health Equity,EXCLUDE,off-topic: doulas and maternal health equity,1,W3120251840
W3120331937,,2020,An explainable machine learning framework for fake financial news detection,EXCLUDE,detection/classifier: fake financial news detection,1,W3120331937
W3120521892,10.46827/ejefr.v4i4.974,2020,VALUING APPLES: FROM THE MYSTIC APPLE TO THE DIGITAL APPLES OF THE 21st CENTURY,EXCLUDE,off-topic: cultural analysis of apples,1,W3120521892
W3120898959,10.1093/hrlr/ngaa052,2020,Critical Speech in Southeast Asian Grey Literature During the COVID-19 Pandemic,EXCLUDE,off-topic: op-ed speech in grey literature,1,W3120898959
W3122240249,,2020,"The normalisation and domestication of digital disinformation: Far right and Russian State information, interference and influence operations in Europe",EXCLUDE,review/commentary: conceptual account of influence operations,1,W3122240249
W3123219529,10.17058/reci.v10i3.15413,2020,Influenza A/H1N1 e COVID-19 no Brasil: impactos e diferenças epidemiológicas,EXCLUDE,off-topic: epidemiological comparison of H1N1 and COVID,1,W3123219529
W3125727854,10.1086/712337,2020,Materializing COVID,EXCLUDE,review/commentary: essay on COVID data,1,W3125727854
W3126651474,10.32604/iasc.2020.013861,2020,Experimental Evaluation of Clickbait Detection Using Machine Learning Models,EXCLUDE,detection/classifier: clickbait detection models,1,W3126651474
W3127514505,10.31620/jccc.12.20/03,2020,MEDIA EXAGGERATION AND INFORMATION CREDIBILITY: QUALITATIVE ANALYSIS OF FEAR GENERATION FOR COVID- 19 USING NVIVO,MAYBE,content analysis of misleading/exaggerated COVID media coverage,1,W3127514505
W3127528189,10.47363/jvrr/2020(1)106,2020,Investigation of the Level of Public Awareness Outcome of COVID -19 Pandemic among Nigerians,MAYBE,Nigerian awareness survey may report misinformation exposure,1,W3127528189
W3127643009,10.31703/glsr.2020(v-iv).02,2020,The Smokescreen of Media during COVID-19 and Its Perpetual Resolutions: A Thick Description,MAYBE,study of fake news and rumours in COVID media coverage,1,W3127643009
W3128169973,10.71064/spu.amjr.4.2.61,2020,Print Media Managers’ Perception of Integration of New Media by Newspapers in Kenya,EXCLUDE,off-topic: newsroom technology adoption in Kenya,2,W3128169973;W4408104610
W3129131992,10.33564/ijeast.2020.v05i05.052,2020,EVALUATING COVID-19 HEALTH INFORMATION USING MACHINE LEARNING,MAYBE,quantifies anti-vaccination COVID content online,1,W3129131992
W3130028782,,2020,"Some trainees are more equal than others - The Paediatric residency payment gap, as illustrated in a cross-sectional study in Flanders",EXCLUDE,off-topic: trainee pay and working conditions,1,W3130028782
W3130739613,10.1086/712102,2020,All’s I-L-L That Starts “I’le”: Acrostic Space and Ludic Reading in the Margins of the Early Modern Play-Text,EXCLUDE,off-topic: early modern play-text marginalia,1,W3130739613
W3132012056,10.1515/for-2020-2015,2020,Legislator Adoption of the Fake News Label: Ideological Differences in Republican Representative Use on Twitter,MAYBE,"share of legislators/tweets using the fake-news label, Twitter data",1,W3132012056
W3134296163,10.1093/neuros/nyaa223,2020,The Age of Reason for Neurosurgery,EXCLUDE,review/commentary: presidential address,1,W3134296163
W3136574187,,2020,La prensa española en la Era de la Posverdad: el compromiso de la verificación de datos para combatir las Fake News,EXCLUDE,off-topic: newspapers' fact-checking tool adoption,1,W3136574187
W3154166275,,2020,"Peace, Love, and Conspiracy Theories: How Experiences and Worldviews Shape Age Cohorts' Views of Science",EXCLUDE,belief/attitude only: science skepticism and conspiracist thinking,1,W3154166275
W3160926804,,2020,Brand Storytelling as a Factor of Product Value Acquisition (in the Context of the Company «Nike»),EXCLUDE,off-topic: brand storytelling,1,W3160926804
W3162007253,10.1093/jlb/lsaa062,2020,"Seeing through health information technology: the need for transparency in software, algorithms, data privacy, and regulation*",EXCLUDE,review/commentary: health IT transparency,1,W3162007253
W3164432495,10.17072/1994-9960-2020-4-463-493,2020,Digital economy of the Russian Federation: A conceptual analysis of the national program,EXCLUDE,off-topic: Russian digital economy program,1,W3164432495
W3164688832,,2020,CovidSens: A Vision on Reliable Social Sensing for COVID-19 Spread,EXCLUDE,tool: vision paper for a social-sensing system,1,W3164688832
W3168777265,,2020,"A Study on the factors of river sustainability at Sungai Klang, Selangor / Muhammad Anuar Md Kassim",EXCLUDE,off-topic: river pollution,1,W3168777265
W3169837690,10.47133/nemityra2020203,2020,When a Lie is More Believable than the Truth: The Dynamics of Lying and Discourse Analysis,EXCLUDE,detection/classifier: linguistic markers of deceptive propaganda,1,W3169837690
W3171126446,,2020,"Impact of COVID-19 on food security: Insights from Telangana, India",EXCLUDE,off-topic: food security during COVID,1,W3171126446
W3178613266,10.48075/ijerrs.v2i2.26663,2020,"2020 - A TIME OF CRISIS AND SOCIAL DISTANCING, PANDEMIC COVID-19 - TIME TO STRENGTHEN SCIENCE AND HOPE TO FACE LIFE - EDITORIAL",EXCLUDE,not a study: editorial,1,W3178613266
W3180670077,10.1111/criq.12576,2020,Viral Vampires,EXCLUDE,review/commentary: literary essay on COVID rumour,1,W3180670077
W3185616113,10.7916/d8-685e-p536,2020,Societies Online: Privacy & Power (with Alice Marwick),EXCLUDE,not a study: interview transcript,1,W3185616113
W3203701661,,2020,South Korea’s Success Against COVID-19,EXCLUDE,off-topic: South Korea's pandemic response,1,W3203701661
W3208300219,10.1353/khs.2020.0079,2020,Searching for Black Confederates: The Civil War’s Most Persistent Myth by Kevin M. Levin,EXCLUDE,not a study: book review,1,W3208300219
W3216346859,,2020,Influenza A/H1N1 and COVID-19 in Brazil: impacts and epidemiological differences,EXCLUDE,off-topic: epidemiological comparison of H1N1 and COVID,1,W3216346859
W3217112090,,2020,"Representaciones sociales del envejecimiento en Chile: cuando las noticias distorsionan, desinforman y enferman. / Social representation of aging in Chile: when the news distorts, misinform and sicken.",MAYBE,"content analysis of 4,176 news items framed as distorting/misinforming",1,W3217112090
W4205614638,10.35940/ijitee.a8176.1110120,2020,A Pinnacle Technique for Detection of COVID-19 Fake News in Social Media,EXCLUDE,detection/classifier: COVID fake news detection,1,W4205614638
W4205677196,10.1097/mcg.0000000000001346,2020,World Gastroenterology Organisation (WGO) News and Events,EXCLUDE,not a study: society news and events,2,W4205677196;W4210488563
W4206314942,10.1097/01.cot.0000660220.29383.61,2020,Patient Handout,EXCLUDE,not a study: patient handout,1,W4206314942
W4206466537,10.37227/ijekm-2021-03-39,2020,Role of Social Media in Disaster Management in Bangladesh Towards the COVID-19 Pandemic: A Critical Review and Directions,EXCLUDE,review/commentary: critical review of social media in disaster management,1,W4206466537
W4206970991,10.1097/tp.0000000000003198,2020,"Beatriz Dominguez-Gil, MD, PhD",EXCLUDE,not a study: interview,1,W4206970991
W4214580620,10.33004/reumatizam-supp-67-1-2,2020,INVITED LECTURES / ORAL COMMUNICATIONS,EXCLUDE,not a study: conference proceedings abstracts,1,W4214580620
W4232649136,10.1111/1750-3841.14572,2020,Industrial applications of selected JFS articles,EXCLUDE,not a study: journal news column,1,W4232649136
W4237193715,10.1176/appi.pn.2020.10a19,2020,Arkansas Community Showcases Disparities Facing Pacific Islanders in United States,EXCLUDE,off-topic: health disparities among Pacific Islanders,1,W4237193715
W4240569882,10.1215/15476715-8349561,2020,"Vice, Crime, and Poverty: How the Western Imagination Invented the Underworld by Dominique Kalifa",EXCLUDE,not a study: book review,1,W4240569882
W4243844550,10.1089/ped.2020.29004.mca,2020,Health Disparities in Communities of Color During the COVID-19 Pandemic,EXCLUDE,not a study: panel discussion,1,W4243844550
W4244830926,10.1093/milmed/usaa096,2020,Letter From the Executive Director Dr. John Cho,EXCLUDE,not a study: letter from the director,1,W4244830926
W4255489874,10.34097/jeicom_si_dec2019-1,2020,Multimodal News Authentication As a Service,EXCLUDE,tool: news authentication service,1,W4255489874
W4287727948,10.5281/zenodo.3929820,2020,123MOVIES Watch The Grudge (2020) Full Movie Online Free HD,EXCLUDE,not a study; pirate-streaming spam record,1,W4287727948
W4287728018,10.5281/zenodo.3929833,2020,123MOVIES Watch The Matrix (2020) Full Movie Online Free HD,EXCLUDE,not a study; pirate-streaming spam record,1,W4287728018
W4287728245,10.5281/zenodo.3929807,2020,123MOVIES Watch Onward (2020) Full Movie Online Free HD,EXCLUDE,not a study; pirate-streaming spam record,1,W4287728245
W4301457630,10.5281/zenodo.6954016,2020,"D2.2 Secondary analysis of studies, projects, and narratives",EXCLUDE,review/commentary; literature review of migration narratives,1,W4301457630
W4380363413,10.33545/26648652.2020.v2.i2a.23,2020,Can technology be the link to bridge the gap between student/faculty well-being and engagement?,EXCLUDE,off-topic; educational technology and wellbeing,1,W4380363413
W4382334446,10.13998/j.cnki.issn1002-1248.2020.02.23-0086,2020,Research on the Current Situation and Contermeasures of WeChat Reading Promotion in University Library-Take Eight Universities in Shanxi Province as an Example,EXCLUDE,off-topic; library reading promotion,1,W4382334446
W4390102066,10.37131/2524-0943-2023-43-9,2020,Characteristics of the development of mural art in Kharkiv,EXCLUDE,off-topic; mural art,1,W4390102066
W4410785241,10.17148/ijarcce.2020.91224,2020,Implementing Scalable Identity and Access Management Frameworks in Digital Insurance Platforms,EXCLUDE,tool; identity management framework,1,W4410785241
W4413983121,10.71097/ijaidr.v11.i1.1541,2020,The Forgotten Middle Layer: Metadata-Driven Governance For Semi-Structured Big Data,EXCLUDE,off-topic; data governance architecture,1,W4413983121
W4416554981,10.63328/ijrdes-v2ri4p5,2020,Analysis on Detection of Spammers and Fake Users on Social Networks,EXCLUDE,detection/classifier; fake account detection,1,W4416554981
W4416619300,10.1108/dl-04-2020-0002,2020,Maintaining Privacy and Security in Cyberspace,EXCLUDE,off-topic; data breaches and cybersecurity,1,W4416619300
W7120636987,,2020,Latinoamérica: você está aqui!,EXCLUDE,not a study; journal call for papers,1,W7120636987
W7120791806,,2020,Nunca fomos tão digitais,EXCLUDE,not a study; journal call for papers,1,W7120791806
W7120899007,,2020,The brave new world of information ethics 2.0 in the fake news age,EXCLUDE,review/commentary; conceptual essay on information ethics,1,W7120899007
W7143623028,10.34428/00011523,2020,How（Not）to Search for the Truth and（Perhaps）Improve the Human Condition,EXCLUDE,review/commentary; opinion essay,1,W7143623028
W7155375143,10.69980/ankx5j36,2020,Reconceptualizing Democratic Governance in the Era of Digital Transformation,EXCLUDE,review/commentary; secondary literature review,1,W7155375143
W7160319500,10.29121/granthaalayah.v8.i12.2020.6890,2020,"A CRISIS OF MORALITY: MONEY POWER, MUSCLE POWER, AND INDIAN ELECTIONS",EXCLUDE,off-topic; electoral criminality and finance,1,W7160319500
W1482791576,,2021,Broadcast Journalism: Techniques of Radio and Television News,EXCLUDE,not a study; textbook,1,W1482791576
W2130479070,10.1093/occmed/kqab001,2021,In This Issue ofOccupational Medicine,EXCLUDE,not a study; journal editorial,1,W2130479070
W2807762952,10.1155/2021/4963903,2021,Social Networks through the Prism of Cognition,EXCLUDE,off-topic; cognitive social-network model,1,W2807762952
W2942164201,10.1111/resp.14060,2021,Letter from Greece,EXCLUDE,review/commentary; country letter on COVID,1,W2942164201
W3017361284,10.1177/1461444820978640,2021,Junk news bubbles modelling the rise and fall of attention in online arenas,EXCLUDE,non-empirical; formal model with no data,1,W3017361284
W3109614864,10.4103/ijmr.ijmr_2598_20,2021,COVID-19 & HIV/AIDS pandemics,EXCLUDE,review/commentary; comparative essay,1,W3109614864
W3118479246,10.1038/s41430-020-00818-w,2021,The national food and nutrition strategy for the Portuguese COVID-19 response,EXCLUDE,off-topic; nutrition policy,1,W3118479246
W3118971997,10.1086/712484,2021,"Toward an Anthropological Understanding of Masculinities, Maleness, and Violence",EXCLUDE,off-topic; anthropology of masculinity,1,W3118971997
W3119569744,10.1109/tii.2021.3049141,2021,Blockchain-Enhanced Data Sharing With Traceable and Direct Revocation in IIoT,EXCLUDE,off-topic; blockchain access control,1,W3119569744
W3119742768,10.1162/edfp_a_00344,2021,"Can Technology Transform Communication Between Schools, Teachers, and Parents? Evidence from a Randomized Field Trial",EXCLUDE,intervention/experiment only; school communication app trial,1,W3119742768
W3120118054,10.1002/wps.20761,2021,The global impact of celebrity suicides: implications for prevention,EXCLUDE,off-topic; suicide contagion and reporting guidelines,1,W3120118054
W3120558633,10.1109/jiot.2021.3049173,2021,ATTDC: An Active and Traceable Trust Data Collection Scheme for Industrial Security in Smart Cities,EXCLUDE,tool; IoT trust data collection scheme,1,W3120558633
W3121081035,10.1002/eji.202170015,2021,Academic labs supporting COVID‐19 diagnostics,EXCLUDE,review/commentary; lab experience piece,1,W3121081035
W3121990090,10.1002/jgf2.420,2021,Early COVID‐19 testing is critical to end the pandemic,EXCLUDE,review/commentary; testing policy opinion,1,W3121990090
W3122158967,10.1177/1461444820978640,2021,Junk News Bubbles: Modelling the Rise and Fall of Attention in Online Arenas (PREPRINT VERSION),EXCLUDE,non-empirical; formal model with no data,1,W3122158967
W3124955132,10.1016/j.clinthera.2020.12.019,2021,Influence of COVID-19 on the Pharmacovigilance Workforce of the Future,EXCLUDE,off-topic; pharmacovigilance workforce,1,W3124955132
W3126236460,10.1093/trstmh/trab016,2021,Impact of COVID-19 on doctors and healthcare providers during the pandemic in Sudan,EXCLUDE,review/commentary; letter on health workforce,1,W3126236460
W3127257153,10.1097/sap.0000000000002743,2021,The Case Against the National Breast Implant Registry,EXCLUDE,off-topic; surgical registry commentary,1,W3127257153
W3127355176,10.1002/etc.5003,2021,"The Press Sells Newspapers, We Should Not Sell Ecotoxicology",EXCLUDE,review/commentary; editorial on science sensationalism,1,W3127355176
W3127443803,10.7326/m20-7580,2021,Cross-sectional Assessment of COVID-19 Vaccine Acceptance Among Health Care Workers in Los Angeles,EXCLUDE,belief/attitude only; vaccine acceptance survey,1,W3127443803
W3127598937,10.1080/0952813x.2021.1871972,2021,Brazilian Forest Dataset: A new dataset to model local biodiversity,EXCLUDE,off-topic; biodiversity dataset paper,1,W3127598937
W3128337825,10.1093/idpl/ipab003,2021,"Privacy, personal data protection, and freedom of expression under quarantine? The Peruvian experience",EXCLUDE,off-topic; legal analysis of emergency regulations,1,W3128337825
W3128658150,10.1002/1873-3468.14045,2021,Bridging the gap between scientists and citizens: basic research can be accessible for all,EXCLUDE,not a study; interview piece,1,W3128658150
W3128761438,10.47119/ijrp100691120211650,2021,THE QUALITY OF VISUM ET REPERTUM OF LIVE VICTIMS OF INJURY CASES IN H. ABDUL MANAN SIMATUPANG GENERAL HOSPITAL (RSUD) KISARAN DATED FROM 1st OCTOBER 2018 TO 31st MAY 2019,EXCLUDE,off-topic; forensic report quality,1,W3128761438
W3128805197,10.1111/ajsp.12462,2021,Social psychologists grapple with the COVID‐19 pandemic: How are we in Asia distinctive?,EXCLUDE,review/commentary; disciplinary reflection,1,W3128805197
W3129224279,10.4103/cdr.cdr_84_20,2021,Covid-19: A Wake-Up Call for Teledermatology in India,EXCLUDE,off-topic; teledermatology letter,1,W3129224279
W3129416825,10.3390/ijerph18052273,2021,Chilean Digital Press Coverage of the Relation between Diet and Mental Health,MAYBE,news content analysis; may code accuracy of health claims,1,W3129416825
W3129498100,10.1016/j.jand.2020.12.023,2021,Develop Your Mass Media Presence,EXCLUDE,not a study; practice guidance,1,W3129498100
W3129924724,10.4103/mjdrdypu.mjdrdypu_264_20,2021,COVID-19,EXCLUDE,review/commentary; letter citing fake-news anecdotes,1,W3129924724
W3130129993,10.1002/hpm.3135,2021,Some lessons that Peru did not learn before the second wave of COVID‐19,EXCLUDE,review/commentary; health-system letter,1,W3130129993
W3130132527,,2021,Law Student's response to the COVID 19 Infodemic on Social Media: An Empirical Study,MAYBE,survey on handling COVID misinformation; may report encounter share,1,W3130132527
W3131653929,10.1093/jiplp/jpab010,2021,Protecting Ghana’s intellectual property rights in kente textiles: the case for Geographical Indications,EXCLUDE,off-topic; intellectual property law,1,W3131653929
W3132096897,10.3390/land10020223,2021,Agricultural Land Suitability Assessment Using Satellite Remote Sensing-Derived Soil-Vegetation Indices,EXCLUDE,off-topic; remote sensing of farmland,1,W3132096897
W3132149680,10.17762/pae.v58i1.1586,2021,The use of social-networking sites in English language education: An exploratory study using SWOT analysis technique,EXCLUDE,off-topic; language education SWOT study,1,W3132149680
W3132960651,10.1002/ejhf.2136,2021,The Altmetric Attention Score: how science tries to meet social media,EXCLUDE,review/commentary; bibliometrics essay,1,W3132960651
W3133107105,10.1115/1.4050223,2021,Lessons Learned From the European Union Referendum to Better Promote Nuclear Energy,EXCLUDE,review/commentary; energy policy opinion,1,W3133107105
W3133108994,10.1016/s0140-6736(21)00372-x,2021,"Announcing the Lancet Commission on Vaccine Refusal, Acceptance, and Demand in the USA",EXCLUDE,not a study; commission announcement,1,W3133108994
W3133139416,10.1007/s40747-021-00294-0,2021,Stance detection using improved whale optimization algorithm,EXCLUDE,detection/classifier; stance detection method,1,W3133139416
W3133200320,10.4103/jispcd.jispcd_395_20,2021,"Mothers’ Knowledge, Attitudes, and Fears About Dental Visits During the COVID-19 Pandemic",EXCLUDE,belief/attitude only; dental KAP survey,1,W3133200320
W3133513231,10.5747/cs.2020.v4.n4.s114,2021,O TRATAMENTO JURÍDICO DAS FAKE NEW SEM TEMPOS DE PANDEMIA,EXCLUDE,review/commentary; legal doctrinal analysis,1,W3133513231
W3133791793,10.4103/ijnpnd.ijnpnd_86_20,2021,Trends and Determinants of Mental Health During COVID-19 Pandemic,EXCLUDE,review/commentary; mental health overview,1,W3133791793
W3133805021,10.1525/gfc.2021.21.1.83,2021,Food Rescue Networks and the Food System,EXCLUDE,off-topic; food waste networks,1,W3133805021
W3134236340,10.1176/appi.pn.2021.3.44,2021,What You Need to Know About APA’s Annual Meeting Platform,EXCLUDE,not a study; conference announcement,1,W3134236340
W3134261247,10.1093/jeclap/lpab014,2021,Competition Law and Friendship: Presenting the Rubén Perea Award,EXCLUDE,not a study; award announcement,1,W3134261247
W3134338942,10.1093/ehjcvp/pvab017,2021,The SAMSON trial: using a placebo to improve medication tolerability,EXCLUDE,off-topic; statin nocebo trial commentary,1,W3134338942
W3134365734,10.35940/ijitee.d8519.0210421,2021,Towards an E journalism Based on Semantic Web Technologies,EXCLUDE,tool; semantic web journalism system,1,W3134365734
W3134591638,10.21608/sjam.2021.58866.1043,2021,Infodemic on Social Media : An analysis of Egyptians’ information behaviors during COVID-19,INCLUDE,survey reports 83.6% faced COVID fake news,1,W3134591638
W3134707315,10.1371/journal.pone.0248160,2021,Misinformation on COVID-19 origin and its relationship with perception and knowledge about social distancing: A cross-sectional study,MAYBE,survey on COVID-origin misinformation; exposure share unclear,1,W3134707315
W3134725219,10.1111/roiw.12498,2021,"Poverty Research and its Discontents: Review and Discussion of Issues Raised in Dimensions of Poverty. Measurement, Epistemic Injustices and Social Activism(Beck, V., H.Hahn, and R.Lepenies eds., Springer, Cham, 2020)",EXCLUDE,review/commentary; book review,1,W3134725219
W3134733118,10.1016/j.cpet.2020.12.012,2021,18F-Fluciclovine PET for Assessment of Prostate Cancer with Histopathology as Reference Standard,EXCLUDE,off-topic; medical imaging,1,W3134733118
W3135073751,10.1016/j.carage.2021.01.007,2021,"Amid Crises and Change, Leaders Emerge: 2021 Medical Director of the Year Nominees",EXCLUDE,not a study; award nominees piece,1,W3135073751
W3135112451,10.1093/qjmed/hcab046,2021,The potential risks of delaying the second vaccine dose during the SARS-CoV-2 pandemic,EXCLUDE,review/commentary; vaccine dosing opinion,1,W3135112451
W3135219393,10.3390/ijerph18052381,2021,"Old Tricks, New Opportunities: How Companies Violate the International Code of Marketing of Breast-Milk Substitutes and Undermine Maternal and Child Health during the COVID-19 Pandemic",MAYBE,marketing content analysis coding misinformation; denominator unclear,1,W3135219393
W3135294751,10.29337/ijdh.25,2021,Evaluation of COVID-19 Information Provided by Digital Voice Assistants,INCLUDE,accuracy scores for voice-assistant COVID answers,1,W3135294751
W3135693305,10.1109/access.2021.3062845,2021,A Trusted Blockchain-Based Traceability System for Fruit and Vegetable Agricultural Products,EXCLUDE,tool; supply-chain traceability system,1,W3135693305
W3137900121,10.1093/heapro/daab037,2021,A brief overview of a wide framework—Health promoting schools: a curated collection,EXCLUDE,review/commentary; curated collection overview,1,W3137900121
W3137959819,10.1097/gh9.0000000000000052,2021,The pandemic of coronavirus: misconceptions from the land of Mesopotamia,EXCLUDE,review/commentary; essay on misconceptions,1,W3137959819
W3138053709,10.3390/journalmedia2010007,2021,COVID-19-Related Social Media Fake News in India,MAYBE,content analysis of 125 fake-news items; denominator is fake news,1,W3138053709
W3138128193,10.18502/kss.v5i4.8704,2021,Digital Literacy in the Post-Truth Era: Employing Fact-Checking Applications in Adult EFL Reading Classes,EXCLUDE,intervention/experiment only; fact-checking app teaching,1,W3138128193
W3138453612,10.4300/jgme-d-20-00446.1,2021,Crowdsourcing in a Pandemic: Pearls and Pitfalls From the Trainee Experience,EXCLUDE,review/commentary; personal reflection,1,W3138453612
W3138532449,10.1097/01.nurse.0000743120.85893.b7,2021,COVID-19 and the health of nursing,EXCLUDE,review/commentary; nursing workforce essay,1,W3138532449
W3138942390,10.2196/23593,2021,Concerns Discussed on Chinese and French Social Media During the COVID-19 Lockdown: Comparative Infodemiology Study Based on Topic Modeling,MAYBE,topic modelling of posts; misinformation share possible,1,W3138942390
W3140278754,,2021,Public Perception of Social Media Reports on Covid-19 in Port Harcourt Rivers State,MAYBE,survey on perceived credibility; may report perceived exposure,1,W3140278754
W3143407426,10.35631/ijcrei.36002,2021,THE IMPACT OF MEDIA INFODEMICS ON COVID-19 OUTBREAK IN INTENSIFYING GLOBAL PANIC AMONG MALAYSIANS: A PERCEPTION-BASED ANALYSIS,MAYBE,focus groups on infodemic exposure; quantification unclear,1,W3143407426
W3144489527,10.1111/jan.14854,2021,Harnessing the nursing contribution to COVID‐19 mass vaccination programmes: Addressing hesitancy and promoting confidence,EXCLUDE,review/commentary; vaccination programme opinion,1,W3144489527
W3144995750,10.1353/tj.2021.0024,2021,David Garrick and the Mediation of Celebrity by Leslie Ritchie,EXCLUDE,review/commentary; book review,1,W3144995750
W3148801295,10.5539/ass.v17n4p24,2021,"Functions, Influences & Effects of WhatsApp Use During the Movement Control Order (MCO) in Malaysia",MAYBE,interviews report encountering fake news on WhatsApp,1,W3148801295
W3151141022,10.1525/aft.2021.48.1.99,2021,"Review: Co-Illusion: Dispatches from the End of Communication; Photography and Belief; and “On Images and Magic: Towards an Iconopolitics of Belief”, by David Levi Strauss",EXCLUDE,review/commentary; book review essay,1,W3151141022
W3151893370,10.20935/al799,2021,COVID-19 infodemic and misinfodemic: A tale of India,INCLUDE,survey reports noticing and 9.8% sharing misinformation,1,W3151893370
W3151992320,10.1089/hs.2020.0192,2021,COVID-19 and Gaza: The Ideal Time to Establish a Medical Reserve Corps of Public Health Preventive Medicine Specialists,EXCLUDE,review/commentary; public health proposal,1,W3151992320
W3152590105,,2021,Developing a Regulatory and Control Frameworks for Enhancing the Security ofFacebook Users,EXCLUDE,tool; fake-account prevention framework,1,W3152590105
W3152784580,10.4103/injr.injr_251_20,2021,Coping with the Coronavirus Disease-2019 Pandemic: A Giant Leap Towards Digital Transformation in Academic Research,EXCLUDE,review/commentary; research practice essay,1,W3152784580
W3152808944,10.36713/epra6715,2021,FAKE NEWS DETECTION USING VARIOUS MACHINE LEARNING TECHNIQUES,EXCLUDE,detection/classifier; ML fake-news detection,1,W3152808944
W3153807338,10.17829/turcom.859299,2021,The Impact of News about Pandemic on Borsa Istanbul during the COVID-19 Financial Turmoil,EXCLUDE,no audience denominator; stock-return analysis,1,W3153807338
W3154489313,10.33021/exp.v4i1.1437,2021,YOUTUBE SEBAGAI RUANG PUBLIK ALTERNATIF BAGI ANAK MUDA,EXCLUDE,off-topic; qualitative study of YouTube as public sphere,1,W3154489313
W3155009531,10.2106/jbjs.20.01738,2021,What’s Important: How Social Media Can Foster Connectedness,EXCLUDE,review/commentary; surgeon social-media essay,1,W3155009531
W3156937300,10.1080/07907184.2021.1907888,2021,A review of political advertising online during the 2019 European Elections and establishing future regulatory requirements in Ireland,EXCLUDE,no misinformation share; ad-transparency monitoring,1,W3156937300
W3157115528,10.34778/4a,2021,Political issues (Self-Presentation of Political Actors),EXCLUDE,not a study; methods encyclopedia entry,1,W3157115528
W3157146703,10.34778/2t,2021,Soft news/tabloidization (Journalistic Reporting Styles),EXCLUDE,not a study; methods encyclopedia entry,1,W3157146703
W3157245184,10.1525/gp.2021.19054,2021,The Multidimensionality of Trust: Assessing Finnish Audiences’ Views on the Trustworthiness of Digital News,MAYBE,audience surveys on news trust; may report perceived disinformation,1,W3157245184
W3157541240,10.1002/eji.202170056,2021,The EFIS vaccination task force expert report,EXCLUDE,review/commentary; expert position report,1,W3157541240
W3158461931,10.34778/2d,2021,Framing responsibility (Health Coverage),EXCLUDE,not a study; methods encyclopedia entry,1,W3158461931
W3158593960,10.1111/aman.13565,2021,Multimodal Ambivalence: A Manifesto for Producing in S@!#t Times,EXCLUDE,review/commentary; manifesto essay,1,W3158593960
W3158629549,10.1002/mds.28648,2021,An Online Education Method for Movement Disorders During COVID‐19: Opportunity and Experience,EXCLUDE,off-topic; medical education,1,W3158629549
W3158848126,10.5204/mcj.2764,2021,"Between, Behind, and Out of Sight",EXCLUDE,non-empirical; essay on invisible anti-vaccination networks,1,W3158848126
W3159046537,10.5204/mcj.2774,2021,Going Dark,EXCLUDE,off-topic; platform news-bargaining policy essay,1,W3159046537
W3159386893,10.1093/infdis/jiab234,2021,Herd Immunity: The Journey Is as Important as the Destination,EXCLUDE,review/commentary; vaccination editorial,1,W3159386893
W3159597990,10.1016/j.knosys.2021.107126,2021,TClustVID: A novel machine learning classification model to investigate topics and sentiment in COVID-19 tweets,EXCLUDE,detection/classifier; ML topic-sentiment model,1,W3159597990
W3159625679,10.4300/jgme-d-20-00883.1,2021,Assessing Interpersonal and Communication Skills,EXCLUDE,off-topic; competency assessment,1,W3159625679
W3159651393,,2021,Confronting strategies in COVID-19 pandemic among health students,INCLUDE,survey reports 73% of students received fake news,1,W3159651393
W3159804119,10.5204/mcj.2758,2021,"Darkness, Datafication, and Provenance as an Illuminating Methodology",EXCLUDE,non-empirical; methodological essay on data provenance,1,W3159804119
W3159937784,10.1109/tcsvt.2021.3075039,2021,IID-Net: Image Inpainting Detection Network via Neural Architecture Search and Attention,EXCLUDE,detection/classifier; image forgery detection,1,W3159937784
W3160060196,,2021,DIGITAL MANAGEMENT SYSTEM ISSUES BLOCKCHAIN,EXCLUDE,tool; blockchain rights-management scheme,1,W3160060196
W3160258600,,2021,Doubts about new IT rules are groundless,EXCLUDE,not a study; op-ed on regulation,1,W3160258600
W3160355212,10.21622/ace.2021.01.1.001,2021,Use of ICT to Confront COVID-19,EXCLUDE,review/commentary; ICT overview,1,W3160355212
W3160637592,10.1080/00963402.2021.1912093,2021,"Meme warfare: AI countermeasures to disinformation should focus on popular, not perfect, fakes",EXCLUDE,review/commentary; opinion on detection strategy,1,W3160637592
W3161307877,10.34917/22110050,2021,How Did the NRA Employ Presidential Election Year Propaganda Against Barack Obama within the Shifting Paradigm of the Digital Age?,EXCLUDE,no audience denominator; rhetorical case study of two artifacts,1,W3161307877
W3161797996,10.1093/af/vfab004,2021,Utilization of by-products and food waste in livestock production systems: a Canadian perspective,EXCLUDE,off-topic; livestock feed and food waste,1,W3161797996
W3162186795,10.1002/jia2.25742,2021,HIV vaccines beyond COVID‐19: merits of trust,EXCLUDE,review/commentary; vaccine research viewpoint,1,W3162186795
W3162947136,10.1093/idpl/ipab001,2021,Digital contact tracing against COVID-19: a governance framework to build trust,EXCLUDE,off-topic; contact-tracing governance,1,W3162947136
W3163064939,10.1145/3418060,2021,"Taming the Wild Etext: Managing, Annotating, and Sharing Tibetan Corpora in Open Spaces",EXCLUDE,off-topic; Tibetan text digitization,1,W3163064939
W3163094627,,2021,The German NetzDG as Role Model or Cautionary Tale? Implications for the Debate on Social Media Liability,EXCLUDE,review/commentary; legal analysis of NetzDG,1,W3163094627
W3163487759,10.1080/00963402.2021.1912052,2021,"Instead of reforming Facebook, should we just build something else?",EXCLUDE,review/commentary; interview on platform reform,1,W3163487759
W3163537351,10.1109/access.2021.3078536,2021,Construct Food Safety Traceability System for People’s Health Under the Internet of Things and Big Data,EXCLUDE,off-topic; food safety traceability system,1,W3163537351
W3164293192,10.1093/ajhp/zxab209,2021,Lessons from the mismanagement of the COVID-19 pandemic: A blueprint to reform CDC,EXCLUDE,review/commentary; CDC reform opinion,1,W3164293192
W3165349770,10.3389/fdgth.2021.653769,2021,Analysis of Online Peripartum Depression Communities: Application of Multilabel Text Classification Techniques to Inform Digitally-Mediated Prevention and Management,EXCLUDE,"off-topic; forum theme classification, not misinformation",1,W3165349770
W3165933369,10.4081/ilpolitico.2021.558,2021,DOES PUBLIC DIPLOMACY MATTER? THE DEBATE ON ISSUES AND ACTORS OF PUBLIC DIPLOMATIC ENGAGEMENT,EXCLUDE,review/commentary; public diplomacy debate,1,W3165933369
W3166053768,10.35741/issn.0258-2724.56.2.47,2021,The Readiness of Malaysian Government in Total Defense (HANRUH) on the Social Media Usage,EXCLUDE,off-topic; qualitative defence-policy study,1,W3166053768
W3166073117,10.37380/jisib.v1i1.690,2021,The internet is leading the world towards forms of totalitarianism: How to fix the problem,EXCLUDE,review/commentary; editorial on internet and surveillance,1,W3166073117
W3166104815,10.1002/eji.202170065,2021,"Black in Immuno ‐ amplifying, celebrating, and supporting Black voices in immunology",EXCLUDE,off-topic; diversity initiative in immunology,1,W3166104815
W3167413063,10.1002/nha3.20312,2021,Media Analysis of Middle Skill Learning Opportunities Shaped by COVID‐19,EXCLUDE,off-topic; media analysis of workforce skills,1,W3167413063
W3169605136,10.1093/ve/veab053,2021,Coordinating SARS-CoV-2 genomic surveillance in the United States,EXCLUDE,off-topic; genomic surveillance coordination,1,W3169605136
W3169790973,10.1108/tg-01-2021-0002,2021,An interaction effect of perceived government response on COVID-19 and government agency’s use of ICT in building trust among citizens of Pakistan,EXCLUDE,belief/attitude only; trust in government agency,1,W3169790973
W3170543869,10.1155/2021/9403874,2021,News Information Platform Optimization Based on the Internet of Things,EXCLUDE,off-topic; IoT recommendation platform,1,W3170543869
W3171461543,,2021,Information Fiduciaries and Political Microtargeting: A Legal Framework for Regulating Political Advertising on Digital Platforms,EXCLUDE,review/commentary; legal framework for political ads,1,W3171461543
W3171657220,10.33260/zictjournal.v5i1.101,2021,5G Awareness and its Link to COVID-19: Case of Zambians with Access to Internet,INCLUDE,survey: 62% of 258 heard 5G-COVID conspiracy,1,W3171657220
W3172024960,10.32628/cseit217372,2021,Blockchain Based Approach for tackling Deepfake videos,EXCLUDE,detection/classifier; blockchain deepfake tracing,1,W3172024960
W3172151835,,2021,AN INVESTIGATION OF BOT ACCOUNT IDENTIFICATION ON TWITTER DATA,EXCLUDE,detection/classifier; bot account identification,1,W3172151835
W3172927243,10.21810/jicw.v4i1.2824,2021,Radicalization and Violent Extremism in the Era of COVID-19,EXCLUDE,not a study; roundtable event summary,1,W3172927243
W3172971808,10.1111/aman.13569,2021,Anthropologists Answer Four Questions about the Pandemic,EXCLUDE,review/commentary; anthropologists' pandemic reflections,1,W3172971808
W3174300258,10.1097/01.cot.0000765044.25429.8f,2021,New ACCC Report Spotlights Effects of COVID-19 on Oncology Practice,EXCLUDE,off-topic; oncology practice report,1,W3174300258
W3174326274,10.1093/pubmed/fdab247,2021,COVID-19 infodemic: the role of social media and other digital platforms,EXCLUDE,review/commentary; letter on infodemic,1,W3174326274
W3175079919,10.1093/ije/dyab129,2021,The challenge of conducting epidemiological research in times of pandemic and denialism: 1-year anniversary of the EPICOVID-19 project in Brazil,EXCLUDE,review/commentary; seroprevalence project anniversary piece,1,W3175079919
W3175912123,10.11594/ijssr.02.01.03,2021,The Role of The Press Council in Enforcement of The Press Law,EXCLUDE,"off-topic; press-council law enforcement, no denominator",1,W3175912123
W3176410303,10.1007/s11042-021-11108-3,2021,Large-scale multimedia signal processing for security and digital forensics [SI 1163],EXCLUDE,not a study; special-issue editorial on signal processing,1,W3176410303
W3176909913,10.5325/edgallpoerev.22.1.0213,2021,Poe in Cyberspace: When Pokerishness Went Viral,EXCLUDE,off-topic; literary essay on Poe,2,W3176909913;W4210786715
W3177491723,10.1097/01.nep.0000000000000846,2021,From COVID-19 Crisis to Digital Health Care Innovation,EXCLUDE,review/commentary; digital health innovation column,1,W3177491723
W3178060509,10.1080/19331681.2021.1945987,2021,Public responses to COVID-19 information from the public health office on Twitter and YouTube: implications for research practice,MAYBE,cross-platform comment analysis may quantify misinformation,1,W3178060509
W3179179959,10.1002/etc.5163,2021,"“The Sky Is Falling,” Government Is Not Responding, What Can Scientists Do?",EXCLUDE,review/commentary; climate advocacy essay,1,W3179179959
W3179781560,10.1525/aft.2021.48.2.49,2021,Hyper-seriality: The End of the End,EXCLUDE,non-empirical; media theory essay,1,W3179781560
W3180377247,10.1525/aft.2021.48.2.94,2021,"Compression, Exhilaration, Obliteration, Circulation",EXCLUDE,non-empirical; art criticism essay,1,W3180377247
W3180522845,10.1111/ans.17089,2021,Addressing telemedicine challenges for surgery clinics in the Post‐COVID era,EXCLUDE,off-topic; telemedicine in surgery,1,W3180522845
W3181064188,10.1525/aft.2021.48.2.79,2021,Never Idle,EXCLUDE,non-empirical; art criticism essay,1,W3181064188
W3181213469,10.2215/cjn.06620521,2021,Kidney Disease Burden and Kidney Transplantation: A True Story,EXCLUDE,off-topic; kidney disease patient narrative,1,W3181213469
W3181994673,,2021,"PERCEIVED USEFULNESS AND UTILIZATION OF SEARCH ENGINES IN ACCESSING CURRENT INFORMATION ON COVID-19 PANDEMIC BY MEDICAL PRACTITIONER IN MAIDUGURI METROPOLITAN, BORNO STATE",EXCLUDE,"off-topic; search-engine usefulness survey, no misinformation measure",1,W3181994673
W3183151603,,2021,The transparency tool in the news about COVID-19 published by Diario Público during the first 14 days of the State of Alarm,EXCLUDE,"quality-score-only; transparency index, no accuracy coding",1,W3183151603
W3183941769,10.1111/cns.13710,2021,Promoting stroke awareness through short movies and film festivals,EXCLUDE,off-topic; stroke awareness film,1,W3183941769
W3184049346,10.1080/21670811.2021.1912622,2021,Safeguarding the Journalistic DNA: Attitudes towards the Role of Professional Values in Algorithmic News Recommender Designs,EXCLUDE,off-topic; interviews on news recommender design,1,W3184049346
W3184082882,10.1097/tp.0000000000003677,2021,On the Way to Self-sufficiency: Improving Deceased Organ Donation in India,EXCLUDE,off-topic; organ donation in India,1,W3184082882
W3184586803,10.26650/connectist2021-884955,2021,The Effect of Pandemic News on Stock Market Returns During the Covid-19 Crash: Evidence from International Markets,EXCLUDE,no audience denominator; stock returns and news indices,1,W3184586803
W3185988733,10.1111/criq.12608,2021,To the Anxious Humanities Scholar,EXCLUDE,non-empirical; essay on the humanities,1,W3185988733
W3186606165,10.6000/1929-4409.2020.09.30,2021,Is Mob Lynching a Contemporary Social Problem in India?,EXCLUDE,"no audience denominator; lynching cases, not exposure share",1,W3186606165
W3187382356,10.1176/appi.pn.2021.8.8,2021,"Hospital SUD Programs, Psychiatric Hospitals Lag in Electronic Health Record Use",EXCLUDE,off-topic; electronic health record adoption,1,W3187382356
W3187489141,10.14429/djlit.41.4.17139,2021,Fake News Mapping the Fakeness through Scholarly Output Lenses,EXCLUDE,off-topic; bibliometrics of fake-news publications,1,W3187489141
W3187774863,10.2196/30971,2021,Infodemic Signal Detection During the COVID-19 Pandemic: Development of a Methodology for Identifying Potential Information Voids in Online Conversations,MAYBE,social-listening taxonomy may report misinformation shares,1,W3187774863
W3188311744,10.1386/jdmp_00060_1,2021,The symbolic uses of platforms: The politics of platform governance in the United States,EXCLUDE,review/commentary; platform governance policy analysis,1,W3188311744
W3188384768,10.2196/29929,2021,The Impact of COVID-19 on Conspiracy Hypotheses and Risk Perception in Italy: Infodemiological Survey Study Using Google Trends,MAYBE,Google Trends conspiracy interest; possible exposure-like estimate,1,W3188384768
W3188437755,10.17762/turcomat.v12i10.4899,2021,A Research on Online Fake News Detection using Machine Learning Techniques,EXCLUDE,detection/classifier; fake news detection review,1,W3188437755
W3188644915,10.1155/2021/8363131,2021,Blockchain Network Propagation Mechanism Based on P4P Architecture,EXCLUDE,off-topic; blockchain network propagation,1,W3188644915
W3189605975,,2021,"Data protection bill: Prasad, panel members spar over draft report",EXCLUDE,not a study; news report on data bill,1,W3189605975
W3189623627,10.1108/ihr-06-2021-0045,2021,Digital disruption: the hyperlocal delivery and cloud kitchen driven future of food services in post-COVID India,EXCLUDE,off-topic; food services market analysis,1,W3189623627
W3192467839,10.1093/jtm/taab118,2021,COVID-19 health passes: current status and prospects for a global approach,EXCLUDE,review/commentary; COVID health passes,1,W3192467839
W3192503844,10.32575/ppb.2021.1.4,2021,REGULATION OF SOCIAL MEDIA PLATFORMS IN THE EUROPEAN UNION,EXCLUDE,review/commentary; EU platform regulation,1,W3192503844
W3192693080,10.1093/eurheartj/ehab486,2021,Can the US COVID-19 Response Advance Equity in Cardiovascular Health?,EXCLUDE,off-topic; cardiovascular health equity,1,W3192693080
W3192748711,10.1097/ju.0000000000002045.12,2021,MP36-12 MARKETING PLATFORMS DOMINATE CONSUMER UNDERSTANDING OF SHOCKWAVE THERAPY FOR ERECTILE DYSFUNCTION,MAYBE,may code accuracy of shockwave-therapy search results,1,W3192748711
W3192748718,10.34067/kid.0003402021,2021,Living Organ Donor Hesitancy about COVID-19 Vaccines: A New Kind of “Source Control Issue”,EXCLUDE,review/commentary; donor vaccine hesitancy essay,1,W3192748718
W3192852854,10.1525/gp.2021.25102,2021,User Loyalty Unbroken? Inflation of Trust in Digital Platforms,EXCLUDE,non-empirical; trust theory of platforms,1,W3192852854
W3193454164,10.1111/apce.12347,2021,Knowledge creation: new frontiers for public investment,EXCLUDE,review/commentary; public investment in knowledge,1,W3193454164
W3193512543,10.1177/20563051211036064,2021,"A Conspiracy of Data: QAnon, Social Media, and Information Visualization",EXCLUDE,non-empirical; QAnon visualization essay,1,W3193512543
W3193623645,10.1016/j.amsu.2021.102709,2021,A closer look at U.S COVID-19 vaccination rates and the emergence of new SARS-CoV-2 variants: It's never late to do the right thing,EXCLUDE,off-topic; vaccination rates and variants,1,W3193623645
W3193713280,10.1093/eurjpc/zwab145,2021,Editor comment: Antihypertensive drugs and cancer—more fakes than facts,EXCLUDE,review/commentary; editor comment on drug scares,1,W3193713280
W3194036841,10.1093/heapro/daab121,2021,Health literacy—politically reloaded,EXCLUDE,review/commentary; health literacy essay,1,W3194036841
W3194329413,10.1002/lio2.620,2021,Update on social media and otolaryngology: Pertinent positives and definite downsides,EXCLUDE,review/commentary; social media in otolaryngology,1,W3194329413
W3194441275,10.1097/prs.0000000000008226,2021,Paging All Readers! Let Us Explore Plastic Surgery Focus: Special Topics,EXCLUDE,not a study; journal section overview,1,W3194441275
W3194520207,10.26483/ijarcs.v12i4.6756,2021,A MACHINE LEARNING BASED APPROACH FOR IMPROVED FAKE NEWS DETECTION,EXCLUDE,detection/classifier; machine-learning fake news detection,1,W3194520207
W3194678947,,2021,"Health promotion regarding COVID-19 in puskesmas Rappokalling in Makassar and puskesmas Pudakpayung in Semarang, Indonesia",EXCLUDE,off-topic; qualitative health promotion study,1,W3194678947
W3194721772,10.4103/ijsp.ijsp_78_20,2021,Lockdown and Mental Health,EXCLUDE,off-topic; lockdown and mental health essay,1,W3194721772
W3194777791,,2021,A monetização virtual como processo da gestão do conhecimento: uma abordagem descritiva da atuação de um observatório de cooperativas,EXCLUDE,off-topic; knowledge management observatory,1,W3194777791
W3194878861,10.1097/01.cot.0000789420.16770.87,2021,Colleague Conversations,EXCLUDE,off-topic; palliative care interview feature,1,W3194878861
W3194988915,10.1002/hsr2.355,2021,World's largest vaccination drive in India: Challenges and recommendations,EXCLUDE,review/commentary; vaccination drive challenges,1,W3194988915
W3195296214,,2021,IT Rules 2021 — Over the top?,EXCLUDE,not a study; opinion piece on IT rules,1,W3195296214
W3195351410,10.1093/cjres/rsab025,2021,"Geographies of discontent: sources, manifestations and consequences",EXCLUDE,non-empirical; essay on political discontent,1,W3195351410
W3195547129,10.1093/idpl/ipab018,2021,Reflections on the murky legal practices of political micro-targeting from a GDPR perspective,EXCLUDE,review/commentary; GDPR and microtargeting,1,W3195547129
W3196331754,10.5281/zenodo.5404697,2021,Covid-19 Sentiment Analysis using Bidirectional Encoder Representations from Transformers,EXCLUDE,detection/classifier; tweet sentiment classification,1,W3196331754
W3196457100,10.1016/j.pmn.2021.08.011,2021,Coexisting Substance Use Disorder and Chronic Pain During COVID-19,EXCLUDE,off-topic; substance use and chronic pain,1,W3196457100
W3197033870,10.35841/1550-7521.21.19.259,2021,A Remarkable Evolution of Over-the-top Media Platforms in India: A Case Study of Business and Regulatory Trends,EXCLUDE,off-topic; OTT platform business trends,1,W3197033870
W3198260204,,2021,Computational Propaganda and Data Protection in Brazil,EXCLUDE,non-empirical; essay on computational propaganda,1,W3198260204
W3198634143,10.32604/csse.2022.018166,2021,Secure and Light Weight Elliptic Curve Cipher Suites in SSL/TLS,EXCLUDE,off-topic; TLS cipher suite analysis,1,W3198634143
W3199330591,10.1525/aft.2021.48.3.4,2021,Society for Cinema and Media Studies 2021 Virtual Conference,EXCLUDE,not a study; conference report,1,W3199330591
W3199716579,10.1007/s00502-021-00929-7,2021,The defalsif-AI project: protecting critical infrastructures against disinformation and fake news,EXCLUDE,tool; disinformation detection project description,1,W3199716579
W3199972443,10.1109/access.2021.3114093,2021,Multi-Level Multi-Modal Cross-Attention Network for Fake News Detection,EXCLUDE,detection/classifier; multimodal fake news detection,1,W3199972443
W3200095345,10.1093/hcr/hqab014,2021,Rethinking the Virtuous Circle Hypothesis on Social Media: Subjective versus Objective Knowledge and Political Participation,EXCLUDE,no misinformation measure; news use and knowledge survey,1,W3200095345
W3200241326,10.1002/poi3.270,2021,"Political online participation and its effects: Theory, measurement, and results",EXCLUDE,review/commentary; editorial on online participation,1,W3200241326
W3200388957,10.5210/spir.v2021i0.12298,2021,"DECLARATIONS OF INTERDEPENDENCE: HOW MEDIA LITERACY PRACTICES ARE DEVELOPED, NEGOTIATED, REJECTED, AND EXPLOITED ACROSS SOCIAL MEDIA PLATFORMS",EXCLUDE,not a study; conference panel on media literacy,1,W3200388957
W3200432063,10.1109/access.2021.3112607,2021,Fake Media Detection Based on Natural Language Processing and Blockchain Approaches,EXCLUDE,detection/classifier; NLP and blockchain fake media detection,4,W3200432063;W4361228314;W7171115679;W7171175308
W3200516564,10.1215/00295132-9004639,2021,Literature Counts: The Feelings of Overwhelmed,EXCLUDE,not a study; book review,1,W3200516564
W3200527506,10.47136/asbuhfd.916253,2021,THE DISRUPTIVE DEVELOPMENT OF COMMUNICATION TECHNOLOGIES: IS WEB 2.0 A REASSURANCE FOR OR A THREAT TO THE CORE PRINCIPLES OF DEMOCRATIC VALUES IN RESPECT OF HUMAN RIGHTS LAWS?,EXCLUDE,review/commentary; human rights law overview,1,W3200527506
W3201021252,,2021,Fake News Detection based on Machine Learning Algorithm with Performance Improvement,EXCLUDE,detection/classifier; machine-learning fake news detection,1,W3201021252
W3201371776,10.1093/poq/nfab027,2021,New Data in Social and Behavioral Research,EXCLUDE,not a study; special-issue introduction,1,W3201371776
W3201505257,10.1016/s1473-3099(21)00616-2,2021,Rapid COVID-19 vaccine rollout: immense success but challenges ahead,EXCLUDE,review/commentary; vaccine rollout comment,1,W3201505257
W3202491947,,2021,Critical Thinking in Media Sphere: Attitude of University Teachers to Fake News and Its Impact on the Teaching,MAYBE,teacher survey may report encountering fake news,1,W3202491947
W3202638843,10.1093/ajh/hpab157,2021,"Community Hypertension Screening and Care Referral With Blood Pressure-Measuring Kiosks, Digital Education Modalities, and Text Messages",EXCLUDE,off-topic; hypertension screening kiosks,1,W3202638843
W3203206109,10.7535/hbkd.2021yx02010,2021,Study on information personalized recommendation based on system dynamics,EXCLUDE,tool; personalized recommendation system,1,W3203206109
W3203391117,10.1097/corr.0000000000001986,2021,CORR Insights®: Is Self-reported Return to Duty an Adequate Indicator of Return to Sport and/or Return to Function in Military Patients?,EXCLUDE,off-topic; return-to-duty commentary,1,W3203391117
W3203458476,10.1093/biosci/biab090,2021,An Avid New Audience for Preprints—Extremists,EXCLUDE,not a study; magazine feature on preprints,1,W3203458476
W3203842931,10.1155/2021/6092792,2021,Smart Supply Chain Management Using the Blockchain and Smart Contract,EXCLUDE,off-topic; blockchain supply chain,1,W3203842931
W3204712709,10.18374/jabe-21-3.2,2021,A CRISIS OF KNOWLEDGE MISMANAGEMENT: THE EFFECT OF FAKE NEWS ON CONSUMER DISTRUST ALONG COVID-19 ERA,MAYBE,survey on fake news exposure and consumer distrust,1,W3204712709
W3204919756,10.31294/jc.v21i2.10072,2021,Infodemik Covid-19 dalam Perspektif Jean Baudillard (Studi Kasus Berita Hoaks Covid-19 di Website covid19.go.id),EXCLUDE,no denominator; qualitative analysis of hoax corpus,1,W3204919756
W3205240856,10.1093/joc/jqab040,2021,Ten Observations: The 2021 ICA Presidential Address,EXCLUDE,not a study; presidential address,1,W3205240856
W3205937402,10.1016/j.ptdy.2021.09.024,2021,Moving toward health equity: A journey,EXCLUDE,off-topic; health equity commentary,1,W3205937402
W3206204152,10.53855/bjt.v24i3.420,2021,AVALIAÇÃO DO CONHECIMENTO SOBRE O PROCESSO DE DOAÇÃO E TRANSPLANTE DE ÓRGÃOS E TECIDOS ENTRE ESTUDANTES DA ÁREA DA SAÚDE DA FACULDADE DE MEDICINA DE MARÍLIA,EXCLUDE,off-topic; organ donation knowledge test,1,W3206204152
W3206342768,10.11648/j.cls.20210703.12,2021,Possibilities to Reinvent Digital Journalism to Face the Challenges of the New Technological Times,EXCLUDE,non-empirical; essay on digital journalism,1,W3206342768
W3206564655,10.25159/2663-6549/8135,2021,Youth Out-Migration in Nigeria: The Dual Role of Social Media as a Cause and Solution,EXCLUDE,off-topic; youth out-migration review,1,W3206564655
W3206715780,10.1093/pm/pnab305,2021,Manifestations of Pain During the COVID-19 Pandemic Portrayed on Social Media: A Cross-Sectional Study,MAYBE,YouTube pain videos may be accuracy-coded,1,W3206715780
W3206755406,10.1093/clinchem/hvab227,2021,The Role of Laboratory-Based Viral Testing in the COVID-19 Pandemic,EXCLUDE,off-topic; viral testing commentary,1,W3206755406
W3206876620,10.1002/emp2.12577,2021,Emergency physician perspectives on using telehealth with older adults during COVID‐19: A qualitative study,EXCLUDE,off-topic; telehealth qualitative study,1,W3206876620
W3206938963,,2021,THE EFFECTS OF LANGUAGE USE ON THE SOCIAL MEDIA ON NIGERIA’S NATIONAL INTEGRATION,EXCLUDE,off-topic; hate speech discourse analysis,1,W3206938963
W3207553460,,2021,Will the new IT rules imperil data privacy,EXCLUDE,not a study; opinion piece on IT rules,1,W3207553460
W3207681941,10.4236/jcc.2021.910006,2021,Reliable and Efficient Long-Term Social Media Monitoring,EXCLUDE,tool; social media collection infrastructure,1,W3207681941
W3208202922,10.9771/revpre.v9i9.37184,2021,MADE IN BRAZIL: CONSPIRACY THEORY AND THE FLOW OF INFORMATION IN ONE-TO-ONE WHATSAPP CONVERSATIONS,EXCLUDE,no denominator; qualitative WhatsApp essay,1,W3208202922
W3208240366,10.22214/ijraset.2021.38561,2021,Detecting Fake News Using Social Media Platforms,EXCLUDE,detection/classifier; fake news detection,1,W3208240366
W3208619210,10.5958/2279-0667.2021.00040.7,2021,"""Media transition - The impact of the digital platforms on news and journalistic content in India",EXCLUDE,non-empirical; essay on digital media transition,1,W3208619210
W3208680784,10.47191/ijcsrr/v4-i10-21,2021,Effect of Health Education Vis Digital Media during COVID-19 Pandemic in India,EXCLUDE,intervention/experiment only; health education pre-post,1,W3208680784
W3208815301,10.11591/eei.v10i6.3188,2021,Frequency based edge-texture feature using Otsu’s based enhanced local ternary pattern technique for digital image splicing detection,EXCLUDE,detection/classifier; image splicing detection,1,W3208815301
W3208894776,10.1111/imig.12915,2021,The importance of evidence‐based research on migration: Historical reflections and current salience,EXCLUDE,review/commentary; migration research reflections,1,W3208894776
W3208944746,10.52214/vib.v7i.8810,2021,The Trauma of Disregard,EXCLUDE,off-topic; bioethics parental perspective,1,W3208944746
W3209378799,10.1007/s10606-021-09411-6,2021,Make a Difference in a Different Way: Twitter Bot Creators and Wikipedia Transparency.,MAYBE,"no abstract; bot creators study, relevance unclear",1,W3209378799
W3209460517,,2021,COVID-19 TWEETS SENTIMENT ANALYSIS USING MACHINE LEARNING MODELS,EXCLUDE,detection/classifier; tweet sentiment analysis,1,W3209460517
W3210055274,10.1002/prp2.866,2021,Did our pharmacological strategy for COVID‐19 fail?,EXCLUDE,review/commentary; COVID pharmacology critique,1,W3210055274
W3210095465,10.32782/2304-0920/3-88-5,2021,CORPORATE SOCIAL RESPONSIBILITY IN THE CONDITIONS OF DIGITAL TRANSFORMATION OF ECONOMIC SYSTEMS,EXCLUDE,off-topic; corporate digital responsibility,1,W3210095465
W3210472770,,2021,A Comparative Analysis of Long Short-Term Memory Recurrent Neural Network Classifiers for Text Classification,EXCLUDE,detection/classifier; LSTM text classification,1,W3210472770
W3210546290,10.1007/s13278-021-00815-2,2021,Amplifying influence through coordinated behaviour in social networks,MAYBE,no abstract; coordinated amplification could report concentration,1,W3210546290
W3211049130,10.3389/fpubh.2021.715931,2021,Does Seeing What Others Do Through Social Media Influence Vaccine Uptake and Help in the Herd Immunity Through Vaccination? A Cross-Sectional Analysis,EXCLUDE,"belief/attitude only; vaccine intent, no misinformation exposure measure",1,W3211049130
W3211399980,10.1093/eurpub/ckab164.501,2021,Advances in real-time social listening for an adaptive public health response: WHO’s EARS platform,EXCLUDE,"tool; social-listening platform, topic shares not falsity",1,W3211399980
W3211839983,10.3390/app112210915,2021,High-Performance English–Chinese Machine Translation Based on GPU-Enabled Deep Neural Networks with Domain Corpus,EXCLUDE,off-topic; machine translation,1,W3211839983
W3212087808,10.1093/eurpub/ckab165.267,2021,Health sciences students’ perception on stigmatization related to COVID-19,EXCLUDE,belief/attitude only; stigma perceptions survey,1,W3212087808
W3212444675,10.3784/jbjc.202103010096,2021,Design and implementation of data analysis platform of infectious disease syndromes and pathogen surveillance based on cloud computing technology,EXCLUDE,tool; disease surveillance platform design,1,W3212444675
W3212628354,,2021,A Hybrid TF-IDF and N-Grams Based Feature Extraction Approach for Accurate Detection of Fake News on Twitter Data,EXCLUDE,detection/classifier; fake news detection features,1,W3212628354
W3212694798,10.1111/2047-8852.12349,2021,Political Data and Developments in 2020: Politics During a Global Pandemic,EXCLUDE,not a study; political data yearbook overview,1,W3212694798
W3213126965,10.1002/nha3.20343,2021,Feverish productivity: An unanticipated response to the COVID‐19 pandemic,EXCLUDE,not a study; personal reflective essay,1,W3213126965
W3213284418,10.5120/ijca2021921683,2021,Forensic Browser on Facebook Services using National Institute of Standards Technology Method,EXCLUDE,tool; digital forensics of hoax posts,1,W3213284418
W3213314053,,2021,HUBUNGAN TINGKAT PENGETAHUAN MAHASISWA TERHADAP QUALITY OF LIFE (QOL) DI ERA PANDEMI COVID-19,EXCLUDE,belief/attitude only; knowledge and quality of life,1,W3213314053
W3213437509,,2021,A study on the rise of social media surveillance in modern times on the pretext of combating fake news,EXCLUDE,review/commentary; surveillance law discussion,1,W3213437509
W3214195558,10.1109/tcss.2021.3123895,2021,Authorship Attribution of Social Media Messages,EXCLUDE,detection/classifier; authorship attribution method,1,W3214195558
W3214281655,10.54060/jmss/001.02.005,2021,Management of Django Web Development in Python,EXCLUDE,off-topic; web development,1,W3214281655
W3214385651,10.3390/data6110117,2021,Multi-Ideology ISIS/Jihadist White Supremacist (MIWS) Dataset for Multi-Class Extremism Text Classification,EXCLUDE,not a study; extremism text dataset paper,1,W3214385651
W3214512697,10.1080/20961790.2021.1980953,2021,The COVID-19 Pandemic: Some Thoughts on Integrity in Research and Communication,EXCLUDE,review/commentary; research integrity essay,1,W3214512697
W3214892076,10.1111/ced.15041,2021,A qualitative analysis of online misinformation and conspiracy theories in psoriasis,MAYBE,online misinformation content review; quantitative share unclear,1,W3214892076
W3215109830,,2021,The News Angler Project: Exploring the Next Generation of Journalistic Knowledge Platforms,EXCLUDE,tool; journalistic knowledge platform prototype,1,W3215109830
W3216890674,10.1080/19317611.2021.2005732,2021,Facebook Doesn’t Like Sexual Health or Sexual Pleasure: Big Tech’s Ambiguous Content Moderation Policies and Their Impact on the Sexual and Reproductive Health of the Youth,EXCLUDE,review/commentary; content moderation policy critique,1,W3216890674
W3217298075,10.5194/isprs-archives-xlvi-4-w6-2021-329-2021,2021,SUPPLEMENTING SATELLITE IMAGERY WITH SOCIAL MEDIA DATA FOR REMOTE RECONNAISSANCE: A CASE STUDY OF THE 2020 TAAL VOLCANO ERUPTION,EXCLUDE,off-topic; disaster remote reconnaissance,1,W3217298075
W3217743053,10.1002/pan3.10284,2021,The implications of digital visual media for human–nature relationships,EXCLUDE,review/commentary; special-feature editorial,1,W3217743053
W4200002672,10.1093/dh/dhab097,2021,The Cultural Cold War in Yugoslavia,EXCLUDE,not a study; book review,1,W4200002672
W4200034200,10.29408/edumatic.v5i2.3664,2021,Perbandingan Performansi Model pada Algoritma K-NN terhadap Klasifikasi Berita Fakta Hoaks Tentang Covid-19,EXCLUDE,detection/classifier; K-NN hoax classification,1,W4200034200
W4200039712,10.1097/ede.0000000000001458,2021,Anti-Asian Racism and COVID-19,EXCLUDE,review/commentary; anti-Asian racism essay,1,W4200039712
W4200081650,10.5281/zenodo.5765883,2021,Social Engineering Attacks on Facebook – A Case Study,EXCLUDE,off-topic; social engineering security case study,2,W4200081650;W4200201726
W4200127642,10.1002/pds.5393,2021,SARS‐CoV ‐2 vaccine‐related adverse events in Zimbabwe: The need to strengthen pharmacovigilance in resource‐limited settings,EXCLUDE,review/commentary; pharmacovigilance opinion piece,1,W4200127642
W4200223215,10.5694/mja2.51345,2021,"Goodbye, 2021: a year of failures interspersed with remarkable triumphs",EXCLUDE,not a study; editorial year in review,1,W4200223215
W4200263034,10.1002/eji.202170125,2021,COVID‐19 Vaccine Inequity: High time to calibrate the global moral compass,EXCLUDE,review/commentary; vaccine equity commentary,1,W4200263034
W4200265399,10.19181/nko.2021.27.4.10,2021,Reading of today Russian adolescents in the context of digital reality,EXCLUDE,off-topic; adolescent reading habits,1,W4200265399
W4200271667,10.17723/0360-9081-84.2.553,2021,Burning the Books: A History of Knowledge Under Attack,EXCLUDE,not a study; book review,1,W4200271667
W4200294379,10.1097/01.cot.0000805628.88958.3e,2021,HPV Vaccine Hesitancy Remains High Among U.S. Parents,EXCLUDE,belief/attitude only; vaccine hesitancy trends,1,W4200294379
W4200383501,10.1016/j.jpainsymman.2021.12.003,2021,"PC-FACS December 1, 2021",EXCLUDE,not a study; dated journal column,1,W4200383501
W4200496134,10.1093/clinchem/hvab266,2021,Pregnancy in the Time of COVID-19: What Are the Challenges for Maternity Care?,EXCLUDE,review/commentary; maternity care Q&A,1,W4200496134
W4200579691,10.1525/aft.2021.48.4.43,2021,Project Review: SwampScapes,EXCLUDE,off-topic; media art project review,1,W4200579691
W4200581092,10.1176/appi.pn.2022.1.22,2021,Special Report: Ethical Decision-Making in Contemporary Psychiatric Practice—An Evolving Challenge,EXCLUDE,review/commentary; psychiatric ethics report,1,W4200581092
W4200589119,10.1177/14648849211060628,2021,Beyond verification: Flesh witnessing and the significance of embodiment in conflict news,EXCLUDE,review/commentary; journalism theory essay,1,W4200589119
W4200611825,10.1002/poi3.279,2021,Scholarly research and user‐centred policy design,EXCLUDE,review/commentary; issue editorial on policy design,1,W4200611825
W4200624086,10.1111/jgs.17619,2021,Source of information on COVID ‐19 vaccine and vaccine hesitancy among U.S. Medicare beneficiaries,EXCLUDE,belief/attitude only; information sources and hesitancy,1,W4200624086
W4205155573,10.1111/resp.14199,2021,Why we still need drugs for COVID ‐19 and can't just rely on vaccines,EXCLUDE,review/commentary; therapeutics opinion piece,1,W4205155573
W4205207661,10.1109/tcss.2021.3131945,2021,SaTYa: Trusted Bi-LSTM-Based Fake News Classification Scheme for Smart Community,EXCLUDE,detection/classifier; Bi-LSTM fake news classification,1,W4205207661
W4205325104,10.4103/jiaphd.jiaphd_56_21,2021,"The Impact of Panic Spread in Social Media Over COVID-19 on Dental Students of Nellore, India – A Cross-Sectional Study",MAYBE,student survey on fake-news exposure and panic; exposure share unclear,1,W4205325104
W4205365341,10.5204/mcj.2791,2021,Dark,EXCLUDE,not a study; journal issue editorial,1,W4205365341
W4205396364,10.21693/1933-088x-20.1.26,2021,Pulmonary Hypertension Clinical Trials and COVID-19: A Discussion With John Ryan and Roham Zamanian,EXCLUDE,review/commentary; clinical trials interview,1,W4205396364
W4205397135,10.1525/fq.2021.75.2.5,2021,Wintering Over,EXCLUDE,not a study; film journal editorial,1,W4205397135
W4205435525,10.15211/soveurope72021135143,2021,Malicious Information Threats of a Post-Covid World in Europe and the European Union,EXCLUDE,review/commentary; comparative policy responses,1,W4205435525
W4205587996,10.1016/j.focat.2021.05.022,2021,"Plug Power, Chart Industries and Baker Hughes announce their intention to become cornerstone investors in FiveT Hydrogen Fund",EXCLUDE,off-topic; corporate hydrogen fund announcement,1,W4205587996
W4205610934,10.1093/ckj/sfab281,2021,Utility of semi-private messaging application (WhatsApp®) for Onconephrology education: a qualitative analysis of a ‘mastermind’ chat,EXCLUDE,off-topic; medical education chat analysis,1,W4205610934
W4205889868,10.21776/ub.bjss.2021.001.01.3,2021,Stigmatisasi dan Pembentukan Solidaritas Kolektif dalam Perkembangan COVID-19 di Jawa Timur,EXCLUDE,off-topic; stigma and collective solidarity,1,W4205889868
W4206055291,10.1093/biosci/biab129,2021,"Birds Follow Flyways, Fish Navigate Swimways",EXCLUDE,off-topic; fish migration feature,1,W4206055291
W4206100778,10.17975/sfj-2021-015,2021,Identifying COVID-19 Instagram behaviour patterns via a novel network analysis pipeline,MAYBE,Instagram hashtag clusters incl. conspiracy content; share unclear,1,W4206100778
W4206232026,10.5325/edgallpoerev.22.2.0412,2021,"Poe in Cyberspace: The First Amendment, Antitrust Law, and an Internet Rhubarb",EXCLUDE,off-topic; literary criticism column,1,W4206232026
W4206310550,10.21693/1933-088x-20.1.16,2021,PH Roundtable: Pulmonary Hypertension and Telehealth in the Time of Coronavirus Disease 2019,EXCLUDE,review/commentary; telehealth roundtable,1,W4206310550
W4206671680,10.37272/jiecr.2021.12.21.6.119,2021,A Study for Activation of Non-Face-to-Face Education based on CONCOR Big Data Analytics: Data Literacy Perspectives,EXCLUDE,off-topic; education keyword network analysis,1,W4206671680
W4206832841,10.1215/00295132-9353820,2021,Ali Smith's and Olivia Laing's Fictions of Immediacy,EXCLUDE,off-topic; literary criticism,1,W4206832841
W4210350805,10.47851/naujocommed.v2i1.121,2021,BELIEVABILITY OF SOCIAL MEDIA POSTS: A STUDY OF ALLEGED FORCEFUL INJECTION OF MONKEY POX VIRUS IN SCHOOL CHILDREN,INCLUDE,survey reports share exposed to and believing false posts,1,W4210350805
W4210713476,10.54364/aaiml.2021.1112,2021,Machine Learning Language Models: Achilles Heel for Social Media Platforms and a Possible Solution,EXCLUDE,detection/classifier; synthetic misinformation generation and detection,1,W4210713476
W4212821834,10.1093/screen/hjab051,2021,Curating the Godardian institution: agency and critique in film and contemporary art,EXCLUDE,off-topic; film and art curation,1,W4212821834
W4212910590,10.1093/poq/nfab057,2021,Strategies for Detecting Insincere Respondents in Online Polling,EXCLUDE,"off-topic; survey data quality, not misinformation",1,W4212910590
W4212985568,10.1093/jiplp/jpab144,2021,Fighting the tech giants—news edition: competition law’s (un)suitability to safeguard the press publishers’ right and the quest for a regulatory approach,EXCLUDE,review/commentary; competition law analysis,1,W4212985568
W4213282973,10.1093/jiplp/jpab152,2021,The treachery of images: non-fungible tokens and copyright,EXCLUDE,off-topic; NFT copyright analysis,1,W4213282973
W4214527757,10.30770/2572-1852-107.1.5,2021,News & Notes,EXCLUDE,not a study; organisational news items,1,W4214527757
W4225677316,10.1162/leon_r_02170,2021,Animating Truth: Documentary and Visual Culture in the 21st Century,EXCLUDE,not a study; book review,1,W4225677316
W4230742178,10.5377/rcfh.v7i1.11758,2021,"Conocimientos, actitudes y prácticas sobre donación y trasplante de córneas en comunidades rurales y urbanas de Honduras",EXCLUDE,belief/attitude only; corneal donation knowledge survey,1,W4230742178
W4239373186,10.34010/common.v5i1.4799,2021,PRODUKSI KONTEN VISUAL DAN AUDIOVISUAL MEDIA SOSIAL LEMBAGA SENSOR FILM,EXCLUDE,off-topic; institutional social media content production,1,W4239373186
W4242547010,10.25077/jip.5.1.21-38.2021,2021,Benarkah Dewasa Madya Mempersepsikan Berita Kesehatan di Internet sebagai Berita yang Kredibel?,EXCLUDE,intervention/experiment only; news credibility experiment,1,W4242547010
W4244702703,10.32840/cpu2219-8741/2021.2(46).9,2021,SPECIFICS OF CONVERGENT MEDIA CONTENT IN UKRAINE ON THE EXAMPLE OF RADIO LIBERTY,EXCLUDE,off-topic; convergent journalism case study,1,W4244702703
W4246377138,10.1525/abt.2021.83.5.289,2021,Tapping Into the ABT Treasury,EXCLUDE,not a study; teaching resource roundup,1,W4246377138
W4248296466,10.1525/gfc.2021.21.4.65,2021,"50 Years On, Did Alice Waters Change Food Forever?",EXCLUDE,off-topic; food culture roundtable,1,W4248296466
W4248995154,10.1353/jod.2021.0027,2021,Rebooting Democracy,EXCLUDE,not a study; book review,1,W4248995154
W4285079489,10.54940/ss60022913,2021,The Role of Educational Content in Raising the Skill of Media Students in Detecting False News on Digital Platforms: A field Study on a Sample of Students from Media Colleges and Departments in Arab Universities,MAYBE,media students survey on false-news verification; exposure share unclear,1,W4285079489
W4285314535,10.55367/pxgb6863,2021,DON’T SHOOT THE MESSAGE: REGULATING DISINFORMATION BEYOND CONTENT IN BRAZIL,EXCLUDE,review/commentary; disinformation regulation analysis,1,W4285314535
W4285320434,10.31861/mhpi2021.44.77-88,2021,Modern Processes of Digitalization in Diplomatic Service of Ukraine and Kuwait,EXCLUDE,off-topic; digital diplomacy comparison,1,W4285320434
W4286979571,10.5281/zenodo.5501852,2021,Media and Digital Interface: Designing Learning Spaces and Knowledge,EXCLUDE,review/commentary; conceptual essay on digital learning,3,W4286979571;W4286979597;W4286979947
W4287126808,10.5281/zenodo.4884877,2021,The emergence of platform regulation in the UK: an empirical-legal study,EXCLUDE,off-topic; coding of harms in regulatory reports,1,W4287126808
W4296940057,10.1093/ct/qtab020,2021,Communication Theory at a Time of Racial Reckoning,EXCLUDE,review/commentary; communication theory book essay,1,W4296940057
W4312318382,10.56042/jst.v9i3-4.67118,2021,Journal of Scientific Temper,EXCLUDE,no audience denominator; bulletin dissemination appraisal,1,W4312318382
W4312545416,10.54216/fpa.040105,2021,Fusion of Machine learning for Detection of Rumor and False Information in Social Network,EXCLUDE,detection/classifier; fake news detection review,1,W4312545416
W4312813262,10.1145/3578495.3578499,2021,"Dataset Column: Overview, Scope and Call for Contributions",EXCLUDE,not a study; dataset column call for contributions,1,W4312813262
W4313151951,10.32350/umtair.11.03,2021,Rumor Identification on Twitter Data for 2020 US Presidential Elections with BERT Model,EXCLUDE,detection/classifier; BERT rumour identification,1,W4313151951
W4318212452,10.1344/transfer.2016.11.309-320,2021,Noticias,EXCLUDE,not a study; conference announcements,1,W4318212452
W4379178479,10.54042/hr583hhsma,2021,Social Media as a Tool of Influence and Mentorship among Healthcare Professionals,EXCLUDE,review/commentary; literature review on social media use,1,W4379178479
W4386584430,10.1097/01.eem.0000795760.41732.33,2021,What Lies Beneath,EXCLUDE,review/commentary; opinion column on conspiracy theories,1,W4386584430
W4386585825,10.1097/01.eem.0000800528.24008.36,2021,Life in Emergistan,EXCLUDE,review/commentary; opinion column,1,W4386585825
W4390897076,10.7275/6s8z-3044,2021,"A Crisis of Publicity: Many-to-Many Communication, Public Deliberation, and the Quest for the Last Big Secret",EXCLUDE,no audience denominator; rhetorical case analysis of one thread,1,W4390897076
W4401688852,10.21428/9885764c.67363679,2021,From the DSA to Media Data Space: the possible solutions for the access to platforms’ data to tackle disinformation,EXCLUDE,review/commentary; blog post on data access,1,W4401688852
W4405511346,10.30837/bi.2021.2(97).01,2021,Neural network technology for multilingual classification of electronic texts,EXCLUDE,detection/classifier; multilingual text classification,1,W4405511346
W4415782408,10.4103/ijhs_20210203_93,2021,5 Innovating the Way Forward:,EXCLUDE,review/commentary; humanitarian innovation essay,1,W4415782408
W7115927152,10.65655/8bdt4516,2021,"UN Pact for the Future and Global Digital Compact: A Critical Interdisciplinary Analysis of Global Digital Governance, Digital-ID, and Central-Bank Digital Currencies",EXCLUDE,review/commentary; critical policy discourse analysis,1,W7115927152
W7138881581,10.1108/jced-11-2021-0007,2021,A New Generation of Educational Leaders,EXCLUDE,off-topic; educational leadership essay,1,W7138881581
W7141868791,10.71465/ajbd1341,2021,Analyzing Social Media Data for Political Influence in Big Data Systems,EXCLUDE,review/commentary; big data political analytics overview,1,W7141868791
W7171162740,10.67228/3071561x/ijirht-2022pii3j9s,2021,The Role of Online Forums in Shaping Public Discourse,MAYBE,forum content analysis mentioning misinformation; share unclear,1,W7171162740
W7202289115,10.5281/zenodo.21895456,2021,First 120 Days Memo: Creating an Environmental Data Dialogue with Community Data Sources in Support of Executive Orders,EXCLUDE,not a study; policy memo,2,W7202289115;W7202301336
W3196484521,10.5281/zenodo.6544057,2022,A Survey on Adolescent Monitoring System Using Deep Learning,EXCLUDE,detection/classifier; content filtering survey,1,W3196484521
W3205615656,10.25300/misq/2022/16288,2022,The Role of Social Cues and Trust in Users’ Private Information Disclosure,EXCLUDE,off-topic; privacy disclosure experiment,1,W3205615656
W3208631485,10.56315/pscf3-22reich,2022,System Error: Where Big Tech Went Wrong and How We Can Reboot,EXCLUDE,not a study; book review,1,W3208631485
W3217060342,10.1093/escrit/cgac003,2022,Henry James and Incompleteness,EXCLUDE,off-topic; literary criticism,1,W3217060342
W4205282973,10.1007/s00521-021-06743-8,2022,RETRACTED ARTICLE: CanarDeep: a hybrid deep neural model with mixed fusion for rumour detection in social data streams,EXCLUDE,detection/classifier; rumour detection model,1,W4205282973
W4205617963,10.1242/jeb.243885,2022,Recognising our community as we head towards JEB's centenary in 2023,EXCLUDE,not a study; journal editorial,1,W4205617963
W4205624467,10.1093/jel/eqac001,2022,NGOs as Lobbyists: A Casualty of Environmental Law’s Tunnel Vision?,EXCLUDE,not a study; book review,1,W4205624467
W4205894743,10.1002/adma.202109845,2022,Opening the Doors to Advanced Materials in 2022,EXCLUDE,not a study; journal editorial,1,W4205894743
W4206079275,10.52403/ijhsr.20220124,2022,Determinants of COVID-19 Vaccine Acceptance in Ghana,EXCLUDE,belief/attitude only; vaccine acceptance determinants,1,W4206079275
W4206206083,10.1108/jsit-11-2020-0257,2022,"Examination of fake news from a viral perspective: an interplay of emotions, resonance, and sentiments",EXCLUDE,detection/classifier; fake news prediction model,1,W4206206083
W4206363158,10.1111/codi.16061,2022,"Report from ‘ESCP 2021 Virtual’: the 16th Scientific and Annual Conference of the European Society of Coloproctology, 22–24 September 2021",EXCLUDE,not a study; conference report,1,W4206363158
W4210267218,10.1097/ncm.0000000000000553,2022,Robotic Companion Pets and Seniors With Dementia in Nursing Homes,EXCLUDE,off-topic; robotic pets in dementia care,1,W4210267218
W4210552542,10.1097/prs.0000000000008800,2022,Beyond the Impact Factor in Peer-Reviewed Literature: What Really Matters,EXCLUDE,off-topic; impact factor commentary,1,W4210552542
W4210612630,10.1111/trf.16810,2022,Experience with COVID ‐19 convalescent plasma provides vital guidance to future pandemics,EXCLUDE,off-topic; convalescent plasma therapy,1,W4210612630
W4211116883,10.1093/jiplp/jpac008,2022,"Meta-Worse, a lawyer’s mega paradise",EXCLUDE,review/commentary; metaverse IP law essay,1,W4211116883
W4211191558,10.1177/09697330211041749,2022,‘Blurred boundaries’: When nurses and midwives give anti-vaccination advice on Facebook,MAYBE,nurse survey may report share posting/seeing anti-vax misinformation,1,W4211191558
W4212783635,10.1016/j.apnu.2022.02.001,2022,A whistleblower confronts social media,EXCLUDE,review/commentary; whistleblower opinion piece,1,W4212783635
W4212813548,10.1007/s11277-022-09646-6,2022,An Efficient Fake News Identification System Using A-SQUARE CNN Algorithm,EXCLUDE,detection/classifier; CNN fake news system,1,W4212813548
W4212827832,10.4103/cs.cs_27_21,2022,Altmetric Scores in Conservation Science have Gender and Regional Biases,EXCLUDE,off-topic; altmetric score bias,1,W4212827832
W4212838220,10.1111/nae2.33,2022,"Social media and journals: Suggested best practices for nursing editors, authors, readers",EXCLUDE,review/commentary; social media best practices,1,W4212838220
W4213041413,10.1186/s40537-022-00572-9,2022,Detection of fickle trolls in large-scale online social networks,EXCLUDE,detection/classifier; troll detection algorithm,1,W4213041413
W4213232203,10.1016/j.jksuci.2022.01.019,2022,Blockchain based hierarchical semi-decentralized approach using IPFS for secure and efficient data sharing,EXCLUDE,off-topic; blockchain data sharing,1,W4213232203
W4213316396,10.1111/bju.15712,2022,Linking COVID ‐19 vaccine and male infertility – not on fertile ground,EXCLUDE,review/commentary; vaccine-infertility editorial,1,W4213316396
W4213346193,10.2196/33110,2022,Exploring Resource-Sharing Behaviors for Finding Relevant Health Resources: Analysis of an Online Ovarian Cancer Community,MAYBE,codes shared health resources; relevance not clearly accuracy,1,W4213346193
W4213370003,10.1002/ajh.26503,2022,Classification of myeloid neoplasms/acute leukemia: Global perspectives and the international consensus classification approach,EXCLUDE,off-topic; leukemia classification,1,W4213370003
W4213418601,10.1176/appi.pn.2022.03.3.30,2022,Looking Outward Globally: More Important Now Than Ever,EXCLUDE,not a study; presidential column,1,W4213418601
W4213445932,10.1002/eji.202270035,2022,DGfI Study Group Vaccines ‐ Annual Meeting 2022,EXCLUDE,not a study; meeting report,1,W4213445932
W4214697828,10.11594/jmaber.03.02.05,2022,Infodemic amidst the Covid-19 in the Philippines: Spotted By Vera Files.Org,MAYBE,quantified fact-checked false claims by platform; denominator unclear,2,W4214697828;W4214707829
W4214727579,10.1016/j.ijid.2021.12.234,2022,Understanding Outbreak Data Dissemination In Event Based Surveillance Systems. Application On Avian Influenza Using PADI-web,EXCLUDE,"off-topic; disease surveillance signal flow, not misinformation",1,W4214727579
W4214808692,10.52214/vib.v8i.9166,2022,Telemental Health,EXCLUDE,off-topic; telemental health ethics,1,W4214808692
W4214864405,10.1111/dar.13457,2022,News media both represents and acts: Commentary on Howse et al. news media content analysis of Sydney's ‘last drinks’ laws,EXCLUDE,review/commentary; on alcohol policy news coverage,1,W4214864405
W4214927972,10.37478/abdika.v2i1.1710,2022,Sosialisasi Platform Teknologi Informasi Sekolah Menengah Kejuruan Pusat Keunggulan di SMK Negeri 10 Bengkulu Utara,EXCLUDE,off-topic; school IT platform outreach,1,W4214927972
W4220678194,10.5204/mcj.2874,2022,Page Not Found,EXCLUDE,review/commentary; essay on link rot and archives,1,W4220678194
W4220686914,10.1007/s13278-022-00869-w,2022,DeeProBot: a hybrid deep neural network model for social bot detection based on user profile data,EXCLUDE,detection/classifier; bot detection model,1,W4220686914
W4220695719,10.29333/ejgm/11920,2022,"Perceived Vaccine Efficacy, Willingness to Pay for COVID-19 Vaccine and Associated Determinants among Foreign Migrants in China",EXCLUDE,belief/attitude only; perceived vaccine efficacy,1,W4220695719
W4220706985,10.35940/ijrte.f6855.0310622,2022,Sentiment Analysis Applications during COVID-19 Pandemics: An Exploratory Review,EXCLUDE,review/commentary; sentiment analysis review,1,W4220706985
W4220726708,10.5204/mcj.2892,2022,Conspiracy,EXCLUDE,review/commentary; journal issue introduction,1,W4220726708
W4220754450,10.1525/aft.2022.49.1.14,2022,Where There’s Smoke and the Generative Documentary,EXCLUDE,off-topic; documentary art practice,1,W4220754450
W4220759907,10.48175/ijarsct-2662,2022,Social Networks Fake Detection,EXCLUDE,detection/classifier; fake profile detection,1,W4220759907
W4220776181,10.1016/j.jadohealth.2022.01.043,2022,"126. Adolescent Perceptions of Different e-Cigarette Marketing Characteristics in Retail, Online and Social Media",MAYBE,"no abstract; adolescent exposure to e-cigarette marketing, possibly misleading content",1,W4220776181
W4220781182,10.1007/s00530-022-00916-8,2022,TMIF: transformer-based multi-modal interactive fusion for automatic rumor detection,EXCLUDE,detection/classifier; automatic rumor detection,1,W4220781182
W4220841039,10.7759/cureus.23292,2022,Asthma Patients' Use of Cell Phone Features and Their Willingness to Use Them for Self-Management,EXCLUDE,off-topic; cell phone use in asthma self-care,1,W4220841039
W4220873965,10.5204/mcj.2869,2022,Playing Conspiracy,EXCLUDE,not a study; game design as research method,1,W4220873965
W4220878903,10.1002/puh2.5,2022,Public health challenges: A new scientific path and platform,EXCLUDE,review/commentary; journal editorial,1,W4220878903
W4220900845,10.1017/s0047279422000162,2022,"Digital Social Policy: Past, Present, Future",EXCLUDE,review/commentary; digital social policy editorial,1,W4220900845
W4220935514,10.1093/cvr/cvac033,2022,Leaders in cardiovascular research: Eugene Braunwald,EXCLUDE,not a study; interview profile,1,W4220935514
W4220972016,10.2217/fvl-2021-0169,2022,A Community Call to Action: Mitigating Covid Pandemic’s Impact on Mental Health,EXCLUDE,review/commentary; mental health call to action,1,W4220972016
W4220988406,10.5204/mcj.2852,2022,How Google Autocomplete Algorithms about Conspiracy Theorists Mislead the Public,MAYBE,may report share of misleading autocomplete subtitles for conspiracists,1,W4220988406
W4221007759,10.34133/2022/9858292,2022,Misinformation versus Facts: Understanding the Influence of News regarding COVID-19 Vaccines on Vaccine Uptake,INCLUDE,"share of tweets/users posting misinformation URLs, 4M tweets",1,W4221007759
W4221021178,10.1111/jacc.13310,2022,“Just Look At His Vascularity:” The Dangerous Theatricality of the World Bodybuilding Federation,EXCLUDE,off-topic; bodybuilding federation theatricality,1,W4221021178
W4221049944,10.5694/mja2.51452,2022,COVID‐19: preparing for the next viral variant,EXCLUDE,review/commentary; pandemic preparedness editorial,1,W4221049944
W4221060662,10.5204/mcj.2870,2022,"Consumption, Wellness, and the Far Right",EXCLUDE,review/commentary; wellness and far-right essay,1,W4221060662
W4221098538,10.5281/zenodo.6043102,2022,How to Improve the Usage of Vocabulary in Essay Writing - Guide 2022,EXCLUDE,not a study; essay-writing guide,1,W4221098538
W4221103931,10.5204/mcj.2872,2022,From COVID-19 Treatment to Miracle Cure,EXCLUDE,"review/commentary; conspiracy essay, no data",1,W4221103931
W4221106178,10.1016/j.vaccine.2022.03.024,2022,Hesitancy towards COVID-19 vaccines on social media in Canada,MAYBE,no abstract; social media vaccine hesitancy content may be coded,1,W4221106178
W4221132996,10.18231/j.ijfcm.2022.001,2022,"Attitude, perceptions and willingness to receive COVID-19 vaccine and their associated factors among general population of Uttar Pradesh, Northern India",EXCLUDE,belief/attitude only; vaccine willingness survey,1,W4221132996
W4223489033,10.1136/bmjgh-2021-008149,2022,#WuhanDiary and #WuhanLockdown: gendered posting patterns and behaviours on Weibo during the COVID-19 pandemic,EXCLUDE,"gendered posting patterns/sentiment, no misinformation measure",1,W4223489033
W4224018015,10.3103/s1060992x2201009x,2022,Dynamic Light Weight Recommendation System for Social Networking Analysis Using a Hybrid LSTM-SVM Classifier Algorithm,EXCLUDE,detection/classifier; LSTM-SVM fake news model,1,W4224018015
W4224296360,10.1080/0144929x.2022.2066019,2022,Examining users’ news sharing behaviour on social media: role of perception of online civic engagement and dual social influences,EXCLUDE,"general news sharing survey, no misinformation measure",1,W4224296360
W4224911274,10.36347/sjahss.2022.v10i04.003,2022,"COVID 19 Immunization (Vaccine) Reticence and Traditional Healthcare Resilience among the Mbororos of the North-West Region (Cameroon), 2020-2022",EXCLUDE,belief/attitude only; qualitative vaccine hesitancy interviews,1,W4224911274
W4224928159,10.5204/mcj.2885,2022,Considering Meme-Based Non-Fungible Tokens’ Racial Implications,EXCLUDE,off-topic; meme NFTs and race,1,W4224928159
W4224943513,10.5204/mcj.2905,2022,Fungible,EXCLUDE,review/commentary; NFT concept essay,1,W4224943513
W4225002453,10.1016/j.cmpb.2022.106838,2022,Social media sentiment analysis to monitor the performance of vaccination coverage during the early phase of the national COVID-19 vaccine rollout,EXCLUDE,off-topic; sentiment tracking of vaccination coverage,1,W4225002453
W4225133957,10.1093/af/vfab077,2022,We need to rethink production technology for meat-packers—the old cutting table is being revived,EXCLUDE,off-topic; meat processing technology,1,W4225133957
W4225147717,10.1177/20563051221094773,2022,"Chat Apps and Cascade Logic: A Multi-Platform Perspective on India, Mexico, and the United States",EXCLUDE,no audience denominator; 33 producer interviews,1,W4225147717
W4225256986,10.1038/s43588-022-00238-9,2022,Fighting hate speech and misinformation online,EXCLUDE,review/commentary; editorial on hate speech and misinformation,1,W4225256986
W4225300143,10.1097/jmq.0000000000000056,2022,"Unite 2O2ONE—Respect, Inspire, Serve",EXCLUDE,not a study; conference summary,1,W4225300143
W4225336103,10.1504/ijads.2022.120263,2022,"An empirical study on internet-based false news stories: experiences, problem awareness and responsibilities",INCLUDE,student survey of self-reported false-news experiences and perceptions,1,W4225336103
W4225624184,10.1097/01.nme.0000824644.96316.54,2022,Chronic disease self-management,EXCLUDE,off-topic; chronic disease self-management,1,W4225624184
W4225947046,10.6007/ijarbss/v12-i4/12909,2022,Informal Social Control Impact on Young People Political Participation Integrity: Structural Equation Modelling Approach,MAYBE,survey may report self-reported fake news spreading among youth,1,W4225947046
W4226003961,10.1177/10949968221080499,2022,When Disclosures Backfire: Aversive Source Effects for Personalization Disclosures on Less Trusted Platforms,EXCLUDE,intervention/experiment only; ad disclosure experiments,1,W4226003961
W4226016139,10.1162/daed_e_01897,2022,Getting AI Right: Introductory Notes on AI & Society,EXCLUDE,review/commentary; AI and society essay,1,W4226016139
W4226050859,10.5406/19346018.74.1.2.01,2022,"Stranger Things , Nostalgia, and Aesthetics",EXCLUDE,off-topic; television nostalgia marketing,1,W4226050859
W4226110315,10.52396/justc-2021-0215,2022,A data-driven model for social media fake news detection,EXCLUDE,detection/classifier; Weibo fake news model and dataset,1,W4226110315
W4226137081,10.1016/j.ptdy.2022.03.023,2022,The epidemic within the pandemic: Behavioral health and substance use in the face of COVID-19,EXCLUDE,off-topic; behavioral health and substance use,1,W4226137081
W4226170004,10.4103/ijcm.ijcm_698_21,2022,A Case for Action: India's National Family Health Survey Datasets Await Exploration of Big Data Applications Toward Evidence-Informed Public Health Decision-Making to Tackle Malnutrition,EXCLUDE,off-topic; survey data portal proposal,1,W4226170004
W4226181460,10.4236/ojem.2022.102006,2022,Where Did We Go Wrong with This Pandemic?,EXCLUDE,review/commentary; pandemic lessons essay,1,W4226181460
W4226210281,10.1097/ju.0000000000002543.01,2022,MP14-01 EVALUATING THE QUALITY OF SOCIAL MEDIA CONTENT ON UROLITHIASIS PROCEDURES,MAYBE,quality/accuracy appraisal of popular urology social media content,1,W4226210281
W4226250051,10.1109/tii.2022.3165869,2022,Privacy-Preserved Generative Network for Trustworthy Anomaly Detection in Smart Grids: A Federated Semisupervised Approach,EXCLUDE,off-topic; smart grid anomaly detection,1,W4226250051
W4226253377,10.5406/19346018.74.1.2.02,2022,Awakening from Neoliberal Rationalities: The Ecological Conversion of Brit Marling's Protagonist in The East,EXCLUDE,off-topic; film analysis,1,W4226253377
W4226307080,10.1177/08944393211073733,2022,A Comparative Study of Bot Detection Techniques With an Application in Twitter Covid-19 Discourse,EXCLUDE,detection/classifier; bot detection comparison,1,W4226307080
W4226461570,10.4103/indianjpsychiatry.indianjpsychiatry_28_22,2022,Psychiatric management of Patients in intensive care units,EXCLUDE,off-topic; ICU psychiatry guidelines,1,W4226461570
W4226484044,10.33545/26646021.2022.v4.i1b.140,2022,"Social media, democracy, and freedom of expression: Some evidence from Ghana",EXCLUDE,no audience denominator; 30 qualitative interviews,1,W4226484044
W4226523922,10.4103/ijph.ijph_1977_21,2022,Immunization by MObilization and MOtivation strategy: Tackling COVID-19 vaccine hesitancy among the pregnant and lactating women in India,EXCLUDE,intervention/commentary; vaccine mobilization strategy letter,1,W4226523922
W4229001797,10.1111/jonm.13664,2022,Electronic health literacy among older adults in the context of the COVID‐19 pandemic: A mixed‐methods study,MAYBE,eHealth literacy survey may report misinformation encounters,1,W4229001797
W4229016104,10.1016/j.jpeds.2022.05.001,2022,Social Media and Functional Gastrointestinal Disorders in Children,MAYBE,no abstract; possible content analysis of GI misinformation,1,W4229016104
W4229022899,10.32628/cseit228216,2022,Information Sharing Management System Based on Blockchain Using Deep Reinforcement Learning,EXCLUDE,off-topic; blockchain supply chain,1,W4229022899
W4280520817,10.1016/j.jand.2022.05.014,2022,Dietary Practices After Primary Treatment for Ovarian Cancer: A Qualitative Analysis From the OPAL Study,EXCLUDE,off-topic; qualitative dietary practices,1,W4280520817
W4280534198,10.3390/data7050065,2022,A Deep Learning Framework for Detection of COVID-19 Fake News on Social Media Platforms,EXCLUDE,detection/classifier; deep learning fake news detection,1,W4280534198
W4280624272,10.1111/csp2.12723,2022,Exaggeration of the US role in the international tiger trade: Response to Khanwilkar et al. (2022),EXCLUDE,off-topic; wildlife trade data dispute,1,W4280624272
W4280625312,10.1097/jdn.0000000000000690,2022,"1,314",EXCLUDE,not a study; editorial note,1,W4280625312
W4280636936,10.1016/j.amsu.2022.103774,2022,Post-COVID-19 vaccine-associated menstrual cycle changes: A multifaceted problem for Pakistan,EXCLUDE,review/commentary; menstrual changes viewpoint,1,W4280636936
W4280639973,10.24052/bmr/v13nu01/art-13,2022,User perceptions of fake news sharing behavior on social media through social networking sites,INCLUDE,survey of self-reported fake news sharing and verification behaviour,1,W4280639973
W4281263927,10.1007/s13278-022-00880-1,2022,UCred: fusion of machine learning and deep learning methods for user credibility on social media,EXCLUDE,detection/classifier; user credibility model,1,W4281263927
W4281385824,10.1176/appi.pn.2022.06.6.34,2022,"Members Report Uptick in Plans’ Claims Denials, Scrutiny, and Hassles",EXCLUDE,off-topic; insurance claims denials,1,W4281385824
W4281552599,10.1097/phh.0000000000001558,2022,"Utilizing Healthy People 2030 to Engage Leadership, Key Constituents, and the Public Across Multiple Sectors: Opportunities for Local Health Departments and Community Partners",EXCLUDE,off-topic; public health planning framework,1,W4281552599
W4281563345,10.1177/18333583221090579,2022,"Comprehensiveness, accuracy, quality, credibility and readability of online information about knee osteoarthritis",INCLUDE,"share of website content coded inaccurate, 35 sites",1,W4281563345
W4281567619,10.1016/j.techsoc.2022.102004,2022,Tackling fake news in socially mediated public spheres: A comparison of Weibo and WeChat,MAYBE,content analysis of fake-news debunking posts; denominator unclear,1,W4281567619
W4281609275,10.37896/ymer21.05/g9,2022,Impact of Mass Media on Changes in Food Habits and Food Preferences among Adolescence during Covid – 19 pandemic,EXCLUDE,off-topic; media and food habits,1,W4281609275
W4281622031,10.1016/j.japh.2022.05.022,2022,Passion and purpose drive the 2022 APhA House of Delegates sessions,EXCLUDE,not a study; meeting report,1,W4281622031
W4281645488,10.1002/fsat.3602_6.x,2022,A food revolution – cultivated meat,EXCLUDE,off-topic; cultivated meat feature,1,W4281645488
W4281650112,10.52214/vib.v8i.9677,2022,"“Don’t Drink, Don’t Smoke, What Do You Do?”",EXCLUDE,review/commentary; nutrition research ethics,1,W4281650112
W4281671747,10.5325/style.56.1-2.0154,2022,"Style and Reader Response. Minds, Media, Method",EXCLUDE,review/commentary; book review,1,W4281671747
W4281674415,10.5406/25784773.5.1.02,2022,Archival Silence in the Collections of Dietrich Schulz-Köhn,EXCLUDE,off-topic; jazz archives,1,W4281674415
W4281702835,10.1002/joe.22163,2022,Ushering a new era of Global Business and Organizational Excellence: Taking a leaf out of recent trends in the new normal,EXCLUDE,review/commentary; business journal editorial,1,W4281702835
W4281743161,10.30840/2413-7065.1(82).2022.253199,2022,Electronic Information Archival Resources as a Source Base of Ukrainian Studies,EXCLUDE,off-topic; archival resources,1,W4281743161
W4281755992,10.3390/ijerph19116751,2022,How Official Social Media Affected the Infodemic among Adults during the First Wave of COVID-19 in China,MAYBE,survey of perceived infodemic; share with denominator unclear,1,W4281755992
W4281772732,10.1016/j.cose.2022.102778,2022,Everything you control is not everything: Achieving intention-concealed visit on social networks,EXCLUDE,off-topic; privacy-preserving browsing,1,W4281772732
W4281865808,10.55041/ijsrem13408,2022,Decentralized News Publication Platform,EXCLUDE,tool; blockchain news platform,1,W4281865808
W4281898069,10.1002/fsat.3602_10.x,2022,Knowing the likelihood of a food risk,EXCLUDE,off-topic; AI food risk prediction,1,W4281898069
W4282021586,10.3390/jsan11020028,2022,Efficient Privacy-Preserving and Secure Authentication for Electric-Vehicle-to-Electric-Vehicle-Charging System Based on ECQV,EXCLUDE,off-topic; EV charging authentication,1,W4282021586
W4282053140,10.3390/technologies10030068,2022,Supporting Newsrooms with Journalistic Knowledge Graph Platforms: Current State and Future Directions,EXCLUDE,tool/review; newsroom knowledge graph platforms,1,W4282053140
W4282577470,10.1111/jrh.12684,2022,Rural mistrust of public health interventions in the United States: A call for taking the long view to improve adoption,EXCLUDE,review/commentary; rural mistrust viewpoint,1,W4282577470
W4282838978,10.1093/cdn/nzac054.046,2022,#mediterraneandiet: A Content Analysis of Mediterranean Diet – Related Information on TikTok,MAYBE,TikTok content analysis coding diet misinformation; share not stated,1,W4282838978
W4282915832,10.1002/cai2.19,2022,The inauguration of Cancer Innovation,EXCLUDE,not a study; journal launch editorial,1,W4282915832
W4282927962,10.1093/clinchem/hvac088,2022,Public Misinformation and Science Communication in Times of Public Health Crises,EXCLUDE,review/commentary; science communication essay,1,W4282927962
W4282942222,10.1002/nop2.1267,2022,Social acceptance of nursing during the coronavirus pandemic: COVID ‐19 an opportunity to reform the public image of nursing,EXCLUDE,off-topic; public image of nursing,1,W4282942222
W4283067650,10.1016/j.simpat.2022.102616,2022,"Simulation, modelling and classification of wiki contributors: Spotting the good, the bad, and the ugly",EXCLUDE,detection/classifier; wiki contributor classification,1,W4283067650
W4283656323,10.1176/appi.pn.2022.07.7.32,2022,Charles Nemeroff Receives 2022 Mrazek Award,EXCLUDE,not a study; award news,1,W4283656323
W4283660595,10.1007/s11192-022-04382-x,2022,How accurate are news mentions of scholarly output? A content analysis,INCLUDE,content analysis of accuracy of news mentions of research,1,W4283660595
W4283745891,10.1016/s0140-6736(22)01138-2,2022,Knowledge and attitudes towards organ donation among students at An-Najah National University: a cross-sectional study,EXCLUDE,belief/attitude only; organ donation knowledge,1,W4283745891
W4283754697,10.1093/biosci/biac044,2022,Returning to “Normal”? Evolutionary Roots of the Human Prospect,EXCLUDE,review/commentary; evolutionary essay,1,W4283754697
W4283756363,10.1097/corr.0000000000001627,2022,"Editor’s Spotlight/Take 5: Race, But Not Gender, Is Associated With Admissions Into Orthopaedic Residency Programs",EXCLUDE,review/commentary; residency admissions editorial,1,W4283756363
W4283759691,10.24912/jk.v14i1.13196,2022,Social Media Movement and Covid-19 Prevention in Indonesia,MAYBE,content analysis of 1123 posts with misinformation theme,1,W4283759691
W4283766985,10.1093/isle/isac039,2022,"Where “the Cloud” Touches the Ground: Electronic Poetry, Digital Infrastructures, and the Environment",EXCLUDE,off-topic; electronic poetry and infrastructure,1,W4283766985
W4283768900,10.1093/jiplp/jpac062,2022,The ‘trade-mark-law-and-innovation’ trap: why it would be wise to conceptualize innovation outside the realms of dilution protection,EXCLUDE,off-topic; trade mark law,1,W4283768900
W4283777526,10.26772/cijds-2022-05-01-015,2022,"IMPACT OF MASS MEDIA MESSAGING ON COMPLIANCE WITH COVID-19 SAFETY PROTOCOLS AMONG RESIDENTS OF OSOGBO, OSUN STATE, NIGERIA",EXCLUDE,off-topic; no misinformation exposure measure,1,W4283777526
W4283823223,,2022,"COVID-19, Vaccination, and Conspiracies: A Micro-Level Qualitative Study in Islamabad, Pakistan.",EXCLUDE,qualitative interviews; no denominator,1,W4283823223
W4284685364,10.1053/j.gastro.2022.06.084,2022,Diagnostic Performance of a Noninvasive Breath Test for Colorectal Cancer: COBRA1 Study,EXCLUDE,off-topic; cancer breath test,1,W4284685364
W4285014918,10.1371/journal.pone.0271224,2022,Early detection of rumors based on source tweet-word graph attention networks,EXCLUDE,detection/classifier,1,W4285014918
W4285070741,10.1177/20539517221101346,2022,‘Real-time’ air quality channels: A technology review of emerging environmental alert systems,EXCLUDE,off-topic; air quality channels,1,W4285070741
W4285094901,10.3389/fpubh.2022.925691,2022,Does YouTube Provide Qualified Patient Education Videos About Atrial Fibrillation?,EXCLUDE,quality-score-only (JAMA/DISCERN); no accuracy coding,1,W4285094901
W4285130849,10.5325/edgallpoerev.23.1.0087,2022,Poe in Cyberspace: “Fake it till you make it”,EXCLUDE,not a study; literary essay,1,W4285130849
W4285174547,10.1109/tcss.2022.3184387,2022,CNA-TCC: Campaign Network Attribute Based Thematic Campaign Classification,EXCLUDE,detection/classifier,1,W4285174547
W4285258958,10.20310/2587-9340-2022-6-2-151-157,2022,Problems of implementation of the state protective function in the field of human rights protection in the digital space,EXCLUDE,off-topic; legal theory,1,W4285258958
W4285264826,10.21638/spbu23.2022.104,2022,AREAS OF INTERACTION BETWEEN DIGITAL CORPORATIONS AND THE GOVERNMENT IN THE POLITICAL SPHERE OF RUSSIA,EXCLUDE,off-topic; state-corporation relations,1,W4285264826
W4285282224,10.1590/fst.79921,2022,Research on rumors surrounding food safety based on information source differences (a review),EXCLUDE,review/commentary,1,W4285282224
W4285294962,10.14569/ijacsa.2022.0130431,2022,A Novel Evolving Sentimental Bag-of-Words Approach for Feature Extraction to Detect Misinformation,EXCLUDE,detection/classifier,1,W4285294962
W4285384967,10.1227/neu.0000000000002078,2022,A Long Farewell,EXCLUDE,not a study; editorial,3,W4285384967;W4285490217;W4285492467
W4285386578,10.1093/polsoc/puac025,2022,The policy dilemmas of blockchain,EXCLUDE,off-topic; blockchain policy,1,W4285386578
W4285591138,10.1213/ane.0000000000006120,2022,Celebrating the Centenary of Anesthesia & Analgesia,EXCLUDE,not a study; editorial,1,W4285591138
W4285676598,10.5694/mja2.51629,2022,Clinical gene technology in Australia: building on solid foundations,EXCLUDE,off-topic; gene technology commentary,1,W4285676598
W4285685287,10.24911/sjemed/72-1630269343,2022,The unrealistic expectations of CPR success: a comparative public survey of Saudi Arabia and the United States,EXCLUDE,belief/attitude only; CPR expectations,1,W4285685287
W4285690443,10.5281/zenodo.6849873,2022,Voting Preferences in the National Election: A Case among First-Time Voters,EXCLUDE,qualitative case study; no denominator,1,W4285690443
W4285729224,10.1080/2573234x.2022.2100834,2022,Algorithmic enhancements to identify predictable components from users’ data and a framework to detect misinformation in social media,EXCLUDE,detection/classifier,1,W4285729224
W4285729248,10.1002/jhm.12915,2022,Public health: From politicization to a path forward,EXCLUDE,review/commentary,1,W4285729248
W4285736773,10.1111/criq.12677,2022,Prediction Machines,EXCLUDE,not a study; essay,1,W4285736773
W4285795763,10.30935/ojcmt/12240,2022,Exploring Denial Strategies against Climate Change across Agents and Media Platforms,MAYBE,content analysis of climate disinformation; denominator unclear,1,W4285795763
W4285999661,10.1111/jep.13656,2022,The role of social media in monitoring COVID‐19 vaccine uptake,EXCLUDE,review/commentary; no original estimate,1,W4285999661
W4286002190,10.1111/1471-0528.17259,2022,‘Petrificus Totalus’: Dynamic consent in obstetric practice?,EXCLUDE,off-topic; obstetric consent,1,W4286002190
W4286110465,10.1016/j.engappai.2022.105211,2022,A multistage retrieval system for health-related misinformation detection,EXCLUDE,detection/classifier,1,W4286110465
W4286208122,10.5281/zenodo.6875673,2022,FAKE ACCOUNT DETECTION ON TWITTER USING MACHINE LEARNING,EXCLUDE,detection/classifier,1,W4286208122
W4286362903,10.1109/tts.2022.3192757,2022,Tracking Anti-Vax Social Movement Using AI-Based Social Media Monitoring,MAYBE,tweet monitoring; possible anti-vax misinformation share,1,W4286362903
W4286517983,10.18280/ria.360315,2022,Arabic Language Modeling Based on Supervised Machine Learning,EXCLUDE,detection/classifier,1,W4286517983
W4287922735,10.1080/23311886.2022.2103946,2022,Unpacking the evidence elasticity of digital traces,EXCLUDE,off-topic; digital forensics,1,W4287922735
W4288061688,10.1215/0961754x-9713535,2022,Introduction: Margin Release,EXCLUDE,not a study; journal introduction,1,W4288061688
W4288080487,10.17645/mac.v10i3.5363,2022,Journalist-Twitterers as Political Influencers in Brazil: Narratives and Disputes Towards a New Intermediary Model,EXCLUDE,qualitative interviews; no prevalence measure,1,W4288080487
W4288905737,10.1016/j.cie.2022.108456,2022,Consortium blockchain-enabled smart ESG reporting platform with token-based incentives for corporate crowdsensing,EXCLUDE,off-topic; blockchain ESG reporting,1,W4288905737
W4289109293,10.55248/gengpi.2022.3.7.37,2022,"""DETECTION OF FAKE NEWS THROUGH IMPLEMENTATION OF DATA SCIENCE APPLICATION """,EXCLUDE,detection/classifier,1,W4289109293
W4289313392,10.1186/s12610-022-00163-x,2022,Effects of Covid-19 vaccination on different semen parameters,EXCLUDE,off-topic; semen parameters,1,W4289313392
W4289530086,10.22146/sasdaya.v6(1).18-33,2022,Strategi Penipuan pada Teks Fake News Berbahasa Prancis Terkait Emmanuel Macron di Media Sosial,EXCLUDE,qualitative text analysis; no prevalence share,2,W4289530086;W4390779529
W4289546392,10.23906/ri2022.73a06,2022,Movimentos de extrema-direita e violência contra as minorias no contexto do Brasil: Discursos de ódio e colonização do imaginário,EXCLUDE,review/commentary; integrative review,1,W4289546392
W4289732130,10.1016/j.jss.2022.111460,2022,Secure and flexible message-based communication for mobile apps within and across devices,EXCLUDE,off-topic; mobile app messaging,1,W4289732130
W4289812788,10.54691/bcpbm.v23i.1333,2022,Marketing Strategy analysis of Soft drinks in China -- A case study of Genki Forest,EXCLUDE,off-topic; marketing case study,1,W4289812788
W4289839548,10.1016/j.dcan.2022.07.010,2022,Protecting the trust and credibility of data by tracking forgery trace based on GANs,EXCLUDE,detection/classifier,1,W4289839548
W4289878328,10.22610/jebs.v14i2(j).3249,2022,The Impact of Social Media on Social Cohesion in South Africa,EXCLUDE,review/commentary,1,W4289878328
W4290027849,10.21608/jsos.2022.147194.1253,2022,دليل مرئي لتصميم الرسوم البيانية infograph(دراسة حالة على وسائل التواصل الاجتماعي أثناء جائحة کورونا),EXCLUDE,off-topic; qualitative infographic design,1,W4290027849
W4290490789,10.11648/j.ijnfs.20221101.11,2022,Addressing Vegetarians’ Pessimistic Beliefs Towards Plant Oils to Override Consumer Behaviour - Theory of Planned Behaviour,EXCLUDE,off-topic; vegetarian nutrition interviews,1,W4290490789
W4290509785,10.1007/s13278-022-00927-3,2022,Social media activity forecasting with exogenous and endogenous signals,EXCLUDE,off-topic; forecasting model with no prevalence estimate,1,W4290509785
W4290636048,10.1016/j.ptdy.2022.07.009,2022,Pharmacists’ expertise wanted on cannabinoid drug–drug interactions,EXCLUDE,off-topic; pharmacy news item,1,W4290636048
W4291021454,10.1016/j.cub.2022.07.018,2022,Ralf Reski,EXCLUDE,not a study; personal profile,1,W4291021454
W4291170810,10.1016/j.entcom.2022.100517,2022,ChildProtect: A parental control application for tracking hostile surfing content,EXCLUDE,tool; parental control app,1,W4291170810
W4291396217,10.1016/s2214-109x(22)00319-9,2022,Simple and structured model to build sequencing capacity in west Africa,EXCLUDE,off-topic; sequencing capacity,1,W4291396217
W4291414676,10.3390/app12168116,2022,Integroly: Automatic Knowledge Graph Population from Social Big Data in the Political Marketing Domain,EXCLUDE,tool; knowledge graph population,1,W4291414676
W4291885213,10.2196/38242,2022,Web-Based Perspectives of Deemed Consent Organ Donation Legislation in Nova Scotia: Thematic Analysis of Commentary in Facebook Groups,MAYBE,content analysis of 2337 comments; misinformation share possible,1,W4291885213
W4292261606,10.1049/ise2.12084,2022,COVID‐19 and cybersecurity,EXCLUDE,not a study; special issue editorial,1,W4292261606
W4292292988,10.1007/s10586-022-03701-4,2022,Blockchain-based secure data transmission for internet of underwater things,EXCLUDE,off-topic; blockchain underwater IoT,1,W4292292988
W4292318859,10.46335/ijies.2022.7.9.17,2022,Impact of Media: Spreading Web Information,MAYBE,content analysis of 90 debunked stories; denominator unclear,1,W4292318859
W4292461778,10.5281/zenodo.7012733,2022,A MODEL OF CREDIBILITY OF INFORMATION OF SOCIAL PLATFORM,EXCLUDE,not a study; conceptual credibility model,1,W4292461778
W4292648296,10.1093/fampra/cmac093,2022,COVID-19 vaccination among adolescents in the Philippines,EXCLUDE,not a study; letter to editor,1,W4292648296
W4292994025,10.1016/j.jag.2022.102967,2022,"Social media mining under the COVID-19 context: Progress, challenges, and opportunities",EXCLUDE,review/commentary,1,W4292994025
W4293077290,10.1111/ssqu.13178,2022,Populist media diets,MAYBE,survey media diets; possible fringe-outlet consumption share,1,W4293077290
W4293174493,10.1525/jams.2022.75.2.409,2022,"I Used to Love to Dream, by A. D. Carson",EXCLUDE,not a study; album review,1,W4293174493
W4293228415,10.54060/jmss/002.01.005,2022,Fake news Detection Using Naive Bayes Classifier,EXCLUDE,detection/classifier,1,W4293228415
W4293360007,10.1093/ije/dyac171,2022,Cohort Profile: The United Kingdom Research study into Ethnicity and COVID-19 outcomes in Healthcare workers (UK-REACH),EXCLUDE,off-topic; cohort profile,1,W4293360007
W4293366046,10.35940/ijeat.a3792.1012122,2022,Detecting Forged Images using Deep Learning,EXCLUDE,detection/classifier,1,W4293366046
W4293445793,10.17586/2226-1494-2022-22-4-769-778,2022,Light weight recommendation system for social networking analysis using a hybrid BERT-SVM classifier algorithm,EXCLUDE,detection/classifier,1,W4293445793
W4294043782,10.1002/fsat.3603_2.x,2022,International & Home News,EXCLUDE,not a study; news column,1,W4294043782
W4294132510,10.54691/bcpep.v6i.1680,2022,Do social media and other platforms require greater regulation?,EXCLUDE,not a study; argumentative essay,1,W4294132510
W4294145513,10.52423/jikuho.v7i2.22404,2022,ANALISIS PENERAPAN LIVE STREAMING YOUTUBE SUSKA TV SEBAGAI MEDIA ALTERNATIF TELEVISI KAMPUS,EXCLUDE,off-topic; campus TV streaming,1,W4294145513
W4294703634,10.1111/jcms.13417,2022,COVID‐19 and European Multi‐Level Democracy,EXCLUDE,review/commentary; pandemic politics,1,W4294703634
W4294838396,10.34010/injuratech.v2i1.6931,2022,Podcast Media Credibility as a Means of Fulfilling Public Information,EXCLUDE,qualitative; no denominator,1,W4294838396
W4294904504,10.1086/721695,2022,STOP WARS,EXCLUDE,not a study; editors' note,1,W4294904504
W4294931052,10.1016/j.ptdy.2022.08.014,2022,What about access to birth control and emergency contraception now that abortion rights are overturned?,EXCLUDE,off-topic; contraception access,1,W4294931052
W4295309228,10.1162/pajj_a_00627,2022,Transmission Mysteries: Art and Technophilia,EXCLUDE,not a study; art essay,1,W4295309228
W4295314012,10.5281/zenodo.7071149,2022,"Skincell Advanced (Skincell Advanced Scam) Australia: Best Serum For Removing Tags and Mole on Skin, Shark Tank Reviews !",EXCLUDE,not a study; product advertisement,1,W4295314012
W4295575383,10.1093/indlaw/dwac021,2022,From ‘Code’ to ‘Guidance’: Revising the Instrument on Data and Employment,EXCLUDE,off-topic; employment data law,1,W4295575383
W4295817109,10.2196/40049,2022,Examining the Twitter Discourse on Dementia During Alzheimer’s Awareness Month in Canada: Infodemiology Study,EXCLUDE,thematic tweet analysis; no misinformation measure,1,W4295817109
W4295910279,10.1093/ppar/prac019,2022,Geographic Differences in Vaccine Hesitancy Among Older Adults,EXCLUDE,belief/attitude only; vaccine hesitancy commentary,1,W4295910279
W4295940916,10.5325/jinfopoli.12.2022.0000,2022,"50th Anniversary of TPRC—Research Conference on Communications, Information and Internet Policy: Looking Ahead to the Next 50 Years",EXCLUDE,not a study; anniversary editorial,1,W4295940916
W4296036870,10.1044/2022_aja-22-00125,2022,Introduction for the 5th International Meeting on Internet and Audiology Special Issue of theAmerican Journal of Audiology,EXCLUDE,not a study; special issue introduction,1,W4296036870
W4296175712,10.28918/iqtida.v2i01.5124,2022,Penyebaran Berita Hoaks Seputar Fatwa Haram Vaksinasi Covid-19,MAYBE,hoax counts; possible false share among uploads,1,W4296175712
W4296238154,10.5281/zenodo.7090413,2022,[Stream] Watch Full Movie After Ever Happy (2022) 'Online Streaming' HD,EXCLUDE,not a study; spam posting,1,W4296238154
W4296272817,10.1525/fq.2022.76.1.5,2022,"Shakespeare, Casablanca, and Screen Responsibility",EXCLUDE,not a study; film essay,1,W4296272817
W4296368438,10.23880/phoa-16000204,2022,Response to the Covid-19 Pandemic: Looking Back and Looking Forward from the Perspective of Local Health Departments in Nebraska,EXCLUDE,no misinformation exposure measure; health department survey,1,W4296368438
W4296455042,10.5281/zenodo.7095305,2022,[#Exposed] BioLife CBD Gummies Reviews 2022 : [Legit Scam Alert Weight Losing Biolyfe Keto Gummies Reviews] Read Carefully?,EXCLUDE,not a study; product advertisement,1,W4296455042
W4296474479,10.1093/lril/lrac009,2022,"International law in the age of digital media: Reflections on history, the neoliberal communication sphere, and race",EXCLUDE,not a study; book review,1,W4296474479
W4296482525,10.24197/st.2.2022.307-322,2022,Coronavirus Pandemic and Construction of False Narratives:,EXCLUDE,no denominator; secondary-source essay,1,W4296482525
W4296613854,10.1186/s12913-022-08574-2,2022,The challenge of healthcare big data to China’s commercial health insurance industry: evaluation and recommendations,EXCLUDE,off-topic; health insurance big data,1,W4296613854
W4296719610,10.25159/2663-659x/8316,2022,Covid-19 Information Behaviour of Social Media Users in Nigeria,INCLUDE,survey of 348 users; misinformation encountered share,1,W4296719610
W4296755304,10.54501/jots.v1i4.84,2022,Researcher Access to Platform Data,EXCLUDE,review/commentary; data access policy,1,W4296755304
W4296755342,10.54501/jots.v1i4.72,2022,Auditing Google's Search Headlines as a Potential Gateway to Misleading Content,INCLUDE,5600 coded search headlines; delegitimizing content prevalence,1,W4296755342
W4296916469,10.1162/tneq_a_00953,2022,Attack by a Turkey: Learning to Write History from Bernard Bailyn,EXCLUDE,not a study; historiographical essay,1,W4296916469
W4297005636,10.5755/j01.itc.51.3.31510,2022,Deep Learning for Forgery Face Detection Using Fuzzy Fisher Capsule Dual Graph,EXCLUDE,detection/classifier,1,W4297005636
W4297817183,10.1093/hisres/htac015,2022,Roundtable: the archives of global history in a time of international immobility,EXCLUDE,not a study; roundtable,1,W4297817183
W4297819170,10.1016/j.transproceed.2022.03.067,2022,Current Situation With Organ Donation and Transplantation in China: Application of Machine Learning,EXCLUDE,off-topic; organ transplantation,1,W4297819170
W4297963816,10.1093/ije/dyac189,2022,Cohort Profile: Longitudinal population-based study of COVID-19 in UK adults (COVIDENCE UK),EXCLUDE,off-topic; cohort profile,1,W4297963816
W4298308322,10.1504/ijcc.2022.124797,2022,Machine learning classifiers with pre-processing techniques for rumour detection on social media: an empirical study,EXCLUDE,detection/classifier,1,W4298308322
W4298395687,10.1155/2022/4815254,2022,Analysis and Research Based on the Crowdsourcing Corpus System in Guangdong-Hong Kong-Macao Greater Bay Area (GBA),EXCLUDE,off-topic; corpus annotation,1,W4298395687
W4298883913,10.30770/2572-1852-108.2.5,2022,Facing Challenges while Creating a Stronger Community of Medical Regulators,EXCLUDE,not a study; chair's message,1,W4298883913
W4300003789,10.30813/bricolage.v8i2.3090,2022,From sadness to anger: Public perception over Covid-19 news coverage in Indonesia,MAYBE,news-perception survey; possible misinformation encounter share,1,W4300003789
W4300963008,10.1016/j.jpurol.2021.08.026,2022,What the editors are reading: Quality improvement and patient safety,EXCLUDE,not a study; editors' reading list,1,W4300963008
W4301278817,10.48085/i5b147d9d,2022,"Motivating and Maintaining Ethics, Equity, Effectiveness, Efficiency, and Expertise in Peer Review",EXCLUDE,review/commentary; peer review,1,W4301278817
W4301395104,10.1086/721848,2022,Recognizing Complexity in Our Changing Contexts: Centering What Matters in Comparative and International Education,EXCLUDE,not a study; presidential address,1,W4301395104
W4303627745,10.3390/electronics11193164,2022,Blockchain-Enabled Decentralized Secure Big Data of Remote Sensing,EXCLUDE,off-topic; blockchain remote sensing,1,W4303627745
W4303983188,10.1111/jch.14587,2022,Pitfalls in website information on dietary sodium restriction,EXCLUDE,review/commentary on website quality,1,W4303983188
W4304097641,10.5281/zenodo.7179831,2022,Data Mining Reveals First Evidence That Absence Really Makes Hearts Grow Closer,EXCLUDE,off-topic; news item on phone records,1,W4304097641
W4304185375,10.1007/s13369-022-07321-3,2022,Deep Fake Video Detection Using Transfer Learning Approach,EXCLUDE,detection/classifier,1,W4304185375
W4304893715,10.1097/mop.0000000000001186,2022,The gut microbiome: an overview of current trends and risks for paediatric populations,EXCLUDE,review/commentary,1,W4304893715
W4304997378,10.1016/j.ipm.2022.103105,2022,Automated monitoring of online news accuracy with change classification models,EXCLUDE,detection/classifier,1,W4304997378
W4306175769,10.1002/pra2.739,2022,Making a Cocoon: The Social Factors of Pandemic Misinformation Evaluation,EXCLUDE,qualitative interviews; no denominator,1,W4306175769
W4306322252,10.2196/42759,2022,An Analysis of Information Sources of YouTube Videos Pertaining to Tattoo Removal: Cross-sectional Study,MAYBE,162 YouTube videos coded; misinformation share possible,1,W4306322252
W4306406732,10.1111/pedi.13408,2022,ISPAD Clinical Practice Consensus Guidelines 2022: Diabetes in adolescence,EXCLUDE,not a study; clinical guidelines,1,W4306406732
W4306410648,10.1016/j.osnem.2022.100239,2022,The HEIC application framework for implementing XAI-based socio-technical systems,EXCLUDE,tool/framework,1,W4306410648
W4306776634,10.1002/bco2.194,2022,The good in social media,EXCLUDE,not a study; editorial,1,W4306776634
W4306824102,10.5281/zenodo.7216240,2022,A Study on Consumer Perception towards Online Shopping with Reference to Food Delivery Services in Mangaluru,EXCLUDE,off-topic; consumer perception,1,W4306824102
W4306873631,10.1145/3568673,2022,A Framework for Online Hate Speech Detection on Code-mixed Hindi-English Text and Hindi Text in Devanagari,EXCLUDE,detection/classifier,1,W4306873631
W4306911960,10.1111/cea.14246,2022,Reinventing the wheal: A review of online misinformation and conspiracy theories in urticaria,MAYBE,review of online urticaria misinformation; content share unclear,1,W4306911960
W4306960737,10.48083/hmug9514,2022,A Quality Assessment of Information Available on Renal Cancer on YouTube,INCLUDE,120 YouTube videos rated for misinformation level,1,W4306960737
W4307028197,10.1093/dh/dhac079,2022,Can Human Rights Survive Technology?,EXCLUDE,not a study; essay,1,W4307028197
W4307033791,10.1093/geronb/gbac170,2022,Interdisciplinary Aging Research to Address Health Disparities in Alzheimer’s Disease and Related Dementias: A Scientific Training Program for Early-Career Scholars,EXCLUDE,off-topic,1,W4307033791
W4307095278,10.5281/zenodo.7239786,2022,Neurotonix Enhanced Your Focus Ability And Improved Cognitive Function | 2022 Report(Work Or Hoax),EXCLUDE,not a study; supplement advertorial,1,W4307095278
W4307095296,10.5281/zenodo.7239712,2022,Neurotonix Keeping the Brain Safe | Improves Cognitive Function [100% Safe And Working](Work Or Hoax),EXCLUDE,not a study; supplement advertorial,1,W4307095296
W4307133870,10.22376/ijpbs/lpr.2022.12.6.p87-95,2022,Impact of Infodemic on Public Perception on Covid-19 Pandemic: Web-Based Cross-Sectional Survey,MAYBE,infodemic survey; may report exposure share,1,W4307133870
W4307253962,10.1093/eurpub/ckac130.177,2022,The use of social media platforms by migrant populations during the COVID-19 pandemic,EXCLUDE,review/commentary,1,W4307253962
W4307383795,10.1093/eurpub/ckac131.172,2022,Use of Hashtags related to Covid-19 infodemics by bot accounts,MAYBE,infodemic tweets; may report content share,1,W4307383795
W4307405049,10.1002/csan.20894,2022,When Chemicals Go to the Dark Side,EXCLUDE,off-topic,1,W4307405049
W4307700010,10.6036/10593,2022,SENTINET: A DEEP SENTIMENT ANALYSIS NETWORK FOR POLITICAL MEDIA BIAS DETECTION,EXCLUDE,detection/classifier,1,W4307700010
W4308214923,10.1215/00666637-9953476,2022,Visualizing Dunhuang: The Lo Archive Photographs of the Mogao and Yulin Caves,EXCLUDE,off-topic,1,W4308214923
W4308257723,10.1093/cvr/cvac169,2022,At the forefront of basic and translational Cardiovascular Research for 55 years and counting,EXCLUDE,not a study; editorial,1,W4308257723
W4308329269,10.5406/19398298.135.3.10,2022,What Does Deliberate Ignorance Reveal to Us About Human Psychology?,EXCLUDE,review/commentary,1,W4308329269
W4308343447,10.1086/722773,2022,Social Work Researchers: From Scientific Technicians to Changemakers,EXCLUDE,not a study,1,W4308343447
W4308719646,10.3390/safety8040075,2022,AgISM: A Novel Automated Tool for Monitoring Trends of Agricultural Waste Storage and Handling-Related Injuries and Fatalities Data in Real-Time,EXCLUDE,off-topic; injury surveillance tool,1,W4308719646
W4308935393,10.5406/21638195.94.4.02,2022,Young Women and Disgust in Contemporary Norwegian Comics: A Close Reading of Ane Barstad Solvang's Frykt & medlidenhet,EXCLUDE,off-topic,1,W4308935393
W4308972200,10.1177/00221678221130830,2022,"COVID-19 in South Carolina: Experiences Using Facebook as a Self-Organizing Tool for Grassroots Advocacy, Education, and Social Support",EXCLUDE,no audience denominator,1,W4308972200
W4309009349,10.3390/su142215010,2022,The Globalization Path of the Deep Inland Cities Dominated by the International Festivals Based on the Power in Western China: The Comparison between Xining Sports Festival and Yinchuan Cultural Festival,EXCLUDE,off-topic,1,W4309009349
W4309090206,10.3390/su142114365,2022,A Scoping Review of the Relationship of Big Data Analytics with Context-Based Fake News Detection on Digital Media in Data Age,EXCLUDE,review/commentary on detection,1,W4309090206
W4309482687,10.1016/s0140-6736(22)02354-6,2022,US CDC begins agency-wide changes after pandemic failures,EXCLUDE,not a study; news item,1,W4309482687
W4309579489,10.1016/j.biocon.2022.109745,2022,Charisma failure: Understanding differences in support for conservation of Asian elephants compared to tigers and African elephants,EXCLUDE,off-topic,1,W4309579489
W4309614823,10.1525/abt.2022.84.9.578,2022,2022 Index to Volume 84 of The American Biology Teacher,EXCLUDE,not a study; journal index,1,W4309614823
W4309617270,10.1177/10776990221129245,2022,Countering Algorithmic Bias and Disinformation and Effectively Harnessing the Power of AI in Media,EXCLUDE,review/commentary,1,W4309617270
W4309811358,10.1016/j.heliyon.2022.e11814,2022,Methodology for assessing the risk of incidents during passenger road transportation using the functional resonance analysis method,EXCLUDE,off-topic,1,W4309811358
W4309835973,10.4995/jclr.2022.17493,2022,Classifying the Evolving Mask Debate: A Transferable Machine Learning Framework,EXCLUDE,detection/classifier,1,W4309835973
W4309975196,10.1117/1.jei.31.6.063034,2022,Generating traceable adversarial text examples by watermarking in the semantic space,EXCLUDE,off-topic; NLP method,1,W4309975196
W4310127441,10.1176/appi.pn.2022.12.12.27,2022,"Altha Stewart, M.D., Honored With Pardes Humanitarian Prize",EXCLUDE,not a study,1,W4310127441
W4310148191,10.25130/tjps.v27i5.24,2022,A Hybrid Deep Learning Model to Accurately Detect Anomalies in Online Social Media,EXCLUDE,detection/classifier,1,W4310148191
W4310148824,10.18845/tm.v35i9.6477,2022,Automatic social media news classification: a topic modeling approach,EXCLUDE,detection/classifier,1,W4310148824
W4310286735,10.35492/docam/9/2/8,2022,Document Dimensions of iMuseum’s Instagram Posts,EXCLUDE,no audience denominator; qualitative,1,W4310286735
W4310399217,10.1097/phh.0000000000001668,2022,Operationalizing PH WINS 2021: Pathways to Resilience for Public Health,EXCLUDE,off-topic,1,W4310399217
W4310573573,10.5858/arpa.2022-0282-ed,2022,#PathTwitter: A Positive Platform Where Medical Students Can Engage the Pathology Community,EXCLUDE,review/commentary,1,W4310573573
W4310690307,10.36849/jdd.6707,2022,An Analysis of Alopecia Related Content on Instagram and TikTok,INCLUDE,content analysis; share of posts not evidence-based,1,W4310690307
W4310957491,10.1111/vec.13264,2022,The case for quality improvement in veterinary medicine,EXCLUDE,off-topic,1,W4310957491
W4311058789,10.1007/s13278-022-01007-2,2022,DEES: a real-time system for event extraction from disaster-related web text,EXCLUDE,tool,1,W4311058789
W4311061967,10.1002/fsat.3604_2.x,2022,International and Home News,EXCLUDE,not a study,1,W4311061967
W4311062217,10.1002/fsat.3604_12.x,2022,Reporting food service emissions,EXCLUDE,off-topic,1,W4311062217
W4311081223,10.1097/aia.0000000000000384,2022,Current challenges faced by transgender and gender-diverse patients and providers in anesthesiology,EXCLUDE,off-topic,1,W4311081223
W4311288517,10.1007/s10461-022-03922-z,2022,Impact of COVID-19 on HIV Prevention Access: A Multi-platform Social Media Infodemiology Study,MAYBE,infodemiology study; no abstract to judge,1,W4311288517
W4311313003,10.5325/jmodeperistud.13.2.0309,2022,Look: How a Highly Influential Magazine Helped Define Mid-Twentieth Century America,EXCLUDE,off-topic,1,W4311313003
W4311320053,10.3201/eid2813.221733,2022,Global Responses to the COVID-19 Pandemic,EXCLUDE,review/commentary,1,W4311320053
W4311404634,10.48175/ijarsct-7713,2022,Claim Analyzer : Evaluating Credibility of Data,EXCLUDE,detection/classifier,1,W4311404634
W4311510310,10.3934/era.2023035,2022,Blockchain-assisted cyber security in medical things using artificial intelligence,EXCLUDE,off-topic,1,W4311510310
W4311647245,10.47164/ijngc.v13i5.907,2022,Disaster Information Verification and Validation Application Using Machine Learning,EXCLUDE,detection/classifier,1,W4311647245
W4311661047,10.2196/37924,2022,Twitter Trends for Celiac Disease and the Gluten-Free Diet: Cross-sectional Descriptive Analysis,MAYBE,tweet content analysis with superuser concentration,1,W4311661047
W4311777543,10.1002/adbi.202200306,2022,Notes on Surviving Head and Neck Cancer: Paving the Road Ahead,EXCLUDE,not a study; personal essay,1,W4311777543
W4311802298,10.14814/phy2.15532,2022,Physiological Reports: Standing openly for sound science,EXCLUDE,not a study; editorial,1,W4311802298
W4312066170,10.4103/jispcd.jispcd_65_22,2022,Evaluation of Current Evidence on the Use of Oral Antiseptics Against SARS-CoV-2,EXCLUDE,off-topic,1,W4312066170
W4312068142,10.29333/ejmste/12699,2022,Chemistry students’ digital literacy skills on thermochemistry context “hydrogen fuel issue”,EXCLUDE,"literacy skills only, no exposure measure",1,W4312068142
W4312138006,10.3389/fpsyg.2022.999780,2022,Utilising online eye-tracking to discern the impacts of cultural backgrounds on fake and real news decision-making,EXCLUDE,"experiment; discernment only, no exposure share",1,W4312138006
W4312155658,10.1017/s0266462322001234,2022,OP74 Assessing Public Confidence Towards COVID-19 Vaccines Through Social Media Insights Leveraged Using Artificial Intelligence Techniques,MAYBE,tweet analysis; may report misinformation share,1,W4312155658
W4312177457,10.2478/jec-2022-0014,2022,Vidzeme Region Inhabitants’ Media Usage Specifics,MAYBE,media-use survey; may report false-news exposure,1,W4312177457
W4312179197,10.1159/000528803,2022,A Large-Scale Observational Analysis of Social Media Data Reveals Major Public Misperception of the Attainability of Drastic Weight Loss by Dieting,EXCLUDE,belief/attitude only; misperception of weight loss,1,W4312179197
W4312208063,10.19181/lsprr.2022.18.4.6,2022,Using the Potential of Social Media in Profiling and Attributing Precarious Employment of Socio-Demographic Groups in Russia,EXCLUDE,off-topic,1,W4312208063
W4312258688,10.1162/jcws_r_01113,2022,Cold War Frequencies: CIA Clandestine Radio Broadcasting to the Soviet Union and Eastern Europe by Richard H. Cummings,EXCLUDE,review/commentary; book review,1,W4312258688
W4312284090,10.1109/tnsm.2022.3215988,2022,Blockchain-Based WDP Solution for Real-Time Heterogeneous Computing Resource Allocation,EXCLUDE,off-topic,1,W4312284090
W4312296386,10.5325/edgallpoerev.23.2.0245,2022,"Poe in Cyberspace: Web 1, 2, 3 . . .",EXCLUDE,off-topic,1,W4312296386
W4312318885,10.31294/jkom.v13i1.11951,2022,"Infodemi COVID-19 dengan Peran Social Media Fatigue, Deficient Self-Regulation, dan Promosi Diri",INCLUDE,survey of self-reported COVID misinformation sharing,1,W4312318885
W4312453746,10.1525/fmh.2022.8.4.1,2022,Editors’ Introduction,EXCLUDE,review/commentary; editorial introduction,2,W4312453746;W4390478516
W4312456184,10.1055/s-0042-1742550,2022,Best Paper Selection,EXCLUDE,not a study; paper summaries,1,W4312456184
W4312590649,10.47989/irisic2220,2022,"‘Confused, scared, hopeless, unsure.’ Teens looking for information about COVID-19",MAYBE,teen survey covering disinformation encounters,1,W4312590649
W4312597022,10.4236/ajc.2022.104028,2022,The Diversity Experiment at the Metropolitan State University of Denver,EXCLUDE,off-topic,1,W4312597022
W4312614142,10.4236/jilsa.2022.143003,2022,Towards Immunizing Infodemic: Comprehensive Study on Assessing the Role of Artificial Intelligence and COVID-19 Pandemic,EXCLUDE,review/commentary,1,W4312614142
W4312628438,10.26450/jshsr.3208,2022,YENİ MEDYADA KULLANICILAR TARAFINDAN ÜRETİLEN KÖTÜLÜĞÜN BOYUTLARI: TWİTTER ÖRNEĞİ,EXCLUDE,no audience denominator; discourse analysis,1,W4312628438
W4312816618,10.5406/1945662x.121.4.05,2022,Slow Scholarship: Medieval Research and the Neoliberal University,EXCLUDE,review/commentary; book review,1,W4312816618
W4312895074,10.2308/atax-10822,2022,Summaries of Papers In This Issue,EXCLUDE,not a study; paper summaries,1,W4312895074
W4312991722,10.33102/jcicom.vol2no1.44,2022,"Tidak pasti, jangan kongsi!! Secret Sauce for Success in Media Literacy Is Crucial in Battling Fake News",EXCLUDE,no audience denominator; practitioner interviews,1,W4312991722
W4313052146,10.14321/jstudradi.16.2.0149v,2022,Duterte's “War on Drugs” Rhetoric,EXCLUDE,off-topic,1,W4313052146
W4313287382,10.2339/politeknik.1136226,2022,"Makine Öğrenmesi ile Instagram'da Sahte, Bot ve Gerçek Hesapların Sınıflandırılması",EXCLUDE,detection/classifier,1,W4313287382
W4313321554,10.24908/ss.v20i4.16149,2022,Revitalizing Dissent: Imperatives for Critical Surveillance Inquiry,EXCLUDE,review/commentary; editorial,1,W4313321554
W4313324568,10.53791/imgelem.1187245,2022,GENERATION Z: MEDIA CONSUMPTION AND MIL,MAYBE,media-consumption survey; may report disinformation exposure,1,W4313324568
W4313365321,10.1176/appi.pn.2023.01.1.29,2022,"2022 AJP Editors’ Picks Showcase Innovation, Long-Term Studies",EXCLUDE,not a study,1,W4313365321
W4313366803,10.1080/00909882.2022.2160267,2022,"Building capacity for citizen science communication of water quality risks: exploring the enhancement of the communication infrastructure in Letcher County, Kentucky",EXCLUDE,off-topic,1,W4313366803
W4313582604,10.38094/jastt302124,2022,A New Approach to Detect Fake News Related to Covid-19 Pandemic Using Deep Neural Network,EXCLUDE,detection/classifier,1,W4313582604
W4313586459,10.31449/inf.v46i4.4210,2022,Applications of the Insieme Platform: A Case Study,EXCLUDE,tool,1,W4313586459
W4313590554,10.1176/appi.pn.2023.01.1.13,2022,Special Report: Measurement-Based Care—Using Data to Augment Psychotherapy,EXCLUDE,off-topic,1,W4313590554
W4315479103,10.3126/lecj.v4i1.49366,2022,Fake News Stance Detection using Deep Neural Network,EXCLUDE,detection/classifier,1,W4315479103
W4315628744,10.2478/raft-2022-0037,2022,The Challenges of Social Media Platforms. Aspects of the Social Media War in Ukraine 2014-2022,EXCLUDE,review/commentary,1,W4315628744
W4316618180,10.55367/hjwl1906,2022,The effects of online disinformation on a digital society in a fragile democracy,MAYBE,analyses Georgian disinformation data; share unclear,1,W4316618180
W4317615854,10.1093/bjd/ljac099,2022,Observational studies: it’s time to be transparent,EXCLUDE,not a study; editorial,1,W4317615854
W4317906500,10.55324/josr.v2i1.404,2022,Amazon Rainforest Deforestation and Indigenous People Movement in Preserving Environmental Conservation,EXCLUDE,off-topic,1,W4317906500
W4319299422,10.31861/mediaforum.2022.11.298-309,2022,The Development of Digitalization During the War as a Sociocultural Phenomenon,EXCLUDE,review/commentary,1,W4319299422
W4319436674,10.4103/jispcd.jispcd_103_22,2022,Peruvian Children’s Access to Oral Health Information during the COVID- 19 Pandemic,MAYBE,health-information access study; measures unclear,1,W4319436674
W4319976985,10.5406/19346018.74.3.4.05,2022,An Ecological Context That Scars: Reflections on Three Nature Documentaries of 2020,EXCLUDE,off-topic,1,W4319976985
W4320020742,10.14434/jotlt.v11i1.34458,2022,Creating Authentic Assessments Through Controversy,EXCLUDE,not a study; teaching reflection,1,W4320020742
W4320028397,10.5406/19398298.135.4.12,2022,The Importance of Informative Interventions in a Wicked Environment,EXCLUDE,review/commentary; book review,1,W4320028397
W4320061123,10.1215/17432197-9964745,2022,Furious Feedback and the Revolutionary Ode to Noise,EXCLUDE,off-topic,1,W4320061123
W4320156074,10.4103/pjiap.pjiap_77_22,2022,Nourishing the art of clinical documentation – First step towards research,EXCLUDE,off-topic,1,W4320156074
W4320558743,10.5281/zenodo.6644042,2022,Fake Information Detection by Gaining Knowledge of the Usage of Machine Learning,EXCLUDE,detection/classifier,1,W4320558743
W4320712004,10.5281/zenodo.7059226,2022,Exipure Reviews: 2022 Update Weight Loss,EXCLUDE,not a study; supplement advertorial,1,W4320712004
W4362681567,10.14321/crnewcentrevi.22.2.0205,2022,Mormonicity,EXCLUDE,off-topic,1,W4362681567
W4367147499,10.22720/hnmr.2022.6.2.189,2022,"Global health, global networks: a multilingual network approach to COVID-19 tweets in Norway, Korea, and Italy",MAYBE,Twitter network study; may quantify misinformation sources,1,W4367147499
W4367162917,10.22720/hnmr.2022.6.1.003,2022,“The mask is not for you” : A framing analysis of pro- and anti-mask sentiment on Twitter,INCLUDE,content analysis; share of 600 tweets anti-mask/conspiracy,1,W4367162917
W4372047126,10.17977/um032v5i2p70-79,2022,EVALUASI KEGIATAN PENDAMPINGAN LITERASI DIGITAL “HOAKS” PADA KELOMPOK PENGAJIAN PEREMPUAN,EXCLUDE,intervention/experiment only,1,W4372047126
W4376112890,10.1162/comj_e_00643,2022,Sound Anthology: Program Notes,EXCLUDE,off-topic,1,W4376112890
W4381136498,10.19585/j.zjdl.202207014,2022,Research on FDIAs localization and traceability techniques for substation networks,EXCLUDE,off-topic,1,W4381136498
W4381274228,10.5281/zenodo.8060974,2022,The Impact of Social Media on Political Participation and Mobilization in Nigeria,MAYBE,survey; misinformation spread among reported impacts,1,W4381274228
W4381462532,10.5281/zenodo.8062445,2022,TO SHARE OR NOT: INTENTION TO VERIFY NEWS BEFORE SHARING TO SOCIAL MEDIA,EXCLUDE,hypothetical intentions only,1,W4381462532
W4384817321,10.5406/19452349.40.4.13,2022,Silent No More: Anti-Asian Racism in Music,EXCLUDE,off-topic,1,W4384817321
W4385388648,10.51544/jlmk.v6i2.3137,2022,Menghadapi Disinformasi Konten Berita Digital di Era Post Truth,EXCLUDE,review/commentary; literature study,1,W4385388648
W4385615807,10.26418/justin.v10i4.52441,2022,Sistem Identifikasi “Fake News” menggunakan Metode Multinomial Naïve Bayes,EXCLUDE,detection/classifier,1,W4385615807
W4386583921,10.1097/01.eem.0000904616.21145.72,2022,Diversity Matters,EXCLUDE,not a study; column,1,W4386583921
W4386584347,10.1097/01.eem.0000852640.30715.c4,2022,Human Factors in Medicine,EXCLUDE,review/commentary; column,1,W4386584347
W4386584537,10.1097/01.eem.0000852584.10964.48,2022,Brandt's Rants,EXCLUDE,review/commentary; humour column,1,W4386584537
W4389531821,10.4103/mjhs.mjhs_48_21,2022,Information pandemic,EXCLUDE,review/commentary; editorial,1,W4389531821
W4390220194,10.6092/issn.1971-8853/15361,2022,Archiving the Present. Critical Data Practices During Russia’s War in Ukraine,EXCLUDE,review/commentary; essay,1,W4390220194
W4391226545,10.46360/globus.mgt.120212003,2022,ENTERPRISE MESSAGING MANAGEMENT SYSTEM,EXCLUDE,off-topic; messaging system,1,W4391226545
W4391609297,10.48175/ijarsct-4413,2022,A Comparative Analysis of a Game Browsing Website using IGDB Database,EXCLUDE,off-topic,1,W4391609297
W4391904987,10.46243/jst.2022.v7.i09.pp83-101,2022,Fake News Detection on Social Media usingDeep learning and Semantic Knowledge Sources,EXCLUDE,detection/classifier,1,W4391904987
W4392871181,10.4103/crst.crst_205_22,2022,The necessity of scholarly footfalls in social media platforms,EXCLUDE,review/commentary; editorial,1,W4392871181
W4401373637,10.14321/rpc.2.1.0001,2022,Cultivating Transnational Coalitional Subjectivity,EXCLUDE,off-topic,1,W4401373637
W4402072958,10.51771/jumper.v1i1.376,2022,PERLAKUAN AKUNTANSI TERHADAP PENDAPATAN PADA PERUSAHAAN TRAVEL DI KOTA MEDAN BERDASARKAN PSAK NO 23,EXCLUDE,off-topic,1,W4402072958
W4402379262,10.18535/ijsrm/v10i6.ec06,2022,Robust Detection of Fake News Using LSTM and GloVe Embeddings,EXCLUDE,detection/classifier,1,W4402379262
W4402381646,10.4103/wkmp-0249.357711,2022,The 2nd International Annual Conference of the SSCP Accepted Abstract,EXCLUDE,not a study; conference abstracts,1,W4402381646
W4405006864,10.34624/jdmi.v5i12.28867,2022,Engagement en la verificación de datos. Análisis de los vídeos más vistos de los fact-checkers iberoamericanos en Youtube en 2021,EXCLUDE,"fact-check video engagement, not misinformation prevalence",1,W4405006864
W4413168196,10.64370/hcpz6546,2022,"The narrative in digital space, hate speech, fake news, and attempt for their ethical cleansing",MAYBE,"empirical content analysis of fake news/hate speech, share unclear",1,W4413168196
W4413636570,10.63544/ijss.v1i2.165,2022,Communication Ecology during Pandemic COVID-19: Challenges and their Mitigation of Journalists from Gilgit Baltistan,EXCLUDE,no audience denominator; journalists' reporting challenges,1,W4413636570
W4416625805,10.5325/jasiapacipopcult.7.2.0303,2022,"Regulating Platforms , by Terry Flew",EXCLUDE,review/commentary; book review,1,W4416625805
W7119163153,10.13165/pspo-25-37-04-01,2022,PUBLIC SECURITY COMMUNICATION ON SOCIAL MEDIA,EXCLUDE,off-topic; institutional security communication,1,W7119163153
W7142400895,10.63282/3050-9262.ijaidsml-v3i1p116,2022,An Ensemble Machine Learning Approach for Reliable Fake News Detection on Social Media Platforms,EXCLUDE,detection/classifier,1,W7142400895
W7142473109,10.15761/hec.1000191,2022,The impact of social media misinformation on public health interventions,EXCLUDE,review/commentary; narrative overview,1,W7142473109
W7162286969,10.22034/jscc.2022.2723,2022,Investigating Dis/Satisfaction of Peripheral Community from Industrial Projects: The Case of Oil and Gas Projects in Assaluyeh Region,EXCLUDE,off-topic; community satisfaction with oil projects,1,W7162286969
W7170642466,10.67228/3071642x/ijcfde-2022pii5t3n,2022,Role of Social Media in Digital Economic Growth,EXCLUDE,review/commentary; social media and economic growth,1,W7170642466
W7196955667,10.33545/26648377.2022.v4.i1a.184,2022,Social media and mental health in the era of Artificial Intelligence: Emerging challenges and future directions,EXCLUDE,review/commentary; AI and mental health,1,W7196955667
W4313527561,10.1097/01.cot.0000912060.66801.2c,2023,FDA Updates Highlighting the Latest Cancer Treatments,EXCLUDE,not a study; FDA news roundup,1,W4313527561
W4313546210,10.1002/adma.202211358,2023,Advanced Materials: Beyond the Horizon of Materials Science,EXCLUDE,not a study; journal editorial,1,W4313546210
W4313590054,10.1177/20594364221150142,2023,The role of citizens in platform governance: A case study on public consultations regarding online content regulation in the European Union,EXCLUDE,off-topic; discourse analysis of policy consultations,1,W4313590054
W4313591710,10.1109/tnsm.2023.3234114,2023,Towards Cross-Lingual Multi-Modal Misinformation Detection for E-Commerce Management,EXCLUDE,detection/classifier,1,W4313591710
W4313895044,10.3390/cli11010020,2023,Flash Flood Reconstruction and Analysis—A Case Study Using Social Data,EXCLUDE,off-topic; flood reconstruction,1,W4313895044
W4315630489,10.1016/j.ajt.2022.10.005,2023,"Information design to support growth, quality, and equity of the US transplant system",EXCLUDE,off-topic; transplant system information design,1,W4315630489
W4315641918,10.1093/jaenfo/jnac035,2023,Third-generation competition law,EXCLUDE,off-topic; competition law essay,1,W4315641918
W4316038319,10.3390/electronics12020402,2023,A Multidimensional Model for Recommendation Systems Based on Classification and Entropy,EXCLUDE,off-topic; recommender system method,1,W4316038319
W4316193475,10.9734/ajess/2023/v38i2820,2023,Preventive Practices against Fraudulent Imitation of Information on Social Media Platforms among Senior High School Students,EXCLUDE,no exposure measure; preventive practices only,1,W4316193475
W4316344943,10.7759/cureus.33801,2023,A Case of Eating Disorder Diagnosed As Orthorexia Nervosa,EXCLUDE,not a study; single case report,1,W4316344943
W4316671909,10.6007/ijarped/v12-i1/14562,2023,Implementation of Islamic Cyber Ethics on Digital Platform Use,EXCLUDE,review/commentary; normative cyber-ethics,1,W4316671909
W4317036420,10.1016/j.evalprogplan.2023.102238,2023,What data counts in policymaking and programming evaluation – Relevant data sources for triangulation according to main epistemologies and philosophies within social science,EXCLUDE,review/commentary; methodological triangulation essay,1,W4317036420
W4317208351,10.1386/ajms_00100_1,2023,‘The first to report wins’: The McDonaldization of digital journalism in Turkey,EXCLUDE,off-topic; newsroom McDonaldization interviews,1,W4317208351
W4317354277,10.5281/zenodo.7547576,2023,User Perceptions of Privacy and Security in Online Social Networks,MAYBE,user survey may report perceived misinformation share,1,W4317354277
W4317608348,10.1093/astrogeo/atac087,2023,News in Astronomy & Geophysics – February 2023,EXCLUDE,not a study; society news items,1,W4317608348
W4317725765,10.1016/j.eswa.2023.119594,2023,Hybrid ensemble framework with self-attention mechanism for social spam detection on imbalanced data,EXCLUDE,detection/classifier; spam detection,1,W4317725765
W4317815861,10.3138/cjc.2022-0084,2023,Introduction Policy Portal 4: Regulation,EXCLUDE,not a study; issue introduction,1,W4317815861
W4318481914,10.1097/01.hj.0000919788.69576.f3,2023,"Wearable Technologies in Hearing Aids Ring True with Consumers, Providers",EXCLUDE,off-topic; hearing aid technology,1,W4318481914
W4318617911,10.21134/mhjournal.v14i.1811,2023,Desórdenes informativos y polarización afectiva: en un análisis de las emociones en publicaciones con desinformación en tres conflictos políticos brasileños en Twitter.,INCLUDE,shares of 300 most-shared tweets coded as disinformation,1,W4318617911
W4318756752,10.55927/eajmr.v2i1.2674,2023,A Deep Dive Analysis of Online Food Delivery with A 6 PS of the Digital Marketing Mix-Based Framework,EXCLUDE,off-topic; food delivery marketing,1,W4318756752
W4318823395,10.32598/jpcp.11.1.627.2,2023,Cognitive Failure and Fear of COVID-19,EXCLUDE,off-topic; cognitive failure and COVID fear,1,W4318823395
W4319054518,10.5281/zenodo.7603531,2023,WhatsApp and the Changing Face of the Zimbabwean Newsrooms: A Case of the Chronicle and NewsDay,MAYBE,"survey of newsroom/consumer WhatsApp use, fake news items possible",1,W4319054518
W4319316680,10.1111/poms.13959,2023,Augmenting fake content detection in online platforms: A domain adaptive transfer learning via adversarial training approach,EXCLUDE,detection/classifier,1,W4319316680
W4319656189,10.1111/1747-0080.12798,2023,The United Nations Sustainable Development Goals: Aspirational or obtainable?,EXCLUDE,not a study; editorial on SDGs,1,W4319656189
W4319877371,10.1525/abt.2023.85.2.119,2023,Miseducation,EXCLUDE,review/commentary; book review,1,W4319877371
W4319997960,10.1109/tvt.2023.3239990,2023,A Fast and Secured Vehicle-to-Vehicle Energy Trading Based on Blockchain Consensus in the Internet of Electric Vehicles,EXCLUDE,off-topic; blockchain energy trading,1,W4319997960
W4320011812,10.1016/j.asej.2023.102166,2023,Exploratory data analysis and deception detection in news articles on social media using machine learning classifiers,EXCLUDE,detection/classifier,1,W4320011812
W4320495026,10.3389/fpubh.2023.1063466,2023,Development and testing of a multi-lingual Natural Language Processing-based deep learning system in 10 languages for COVID-19 pandemic crisis: A multi-center study,EXCLUDE,tool; NLP chatbot development,1,W4320495026
W4320724035,10.1080/01969722.2023.2175155,2023,Enhanced Multimodal Fake News Detection with Optimal Feature Fusion and Modified Bi-LSTM Architecture,EXCLUDE,detection/classifier,1,W4320724035
W4320732239,10.56726/irjmets33481,2023,RECOMMENDATION SYSTEM AND IT’S TYPES,EXCLUDE,review/commentary; recommender system types,1,W4320732239
W4320898222,10.1016/j.brs.2023.01.773,2023,Good news for data sharing: Defacing of MR scans using SimNIBS 4.0,EXCLUDE,off-topic; MRI defacing,1,W4320898222
W4320921062,10.1016/j.micpro.2023.104795,2023,"Classification, detection and sentiment analysis using machine learning over next generation communication platforms",EXCLUDE,"detection/classifier; title-only, clearly method",1,W4320921062
W4321164407,10.1097/js9.0000000000000073,2023,Consciousness of evidence-based medicine in public health emergencies,EXCLUDE,review/commentary; letter to editor,1,W4321164407
W4321168719,10.1097/js9.0000000000000023,2023,Monkeypox re-emergence regulation in Ukraine through a strategic response plan: An update,EXCLUDE,review/commentary; correspondence on monkeypox,1,W4321168719
W4321172461,10.1097/js9.0000000000000112,2023,Gambian children’s deaths due to contaminated cough syrups are a mutual responsibility,EXCLUDE,review/commentary; correspondence on cough syrups,1,W4321172461
W4321172609,10.1097/js9.0000000000000173,2023,"SARS-CoV-2 new variant BF.7: a new public threat globally, symptoms, precautions, transmission rate, and futures perspective – correspondence",EXCLUDE,review/commentary; correspondence on variant,1,W4321172609
W4321353009,10.1353/gsr.2023.0013,2023,"Digital Archives, Digital Cultures: An Opportunity for German Studies",EXCLUDE,off-topic; digital archives in German studies,1,W4321353009
W4321596303,10.3390/smartcities6020034,2023,Smart Contracts for Managing the Chain-of-Custody of Digital Evidence: A Practical Case of Study,EXCLUDE,off-topic; chain-of-custody smart contracts,1,W4321596303
W4321787625,10.3390/electronics12051105,2023,Real-Time Reliability Access Control Based on Rail Traffic Data Platform,EXCLUDE,off-topic; access control for rail data,1,W4321787625
W4322097861,10.2196/43694,2023,The Early Detection of Fraudulent COVID-19 Products From Twitter Chatter: Data Set and Baseline Approach Using Anomaly Detection,EXCLUDE,detection/classifier; dataset and anomaly detection,1,W4322097861
W4322488319,10.47895/amp.v57i2.7558,2023,Lessons from the COVID-19 Pandemic: Strengthening our Commitment to Eye Care,EXCLUDE,review/commentary; eye care lessons,1,W4322488319
W4322500410,10.1080/19312458.2023.2181319,2023,"Digital Trace Data Collection for Social Media Effects Research: APIs, Data Donation, and (Screen) Tracking",EXCLUDE,review/commentary; methods overview of trace data,1,W4322500410
W4322502052,10.3390/su15054144,2023,Exploring the Legal Regulation of Social Media in Europe: A Review of Dynamics and Challenges—Current Trends and Future Developments,EXCLUDE,review/commentary; legal regulation review,1,W4322502052
W4322604187,10.1055/a-1998-4815,2023,ESGE news and upcoming events March 2023,EXCLUDE,not a study; society news,1,W4322604187
W4322731111,10.1109/access.2023.3246984,2023,Blockchain-Based Process Quality Data Sharing Platform for Aviation Suppliers,EXCLUDE,off-topic; blockchain supply chain,1,W4322731111
W4322755972,10.5406/19446489.18.1.01,2023,Philosophical Pragmatism and the Challenges of Information Technologies,EXCLUDE,review/commentary; philosophy address,1,W4322755972
W4322762039,10.1016/s0140-6736(22)02468-0,2023,GBD 2019 study informs industry yet crucial questions remain unanswered,EXCLUDE,review/commentary; comment on GBD study,1,W4322762039
W4323294162,10.4037/aacnacc2023372,2023,Staying Informed of Best Evidence to Guide Practice,EXCLUDE,review/commentary; clinical evidence editorial,1,W4323294162
W4323530142,10.1525/fq.2023.76.3.5,2023,Cinema’s Cosmic Shifts,EXCLUDE,off-topic; film column,1,W4323530142
W4323824991,10.1111/jgs.18313,2023,Lack of geriatricians in aging‐related national media talks,MAYBE,TED aging content analysis may code unvetted/inaccurate advice,1,W4323824991
W4323825254,10.1097/phm.0000000000002234,2023,The US National Academy of Medicine,EXCLUDE,not a study; address on academy,1,W4323825254
W4323920676,10.1111/trf.17283,2023,Personalized medicine comes to a blood center near you,EXCLUDE,off-topic; blood donation modelling,1,W4323920676
W4324123157,10.35741/issn.0258-2724.58.1.6,2023,SOCIAL MEDIA EFFECT ON NATIONAL SECURITY,EXCLUDE,no audience denominator; expert focus groups,1,W4324123157
W4324129478,10.1002/ajb2.16136,2023,Rethinking the Ph.D. dissertation in botany: Widening the circle,EXCLUDE,off-topic; doctoral training in botany,1,W4324129478
W4324138378,10.51519/journalisi.v5i1.438,2023,Hoax News Analysis for the Indonesian National Capital Relocation Public Policy with the Support Vector Machine and Random Forest Algorithms,EXCLUDE,detection/classifier; SVM/random forest hoax classification,1,W4324138378
W4324277776,10.5958/2249-7137.2023.00007.1,2023,A content analysis of port harcourt-based radio stations’ news frames on rivers state government's urban renewal programme,EXCLUDE,off-topic; news framing of urban renewal,1,W4324277776
W4327530685,10.5281/zenodo.7739931,2023,Existence of Indonesian Police Performance in Facing Impact of Digital Media News (Case Study in North Maluku Regional Police),EXCLUDE,off-topic; police performance and digital media,1,W4327530685
W4327541367,10.1093/jamia/ocad027,2023,Global Health Informatics: the state of research and lessons learned,EXCLUDE,not a study; focus issue introduction,1,W4327541367
W4327574659,10.1176/appi.pn.2023.04.3.12,2023,Smartphone App Shows Promise in Some Patients With Bipolar I,EXCLUDE,off-topic; bipolar disorder app,1,W4327574659
W4327587851,10.1111/acem.14725,2023,How Florida's facility fee variation can inform the future of emergency department price transparency,EXCLUDE,off-topic; emergency department pricing,1,W4327587851
W4327600222,10.36106/ijsr/7507352,2023,“MONKEY POX DISEASE: AN INSTAGRAM ANALYSIS IN DISSEMINATING ACCURATE INFORMATION”,INCLUDE,share of 369 monkeypox Instagram posts from unverified sources,1,W4327600222
W4327623583,10.1111/nph.18663,2023,One hundred important questions for plant science – reflecting on a decade of plant research,EXCLUDE,off-topic; plant science priorities,1,W4327623583
W4327652462,10.31857/s0044748x0024414-4,2023,Digital Power in Latin America: Hashtags and deepfakes as political tools,EXCLUDE,review/commentary; conceptual digital diplomacy piece,1,W4327652462
W4327713380,10.1215/00029831-10575091,2023,What Do We Critique When We Critique Technology?,EXCLUDE,review/commentary; technology critique essay,1,W4327713380
W4328130717,10.1080/10584609.2023.2193146,2023,Differential Racism in the News: Using Semi-Supervised Machine Learning to Distinguish Explicit and Implicit Stigmatization of Ethnic and Religious Groups in Journalistic Discourse,EXCLUDE,"off-topic; stigmatization coding, not misinformation",1,W4328130717
W4353020490,10.1089/big.2022.0050,2023,A Unified Training Process for Fake News Detection Based on Finetuned Bidirectional Encoder Representation from Transformers Model,EXCLUDE,detection/classifier,1,W4353020490
W4360606950,10.1097/ju.0000000000003268.02,2023,MP34-02 PUBLIC INTEREST IN ONLINE INFORMATION ON RECURRENT UTIS IS GREATEST FOR INFORMATION WITH THE POOREST PUBLICATION QUALITY,MAYBE,online recurrent-UTI information quality; accuracy coding unclear,1,W4360606950
W4360607897,10.1097/ju.0000000000003225.14,2023,MP10-14 TIKTOK AS AN EDUCATION TOOL FOR KIDNEY STONE PREVENTION,MAYBE,TikTok stone-prevention videos; accuracy vs DISCERN-only unclear,1,W4360607897
W4360608223,10.1097/ju.0000000000003246.15,2023,MP21-15 PRIVATE EQUITY FAVORS UROLOGY PRACTICES IN AFFLUENT AND LESS DIVERSE NEIGHBORHOODS,EXCLUDE,off-topic; private equity in urology,1,W4360608223
W4360612252,10.1108/aaaj-02-2023-184,2023,AAAJ Literature and Insights 36.2 Editorial,EXCLUDE,not a study; journal editorial,1,W4360612252
W4361251123,10.1111/1467-8675.12662,2023,Deliberative democracy and the digital public sphere: Asymmetrical fragmentation as a political not a technological problem,EXCLUDE,review/commentary; democratic theory essay,1,W4361251123
W4361251387,10.1111/1467-8675.12663,2023,"A democracy, if we can keep it. Remarks on J. Habermas’ a new structural transformation of the public sphere",EXCLUDE,review/commentary; remarks on Habermas,1,W4361251387
W4361255043,10.1111/1467-8675.12670,2023,Democratic responsibility in the digital public sphere,EXCLUDE,review/commentary; normative essay,1,W4361255043
W4361265554,10.1111/1467-8675.12668,2023,Authorship and individualization in the digital public sphere,EXCLUDE,review/commentary; theoretical essay,1,W4361265554
W4361279959,10.3390/soc13040083,2023,"Xenophobia and Hate Speech towards Refugees on Social Media: Reinforcing Causes, Negative Effects, Defense and Response Mechanisms against That Speech",MAYBE,refugee survey may report fake-news exposure share,1,W4361279959
W4361286122,10.1111/jgh.16182,2023,Is this the end of colonoscopy screening for colorectal cancer? An Asia‐Pacific perspective,EXCLUDE,off-topic; colonoscopy screening,1,W4361286122
W4361301520,10.1111/nup.12430,2023,"Decolonization the what, why and how: A treaties on Indigenous nursing knowledge",EXCLUDE,off-topic; Indigenous nursing knowledge,1,W4361301520
W4361812015,10.1002/moda.4,2023,Vertical farming for crop production,EXCLUDE,off-topic; vertical farming,1,W4361812015
W4362455116,10.1002/aet2.10863,2023,Embracing our responsibility to ensure trainee competency,EXCLUDE,off-topic; trainee competency,1,W4362455116
W4364379005,10.3390/electronics12081801,2023,Blockchain-Assisted Cybersecurity for the Internet of Medical Things in the Healthcare Industry,EXCLUDE,off-topic; IoMT cybersecurity,1,W4364379005
W4365142899,10.5210/spir.v2022i0.13067,2023,BEYOND PERFORMATIVE TRANSPARENCY: LESSONS LEARNED FROM THE EU CODE OF PRACTICE ON DISINFORMATION,EXCLUDE,no audience denominator; platform transparency actions coded,1,W4365142899
W4365142906,10.5210/spir.v2022i0.12967,2023,THE TOXIC TURN? CONCEPTUAL AND METHODOLOGICAL ADVANCES ON PROBLEMATIC CONTENTS ON SOCIAL MEDIA,EXCLUDE,review/commentary; conceptual panel piece,1,W4365142906
W4365148965,10.48047/jcr.06.02.37,2023,Future of Digital Media in India: A Quantitative study of Experts' Opinion,MAYBE,"quantitative expert survey mentioning false news, estimate unclear",1,W4365148965
W4365448970,10.3389/fpubh.2023.1072196,2023,"Knowledge, attitudes, and practices related to COVID-19 in Indonesia: A post delta variant wave cross-sectional study",EXCLUDE,"belief/attitude only; KAP survey, no exposure share",1,W4365448970
W4365515862,10.3389/fpubh.2023.1112981,2023,"Planning, implementation, and sustaining high coverage of human papillomavirus (HPV) vaccination programs: What works in the context of low-resource countries?",EXCLUDE,off-topic; HPV vaccination coverage,1,W4365515862
W4365519233,10.54254/2753-7048/2/2022491,2023,Social Media Technologies: An Important Factor of the Loss of Critical Thinking Ability,EXCLUDE,review/commentary; critical theory essay,1,W4365519233
W4365814994,10.22214/ijraset.2023.50311,2023,User Activity Prediction on Social Network Using Machine Learning,EXCLUDE,detection/classifier; user activity prediction,1,W4365814994
W4366607325,10.1016/j.jksuci.2023.101559,2023,SSM: Stylometric and semantic similarity oriented multimodal fake news detection,EXCLUDE,detection/classifier,1,W4366607325
W4366696397,10.5325/edgallpoerev.24.1.0073,2023,Poe in Cyberspace: The Pleasure Principle Revisited,EXCLUDE,off-topic; literary criticism,1,W4366696397
W4366830595,10.1017/cts.2023.431,2023,"396 Quantitative Analysis of FDA Warning Letters Related to the Use of Social Media Sites in Product Misbranding for the Treatment, Prevention, or Diagnosis of COVID-19",MAYBE,"counts of COVID misbranding letters by platform, denominator unclear",1,W4366830595
W4366998331,10.1111/maq.12753,2023,Chakachua Pharmaceuticals and Fugitive Science,EXCLUDE,off-topic; ethnography of counterfeit drugs,1,W4366998331
W4367051657,10.30900/kafkasegt.1177302,2023,An examination on the views of preschool teachers on the use of social media for professional development,EXCLUDE,off-topic; teachers' professional development,1,W4367051657
W4367182571,10.1111/aje.13164,2023,In praise of commensalism,EXCLUDE,off-topic; ecology commentary,1,W4367182571
W4367182585,10.17762/ijritcc.v11i3.6342,2023,Analysis of IoT and Blockchain Technology for Agricultural Food Supply Chain Transactions,EXCLUDE,off-topic; blockchain agriculture,1,W4367182585
W4367297013,10.1002/eji.202350491,2023,"The first year of young group of the Spanish Immunology Society: Progress, challenges, and next steps",EXCLUDE,not a study; society report,1,W4367297013
W4367307621,10.1080/09668136.2023.2192897,2023,Trusting the Untrustworthy: An Exploration of Attitudes Towards the Populist Government in Poland Using Survey Data,EXCLUDE,off-topic; political trust attitudes,1,W4367307621
W4367315299,10.17645/mac.v11i2.6400,2023,Google News Initiative’s Influence on Technological Media Innovation in Africa and the Middle East,EXCLUDE,off-topic; journalism funding initiative,1,W4367315299
W4367330420,10.36645/mtlr.29.2.coca-cola,2023,Coca-Cola Curses: Hate Speech in a Post-Colonial Context,EXCLUDE,off-topic; hate speech theory,1,W4367330420
W4367595238,10.17148/ijarcce.2023.124134,2023,Implementing A Passive Aggressive Classifier To Detect False Information,EXCLUDE,detection/classifier,1,W4367595238
W4367682466,10.1108/itp-05-2022-0410,2023,Examining the effects of disinformation and trust on social media users' COVID-19 vaccine decision-making,EXCLUDE,intervention/experiment only; scenario-based vignette,1,W4367682466
W4367728136,10.1109/access.2023.3272484,2023,"Efficient, Traceable and Privacy-Aware Data Access Control in Distributed Cloud-Based IoD Systems",EXCLUDE,off-topic; drone data access control,1,W4367728136
W4367797969,10.5281/zenodo.7890781,2023,A Comparative Study of Conventional Journalism and Citizen Journalism Practices in Nigeria,EXCLUDE,review/commentary; secondary-source comparison,1,W4367797969
W4367841141,10.22214/ijraset.2023.51366,2023,Student Record Management System using Django,EXCLUDE,off-topic; student records software,1,W4367841141
W4367856811,10.34069/ai/2023.62.02.36,2023,Internet platforms as alternative sources of information during the Russian-Ukrainian war,EXCLUDE,no audience denominator; descriptive account of war sources,1,W4367856811
W4368341555,10.32955/sosbilder.2023161.537,2023,A Descriptve Discourse Analysis of Online News On The Quality Of Foreign Language Education In Türkiye,EXCLUDE,off-topic; discourse analysis of education news,1,W4368341555
W4368373600,10.1016/j.comcom.2023.04.027,2023,Trusted and privacy-preserving sensor data onloading,EXCLUDE,off-topic; sensor data privacy engineering,1,W4368373600
W4372336517,10.1371/journal.pone.0284773,2023,"Experiences of women in prenatal, childbirth, and postpartum care during the COVID-19 pandemic in selected cities in Brazil: The resignification of the experience of pregnancy and giving birth",EXCLUDE,off-topic; qualitative maternity care experiences,1,W4372336517
W4375855677,10.1002/hsr2.1252,2023,Xenophobia amidst and post‐COVID‐19 pandemic,EXCLUDE,review/commentary; xenophobia editorial,1,W4375855677
W4376055950,10.15276/mdt.7.1.2023.10,2023,Trends in media consumption in Ukraine in the wartime,EXCLUDE,off-topic; general media consumption trends,1,W4376055950
W4376119490,10.5406/19346018.75.1.04,2023,Building a Timeline for LGBTQ+ Global Cinemas (1910–2019): Movie Production Trends from a Collaborative Internet Cinema Database,EXCLUDE,off-topic; film production trends,1,W4376119490
W4376126124,10.1215/00182168-10369141,2023,Black Legend: The Many Lives of Raúl Grigera and the Power of Racial Storytelling in Argentina,EXCLUDE,not a study; book review,1,W4376126124
W4376279151,10.1080/13183222.2023.2201801,2023,Brazilian Fake News Bill: Strong Content Moderation Accountability but Limited Hold on Platform Market Power,EXCLUDE,review/commentary; legal-policy analysis,1,W4376279151
W4376506481,10.47391/jpma.7393,2023,"Exploring knowledge, attitudes and perceived myths towards foetal programming and factors affecting it among the public and health professionals in Pakistan: a needs assessment study",EXCLUDE,belief/attitude only; knowledge and myth endorsement,1,W4376506481
W4377007611,10.1177/20539517231172422,2023,The politics of the NPC meme: Reactionary subcultural practice and vernacular theory,EXCLUDE,off-topic; meme culture analysis without prevalence,1,W4377007611
W4377041723,10.4103/ijo.ijo_296_23,2023,How artificial intelligence can help researchers in the promotion of their articles?,EXCLUDE,not a study; editorial letter,1,W4377041723
W4377565474,10.3389/fdata.2023.1125083,2023,"Advances in AI for web integrity, equity, and well-being",EXCLUDE,detection/classifier; research programme overview,1,W4377565474
W4377694166,10.1093/cjres/rsad011,2023,The power of platforms—precarity and place,EXCLUDE,review/commentary; editorial on platform power,1,W4377694166
W4377710410,10.1097/corr.0000000000002716,2023,"A Conversation With … Adrian Fisher, the World’s Leading Designer of Landscape Mazes",EXCLUDE,off-topic; interview with maze designer,1,W4377710410
W4377943565,10.58257/ijprems31372,2023,FOOD SAFETY TRACEABILITY SYSTEM FOR PEOPLE’S HEALTH USING BIG DATA,EXCLUDE,off-topic; food traceability system,1,W4377943565
W4377967434,10.1080/10584609.2023.2173872,2023,(Digital) Campaigning in Dissonant Public Spheres,EXCLUDE,review/commentary; special issue introduction,1,W4377967434
W4377970287,10.1215/15476715-10237948,2023,"Last Turtlemen of the Caribbean: Waterscapes of Labor, Conservation, and Boundary Making",EXCLUDE,not a study; book review,1,W4377970287
W4378070276,10.1525/abt.2023.85.5.297,2023,Are Lawns Natural?,EXCLUDE,off-topic; essay on lawns,1,W4378070276
W4378172916,10.1002/acr.25124,2023,"Patient Perspectives on the 2022 American College of Rheumatology Guideline for Exercise, Rehabilitation, Diet, and Additional Integrative Interventions for Rheumatoid Arthritis",EXCLUDE,off-topic; patient viewpoints on guideline,1,W4378172916
W4378218521,10.1145/3596224,2023,Redactable Distributed Ledgers: A Survey,EXCLUDE,review/commentary; blockchain survey,1,W4378218521
W4378232598,10.1111/pops.12902,2023,"The Paradox of Democracy: Free Speech, Open Media, and Perilous Persuasion. By ZacGershberg and SeanIlling. Chicago, IL: University of Chicago Press. 2022. $20.00.",EXCLUDE,not a study; book review,1,W4378232598
W4378347423,10.1002/hon.3183,2023,Women in Lymphoma: A 4‐year journey in promoting gender equity,EXCLUDE,off-topic; gender equity editorial,1,W4378347423
W4378602199,10.1007/s10115-023-01902-w,2023,A survey on rumor detection and prevention in social media using deep learning,EXCLUDE,detection/classifier; detection survey,1,W4378602199
W4378602926,10.1186/s40537-023-00773-w,2023,An exploratory content and sentiment analysis of the guardian metaverse articles using leximancer and natural language processing,EXCLUDE,off-topic; sentiment analysis without accuracy coding,1,W4378602926
W4379093922,10.1093/heapro/daad059,2023,Addressing the digital determinants of health: health promotion must lead the charge,EXCLUDE,review/commentary; health promotion editorial,1,W4379093922
W4379380170,10.1002/poi3.349,2023,Democracy in the digital era,EXCLUDE,review/commentary; journal editorial,1,W4379380170
W4379517308,10.5327/dst-2177-8264-2023351364,2023,Evaluation of YouTube Videos on HIV/AIDS: A Critical Analysis of Content Quality and Reliability,EXCLUDE,quality-score-only (GQS/DISCERN); no accuracy coding,1,W4379517308
W4379519884,10.46630/msae.1.2023.04,2023,MEDIA PLURALISM IN THE DIGITAL ENVIRONMENT FROM THE USERS’ POINT OF VIEW,MAYBE,user survey covering attitudes toward misinformation; perceived exposure possible,1,W4379519884
W4379768255,10.1097/tp.0000000000004691,2023,TikTok and Transplantation: A Trending Opportunity,MAYBE,TikTok post content analysis; accuracy coding unclear,1,W4379768255
W4380433095,10.1093/icon/moad058,2023,Free speech in an age of democratic backsliding,EXCLUDE,not a study; book review essay,1,W4380433095
W4380607273,10.1109/tcss.2023.3276764,2023,Toxic Fake News Detection and Classification for Combating COVID-19 Misinformation,EXCLUDE,detection/classifier; toxic fake news detection,1,W4380607273
W4380627232,10.1002/ace.20488,2023,"Warning, may cause truth decay: Exploring the cannibalizing effect of social digital media and conspiracy theories on democracy and our public schools",EXCLUDE,review/commentary; conceptual essay,1,W4380627232
W4380722079,10.5281/zenodo.8002980,2023,Reducing Exposure to Harmful Content via Graph Rewiring,EXCLUDE,intervention/algorithm; recommendation graph rewiring,1,W4380722079
W4380885397,10.1176/appi.pn.2023.07.7.56,2023,ChatGPT Not Yet Ready for Clinical Practice,EXCLUDE,review/commentary; viewpoint on ChatGPT,1,W4380885397
W4380987148,10.36080/ag.v11i1.2380,2023,Fenomena Buzzer Di Media Sosial Jelang Pemilu 2024 Dalam Perspektif Komunikasi Politik,EXCLUDE,no audience denominator; qualitative description of hoax buzzers,1,W4380987148
W4381095017,10.32628/cseit239037,2023,The Automatization of Social Media Communication,EXCLUDE,review/commentary; compilation of studies,1,W4381095017
W4381379992,10.30534/ijatcse/2023/071232023,2023,Effective News Text Summarization Techniques,EXCLUDE,tool; news summarisation system,1,W4381379992
W4381492032,10.12928/channel.v11i1.179,2023,Combating the Disinfodemic and Spreading Digital Literacy in Indonesia: Analyzing Japelidi's #japelidivshoakscovid19 Campaign,EXCLUDE,intervention/campaign analysis; no prevalence estimate,1,W4381492032
W4381622642,10.4103/ijam.ijam_33_23,2023,Selected Long Abstracts from the St. Luke's University Health Network Quality Awards Program (2021–2022),EXCLUDE,not a study; quality-award abstract compilation,1,W4381622642
W4381715823,10.4103/ijpvm.ijpvm_517_21,2023,Preventive Medicine: How to Motivate Iranian Citizens Vaccination Against COVID-19?,EXCLUDE,not a study; letter to editor,1,W4381715823
W4381893159,10.1016/j.fertnstert.2023.06.014,2023,Taking AIm at medical misinformation,MAYBE,no abstract; title cannot rule out an empirical estimate,1,W4381893159
W4381893468,10.1111/issj.12443,2023,A new team and vision of the international social science journal,EXCLUDE,not a study; journal editorial,1,W4381893468
W4381938153,10.12928/channel.v11i1.250,2023,Analysis of a Persuasive Video on YouTube: A Collaboration between the Indonesian Ministry of Health and the Nahdlatul Ulama to Promote COVID-19 Vaccination in Indonesia,EXCLUDE,no audience denominator; qualitative analysis of one video,1,W4381938153
W4382246596,10.34135/mlar-23-01-12,2023,Popularisation of Science and Science Journalism on Social Media in Slovakia,MAYBE,Instagram science content; misinformation share possible,1,W4382246596
W4382310384,10.1016/j.mcpdig.2023.04.002,2023,Personalized Health Care in a Data-Driven Era: A Post–COVID-19 Retrospective,EXCLUDE,review/commentary; retrospective commentary,1,W4382310384
W4382396555,10.1111/eff.12727,2023,"Introduction to PERCIS V, the 5th percid international symposium",EXCLUDE,off-topic; fish biology symposium introduction,1,W4382396555
W4382449582,10.4103/ijot.ijot_79_22,2023,Expected Usefulness of the Third Dose of COVID-19 Vaccine for Organ Transplant Recipient Adolescent,EXCLUDE,not a study; letter to editor,1,W4382449582
W4382654530,10.1097/j.jcrs.0000000000001223,2023,Artificial intelligence and academic publishing,EXCLUDE,review/commentary; editorial on AI publishing,1,W4382654530
W4382678393,10.1176/appi.pn.2023.08.8.57,2023,APA Urges Caution About Incorporating AI Into Clinical Practice,EXCLUDE,not a study; association news article,1,W4382678393
W4382681354,10.57260/rcmrj.2023.264223,2023,Civic Life in the Digital Space of Pre-Service Teachers,MAYBE,survey; respondents reported widespread online disinformation,1,W4382681354
W4382726201,10.1016/j.puhip.2023.100401,2023,"User feedback on the NHS test & Trace Service during COVID-19: The use of machine learning to analyse free-text data from 37,914 England adults",EXCLUDE,off-topic; topic modelling of service feedback,1,W4382726201
W4382753549,10.1093/idpl/ipad011,2023,Personal data and personal safety: re-examining the limits of public data in the context of doxing,EXCLUDE,off-topic; legal analysis of doxing,1,W4382753549
W4382777553,10.1016/j.knosys.2023.110750,2023,A Software Reference Architecture for Journalistic Knowledge Platforms,EXCLUDE,tool; software reference architecture,1,W4382777553
W4382795305,10.19044/esj.2023.v19n16p105,2023,Online Audiences and Gatekeeping: User Comments and Their Infulence on Editorial Processes in Newsrooms in Kenya,EXCLUDE,off-topic; incivility in news comments,1,W4382795305
W4383070440,10.12785/ijcds/140112,2023,"Topic Modelling, Classification and Characterization of Critical Information",MAYBE,classifier paper but reports share of tweets labelled fake,1,W4383070440
W4383094157,10.32628/cseit23903126,2023,Novel Approaches to Detect Phony Profile on Online Social Networks (OSNs) Using Machine Learning,EXCLUDE,detection/classifier; fake profile detection,1,W4383094157
W4383099301,10.4103/jfmpc.jfmpc_1537_22,2023,COVID-19 vaccination- trust is earned when actions meet words,EXCLUDE,review/commentary; editorial on vaccine trust,1,W4383099301
W4383112291,10.1561/1300000068,2023,Contagion Source Detection in Epidemic and Infodemic Outbreaks: Mathematical Analysis and Network Algorithms,EXCLUDE,detection/classifier; source-detection algorithms monograph,1,W4383112291
W4383199418,10.1016/j.jbi.2023.104439,2023,Integrating statistical and visual analytic methods for bot identification of health-related survey data,EXCLUDE,detection/classifier; bot identification method,1,W4383199418
W4383303040,10.1093/ajcp/aqad071,2023,Blood bans and COVID-19: Government attempts to influence medicine and science threaten us all,EXCLUDE,review/commentary; editorial on legislation,1,W4383303040
W4383346857,10.1080/1369118x.2023.2230286,2023,Sorting a public? Using quali-quantitative methods to interrogate the role of algorithms in digital democracy platforms,EXCLUDE,off-topic; algorithms in a deliberation platform,1,W4383346857
W4383500029,10.12688/openreseurope.16189.1,2023,"A survey of security, privacy and trust issues in vehicular computation offloading and their solutions using blockchain.",EXCLUDE,off-topic; vehicular blockchain security survey,2,W4383500029;W4387940377
W4383550300,10.22720/hnmr.2023.00031,2023,Trust in social media is associated with misperceptions about COVID-19,EXCLUDE,belief/attitude only; misperceptions and media trust,1,W4383550300
W4383851554,10.18231/j.jchm.2023.015,2023,A web-based cross-sectional observational study on the analysis of information on diabetes on a social media platform (Instagram),INCLUDE,content prevalence; misinformation in 19 of 448 Instagram posts,1,W4383851554
W4383868483,10.1002/mp.16282,2023,How the journal evolved as a business,EXCLUDE,not a study; journal history essay,1,W4383868483
W4383888048,10.47655/dialog.v46i1.777,2023,From Pamphlet to Utopian Caliphate: Utilization of Mass Media and Promotion of the Caliphate Ideology among Muslim Youth in Solo,EXCLUDE,no audience denominator; qualitative bulletin analysis,1,W4383888048
W4384067949,10.4038/sljmuok.v9i1.108,2023,A Deep Dive Analysis of Online Food Delivery With 6 Ps of The Digital Marketing Mix-Based Framework,EXCLUDE,off-topic; online food delivery marketing,1,W4384067949
W4384270455,10.5281/zenodo.8141658,2023,A multidisciplinary approach to Mental Health and Consciousness Studies,EXCLUDE,not a study; special issue introduction,1,W4384270455
W4384525319,10.48047/ecb/2023.12.si5a.0573,2023,AN EFFICIENT NOVEL APPROACH ON COUNTERFEIT NEWS DETECTION USING MACHINE LEARNING PARADIGMS IN SOCIAL COMMUNITY,EXCLUDE,detection/classifier; fake news detection models,1,W4384525319
W4384823984,10.1017/s0008938923000432,2023,"Settler Colonialism, Illiberal Memory, and German-Canadian Hate Networks in the Twentieth and Twenty-first Centuries",MAYBE,platform datasets on circulation of historical misinformation; share unclear,1,W4384823984
W4384921350,10.5281/zenodo.8171618,2023,A Beginner's Guide Towards Compare and Contrast Essay - 2023,EXCLUDE,not a study; essay-writing guide,1,W4384921350
W4384924324,10.1111/jhn.13212,2023,Exploring the perceived influence of social media use on disordered eating in nutrition and dietetics students,EXCLUDE,no audience denominator; qualitative interviews,1,W4384924324
W4384946180,10.24252/ip.v12i1.39054,2023,PENGARUH MAJALAH INTERNAL TERHADAP RUTINITAS MINAT BACA KARYAWAN PT KCI JABODETABEK,EXCLUDE,off-topic; internal magazine reading habits,1,W4384946180
W4385166326,10.48175/ijarsct-12138,2023,News Aggregation using Web Scraping News Portals,EXCLUDE,tool; news aggregator system,1,W4385166326
W4385172648,10.1016/j.foreco.2023.121274,2023,Trends in bushfire related tweets during the Australian ‘Black Summer’ of 2019/20,MAYBE,80000 tweets analysed; arson misinformation share possible,1,W4385172648
W4385237983,10.1002/pits.23028,2023,Examining values in community stories of the electronic platform for adult learning in Europe,EXCLUDE,off-topic; adult learning platform stories,1,W4385237983
W4385262612,10.5281/zenodo.8186101,2023,The Effect of Social Media News Feed Consumption on Personal Productivity: A Statistical Study,EXCLUDE,off-topic; news feed use and productivity,1,W4385262612
W4385312818,10.21693/1933-088x-22.2.98,2023,PH Roundtable: The Role of Caregivers in Pulmonary Hypertension Care,EXCLUDE,not a study; caregiver roundtable,1,W4385312818
W4385321643,10.30574/wjarr.2023.19.1.1442,2023,Ethical issues in internet-based journalism practice in Nigeria,EXCLUDE,no audience denominator; qualitative journalism ethics study,1,W4385321643
W4385325063,10.1038/s41586-023-06297-w,2023,Like-minded sources on Facebook are prevalent but not polarizing,MAYBE,Facebook exposure data; untrustworthy-source share possible,1,W4385325063
W4385328789,10.1234/foobar5671,2023,Powering Your Brand's Online Presence: Unveiling the Potential of Prflare's Outreach Services,EXCLUDE,not a study; marketing promotion piece,1,W4385328789
W4385349025,10.3390/electronics12153250,2023,Advanced Misinformation Detection: A Bi-LSTM Model Optimized by Genetic Algorithms,EXCLUDE,detection/classifier; Bi-LSTM detection model,1,W4385349025
W4385492780,10.51276/edu.v5i1.515,2023,Analysis of Education Policy on the Implementation of Post-Covid-19 Distance Learning,EXCLUDE,off-topic; distance learning policy review,1,W4385492780
W4385499159,10.32628/cseit23903146,2023,A Novel Fake-News Dataset and Detection System to Mitigate Cyber War with Emphasis on Nigerian News Events,EXCLUDE,detection/classifier; dataset and detection models,1,W4385499159
W4385514281,10.1111/apha.14022,2023,How the availability of information affects the responsibility of the researcher?,EXCLUDE,review/commentary; journal editorial,1,W4385514281
W4385553792,10.1186/s12919-023-00271-0,2023,Prevention and control of HPV and HPV-related cancers in France: the evolving landscape and the way forward – a meeting report,EXCLUDE,not a study; meeting report,1,W4385553792
W4385612328,10.1080/07853890.2023.2241351,2023,Covid-19 vaccination reported side effects and hesitancy among the Syrian population: a cross-sectional study,EXCLUDE,belief/attitude only; side effects and hesitancy survey,1,W4385612328
W4385626758,10.1109/tcss.2023.3296837,2023,Detection of Fake Accounts on Social Media Using Multimodal Data With Deep Learning,EXCLUDE,detection/classifier; fake account detection,1,W4385626758
W4385660291,10.55544/ijrah.3.3.17,2023,Impact of Social Media on Indian Politics after Covid-19 Pandemic,EXCLUDE,review/commentary; literature review,1,W4385660291
W4385692515,10.1016/j.engappai.2023.106877,2023,Fake news detection in Dravidian languages using transfer learning with adaptive finetuning,EXCLUDE,detection/classifier; detection model,1,W4385692515
W4385698856,10.22214/ijraset.2023.54998,2023,Predictive Analysis to Prevent Fraud and Reduce Risk for Preserved Food Processing Industry,EXCLUDE,off-topic; blockchain supply chain traceability,1,W4385698856
W4385783477,10.4300/jgme-d-23-00428.1,2023,The Trainee Perspective on Getting Started With Scholarship in Graduate Medical Education,EXCLUDE,off-topic; medical education scholarship,1,W4385783477
W4385785343,10.25236/ijfs.2023.050811,2023,Social Media Companies’ Moderation of UGC and Journalistic Content Published on Their Platforms,EXCLUDE,review/commentary; essay on content moderation,1,W4385785343
W4385803746,10.1093/af/vfad023,2023,Black soldier fly larvae protein production in Australia,EXCLUDE,off-topic; insect protein production,1,W4385803746
W4385809279,10.1108/intr-07-2022-0578,2023,"What's in the black box? How algorithmic knowledge promotes corrective and restrictive actions to counter misinformation in the USA, the UK, South Korea and Mexico",MAYBE,four national surveys; perceived misinformation influence measured,1,W4385809279
W4385837492,10.1002/poi3.364,2023,Policy is theft: The state of global Internet policy in an age of revolutions,EXCLUDE,review/commentary; internet policy essay,1,W4385837492
W4385892343,10.55041/ijsrem25058,2023,Deception Detection and a Survey on Social Media,EXCLUDE,detection/classifier; deception detection survey,1,W4385892343
W4385893638,10.5937/jcfs2-44736,2023,iTrust News Certificate: A blockchain-based solution for news verification and reputation management,EXCLUDE,tool; blockchain news verification system,1,W4385893638
W4385964625,10.5281/zenodo.8216873,2023,Unlocking Your Essay Potential: Expert Tools and Insights,EXCLUDE,not a study; AI essay-writing promotion,1,W4385964625
W4386067305,10.1016/j.ajogmf.2023.101138,2023,Labor induction in the age of TikTok: what are influencers teaching patients about oxytocin infusion?,MAYBE,no abstract; likely TikTok content analysis of claims,1,W4386067305
W4386075465,10.1353/cj.2023.a904631,2023,In Focus Introduction: Media Study beyond Media Studies: Pandemic Lessons for an Evolving Field,EXCLUDE,not a study; special section introduction,1,W4386075465
W4386084754,10.1093/eurjcn/zvad079,2023,Digital healthcare consumption: lessons about online information,EXCLUDE,review/commentary; journal editorial,1,W4386084754
W4386087032,10.1097/ju9.0000000000000051,2023,JU Open Plus: A Little Business…Hopefully a Little More Time Off,EXCLUDE,not a study; editor issue review,1,W4386087032
W4386135196,10.5120/ijca2023923026,2023,Image Forensics to Detect Image Authenticity using Error Level Analysis and Noise Analysis Methods,EXCLUDE,detection/classifier; image forgery detection,1,W4386135196
W4386143123,10.1053/j.jvca.2023.08.140,2023,Donation After Circulatory Death Heart Transplants: Doing More and Waiting Less,EXCLUDE,off-topic; transplant commentary,1,W4386143123
W4386190742,10.1111/jacf.12565,2023,James Sweeney and micro‐based attempts to make macro relevant,EXCLUDE,off-topic; macroeconomic statistics essay,1,W4386190742
W4386199420,10.5281/zenodo.8287011,2023,10 Meetups About fashion institute of technology You Should Attend,EXCLUDE,not a study; web spam content,1,W4386199420
W4386205970,10.1093/idpl/ipad016,2023,It is time to recognize the tort of invasion of privacy in Malaysia,EXCLUDE,off-topic; privacy tort law,1,W4386205970
W4386215018,10.5406/26428652.91.3.06,2023,Intermountain Histories and the Promises and Perils of Collaborative Projects: A Public History Report from the Field,EXCLUDE,off-topic; public history project report,1,W4386215018
W4386248916,10.1111/nae2.12052,2023,On blogging,EXCLUDE,not a study; editorial on blogging,1,W4386248916
W4386248927,10.1111/nae2.12051,2023,"If an artificial intelligence chatbot wrote a scientific article, how would we know?",EXCLUDE,review/commentary; editorial on AI authorship,1,W4386248927
W4386251479,10.2174/2666255816666230825100307,2023,A Deep Learning Model to Detect Fake News about COVID-19,EXCLUDE,detection/classifier; deep learning detection,1,W4386251479
W4386261367,10.1093/sleepadvances/zpad026,2023,Skimming stones,EXCLUDE,not a study; personal reminiscence,1,W4386261367
W4386270518,10.1093/jrsssa/qnad118,2023,Number Savvy: From the Invention of Numbers to the Future of Data,EXCLUDE,not a study; book review,1,W4386270518
W4386277018,10.1234/td.bar,2023,Steps to Start a Career in Software Development,EXCLUDE,not a study; careers guide,1,W4386277018
W4386302038,10.5281/zenodo.8304079,2023,"About the Solutions to Gun Violence Proposed by the National Council on Disability (NCD) Following the December 14th 2012 Mass Shooting at Sandy Hook Elementary School (located in Newtown, Connecticut) - #January 14th 2013 in Perspective and Context - #Michael A. Ayele (a.k.a) W",EXCLUDE,not a study; personal correspondence document,1,W4386302038
W4386360616,10.55227/ijhess.v3i1.393,2023,IMBPiracy's Twitter Sentiment Analysis for Indonesia with Nvivo 12 Plus,EXCLUDE,off-topic; sentiment analysis of piracy tweets,1,W4386360616
W4386378383,10.1162/pajj_a_00677,2023,Amar Kanwar: Neoliberalism on Trial,EXCLUDE,off-topic; art installation essay,1,W4386378383
W4386392236,10.1002/berj.3909,2023,"Many truths, many knowledges, many forms of reason: Understanding middle‐school student approaches to sources of information on the internet",EXCLUDE,no audience denominator; qualitative sourcing strategies,1,W4386392236
W4386444597,10.1016/j.joms.2023.08.040,2023,Is TikTok a Tool in an Oral Surgery Practice?,MAYBE,no abstract; possible TikTok content analysis,1,W4386444597
W4386448972,10.1055/s-0043-1772744,2023,Down Peer-Less Street,EXCLUDE,review/commentary; editorial on peer review,1,W4386448972
W4386453818,10.1109/tcss.2023.3309704,2023,Real-Time Fake News Detection Using Big Data Analytics and Deep Neural Network,EXCLUDE,detection/classifier,1,W4386453818
W4386464821,10.5281/zenodo.8320957,2023,Normalized Effect Size (NES): a novel feature selection model for Urdu fake news classification,EXCLUDE,detection/classifier,2,W4386464821;W4387906827
W4386488130,10.1017/dce.2023.14,2023,Semantic 3D city interfaces—Intelligent interactions on dynamic geospatial knowledge graphs,EXCLUDE,off-topic; geospatial knowledge graphs,1,W4386488130
W4386499327,10.37745/ijeld.2013/vol11n83040,2023,"The Challenges of Internet Usage for Academic Activities Among Students of Delta State University, Abraka",MAYBE,student survey may report fake-news encounters,1,W4386499327
W4386512504,10.61310/mndjsteect.1170.23,2023,Building the Waray-waray Neural Language Model using Recurrent Neural Network,EXCLUDE,off-topic; language modelling,1,W4386512504
W4386548683,10.4103/jehp.jehp_1278_22,2023,An exploratory study of the experiences of emergency medical care (EMC) students transitioning through the COVID-19 pandemic in South Africa,EXCLUDE,no audience denominator; qualitative interviews,1,W4386548683
W4386585401,10.1097/01.eem.0000920072.89407.2d,2023,Toxicology Rounds,EXCLUDE,not a study; magazine column,1,W4386585401
W4386589337,10.5281/zenodo.8333249,2023,"About the ""Web"" Unwelcome and Incorrect Filtering of Michael A. Ayele (a.k.a) W Written Publications Pertaining to the Systemic Sexism and Clientelism in America's National Women Soccer League (NWSL) - #Michael A. Ayele (a.k.a) W - #Title VII of the 1964 and 1991 Civil Rights Act",EXCLUDE,off-topic; not a study,1,W4386589337
W4386602280,10.32628/cseit2390425,2023,A Potent Technique for Identifying Fake Accounts on Social Platforms,EXCLUDE,detection/classifier; fake account detection,1,W4386602280
W4386631797,10.1097/hs9.0000000000000953,2023,Current and Future Perspective in Hematopoietic Stem Progenitor Cell-gene Therapy for Inborn Errors of Metabolism,EXCLUDE,off-topic; gene therapy,1,W4386631797
W4386711659,10.19165/psys7271,2023,"The Not-So-Silent ""Majority'': An Automated Content Analysis of Anti-Government Online Communities",MAYBE,content analysis may quantify disinformation share,1,W4386711659
W4386753384,10.51213/jimp.v7i2.472,2023,"Studi Komparasi Metode Svm, Logistic Regresion Dan Random Forest Clasifier Untuk Mengklasifikasi Fake News di Twitter",EXCLUDE,detection/classifier,1,W4386753384
W4386852542,10.5662/wjm.v13.i4.337,2023,Physician-scientists or celebrities? Kardashian-index of gastroenterologists,EXCLUDE,off-topic; social media influence index,1,W4386852542
W4386914785,10.1016/j.chb.2023.107971,2023,Factors related to user perceptions of artificial intelligence (AI)-based content moderation on social media,EXCLUDE,belief/attitude only; perceptions of AI moderation,1,W4386914785
W4386924698,10.1162/leon_r_02457,2023,On the Anarchic Organization of Cinematic Spaces,EXCLUDE,not a study; book review,1,W4386924698
W4386953995,10.1093/screen/hjad032,2023,Disaffection-images: Bruno Dumont and the sullen atheists of art cinema,EXCLUDE,off-topic; film criticism,1,W4386953995
W4386954002,10.1093/screen/hjad024,2023,"The Marcusian moment: sound, film, and the body of a woman",EXCLUDE,off-topic; film criticism,1,W4386954002
W4386983020,10.55529/jmcc.35.1.12,2023,"Spreading Fake Content via Social Media among Tertiary Level Students in Rangpur, Bangladesh",INCLUDE,survey reports shares for fake-content exposure and spreading,1,W4386983020
W4386999835,10.11591/ijece.v13i6.pp6913-6925,2023,A large-scale sentiment analysis using political tweets,EXCLUDE,detection/classifier; sentiment classification,1,W4386999835
W4387001039,10.5281/zenodo.8375096,2023,About the Decision of Tara Cable Not to File a Title VII Complaint Even After Falling Victim to Sexual Harassment at the Workplace - #Michael A. Ayele (a.k.a) W - #Association for the Advancement of Civil Liberties (AACL),EXCLUDE,not a study; off-topic,1,W4387001039
W4387004321,10.37074/jalt.2023.6.2.29,2023,"Chatbots and AI in Education (AIEd) tools: The good, the bad, and the ugly",EXCLUDE,review/commentary,1,W4387004321
W4387024164,10.1002/poi3.369,2023,Crowdfunding platforms as conduits for ideological struggle and extremism: On the need for greater regulation and digital constitutionalism,EXCLUDE,no audience denominator; discourse analysis,1,W4387024164
W4387024300,10.1111/criq.12734,2023,"Habeas Corpus? Cultural Keywords, Statistical Keywords, and the Role of a Corpus in their Identification",EXCLUDE,off-topic; cultural keywords corpus,1,W4387024300
W4387030935,10.54646/bjfmcf.2023.02,2023,The impact digitalization has on students’ behavior ona high-level institution as the University of Namibia,EXCLUDE,off-topic; digitalization satisfaction survey,1,W4387030935
W4387040189,10.21608/sjrc.2023.317275,2023,"قائمة المحتويات والافتتاحية باللغة الإنجليزية Table of Content , Editorial of the journal",EXCLUDE,not a study; journal editorial,1,W4387040189
W4387120109,10.3145/epi.2023.sep.15,2023,Retraining fact-checkers: The emergence of ChatGPT in information verification,EXCLUDE,no audience denominator; interviews with fact-checkers,1,W4387120109
W4387141192,10.4314/contjas.v10i1.6,2023,Ghana’s democracy and the digital public sphere: some pertinent issues,EXCLUDE,review/commentary; appraisal essay,1,W4387141192
W4387204346,10.1093/astrogeo/atad041,2023,News in Astronomy & Geophysics – October 2023,EXCLUDE,not a study; news roundup,1,W4387204346
W4387208025,10.1016/j.ijrobp.2023.06.743,2023,A U.S. Cancer Center's Interactive Cancer Education Program for Spanish-Speaking Latinos during COVID-19 Pandemic,MAYBE,no abstract; title alone does not exclude,1,W4387208025
W4387216848,10.59720/22-288,2023,An explainable model for content moderation,EXCLUDE,detection/classifier,1,W4387216848
W4387240110,10.5281/zenodo.8398439,2023,"About the ""Web"" Unwelcome and Incorrect Filtering of Michael A. Ayele (a.k.a) W Written Publications Pertaining to the November 29th 2021 Employment Related Murder of Delfina Pan in the City of Miami Beach, Florida – #Michael Ayele (a.k.a) W– #Title VII of the 1964 & 1991 Civil Rights Act",EXCLUDE,not a study; off-topic,1,W4387240110
W4387242122,10.4300/jgme-d-23-00575.1,2023,Multispecialty Trainee Perspective: The Journey Toward Competency-Based Graduate Medical Education in the United States,EXCLUDE,off-topic; medical education,1,W4387242122
W4387253479,10.1215/2834703x-10734116,2023,"Technology of the Oppressed: Inequity and the Digital Mundane in Favelas in Brazil, by David Nemer",EXCLUDE,not a study; book review,1,W4387253479
W4387326830,10.1093/cid/ciad543,2023,Our “Side Hustle”,EXCLUDE,not a study; personal essay,1,W4387326830
W4387328867,10.1145/3610095,2023,Chilling Tales: Understanding the Impact of Copyright Takedowns on Transformative Content Creators,EXCLUDE,off-topic; copyright takedowns,1,W4387328867
W4387397063,10.2460/javma.23.05.0281,2023,Qualitative analysis of small animal veterinarian–perceived barriers to nutrition communication,EXCLUDE,no audience denominator; qualitative focus groups,1,W4387397063
W4387420997,10.1111/ceo.14300,2023,Online uveitis support groups: A modern day survival guide,EXCLUDE,review/commentary; narrative piece,1,W4387420997
W4387433977,10.22515/albalagh.v8i1.6438,2023,KARTINI FROM ALOR: EMERGING THE DISCOURSE OF TEACHER'S PROFESSIONAL IDENTITY IN KICK ANDY AND KUMPARAN,EXCLUDE,off-topic; media discourse analysis,1,W4387433977
W4387457129,10.56726/irjmets45125,2023,A LARGE-SCALE BENCHMARK TWITTER DATASETS FOR COVID-19 SENTIMENT ANALYSIS,EXCLUDE,dataset paper; sentiment classification benchmark,1,W4387457129
W4387504997,10.56943/jssh.v2i3.375,2023,THE MEANING OF NEWS VALUES FOR CONTENT CREATORS ON THE SNACK VIDEO PLATFORM,EXCLUDE,no audience denominator; qualitative news-values study,1,W4387504997
W4387582650,10.35335/kampret.v3i1.169,2023,The Impact of TikTok on Combating and Filtering Hoax News: A Mixed-Methods Study,INCLUDE,content analysis reports hoax-news prevalence on TikTok,1,W4387582650
W4387607580,10.1007/s11042-023-16851-3,2023,Enhancing security in online social networks: introducing the DeepSybil model for Sybil attack detection,EXCLUDE,detection/classifier; Sybil detection,1,W4387607580
W4387682197,10.1109/tcss.2023.3322303,2023,The Largest Social Media Ground-Truth Dataset for Real/Fake Content: TruthSeeker,EXCLUDE,dataset paper; detection benchmark,1,W4387682197
W4387723304,10.15507/2078-9823.063.023.202303.336-348,2023,"Political Values, Orientations and Ideals of Modern Youth and Their Reflection in Virtual Space",MAYBE,youth study may measure encountering fakes online,1,W4387723304
W4387798525,10.1097/xcs.0000000000000839,2023,Surgical Education,EXCLUDE,off-topic; surgical education abstracts,2,W4387798525;W4414782006
W4387845731,10.18357/otessaj.2023.3.1.48,2023,The Complexities of Using Digital Social Networks in Teaching and Learning,MAYBE,instructor survey may quantify misinformation as challenge,1,W4387845731
W4387860454,10.1002/pra2.858,2023,Online Incivility and Contextual Factors: Data‐Driven Detection and Analysis,EXCLUDE,detection/classifier; tutorial panel,1,W4387860454
W4387901471,10.1093/eurpub/ckad160.1678,2023,"A research platform for measuring information exposure, trust, and behaviour – burden of infodemics",EXCLUDE,"tool; research platform, no estimates",1,W4387901471
W4387976765,10.1162/99608f92.1a58d824,2023,Close to Refuge: Integrating AI and Human Insights for Intervention and Prevention: A Conversation With Seema Iyer,EXCLUDE,not a study; interview conversation,1,W4387976765
W4388009437,10.21608/idj.2023.321660,2023,Photojournalism role in achieving the significance of the online image for the Viewer.,EXCLUDE,off-topic; essay on photojournalism,1,W4388009437
W4388094041,10.33271/nvngu/2023-5/165,2023,Critical infrastructure defense: perspectives from the EU and USA cyber experts,EXCLUDE,off-topic; cybersecurity Delphi study,1,W4388094041
W4388182224,10.1145/3629975,2023,Mountain Gazelle Optimizer with Deep Learning Driven Satirical News Classification on Low-resource Language Corpus,EXCLUDE,detection/classifier,1,W4388182224
W4388214612,10.1038/s44183-023-00026-6,2023,Advancing interdisciplinary knowledge for ocean sustainability,EXCLUDE,off-topic; journal editorial,1,W4388214612
W4388221123,10.1007/s41870-023-01541-y,2023,Leveraging transfer learning for detecting misinformation on social media,EXCLUDE,detection/classifier,1,W4388221123
W4388235097,10.52306/2578-3289.1171,2023,Victimization by Deepfake in the Metaverse: Building a Practical Management Framework,EXCLUDE,no audience denominator; framework from expert interviews,1,W4388235097
W4388272128,10.1146/knowable-102523-2,2023,Everyone should start counting spiders,EXCLUDE,off-topic; spider conservation,1,W4388272128
W4388288196,10.3390/math11214542,2023,Decentralized News-Retrieval Architecture Using Blockchain Technology,EXCLUDE,tool; blockchain news-retrieval architecture,1,W4388288196
W4388297639,10.1016/j.chb.2023.108017,2023,Revealing complexities when adult readers engage in the credibility evaluation of social media posts,EXCLUDE,belief/attitude only; credibility evaluation,1,W4388297639
W4388305452,10.1353/tech.2023.a911038,2023,Under the Radar: Tracking Western Radio Listeners in the Soviet Union by R. Eugene Parta (review),EXCLUDE,review/commentary; book review,1,W4388305452
W4388331708,10.1007/s42979-023-02324-9,2023,Entropy-Based Automation Detection on Twitter Using DNA Profiling,EXCLUDE,detection/classifier; bot detection,1,W4388331708
W4388348511,10.56536/ijmres.v13i3.496,2023,Unpacking the Mediating Role of Brand Community Character on the Relationship Between Social Media Marketing Activities and Intention to Purchase Online,EXCLUDE,off-topic; brand community marketing,1,W4388348511
W4388420569,10.1002/poi3.375,2023,"Special issue: The (international) politics of content takedowns: Theory, practice, ethics",EXCLUDE,not a study; special-issue editorial,1,W4388420569
W4388450842,10.1016/j.copsyc.2023.101726,2023,"A primer on open-source, experimental social media simulation software: Opportunities for misinformation research and beyond",EXCLUDE,tool; simulation software primer,1,W4388450842
W4388470113,10.1162/afar_a_00726,2023,Personal Reflections on Technologies and the Study of African Art,EXCLUDE,not a study; personal reflections,1,W4388470113
W4388480603,10.5325/edgallpoerev.24.2.0288,2023,"Poe in Cyberspace: AI, Now and Then",EXCLUDE,off-topic; literary essay,1,W4388480603
W4388495333,10.1007/s11227-023-05677-3,2023,A novel model for Sybil attack detection in online social network using optimal three-stream double attention network,EXCLUDE,detection/classifier; Sybil detection,1,W4388495333
W4388499205,10.1002/mhs2.46,2023,The influence of social media on the dietary behaviors of young Australian adults: A mixed methods exploration,EXCLUDE,"off-topic; diet behaviour, no misinformation estimate",1,W4388499205
W4388524992,10.5406/19346018.75.3.05,2023,Documentary Film and the Flint Water Crisis: Incorporating the Sociological Imagination,EXCLUDE,off-topic; documentary film essay,1,W4388524992
W4388539049,10.1093/cid/ciad623,2023,Hostility Unmasked: Scientists on the Frontlines of the COVID-19 Pandemic,EXCLUDE,not a study; personal essay,1,W4388539049
W4388577577,10.22452/mjlis.vol28no2.5,2023,The development of a public library data collection and analysis platform and its uses: a case study of the National Library Big Data Platform in Korea,EXCLUDE,off-topic; library data platform,1,W4388577577
W4388658139,10.1353/stu.2023.a911716,2023,Gnostic Undercurrents in Our Avatar Culture,EXCLUDE,not a study; essay on AI,1,W4388658139
W4388667214,10.4204/eptcs.393.1,2023,Classical LU Decomposition in ACL2,EXCLUDE,off-topic; formal verification,1,W4388667214
W4388667216,10.4204/eptcs.393.0,2023,Proceedings of the 18th International Workshop on the ACL2 Theorem Prover and Its Applications,EXCLUDE,not a study; workshop proceedings,1,W4388667216
W4388667356,10.4204/eptcs.393.2,2023,CHERI Concentrate in ACL2,EXCLUDE,off-topic; computer architecture,1,W4388667356
W4388693744,10.1097/phh.0000000000001839,2023,Who Will Advocate to Keep the Public Healthy? Establishing Competency-Based Advocacy Training for the Public Health Field,EXCLUDE,off-topic; public health advocacy training,1,W4388693744
W4388718337,10.1016/s0140-6736(23)02343-7,2023,Libya floods: preventing a public health crisis,EXCLUDE,not a study; correspondence on floods,1,W4388718337
W4388737360,10.1093/cid/ciad648,2023,When Someone Should Do Something About This: How a Cryptococcal Clinical Trialist Became Involved With the COVID-19 Pandemic,EXCLUDE,not a study; personal essay,1,W4388737360
W4388777471,10.31703/gdpmr.2023(vi-i).19,2023,Social Media and Political Polarization in Pakistan,MAYBE,mixed-methods may quantify misinformation on social media,1,W4388777471
W4388814011,10.54254/2753-7064/12/20230076,2023,Identifying False Information in the Era of Big Data,MAYBE,survey may report self-reported receipt of false information,1,W4388814011
W4388874967,10.26623/transformatika.v20i2.5880,2023,Perbandingan LSTM dengan Support Vector Machine dan Multinomial Na ve Bayes pada Klasifikasi Kategori Hoax,EXCLUDE,detection/classifier,1,W4388874967
W4388881024,10.4103/pjog.pjog_71_23,2023,Why and how should professional societies and their journals promote scientific integrity in their publications?,EXCLUDE,review/commentary; research integrity discourse,1,W4388881024
W4388913184,10.1111/joms.13025,2023,Inequalities in Research Translation: Toward more Equitable Pathways to Impact,EXCLUDE,off-topic; research translation,1,W4388913184
W4388920621,10.55737/qjss.090330941,2023,The Proliferation of Inaccurate and Misleading Information through the Use of Social Media: The Impact on Pakistani Society,EXCLUDE,no audience denominator; ten expert interviews,1,W4388920621
W4388924947,10.1093/analys/anac060,2023,Visual adaptation and the purpose of perception,EXCLUDE,off-topic; philosophy of perception,1,W4388924947
W4388931849,10.1002/cns3.20048,2023,"Moral distress, moral injury, and burnout: Clinicians’ resilience and adaptability are not the solution",EXCLUDE,off-topic; clinician burnout,1,W4388931849
W4388974156,10.1242/jeb.246916,2023,Enhancing your research: how JEB supports research papers from submission to publication and public outreach,EXCLUDE,not a study; journal editorial,1,W4388974156
W4389002061,10.55905/revconv.16n.11-166,2023,Reflections on the impact of accelerated media on the mental health of the elderly of a similarly accelerated society,EXCLUDE,review/commentary; reflections on media and ageing,1,W4389002061
W4389029719,10.1093/ofid/ofad500.1228,2023,"1391. ""Going Viral for Good: The Global Impact of #IDTwitter in the Infectious Diseases Twitter Community""",EXCLUDE,"off-topic; hashtag analytics, no misinformation measure",1,W4389029719
W4389046038,10.1097/gh9.0000000000000378,2023,Patient declining medical nutrition therapy and insisting on their own diet recommendation: a perspective as per practical scenarios in Bangladesh,EXCLUDE,not a study; opinion piece,1,W4389046038
W4389074161,10.1176/appi.pn.2023.12.12.25,2023,Trustees Approve Position Statement on Oversight of Mental Health Data,EXCLUDE,not a study; association news item,1,W4389074161
W4389094417,10.1080/21645515.2023.2281729,2023,Extracting factors associated with vaccination from Twitter data and mapping to behavioral models,MAYBE,topic modelling may report misinformation topic share,1,W4389094417
W4389097258,10.1111/criq.12756,2023,Intelligence,EXCLUDE,not a study; keyword essay,1,W4389097258
W4389131000,10.1097/prs.0000000000010885,2023,Science of Collaboration,EXCLUDE,off-topic; collaboration essay,1,W4389131000
W4389131143,10.4103/ipj.ipj_248_23,2023,The COVID-19 pandemic: Lessons learned,EXCLUDE,review/commentary; pandemic lessons essay,1,W4389131143
W4389144615,10.32604/cmc.2023.030551,2023,Fake News Detection Using Machine Learning and Deep Learning Methods,EXCLUDE,detection/classifier,1,W4389144615
W4389144676,10.32604/cmc.2023.038303,2023,"Fake News Classification: Past, Current, and Future",EXCLUDE,detection/classifier; methods review,1,W4389144676
W4389148405,10.1007/s12144-023-05429-9,2023,Color in web-advertising: the effect of color hue contrast on web satisfaction and advertising memory,EXCLUDE,off-topic; web advertising colour,1,W4389148405
W4389153444,10.19166/lp.v1i2.7386,2023,Perlindungan Hukum Terhadap Artificial Intellegence Dalam Aspek Penyalahgunaan Deepfake Technology Pada Perspektif UU PDP dan GDPR [Legal Protection of Artificial Intellegence in Misusage of Deepfake Technology in the Perspective of PDP Law and GDPR],EXCLUDE,not a study; legal analysis of deepfake regulation,1,W4389153444
W4389196312,10.1353/gia.2023.a913637,2023,The Interplay of Technology and International Relations: A Historical and Forward-Looking Perspective,EXCLUDE,not a study; journal editorial,1,W4389196312
W4389276342,10.14569/ijacsa.2023.01411140,2023,Imbalance Node Classification with Graph Neural Networks (GNN): A Study on a Twitter Dataset,EXCLUDE,detection/classifier; node classification,1,W4389276342
W4389344071,10.1016/j.clnesp.2023.09.449,2023,Assessment of scientific reliability and quality of the gluten-free diet video clips on youtube,MAYBE,YouTube reliability assessment may code misinformation,1,W4389344071
W4389458611,10.47524/jictdar.v5i2.22,2023,Prevalence of infodemic as a factor affecting COVID-19 vaccination acceptance: Literature survey and monitoring in Nigeria,MAYBE,titled prevalence of infodemic; share possibly reported,1,W4389458611
W4389480311,10.52131/pjhss.2023.1104.0661,2023,Analyzing Linguistic Shifts in Political Discourse: A Corpus-Based Study of Political Rhetoric in the Digital Age,EXCLUDE,off-topic; corpus linguistics of political rhetoric,1,W4389480311
W4389487050,10.18287/2223-9537-2023-13-4-562-579,2023,An integrated approach to the analysis of argumentative relationships in scientific communication texts,EXCLUDE,off-topic; argument mining,1,W4389487050
W4389506440,10.1093/biosci/biad104,2023,Predatory Journals,EXCLUDE,not a study; news feature on predatory journals,1,W4389506440
W4389573200,10.58624/svoapd.2023.02.052,2023,Evaluation of Covid-19 Vaccine Sentiment on TikTok from 2020 to 2022,INCLUDE,"codes 284 TikTok videos, share anti-vaccine",1,W4389573200
W4389633384,10.1515/ohe-2023-0015,2023,A Tumblr thematic analysis of perinatal health: Where users go to seek support,INCLUDE,"235 Tumblr posts, 3% misinformation",1,W4389633384
W4389633417,10.1525/fq.2023.77.2.54,2023,Ruby at the Helm,EXCLUDE,off-topic; film journal profile,1,W4389633417
W4389685749,10.11606/issn.2178-2075.v14i2p4-23,2023,Hábitos e informação: contribuições peirceanas para análise dos efeitos interpretativos no contexto da comunicação digital,EXCLUDE,non-empirical; semiotic theory,1,W4389685749
W4389704343,10.56028/aehssr.8.1.326.2023,2023,A Framing Analysis of News Reports on the Canton Fair from SCMP and CGTN,EXCLUDE,off-topic; framing analysis of trade fair,1,W4389704343
W4389740491,10.1002/jvc2.339,2023,White lies? A qualitative review of internet‐based vitiligo‐related misinformation,MAYBE,reviews online vitiligo misinformation; share possibly reported,1,W4389740491
W4389779817,10.1093/joc/jqad036,2023,"At the nexus of technology, identity, and norms",EXCLUDE,review/commentary; book review essay,1,W4389779817
W4390084874,10.1017/s1355617723009220,2023,"64 TikTok as a Health Communication Platform in Pediatric Neuropsychology: Opportunities, Pitfalls, and Recommendations Moving Forward",EXCLUDE,review/commentary; systematic review of TikTok studies,1,W4390084874
W4390103528,10.3145/epi.2023.nov.21,2023,"Roles of journalists in media literacy initiatives: trainees and trainers. Continuity, collaboration, and sustainability of media literacy trainings to mitigate disinformation in Portugal",EXCLUDE,intervention/experiment only; media literacy training,1,W4390103528
W4390110214,10.4103/jphpc.jphpc_41_22,2023,Scrolling Mindlessly: Emerging Mental Health Implications of Social Networking Sites,EXCLUDE,review/commentary; literature review,1,W4390110214
W4390111091,10.3389/fsurg.2023.1331877,2023,Grand challenges in colorectal and proctological surgery,EXCLUDE,off-topic; surgery editorial,1,W4390111091
W4390140226,10.17798/bitlisfen.1343747,2023,Digital Certificate Security: A Blockchain-based Approach for Fraud Prevention and Verification,EXCLUDE,off-topic; blockchain certificates,1,W4390140226
W4390192488,10.1002/alz.075065,2023,Ethical social media use for dementia prevention research: Perspectives of research professionals and community members,EXCLUDE,"qualitative ethics interviews, no audience denominator",2,W4390192488;W4390198897
W4390236471,10.1108/imds-08-2023-0571,2023,A big data analytics method for the influence of WeChat public platform articles on blood donation behavior,EXCLUDE,"off-topic, blood donation and WeChat articles",1,W4390236471
W4390239189,10.1080/10810730.2023.2231372,2023,Examining Antecedents of Factual Knowledge and Perceived Familiarity of COVID-19 Contact Tracing App: A Modified Cognitive Mediation Model,EXCLUDE,"belief/knowledge only, no misinformation exposure measure",1,W4390239189
W4390264307,10.1007/s43032-023-01428-0,2023,COVID-19 Vaccination and Reproductive Health: a Comprehensive Review for Healthcare Providers,EXCLUDE,"review/commentary, comprehensive clinical review",1,W4390264307
W4390443838,10.14710/anuva.7.3.529-546,2023,Literasi Media Sosial Instagram Mahasiswa Ilmu Perpustakaan Universitas Diponegoro dalam Menentukan Informasi yang dipercaya,EXCLUDE,"qualitative media literacy interviews, no denominator",1,W4390443838
W4390501385,10.57096/edunity.v2i8.139,2023,The Effect of Digital Technology on the Development of Halal Tourism in Southeast Asia,EXCLUDE,"off-topic, halal tourism and digital media",1,W4390501385
W4390506455,10.24198/jkk.v11i2.49492,2023,Rise against rumors: Leveraging online social movements for hoax prevention by netizens,MAYBE,survey of anti-hoax netizens may report hoax encounter share,1,W4390506455
W4390514914,10.5406/15549399.56.3.01,2023,A People's History of Book of Mormon Archaeology: Excavating The Role of “Folk” Practitioners in the Emergence of a Field,EXCLUDE,"off-topic, history of Book of Mormon archaeology",1,W4390514914
W4390533340,10.55549/epess.1413293,2023,Increasing the Effectiveness of Fake News Detection: An Educational Program for High School Students Using Interactive Neural Network Training and Collective Intelligence,EXCLUDE,"intervention/experiment only, education plus classifier training",1,W4390533340
W4390642928,10.31958/semantik.v1i1.9237,2023,The Role and Function of Media Institutions in Society in the Digital Age: A Case Study in Indonesia,EXCLUDE,"qualitative interviews with eight sources, no denominator",1,W4390642928
W4390654159,10.31849/reila.v5i3.13285,2023,Glimpsing Indonesia’s Social Media Discourse: What Goes on During the Covid-19 Infodemic,EXCLUDE,"discourse analysis and FGD, no audience denominator",1,W4390654159
W4390677955,10.35516/jjss.v16i3.2206,2023,The Role of Social Media Networks in Promoting a Culture of Tolerance and Combating Extremism from the Perspective of Gulf Cooperation Council Students Studying at Jordanian Universities,MAYBE,student survey on social media may report fake-news encounter share,1,W4390677955
W4390679658,10.21900/j.jloe.v3.1235,2023,Idea Lab,EXCLUDE,"not a study, call for contributions",1,W4390679658
W4390709827,10.18522/2658-5820.2023.3.6,2023,News consumption in cities and towns of Kazakhstan,MAYBE,news-diary media diet study could report unreliable-source share,1,W4390709827
W4390711600,10.35905/jourmics.v2i1.6374,2023,"Analisis Reportase Media Massa di Era Digital: Tantangan, Peluang, dan Dampaknya pada Pandangan Khalayak",EXCLUDE,"review/commentary, literature study of media reporting",1,W4390711600
W4390737412,10.30880/jts.2023.15.02.005,2023,The Impact of Social Media Information Literacy on Malaysian Youth’s Emotional Intelligence,EXCLUDE,"off-topic, literacy and emotional intelligence correlation",1,W4390737412
W4390758008,10.1525/aft.2023.50.4.103,2023,New Theories for New Media,EXCLUDE,non-empirical essay on new media theory,1,W4390758008
W4390789843,10.52907/jipit.v3i1.259,2023,Beyond the Ballot: A Comparative Analysis of Political Microtargeting Practices and Regulations in Kenya and Nigeria,MAYBE,analysis of political Facebook ads may code misleading content,1,W4390789843
W4390952895,10.1111/jacf.12584,2023,The role of organizational design and culture in the value‐based healthcare movement: The case of the Cleveland Clinic,EXCLUDE,"off-topic, hospital organizational design",1,W4390952895
W4391094289,10.1109/mitp.2023.3323865,2023,A Decentralized Cooperative Navigation Approach for Visual Homing Networks,EXCLUDE,"off-topic, robot visual navigation",1,W4391094289
W4391152689,10.55047/jekombital.v2i2.553,2023,PERSEPSI NILAI INFORMASI DAN DAMPAKNYA TERHADAP KUALITAS INFORMASI PADA LINE TODAY NEWS MEDIA PLATFORM,EXCLUDE,"off-topic, perceived information value on a news app",1,W4391152689
W4391318948,10.17762/ijritcc.v11i9.9196,2023,Snowball-Miner: Integration of Deep Learning for Extraction of Cyber Threat Intelligence from Dark Web,EXCLUDE,"detection/classifier, dark web threat intelligence",1,W4391318948
W4391408518,10.33607/elt.v2i22.1442,2023,User Perception of Quality in Sports Websites,EXCLUDE,"off-topic, sports website quality perceptions",1,W4391408518
W4391782550,10.33701/jtpm.v3i2.3378,2023,The Influence of Social Media on Public Administration,EXCLUDE,"review/commentary, qualitative secondary sources",1,W4391782550
W4392255095,10.5406/19346018.75.4.02,2023,Neoliberalism and Disclosure 's New Trans Activism: The Politics of Discrimination in Hollywood and How to Fight It,EXCLUDE,"off-topic, Hollywood trans activism",1,W4392255095
W4392406495,10.5210/spir.v2023i0.13489,2023,MAPPING TUMBLR THROUGH FANNISH HOMOPHILIES,EXCLUDE,"off-topic, fandom homophily survey, no misinformation measure",1,W4392406495
W4392406582,10.5210/spir.v2023i0.13539,2023,INFRASTRUCTURES OF MANIPULATION,EXCLUDE,"not a study, conference panel description",1,W4392406582
W4392406645,10.5210/spir.v2023i0.13527,2023,"REVISITING KEY CONCEPTS IN DIGITAL MEDIA RESEARCH: INFLUENCE, POPULISM, PARTISANSHIP, POLARISATION",EXCLUDE,"not a study, conference panel description",1,W4392406645
W4392413302,10.55606/nusantara.v3i3.1610,2023,Pembuatan Website Pelayanan Pemerintahan Desa Sukalaba: Meningkatkan Kualitas Pelayanan Dan Keterbukaan Informasi Bagi Masyarakat,EXCLUDE,"off-topic, village government website development",1,W4392413302
W4392894021,10.25139/jsk.v7i3.7402,2023,User behaviour and hoax information on social media case of Indonesia,MAYBE,mixed-methods hoax spread study may report share of hoax content,1,W4392894021
W4392919243,10.24113/ijoscience.v9i2.511,2023,A Review on Fake News Detection using Machine Learning,EXCLUDE,detection/classifier review of fake news algorithms,1,W4392919243
W4392951199,10.2478/gb-2023-0009,2023,Wissensvermittlung im Alltag. Neue Kommunikationspraktiken als Ressource für die Evidenzbasierte Medizin,EXCLUDE,"off-topic, qualitative Reddit placebo knowledge study",1,W4392951199
W4392964571,10.22452/ijeas.vol12no2.6,2023,SU-ISU BERKAITAN EKONOMI GIG DI JEPUN: ANALISIS LAPORAN AKHBAR,EXCLUDE,"off-topic, gig economy news sentiment analysis",1,W4392964571
W4393037955,10.31763/businta.v7i1.592,2023,Twitter sentiment analysis about economic recession in indonesia,EXCLUDE,"off-topic, recession sentiment analysis, no accuracy coding",1,W4393037955
W4393083324,10.26740/jsm.v7n2.p370-388,2023,Nurturing Political Engagement: Political Communication Strategies for Generation Z in the Lead-up to the 2024 Election in West Java,EXCLUDE,"no misinformation exposure measure, political engagement survey",1,W4393083324
W4393083326,10.26740/jsm.v7n2.p281-299,2023,Social Media Use for Decision Making During Politics in a Multicultural Society: a Case Study of Nigeria,EXCLUDE,"review/commentary, qualitative secondary data",1,W4393083326
W4393242218,10.54097/hbem.v21i.14743,2023,Social Media Fake Information Identification Method Based on LSTM,EXCLUDE,"detection/classifier, LSTM fake information identification",1,W4393242218
W4394967692,10.5325/editwharrevi.39.2.0182,2023,The Bloomsbury Handbook to Edith Wharton,EXCLUDE,"not a study, book review",1,W4394967692
W4395019663,10.7202/1109852ar,2023,"Physics and Metaphysics of Post-Truth (Or, Do Realia Deliver us from Artefacts of False Witness?)",EXCLUDE,non-empirical philosophical essay on post-truth,1,W4395019663
W4396715031,10.15611/nit.2023.39.08,2023,Edible Insects: A Brief Guide for Polish Consumers,EXCLUDE,non-empirical consumer guide on edible insects,1,W4396715031
W4396733414,10.61838/kman.isslp.2.1.4,2023,Legal Strategies for Combating Fake News and Misinformation,EXCLUDE,"legal/policy interviews, no exposure or sharing measure",1,W4396733414
W4396849857,10.15408/jch.v11i2.34755,2023,An Overview of Digital Media Literacy in Digital Bangladesh,EXCLUDE,"review/commentary, secondary-data literacy overview",1,W4396849857
W4397038080,10.21275/sr23531125834,2023,Twitter Rumour Detection in the Health Domain,EXCLUDE,"detection/classifier, Twitter rumour detection",1,W4397038080
W4399111200,10.29103/jspm.v4i2.12489,2023,STRATEGI HARIAN SERAMBI INDONESIA DALAM MEMPERTAHANKAN EDISI CETAK DI ERA TRANSFORMASI DIGITAL,EXCLUDE,"off-topic, newspaper print-edition strategy",1,W4399111200
W4399256095,10.4103/ijar.ijar_40_23,2023,Artificial intelligence in the sector of Ayurveda: Scope and opportunities,EXCLUDE,"off-topic, AI in Ayurveda",1,W4399256095
W4399339183,10.62517/jbdc.202301108,2023,Research on the Application of Digital Watermarking Technology in Video Data Traceability,EXCLUDE,"tool, digital watermarking for video traceability",1,W4399339183
W4399415544,10.61100/tacit.v1i1.181,2023,A Study on the Role of Social Media in Driving Innovation and Economic Growth: A Macroeconomic Perspective,EXCLUDE,"review/commentary, social media and economic growth",1,W4399415544
W4400383613,10.21608/mcr.2023.363542,2023,The impact of Freedom and Economic Development on the work of Social Media Platforms Across Nations “A Secondary Analysis in the Light of Normative Theories’ Principals”,MAYBE,"secondary analysis of 25-country fake news survey, share unclear",1,W4400383613
W4400788407,10.25730/vsu.2070.22.034,2023,Политические взгляды корреспондентов газеты «Русские ведомости» (1863–1913 гг.): опыт просопографического анализа,EXCLUDE,"off-topic, historical prosopography of newspaper correspondents",1,W4400788407
W4400834202,10.25634/mirbis.2023.2.27,2023,Онлайн soft skills системы как эффективная защита непрофессионалов от распространения фейковых новостей,EXCLUDE,non-empirical essay on soft skills against fake news,1,W4400834202
W4401114379,10.14321/crnewcentrevi.23.2.0185,2023,Marc Crépon's Literature/Philosophy of Nonviolence,EXCLUDE,"off-topic, philosophy of nonviolence",1,W4401114379
W4401530350,10.69511/ijdsaa.v5i5.209,2023,Using Supervised Machine Learning Models and Natural Language Processing for Identification of Fake News,EXCLUDE,"detection/classifier, supervised ML fake news identification",1,W4401530350
W4401786893,10.30829/komunikologi.v7i1.17360,2023,PENJERNIH INFORMASI BAGI PUBLIK DI MASA COVID-19,EXCLUDE,non-empirical library research on hoax clarification,1,W4401786893
W4402144955,10.4103/jclpca.jclpca_18_23,2023,The transformative role of artificial intelligence in cleft surgery,EXCLUDE,"off-topic, AI in cleft surgery",1,W4402144955
W4403201319,10.47672/ajpr.1579,2023,The Evolving Role of Social Media in Public Relations in East African Countries,EXCLUDE,"review/commentary, desktop research on public relations",1,W4403201319
W4403525335,10.1093/oq/kbae015,2023,Between Exclusivity and Accessibility: An Analysis of Instagram Branding at Two Nordic Opera Companies,EXCLUDE,"off-topic, opera Instagram branding",1,W4403525335
W4404512531,10.59581/harmoni-widyakarya.v1i2.3159,2023,Literasi Media Mahasiswa Ilmu Komunikasi UPS Tegal Mengenai Hoax Virus Covid-19 Di Social Networking Berdasarkan ICF,MAYBE,student survey on Covid hoaxes may report exposure share,1,W4404512531
W4405885015,10.46568/jmcd.v28i1.300,2023,Media Diet Plan: Analyzing What Media Serves and What's Needed,MAYBE,"content shares by genre incl. junk media, construct unclear",1,W4405885015
W4406047201,10.5325/nursinghistory.31.0171,2023,"Anna DeCosta Banks, Pioneer Black Nurse, the Ladies Benevolent Society, and the American Red Cross in Charleston’s 1918 Influenza Epidemic",EXCLUDE,"off-topic, 1918 influenza nursing history",1,W4406047201
W4406047545,10.5325/nursinghistory.31.0220,2023,"Abusive Politics: How the American Child Welfare System Lost Its Way, by Mical Raz",EXCLUDE,"not a study, book review",1,W4406047545
W4406586781,10.53022/oarjms.2023.6.1.0035,2023,Strategic integration of media and public relations to address communication barriers in organizational reputation management,EXCLUDE,"non-empirical, reputation management framework",1,W4406586781
W4409370117,10.54660/.ijmrge.2023.4.1.1055-1073,2023,Developing Compliance-Oriented Social Media Risk Management Models to Combat Identity Fraud and Cyber Threats,EXCLUDE,"detection/classifier, social media risk management models",1,W4409370117
W4409393250,10.69526/bir.v1i2.338,2023,Sustaining Digital Faith: How Technology Impacts Religious Activities and Participation in the Digital Era,EXCLUDE,"review/commentary, technology and religious participation",1,W4409393250
W4409523006,10.53977/sadharananikarana.v5i2.997,2023,Fenomena Buzzer Dalam Perspektif Komunikasi Politik Di Media Sosial Jelang Pemilu 2024,EXCLUDE,"qualitative descriptive buzzer study, no denominator",1,W4409523006
W4409624953,10.71097/ijaidr.v14.i1.1377,2023,Generative AI in the Deep Internet: Treat and Counter Measures for the Next Generation Resilience,EXCLUDE,"non-empirical, generative AI threat overview",1,W4409624953
W4409644336,10.63544/ijss.v2i4.57,2023,Role of Libraries in Ensuring Quality Education at Higher Education Institutions: A Perspective of Pakistan,EXCLUDE,"off-topic, libraries and quality education",1,W4409644336
W4409827562,10.70610/tls.v1i03.435,2023,Etika Digital: Pandangan Kritis terhadap Penggunaan Teknologi dalam Kehidupan Sehari-hari,EXCLUDE,non-empirical literature study on digital ethics,1,W4409827562
W4411615967,10.15605/jafes.038.s2.34,2023,CAN ARTIFICIAL INTELLIGENCE (CHATGPT) REPLACE HEALTHCARE PROVIDERS' WORKLOAD IN MANAGING TYPE 2 DIABETES?,MAYBE,"expert grading of chatbot diabetes answers, share not stated",1,W4411615967
W4412099821,10.69688/mekas.v1i1.14,2023,JEJAK DIGITAL DALAM JURNALISME: MEDIA SOSIAL DAN MEDIA DARING DI INDONESIA,EXCLUDE,"qualitative journalism study, no denominator",1,W4412099821
W4414301973,10.63125/qdrdve50,2023,DATA-DRIVEN COMMUNICATION IN ECONOMIC RECOVERY CAMPAIGNS: STRATEGIES FOR ICT-ENABLED PUBLIC ENGAGEMENT AND POLICY IMPACT,EXCLUDE,"review/commentary, PRISMA review of communication studies",1,W4414301973
W4414876503,10.23917/khif.v9i2.22470,2023,Identifying Hate Speech in Tweets with Sentiment Analysis on Indonesian Twitter Utilizing Support Vector Machine Algorithm,EXCLUDE,"detection/classifier, SVM hate speech identification",1,W4414876503
W4416108110,10.4038/sljarshss.v13i2.10,2023,Media and Mental Health: Examining the impact of Information Overload during COVID-19 and Creating awareness on fake-information through the #CheckTheFake campaign of ARMT,MAYBE,survey of 562 on Covid infodemic may report exposure/forwarding share,1,W4416108110
W7118327639,10.1108/rege-04-2023-207/full/html,2023,ChatGPT and the ethical aspects of artificial intelligence. [Editorial],EXCLUDE,"not a study, editorial on AI ethics",1,W7118327639
W7118739105,10.1108/rausp-07-2023-273/full/html,2023,One-way road: the impact of artificial intelligence on the development of knowledge in management,EXCLUDE,"not a study, editorial essay on AI in research",1,W7118739105
W7127594535,10.15408/mimbar.v40i1.35559,2023,Motives and Manipulative Strategies on COVID-19 Discourse in Indonesia,EXCLUDE,"qualitative discourse analysis, no denominator",1,W7127594535
W7135079502,10.21039/cca.59,2023,Appraising the Influence of Information and Communication Technology on Television News Reporting in Select Stations in North Central Nigeria,EXCLUDE,"off-topic, ICT use by television newsrooms",1,W7135079502
W7137368704,10.13187/me.2026.1.138,2023,"Fake News Management Policy in Russia: Lessons for Vietnam in Intergating State Governance, Platform Responsibility and Media Literacy",EXCLUDE,non-empirical policy comparison of fake news regulation,1,W7137368704
W7137401433,,2023,Sentiment Analysis of New Zealand Adults’ and Children’s Tweets Regarding the COVID-19 Vaccination Programme,EXCLUDE,"sentiment analysis only, no accuracy or misinformation coding",1,W7137401433
W7137925486,10.5281/zenodo.19076767,2023,Regulating Disinformation in a Self-Regulatory Environment at the European Level? Lessons learnt from Signatories` Covid-19 Reporting,EXCLUDE,non-empirical poster on platform self-regulation reporting,2,W7137925486;W7138269426
W7139875379,,2023,THE INFLUENCE OF SOCIAL MEDIA ON POLITICAL COMMUNICATION: A CASE STUDY OF NIGERIA'S 2023 GENERAL ELECTIONS IN OMU-ARAN,MAYBE,election questionnaire study may report misinformation encounter share,1,W7139875379
W7139937413,10.63744/fkkqradnzznv,2023,Tracing Toxicity Through Code: Towards a Method of Explainability and Interpretability in Software,EXCLUDE,"non-empirical, critical code studies argument",1,W7139937413
W7140124982,10.22409/ziz.v2i1.58956,2023,A Reconfiguração da Democracia na Era Digital,EXCLUDE,non-empirical theoretical essay on digital democracy,1,W7140124982
W7153112180,10.63282/3050-9246.ijetcsit-v4i3p123,2023,Zero-Trust Multi-Cloud Architecture for Secure Experience Management,EXCLUDE,"off-topic, zero-trust cloud security architecture",1,W7153112180
W7163322104,10.32628/cseit23906783,2023,A Review of Natural Language Processing for Social Media-Based Public Health Surveillance and Analytics,EXCLUDE,detection/classifier review of NLP surveillance methods,1,W7163322104
W7163681301,10.66766/risr.2023.2.01,2023,OPEN SOURCE INTELLIGENCE: AN OVERVIEW OF TODAY’S OPERATIONAL CHALLENGES AND HUMAN RIGHTS AFFECTED AS A CONSEQUENCE,EXCLUDE,review/commentary on OSINT and human rights,1,W7163681301
W7163806779,10.5281/zenodo.20577485,2023,The Evolving Role of Libraries in the Age of Social Media and Digital Environments,EXCLUDE,"off-topic, evolving role of libraries",2,W7163806779;W7163808561
W7165151295,10.6082/xts04-hjc52,2023,Correcting Misperceptions on Indian Whatsapp with Experimental Adaptation: Building an Experimentation Platform on Whatsapp,MAYBE,WhatsApp corpus and sharing tendencies may yield misinformation share,1,W7165151295
W7165691434,10.2174/18744346-v17-230717-2023-8,2023,Predictors of COVID-19 Prevention Practices among Abu Dhabi Healthcare Professionals,EXCLUDE,"belief/attitude only, KAP survey of prevention practices",1,W7165691434
W7168536267,10.13266/j.issn.2095-5472.2023.038,2023,Research on Knowledge Management Practice of Large-Scale Sports Events——Taking Knowledge Management of the 2022 Beijing Winter Olympics as an Example,EXCLUDE,"off-topic, Olympics knowledge management",1,W7168536267
W7171106440,10.5281/zenodo.21552691,2023,Statistical Analysis of Deep Learning Models Used for Social Media Forensics from An Empirical Perspective,EXCLUDE,"detection/classifier, deep learning social media forensics",2,W7171106440;W7171167479
W7171133911,10.67228/3071561x/ijirht-2023pii6l3j,2023,Digital Citizenship and Responsible Participation in Online Communities,EXCLUDE,non-empirical essay on digital citizenship,1,W7171133911
W7172191035,,2023,Estratégias de comunicação da secretaria estadual de saúde da Paraíba durante a pandemia de Covid‐19 em 2020,EXCLUDE,"off-topic, lexical analysis of official risk communication",1,W7172191035
W4390511047,10.32457/scr.v3i1.2416,2024,El Periodismo en la Curación de Información Enfrentando la Era de la Desinformación,EXCLUDE,non-empirical essay on journalism and disinformation,1,W4390511047
W4390547716,10.1186/s12889-023-17585-5,2024,Users’ experience with health-related content on YouTube: an exploratory study,INCLUDE,"survey of 3,000 YouTube users on health misinformation experience",1,W4390547716
W4390598469,10.1093/notesj/gjad125,2024,Chaucer’s Truth and Phillipps MS 11409: A Retraction,EXCLUDE,"off-topic, Chaucer manuscript bibliography",1,W4390598469
W4390604998,10.1016/j.vaccine.2024.01.001,2024,The Social Ecology of Health Beliefs and Misinformation Framework: Examining the impact of misinformation on vaccine uptake through individual and sociological factors,MAYBE,"no abstract; misinformation and vaccine uptake framework, design unclear",1,W4390604998
W4390665019,10.18502/kss.v8i21.14803,2024,Identify Mens Rea in Language use from a Criminal Law Perspective,EXCLUDE,"off-topic, criminal law analysis of hate speech",1,W4390665019
W4390672319,10.3390/soc14010006,2024,The Media and Information in the Content Diet of Colombian Social Media Users,MAYBE,"content-diet analysis of media posts, misinformation coding unclear",1,W4390672319
W4390765565,10.1093/heapro/daad181,2024,The year in review—Health Promotion International 2023,EXCLUDE,"not a study, journal year in review",1,W4390765565
W4390801758,10.1108/jpbafm-07-2023-0109,2024,Financially supported nonprofits and IRS Form 990 expense reporting,EXCLUDE,"off-topic, nonprofit expense reporting",1,W4390801758
W4390840699,10.1002/asi.24869,2024,What's in your PIE ? Understanding the contents of personalized information environments with PIEGraph,INCLUDE,"donated X timelines scored for fact quality, exposure share",1,W4390840699
W4391103086,10.1002/wea.4521,2024,Tackling climate change through communication and behaviour change,EXCLUDE,"not a study, webinar report",1,W4391103086
W4391177364,10.4103/indianjpsychiatry.indianjpsychiatry_611_23,2024,"Role of media – social, electronic, and print media – in mental health and wellbeing",EXCLUDE,review/commentary on media and mental health,1,W4391177364
W4391219113,10.3390/socsci13020078,2024,Digital Communication Studies during the Pandemic: A Sociological Review Using Topic Modeling Strategy,EXCLUDE,"review/commentary, bibliometric topic modelling review",1,W4391219113
W4391377557,10.1093/ijpor/edae003,2024,Wapor News 2023,EXCLUDE,"not a study, association news section",1,W4391377557
W4391386964,10.15408/jsj.v5i2.37336,2024,Minat Baca Berita Generasi Y dan Z Melalui Headline Instagram Carousel Liputan6.com,EXCLUDE,"off-topic, news reading interest and Instagram carousels",1,W4391386964
W4391505619,10.1111/1468-4446.13084,2024,"Articulation, or the persistent problem with explanation",EXCLUDE,non-empirical sociological theory essay,1,W4391505619
W4391560591,10.14321/fourthgenre.26.1.0079,2024,The Hanker Chiefs,EXCLUDE,"off-topic, creative nonfiction essay",1,W4391560591
W4391609004,10.24198/jkj.v7i2.50101,2024,Stopping the Virus; Study on Participatory Journalism and Digital Humanitarian during a Non-Natural Disaster in Indonesia,EXCLUDE,"qualitative participatory journalism study, no denominator",1,W4391609004
W4391609611,10.1093/rheumatology/keae092,2024,Artificial intelligence and machine learning in rheumatology,EXCLUDE,"off-topic, AI in rheumatology",1,W4391609611
W4391613885,10.1002/iid3.1180,2024,Impact of occupational hazards on neurological health status in Pakistan: Challenges and recommendations,EXCLUDE,"off-topic, occupational hazards in Pakistan",1,W4391613885
W4391623400,10.2196/54000,2024,Using Social Listening for Digital Public Health Surveillance of Human Papillomavirus Vaccine Misinformation Online: Exploratory Study,MAYBE,"social listening for HPV misinformation, share of posts unclear",1,W4391623400
W4391646112,10.1242/jeb.247403,2024,Announcing the 2023 Journal of Experimental Biology Outstanding Paper Prize shortlist and winner,EXCLUDE,"not a study, prize shortlist announcement",1,W4391646112
W4391678882,10.1007/s11205-024-03313-y,2024,A Backward-Forward Non-uniform Wavelet Forecasting Quality of Life Model in Digital Media Framework,EXCLUDE,no abstract; off-topic quality-of-life forecasting model,1,W4391678882
W4391756092,10.1007/s11265-023-01907-2,2024,Topic-Oriented Controlled Text Generation for Social Networks,EXCLUDE,"no abstract; tool, controlled text generation method",1,W4391756092
W4391778820,10.1007/s10639-024-12519-z,2024,The usefulness of computer skills for enhanced teaching and learning among lecturers in an open distance e-learning (ODEL) environment,EXCLUDE,off-topic; lecturers' computer skills,1,W4391778820
W4391784690,10.24198/prh.v8i2.50167,2024,Social media use for climate change campaign among Indonesian millennials,EXCLUDE,off-topic; campaign use with no misinformation share,1,W4391784690
W4391880986,10.1007/s11042-024-18564-7,2024,Detecting fake news for COVID-19 using deep learning: a review,EXCLUDE,detection/classifier review,1,W4391880986
W4391896636,10.47941/jcomm.1686,2024,The Impact of Social Media on Political Polarization,EXCLUDE,review/commentary; desk study of published work,1,W4391896636
W4391896879,10.2196/56245,2024,Investigation of Deepfake Voice Detection Using Speech Pause Patterns: Algorithm Development and Validation,EXCLUDE,detection/classifier,1,W4391896879
W4391920709,10.1093/ntr/ntad194,2024,Ethical and Legal Issues in Conducting Tobacco and Nicotine Research Using Social Media Data,EXCLUDE,review/commentary on research ethics,1,W4391920709
W4391925681,10.1097/01.nep.0000000000001245,2024,Enhancing Artificial Intelligence Literacy in Nursing Education to Combat Embedded Biases,EXCLUDE,review/commentary; AI literacy in nursing,1,W4391925681
W4391932881,10.55014/pij.v7i1.503,2024,Construction and Practice of the Undergraduate Teaching System of New Media Technology,EXCLUDE,off-topic; curriculum design,1,W4391932881
W4391964292,10.3126/jps.v24i1.62857,2024,Cyber-Politics: Social Media's Influence on Political Mobilization,EXCLUDE,no audience denominator; mobilisation study,1,W4391964292
W4391969810,10.3389/feduc.2024.1349846,2024,Rethinking education in the light of post-truth “new” racism and xenophobia: the need for critical intercultural media and news literacy,EXCLUDE,review/commentary; conceptual essay,1,W4391969810
W4392052808,10.25236/fsst.2024.060104,2024,Engagement and Surveillance: A Digital Utopia in the Platform Age,EXCLUDE,review/commentary; theoretical essay,1,W4392052808
W4392123397,10.33822/jep.v7i1.7231,2024,Effort of The Election Supervisory Agency (Bawaslu RI) in Preventing Vlack Campaign in the 2019 Election,EXCLUDE,no audience denominator; qualitative institutional study,1,W4392123397
W4392135948,10.1016/j.asoc.2024.111416,2024,Graph neural networks based framework to analyze social media platforms for malicious user detection,EXCLUDE,detection/classifier,1,W4392135948
W4392182110,10.1093/eurpub/ckae029,2024,Social media as a determinant of health,EXCLUDE,review/commentary,1,W4392182110
W4392241468,10.4102/ink.v16i1.104,2024,"COVID-19 vaccines, sexual reproductive health and rights: Negotiating sensitive terrain in Zimbabwe",EXCLUDE,no audience denominator; qualitative interviews,1,W4392241468
W4392246074,10.12819//2024.21.2.2,2024,Users’ Perspective on Knowledge Constructs About Covid-19 on Social Media,INCLUDE,survey reports share of respondents encountering fake news,1,W4392246074
W4392284688,10.1097/01.cot.0001009840.08322.11,2024,How to Harmonize Variability in AI Biomarker Assessment Tools,EXCLUDE,off-topic; digital pathology,1,W4392284688
W4392298859,10.1525/abt.2024.86.3.183,2024,The Gendered Lessons of Women Primatologists,EXCLUDE,review/commentary; essay,1,W4392298859
W4392342785,10.47604/ijfd.2386,2024,Impact of Social Media on Fashion Trends and Consumer Behavior in Kenya,EXCLUDE,off-topic; desk study of fashion behaviour,1,W4392342785
W4392356458,10.1111/jacc.13533,2024,A new fundamentalism rising: The Southern Baptist Battle against the CRT “worldview”,EXCLUDE,off-topic; religious-political history,1,W4392356458
W4392372220,10.1111/jacc.13531,2024,Winning against God's earth: The Religious Right's use of a competition framework to justify anti‐environmentalism,EXCLUDE,off-topic; rhetorical analysis,1,W4392372220
W4392404371,10.14569/ijacsa.2024.0150257,2024,MR-FNC: A Fake News Classification Model to Mitigate Racism,EXCLUDE,detection/classifier,1,W4392404371
W4392463880,10.54473/ijtret.2024.8101,2024,DEEPFAKE DYSTOPIA: NAVIGATING THE LANDSCAPE OF THREATS AND SAFEGUARDS IN MULTIMEDIA CONTENT,EXCLUDE,review/commentary on deepfake detection,1,W4392463880
W4392470190,10.3390/s24051667,2024,A Redactable Blockchain-Based Data Management Scheme for Agricultural Product Traceability,EXCLUDE,off-topic; blockchain traceability,1,W4392470190
W4392510276,10.5409/wjcp.v13.i1.89139,2024,Effect of nutrition-related infodemics and social media on maternal experience: A nationwide survey in a low/middle income country,MAYBE,nationwide survey of nutrition misinformation may report exposure share,1,W4392510276
W4392563500,10.55908/sdgs.v12i3.3462,2024,NARRATIVE OF IDENTITY POLITICS IN THE 2024 PRESIDENTIAL ELECTIONS OF THE REPUBLIC OF INDONESIA: CRITICAL DISCOURSE ANALYSIS,EXCLUDE,no audience denominator; discourse analysis,1,W4392563500
W4392565229,10.1111/ecaf.12620,2024,Moving to the Left: what people in Chile think of capitalism and the rich,EXCLUDE,off-topic; attitudes to capitalism,1,W4392565229
W4392594914,10.1016/j.knosys.2024.111625,2024,A novel approach for rumor detection in social platforms: Memory-augmented transformer with graph convolutional networks,EXCLUDE,detection/classifier,1,W4392594914
W4392639292,10.1097/hep.0000000000000849,2024,Manuscript best practices: Takeaways from a community conversation,EXCLUDE,not a study; editorial,1,W4392639292
W4392651329,10.11648/j.ajcst.20240701.14,2024,The Vague Future of AI: The Theory of AI Perfection,EXCLUDE,review/commentary; non-empirical,1,W4392651329
W4392652620,10.1002/ski2.370,2024,Predictors of Sunscreen Use in United States High-School Students,EXCLUDE,off-topic; sunscreen behaviour,1,W4392652620
W4392686379,10.1089/cyber.2024.29311.editorial,2024,"Digital Desires, Real Losses: The Complex World of Online Romance Fraud",EXCLUDE,review/commentary; editorial on romance fraud,1,W4392686379
W4392706039,10.9734/ajeba/2024/v24i31287,2024,"The Evolution of Terrorism in the Digital Age: Investigating the Adaptation of Terrorist Groups to Cyber Technologies for Recruitment, Propaganda, and Cyberattacks",EXCLUDE,off-topic; expert survey on cyberterrorism,1,W4392706039
W4392727615,10.22214/ijraset.2024.58907,2024,Political Campaigns and Social Media: The Lok Sabha Elections 2019,EXCLUDE,no audience denominator; campaign description,1,W4392727615
W4392793599,10.62527/joiv.8.1.1618,2024,Data Pre-processing of Website Browsing Records: To Prepare Quality Dataset for Web Page Classification,EXCLUDE,tool; web page classification pipeline,1,W4392793599
W4392798380,10.55752/amwa.2024.308,2024,"The Gut Microbiome–Human Body Symbiosis: Relevance of the Ubiquitous Microbial Community on Health and Development, Part 2",EXCLUDE,review/commentary,1,W4392798380
W4392806465,10.1145/3652597,2024,Intel TDX Demystified: A Top-Down Approach,EXCLUDE,off-topic; hardware security,1,W4392806465
W4392825221,10.1109/tla.2024.10472958,2024,Development of a Smartphone Application and Chrome Extension to Detect Fake News in English and European Portuguese,EXCLUDE,detection/classifier tool,1,W4392825221
W4392860806,10.33751/komputasi.v21i1.9266,2024,Linear Kernel Optimization of Support Vector Machine Algorithm on Online Marketplace Sentiment Analysis,EXCLUDE,off-topic; sentiment classifier,1,W4392860806
W4392913447,10.32996/smjc.2024.2.1.2,2024,Exploring the Role of Social Media in Bridging Gaps and Facilitating Global Communication,EXCLUDE,review/commentary; literature review,1,W4392913447
W4392919096,10.32604/cmc.2024.048355,2024,Deep Learning and Tensor-Based Multiple Clustering Approaches for Cyber-Physical-Social Applications,EXCLUDE,off-topic; clustering method,1,W4392919096
W4392954872,10.1111/jch.14800,2024,Origins of a novel mobile health unit program to prevent cardiovascular disease in vulnerable communities,EXCLUDE,off-topic; mobile health programme,1,W4392954872
W4392974335,10.17753/sosekev.1389245,2024,ASSESSING THE VALUE OF BLACK FRIDAY PROMOTIONS: AN ANALYSIS OF INSTAGRAM USERS’ SENTIMENTS AND BEHAVIORAL RESPONSES,EXCLUDE,off-topic; consumer sentiment analysis,1,W4392974335
W4392975132,10.1016/j.ajog.2024.02.185,2024,The impact of obstetrics and gynecology journal podcasts on the dissemination of featured articles,EXCLUDE,off-topic; altmetrics of podcasts,1,W4392975132
W4393041728,10.1145/3653303,2024,MuLX-QA: Classifying Multi-Labels and Extracting Rationale Spans in Social Media Posts,EXCLUDE,detection/classifier,1,W4393041728
W4393045519,10.1097/gh9.0000000000000273,2024,Ebola virus disease outbreak in Uganda: the way forward,EXCLUDE,review/commentary,1,W4393045519
W4393072789,10.53964/jmer.2024002,2024,Evaluating the Impact of Social Media News on the Level of Students’ Fear and Anxiety during the COVID-19 Pandemic,MAYBE,survey on false COVID news may report encounter share,1,W4393072789
W4393097731,10.1093/screen/hjae007,2024,"Cutting their cloth, counting their coupons: clothes rationing and British film production in the 1940s",EXCLUDE,off-topic; film history,1,W4393097731
W4393112266,10.47772/ijriss.2024.802153,2024,Digital Diplomacy in Africa: Opportunities and Challenges,EXCLUDE,review/commentary; qualitative document analysis,1,W4393112266
W4393128035,10.56754/0718-4867.2024.3510,2024,De los me gusta al cambio: evaluación del impacto del compromiso ciudadano en las plataformas de redes sociales de la Comisión Europea,EXCLUDE,off-topic; institutional engagement metrics,1,W4393128035
W4393142182,10.1097/tp.0000000000004890,2024,The Challenges of Risk Aversion in Kidney Transplantation: Lessons From the SARS-CoV-2 Pandemic in Brazil,EXCLUDE,off-topic; transplantation commentary,1,W4393142182
W4393167918,10.4103/singaporemedj.smj-2023-191,2024,Opening a new chapter in health care: reporting on the inauguration of the International Conference on AI in Medicine,EXCLUDE,not a study; conference report,1,W4393167918
W4393168446,10.62019/abbdm.v4i1.105,2024,Fake News Identification in Urdu Tweets Using Machine Learning Models,EXCLUDE,detection/classifier,1,W4393168446
W4393217932,10.3390/bs14040278,2024,The Influence of Affective Empathy on Online News Belief: The Moderated Mediation of State Empathy and News Type,EXCLUDE,belief/attitude only; lab rating experiment,1,W4393217932
W4393232587,10.38043/commusty.v2i1.4979,2024,The Utilization of Twitter in The Anticipation of Covid-19 Hoax News in Yogyakarta City,MAYBE,vague abstract; may quantify hoax content on Twitter,1,W4393232587
W4393241411,10.1162/artl_e_00435,2024,"What Is Artificial Life Today, and Where Should It Go?",EXCLUDE,off-topic; field retrospective,1,W4393241411
W4393254142,10.3390/nu16070996,2024,Exploring Australian News Media Portrayals of Sustainable and Plant-Based Diets,EXCLUDE,off-topic; framing analysis without accuracy coding,1,W4393254142
W4393265869,10.4103/ijnm.ijnm_67_23,2024,ChatGPT in Nuclear Medicine: Expanding Possibilities and Navigating Challenges,EXCLUDE,review/commentary; letter,1,W4393265869
W4393275848,10.13052/jwe1540-9589.2312,2024,Contextualized Satire Detection in Short Texts Using Deep Learning Techniques,EXCLUDE,detection/classifier,1,W4393275848
W4393322425,10.4103/tjosr.tjosr_34_24,2024,From Ink to Pixels: Navigating the Terrain of Print Media and Digital Media in the Modern Era,EXCLUDE,review/commentary; editorial,1,W4393322425
W4393333999,10.47604/ajikm.2432,2024,Influence of Social Media on Information Seeking and Sharing Behavior among Young Adults in Kenya,EXCLUDE,review/commentary; desk study,1,W4393333999
W4393357174,10.33697/ajur.2024.104,2024,The Impact of Narratives on Healthcare Decision-Making in Online Discourse,EXCLUDE,off-topic; narrative coding without accuracy measure,1,W4393357174
W4393364029,10.33830/alexa.v1i1.6357,2024,Reconstructing Anamnesis in The Predisposition of The Directory Coverage of Prospective Librarians' Scholarly Works,EXCLUDE,off-topic; librarianship thesis themes,1,W4393364029
W4393382091,10.26577/hj.2024.v71.i1.2,2024,Problems of identifying sources and visual content in social media: the experience of Kazakhstan,MAYBE,analyses 40 false-information posts; may report category shares,1,W4393382091
W4393382410,10.33880/ejfm.2024130105,2024,Why is it Important for Family Physicians to Identify Reliable Sources of Information in the Digital Age?,EXCLUDE,review/commentary; letter to editor,1,W4393382410
W4393390617,10.1097/01.eem.0001011652.42408.3b,2024,Technology & Inventions,EXCLUDE,not a study; news column,1,W4393390617
W4393435697,10.54097/vfwgas09,2024,Artificial Intelligence Methods in Natural Language Processing: A Comprehensive Review,EXCLUDE,review/commentary,1,W4393435697
W4393513208,10.1016/j.jpag.2024.01.014,2024,7. A TikTok Take on PCOS,MAYBE,no abstract; likely TikTok content analysis of PCOS accuracy,1,W4393513208
W4393630378,10.31649/1997-9266-2024-172-1-110-120,2024,Intelligent Technology for Detecting Text-Based Deepfakes Using Large Language Models,EXCLUDE,detection/classifier,1,W4393630378
W4393856915,10.4108/eetsis.5069,2024,Integrating Metaheuristics and Two-Tiered Classification for Enhanced Fake News Detection with Feature Optimization,EXCLUDE,detection/classifier,1,W4393856915
W4393941446,10.1186/s12245-024-00624-2,2024,Bibliometric analysis of ChatGPT in medicine,EXCLUDE,off-topic; bibliometric analysis,1,W4393941446
W4394014056,10.56726/irjmets51618,2024,HOAX DETECTION USING MACHINE LEARNING MODELS,EXCLUDE,detection/classifier,1,W4394014056
W4394061173,10.59102/kufil/2024/iss1pp214-228,2024,NAVIGATING MEDIA LITERACY CHALLENGES IN HIGHER EDUCATION EFL COURSES: INSIGHTS FROM STUDENT BEHAVIORS AND PEDAGOGICAL STRATEGIES,MAYBE,student survey of misinformation encounters may give share,1,W4394061173
W4394061523,10.1111/jep.13989,2024,Scientific rot: Unsustainable publishing practices threatens trust in medicine,EXCLUDE,review/commentary,1,W4394061523
W4394575475,10.3389/fpubh.2024.1348095,2024,What can public health communicators learn from Reddit? A perspective for the next pandemic,EXCLUDE,review/commentary; perspective piece,1,W4394575475
W4394601420,10.5406/19346018.76.1.03,2024,Ethics in Documentary Film Production: Asserting and Changing Norms,EXCLUDE,off-topic; documentary ethics,1,W4394601420
W4394618533,10.1002/jhm.13362,2024,Reckoning with uncertainty to repair trust,EXCLUDE,review/commentary; essay,1,W4394618533
W4394622882,10.1093/jaenfo/jnae015,2024,News ecosystems: tackling unfinished business,EXCLUDE,review/commentary; essay,1,W4394622882
W4394744376,10.12694/scpe.v25i3.2762,2024,Database Access Information Security Management Simulation under Big Data Platform,EXCLUDE,off-topic; database security,1,W4394744376
W4394769568,10.5325/studamerhumor.10.1.0079,2024,"The Year’s Work in American Humor Studies, 2022",EXCLUDE,off-topic; humour studies review,1,W4394769568
W4394775434,10.53430/ijlsru.2024.2.2.0024,2024,Digital platforms and reproductive health information: Navigating legal and ethical boundaries,EXCLUDE,review/commentary; legal-ethical discussion,1,W4394775434
W4394802490,10.1097/01.ju.0001009460.27205.df.04,2024,PD60-04 “LINK IN MY BIO”: COMMERCIAL BIAS IN ERECTILE DYSFUNCTION TREATMENT VIDEOS ON SOCIAL MEDIA PLATFORMS,INCLUDE,top-50 YouTube/TikTok videos coded for misinformation,1,W4394802490
W4394802886,10.1097/01.ju.0001009408.66023.77.02,2024,MP26-02 DEVELOPMENT OF A NOVEL MOBILE HEALTH PLATFORM FOR SURVEILLANCE OF KIDNEY STONE FORMERS: 6-MONTH PRELIMINARY ANALYSIS,EXCLUDE,intervention/experiment only; mHealth RCT,1,W4394802886
W4394846007,10.62894/4b6bmz42,2024,Building Smart and Good Citizens in The Digital Era Through Citizenship Education in Indonesia,EXCLUDE,review/commentary; qualitative literature study,1,W4394846007
W4394854781,10.5204/mcj.3035,2024,Tapping on Collective National Trauma,EXCLUDE,off-topic; podcast trauma analysis,1,W4394854781
W4394863121,10.1109/tai.2024.3389611,2024,Strategic Gradient Transmission With Targeted Privacy-Awareness in Model Training: A Stackelberg Game Analysis,EXCLUDE,off-topic; privacy-aware machine learning,1,W4394863121
W4394892871,10.1093/jbcr/irae036.108,2024,109 Practice Promotion or Burn Prevention: An Assessment of the Social Media Landscape in Burn Care,MAYBE,content analysis of burn accounts may code misinformation,1,W4394892871
W4394897321,10.1525/jams.2024.77.1.255,2024,Digitizing Public Musicology,EXCLUDE,off-topic; musicology essay,1,W4394897321
W4394942611,10.9734/ajrcos/2024/v17i6461,2024,"E-commerce Website Performance Evaluation: Technology, Strategy and Metrics",EXCLUDE,off-topic; web development,1,W4394942611
W4394958350,10.47772/ijriss.2024.803161,2024,Capacity to Detect Fake News: Its Relationship to the Utilization of Online Platforms of BSED Social Studies Student,MAYBE,student fake-news survey may report encounter share,1,W4394958350
W4394975799,10.1007/s40747-024-01413-3,2024,Clip-GCN: an adaptive detection model for multimodal emergent fake news domains,EXCLUDE,detection/classifier,1,W4394975799
W4395009973,10.7759/cureus.58710,2024,Assessment of the Quality and Reliability of Content Available on YouTube About Palpitations,INCLUDE,71 YouTube videos with share accurately describing aetiology,1,W4395009973
W4395035093,10.3390/rs16091484,2024,GeoKnowledgeFusion: A Platform for Multimodal Data Compilation from Geoscience Literature,EXCLUDE,tool; geoscience data platform,1,W4395035093
W4395077154,10.31584/psumj.2024270618,2024,Academic Capitalism: Standing on the Shoulder of a Giant - and Playing the Giant’s Racing Game?,EXCLUDE,review/commentary; editorial on rankings,1,W4395077154
W4395095598,10.1016/j.nlp.2024.100066,2024,"Claim detection for automated fact-checking: A survey on monolingual, multilingual and cross-lingual research",EXCLUDE,detection/classifier survey,1,W4395095598
W4395114984,10.48175/ijarsct-17605,2024,Fake News Detection Model,EXCLUDE,detection/classifier,1,W4395114984
W4395447477,10.1109/tits.2024.3388422,2024,Smart Contract-Based Decentralized Data Sharing and Content Delivery for Intelligent Connected Vehicles in Edge Computing,EXCLUDE,off-topic; vehicular data sharing,1,W4395447477
W4395671830,10.1111/1747-0080.12875,2024,Igniting your passion for research impact and success: A guide for early career nutrition researchers!,EXCLUDE,not a study; career guidance,1,W4395671830
W4396238091,10.3389/fpubh.2024.1331052,2024,Concurrent emergencies: overlapping Salmonella and COVID-19 concerns in public health strategies and preparedness,EXCLUDE,off-topic; public health commentary,1,W4396238091
W4396562450,10.31315/jik.v22i1.8421,2024,Sentiments Analysis on Twitter Towards Hoax Information on Social Media News,MAYBE,Twitter hoax discourse analysis may quantify hoax content,1,W4396562450
W4396587977,10.1016/j.knosys.2024.111884,2024,Fake news detection in low-resource languages: A novel hybrid summarization approach,EXCLUDE,detection/classifier,1,W4396587977
W4396643898,10.48175/ijarsct-18052,2024,Organic Food Traceability System using Blockchain Technology,EXCLUDE,off-topic; blockchain traceability,1,W4396643898
W4396704609,10.1002/jci3.12010,2024,Effective communication skills: What engineers need most and least want,EXCLUDE,off-topic; engineering pedagogy,1,W4396704609
W4396710265,10.1017/s0029665124001587,2024,Characteristics of popular diet-related TikTok videos,MAYBE,250-video TikTok content analysis may code misinformation,1,W4396710265
W4396723822,10.1111/srt.13729,2024,RETRACTED: Comment on ChatGPT and psoriasis patient concerns,EXCLUDE,review/commentary; retracted letter,1,W4396723822
W4396731749,10.1111/modl.12924,2024,Twenty‐first century technologies and language education: Charting a path forward,EXCLUDE,off-topic; language education essay,1,W4396731749
W4396768999,10.3390/info15050266,2024,Fake User Detection Based on Multi-Model Joint Representation,EXCLUDE,detection/classifier,1,W4396768999
W4396770597,10.3126/bcja.v3i1.65461,2024,Exploring the Impact of Media Content on Social Media Engagement Through Comment Analysis,EXCLUDE,off-topic; engagement by news topic,1,W4396770597
W4396801082,10.1002/wps.21200,2024,Launching the social philosophy of psychiatry,EXCLUDE,off-topic; philosophy commentary,1,W4396801082
W4396814384,10.1093/ije/dyae063,2024,Cohort Profile: Barcelona Life Study Cohort (BiSC),EXCLUDE,off-topic; birth cohort profile,1,W4396814384
W4396830426,10.52403/ijrr.20240507,2024,Multimedia Data Mining and Processing for News Source Attribution,EXCLUDE,detection/classifier review,1,W4396830426
W4396837270,10.54216/ijns.240227,2024,Applied Linguistics Driven Deceptive Content Recognition using Single Valued Trapezoidal Neutrosophic Number with Natural Language Processing,EXCLUDE,detection/classifier,1,W4396837270
W4396837927,10.22259/2642-8369.0301003,2024,Journalists’ Perceptions of Social Media as Sources of Information in Cameroon,EXCLUDE,off-topic; journalists' source use without misinformation share,1,W4396837927
W4396852944,10.1162/afar_a_00750,2024,"Risks, Challenges, and Possibilities Building a Future in African Arts",EXCLUDE,off-topic; arts dialogue,1,W4396852944
W4396889489,10.3390/soc14050066,2024,Digital Competencies in Verifying Fake News: Assessing the Knowledge and Abilities of Journalism Students,MAYBE,student verification survey may include misinformation encounters,1,W4396889489
W4396892637,10.1093/ejil/chae022,2024,"Daniel Joyce, Review of Carolyn N. Biltoft. A Violent Peace: Media, Truth, and Power at the League of Nations",EXCLUDE,not a study; book review,1,W4396892637
W4396892831,10.1111/trf.17838,2024,Alternative strategies for emergency blood transfusion in low‐resource settings: A scoping review,EXCLUDE,off-topic; transfusion review,1,W4396892831
W4396933565,10.1057/s41599-024-03115-0,2024,More than news! Mapping the deliberative potential of a political online ecosystem with digital trace data,MAYBE,digital-trace web diets may report share on low-quality sites,1,W4396933565
W4396944509,10.1002/rhc3.12310,2024,Governing the uses of social media and crowdsourcing in crisis and disaster (risk) management,EXCLUDE,review/commentary; special-issue editorial,1,W4396944509
W4396954404,10.1097/ccm.0000000000006282,2024,"Society of Critical Care Medicine Presidential Address–53rd Annual Congress, January 2024",EXCLUDE,not a study; presidential address,1,W4396954404
W4397292647,10.48175/ijarsct-18352,2024,Enriching the Fake News Process of Classifying Model using Deep Learning and Machine Learning Algorithm,EXCLUDE,detection/classifier,1,W4397292647
W4398140325,10.1111/conl.13023,2024,Urgent actions needed by digital services platforms to help achieve conservation and public health goals,EXCLUDE,review/commentary; conservation policy call,1,W4398140325
W4398143965,10.62583/24ybh184,2024,Social Media for Conflict Escalation and De-escalation: Two Sides of A Coin,EXCLUDE,review/commentary; qualitative secondary sources,1,W4398143965
W4398150961,10.1109/tcss.2024.3392341,2024,COVID-19 Vaccine Side Effect Analysis by Leveraging Social Media: Focusing on Connectivity and Cluster Characteristics of Vaccine Side Effects,EXCLUDE,off-topic; vaccine side-effect text mining,1,W4398150961
W4398170251,10.1111/jacf.12602,2024,Capitalism and the Jews revisited,EXCLUDE,off-topic; history essay,1,W4398170251
W4398170551,10.1007/s00779-024-01811-x,2024,"“The ChatGPT bot is causing panic now – but it’ll soon be as mundane a tool as Excel”: analysing topics, sentiment and emotions relating to ChatGPT on Twitter",EXCLUDE,"off-topic; topic/sentiment analysis, no falsity coding",1,W4398170551
W4398180961,10.3389/fdata.2024.1399739,2024,A time-robust group recommender for featured comments on news platforms,EXCLUDE,tool; comment recommender,1,W4398180961
W4398776925,10.3390/su16114457,2024,"Exploring the Landscape of Media Campaigns That Encourage or Discourage Sustainable Diet Transitions for Americans, 1917–2023: A Systematic Scoping Review",EXCLUDE,review/commentary; diet campaign scoping review,1,W4398776925
W4398793174,10.30574/msarr.2024.11.1.0082,2024,"Comparative analysis of translation platforms: Accuracy, fluency, and unambiguity from a technological perspective",EXCLUDE,off-topic; machine translation quality,1,W4398793174
W4399041059,10.4103/sjcp.sjcp_38_23,2024,Public awareness in Saudi Arabia toward honey use in infants: A cross sectional study,EXCLUDE,belief/attitude only; honey myths awareness,1,W4399041059
W4399042540,10.36994/2786-9008-2024-3-10,2024,FACILITATION OF DIGITAL DIPLOMACY IN THE CONTEXT OF POLITICS AND INTERNATIONAL INFORMATION SECURITY,EXCLUDE,review/commentary; digital diplomacy,1,W4399042540
W4399043362,10.47391/jpma.10705,2024,Semaglutide and weight loss – a concern for diabetics and pharmaceuticals,EXCLUDE,not a study; letter on semaglutide,1,W4399043362
W4399083543,10.1097/tp.0000000000005029,2024,Kidney Paired Donation in Latin America and the Caribbean: An Update,EXCLUDE,off-topic; kidney paired donation,1,W4399083543
W4399096548,10.30598/baileofisipvol1iss3pp244-255,2024,Digital Revolution In Public Communication Management: A Review Of Opportunities And Challenges For Maluku Regional Police Public Relations In The Digital Era,EXCLUDE,off-topic; police PR management review,1,W4399096548
W4399117655,10.61506/01.00283,2024,Impact of AI on Communication Relationship and Social Dynamics: A qualitative Approach,EXCLUDE,no audience denominator; qualitative AI interviews,1,W4399117655
W4399155257,10.1093/astrogeo/atae034,2024,News in Astronomy & Geophysics – June 2024,EXCLUDE,not a study; news roundup,1,W4399155257
W4399185486,10.34778/2zw,2024,Types of Media Outlets (Formats and Genre),EXCLUDE,not a study; codebook variable entry,1,W4399185486
W4399189615,10.26562/irjcs.2024.v1105.09,2024,Fake Social Media Post Detection by Using Deep Learning Algorithm,EXCLUDE,detection/classifier,1,W4399189615
W4399191005,10.3389/fcvm.2024.1367167,2024,Inclusion of mobile phone usage guidelines in universal hypertension management protocol: an opinion,EXCLUDE,not a study; opinion on hypertension protocol,1,W4399191005
W4399202161,10.1162/daed_a_02082,2024,Higher Education in the Twenty-First Century; What's the Mission?,EXCLUDE,off-topic; higher education essay,1,W4399202161
W4399203451,10.1215/15476715-11018489,2024,"Worthy Wages in the Emerald City: Worker- and Director-Led Childcare Movements in Seattle, 1984–2006",EXCLUDE,off-topic; childcare labour history,1,W4399203451
W4399264070,10.46336/ijbesd.v5i2.622,2024,Optimizing E-Loyalty on The Bukalapak E-Commerce Platform: Exploring the Role of E-Service Quality Mediated by E-Satisfaction and E-Trust,EXCLUDE,off-topic; e-commerce loyalty,1,W4399264070
W4399275660,10.1002/jvc2.474,2024,Usage of digital information and communications technologies in patients with hidradenitis suppurativa,EXCLUDE,off-topic; ICT use in dermatology patients,1,W4399275660
W4399291298,10.21275/mr24509215958,2024,Navigating Ethical Challenges in the Evolution of Indian Media: From Print to Digital,EXCLUDE,review/commentary; Indian media ethics,1,W4399291298
W4399311118,10.1109/taes.2024.3408141,2024,Multiscale Spatial–Temporal Bayesian Graph Conv-Transformer-Based Distributed Fault Diagnosis for UAVs Swarm System,EXCLUDE,off-topic; UAV fault diagnosis,1,W4399311118
W4399320662,10.32628/cseit24103126,2024,A Review on Fake News Detection using Deep Learning Methods,EXCLUDE,review/commentary of detection methods,1,W4399320662
W4399361294,10.47604/ijlp.2647,2024,Legal and Policy Implications in the Age of Social Media in South Africa,EXCLUDE,review/commentary; desk study of social media law,1,W4399361294
W4399441070,10.47941/jcomm.1983,2024,Digital Communication and the Rise of Online Activism,EXCLUDE,review/commentary; desk study of online activism,1,W4399441070
W4399442847,10.47941/jcomm.1980,2024,Health Communication Campaigns and Their Impact on Public Health Behaviors,EXCLUDE,review/commentary; desk study of health campaigns,1,W4399442847
W4399467362,10.1093/ae/tmae035,2024,"I “Tick,” Therefore I Am: Which Arthropods Are Misidentified as Ticks by the General Public?",EXCLUDE,off-topic; arthropod misidentification,1,W4399467362
W4399482417,10.1136/annrheumdis-2024-eular.1747,2024,POS0055-PARE UNDERSTANDING UNMET NEEDS IN GIANT CELL ARTERITIS (GCA) AND POLYMYALGIA RHEUMATICA (PMR) USING SOCIAL MEDIA: A PATIENT AND CAREGIVER PERSPECTIVE,MAYBE,no abstract; social media content study of patient posts,1,W4399482417
W4399485275,10.1109/access.2024.3411926,2024,"Elevating Fake News Detection Through Deep Neural Networks, Encoding Fused Multi-Modal Features",EXCLUDE,detection/classifier,1,W4399485275
W4399502103,10.1016/j.glt.2024.05.003,2024,"Relationships between social media usage, attitudes toward information on social media, and COVID-19 vaccine hesitancy",MAYBE,survey on misinformation on social media; exposure share unclear,1,W4399502103
W4399517505,10.53430/ijbpru.2024.3.2.0025,2024,Exploring deep learning: Preventing HIV through social media data,EXCLUDE,detection/classifier; deep learning for HIV surveillance,1,W4399517505
W4399544743,10.53555/kuey.v30i6.5798,2024,"Social Media and Young Voters, A Case Study of Punjab",EXCLUDE,review/commentary; no denominator,1,W4399544743
W4399581714,10.1007/s41870-024-01956-1,2024,Afcc: automatic fact-checkers’ consensus and credibility assessment for fake news detection,EXCLUDE,detection/classifier,1,W4399581714
W4399614889,10.62019/abbdm.v4i02.179,2024,A Hybrid Deep Learning Based Fake News Detection System Using Temporal Features,EXCLUDE,detection/classifier,1,W4399614889
W4399617284,10.1097/phh.0000000000001986,2024,Leveraging AI for Public Health Communication: Opportunities and Risks,EXCLUDE,review/commentary on AI in health communication,1,W4399617284
W4399652035,10.52340/eab.2024.16.01.01,2024,Davos 2024 – Envisioning the Anticipated Future,EXCLUDE,not a study; forum report,1,W4399652035
W4399661142,10.1097/cld.0000000000000231,2024,Ethics in hepatology: A professional and very personal journey,EXCLUDE,not a study; personal essay on ethics,1,W4399661142
W4399769258,10.54097/y9d2yh85,2024,Research on Influence of Network Effect on Service Demand for Social Media Products and Optimization Strategy,EXCLUDE,off-topic; network effects in social media business,1,W4399769258
W4399775374,10.5325/edgallpoerev.25.1.0119,2024,Poe in Cyberspace: Looking for Poe,EXCLUDE,not a study; literary column,1,W4399775374
W4399833194,10.5325/hiperboreea.11.1.0113,2024,"James A. Kapaló and Kinga Povedák, eds. The Secret Police and the Religious Underground in Communist and Post-Communist Eastern Europe",EXCLUDE,not a study; book review,1,W4399833194
W4399871041,10.3389/fpsyg.2024.1367714,2024,Active consideration in an emotional context: implications for information processing,EXCLUDE,review/commentary; opinion article,1,W4399871041
W4399908324,10.1136/bmj-2023-075645,2024,Understanding the complex links between social media and health behaviour,EXCLUDE,review/commentary; BMJ analysis piece,1,W4399908324
W4399914426,10.2478/amns-2024-1524,2024,On Applying Natural Language Processing Technology to Optimize Accuracy of English Interactive Translation Platform,EXCLUDE,off-topic; machine translation platform,1,W4399914426
W4399930732,10.33546/joha.2321,2024,COVID-19 prevention education using interactive comic and animated videos on the health literacy of school-aged children: Implications for healthcare policy and management,EXCLUDE,intervention/experiment only; health literacy education,1,W4399930732
W4399970699,10.5406/26902451.14.1.02,2024,"Fashion Films in the Newsreels of the Settimana INCOM , 1946–1953: Culture and Politics in a Transatlantic Context",EXCLUDE,off-topic; film and fashion history,1,W4399970699
W4399994411,10.1215/00267929-11196175,2024,It’s the End of the World and We Know It,EXCLUDE,not a study; book review essay,1,W4399994411
W4400019390,10.56553/popets-2024-0078,2024,Anonymous Complaint Aggregation for Secure Messaging,EXCLUDE,tool; cryptographic source tracing,2,W4400019390;W4404053844
W4400039041,10.5406/24736031.50.3.06,2024,"Leadership, Retention, and Perception of the United States in the LDS Church in Latin America and Europe",EXCLUDE,off-topic; church membership retention,1,W4400039041
W4400083420,10.5406/19446489.19.2.04,2024,John Dewey and India: Expanding the John Dewey-Bhimrao Ambedkar Story,EXCLUDE,off-topic; history of philosophy,1,W4400083420
W4400112288,10.1097/01.npr.0000000000000186,2024,Navigating social media for professional development,EXCLUDE,not a study; editorial on professional development,1,W4400112288
W4400112596,10.1093/pnasnexus/pgae257,2024,Followers do not dictate the virality of news outlets on social media,MAYBE,Facebook data on unreliable news outlets; engagement share unclear,1,W4400112596
W4400173802,10.22271/civillaw.2024.v4.i1c.79,2024,The dual edges of digital privacy: WhatsApp security strategies and user rights in India,EXCLUDE,review/commentary; privacy law,1,W4400173802
W4400196852,10.55057/ijares.2024.6.2.23,2024,"New Media's Influence in Shaping Political Awareness, Attitudes and Behaviours: The Media Literacy as a Moderator and Peer Influence as a Mediator",EXCLUDE,"off-topic; media use survey, no misinformation share",1,W4400196852
W4400202761,10.52783/jier.v4i1.1102,2024,The Role of Media in Shaping Perceptions of Women's Empowerment: Challenges and Opportunities for Change,EXCLUDE,review/commentary; media portrayal of women,1,W4400202761
W4400205024,10.1111/jacf.12609,2024,Rational sustainability,EXCLUDE,off-topic; ESG investing essay,1,W4400205024
W4400259462,10.5209/meso.91667,2024,Social Media in times of change: a three-period analysis of sentiment and engagement on the romanian ministry of education's online presence,EXCLUDE,off-topic; ministry sentiment and engagement analysis,1,W4400259462
W4400268278,10.1016/s2468-1253(24)00204-8,2024,Saturated Facts: the start of a preventive revolution?,EXCLUDE,not a study; editorial,1,W4400268278
W4400275514,10.5406/19346018.76.2.06,2024,“Everything for Someone”: The Evolution of Sundance Now's Specialty Streaming Service,EXCLUDE,off-topic; streaming service history,1,W4400275514
W4400288629,10.32332/tapis.v8i2.9454,2024,Pola Konsumsi Berita dalam Era Digital: Perbandingan Preferensi Generasi Z Terhadap Sumber Berita Tradisional dan Modern,MAYBE,Gen Z news consumption survey mentioning false information,1,W4400288629
W4400319724,10.51584/ijrias.2024.906017,2024,The #Endsars Movement and the Reshaping of Political Discourse in a Digital Age: A Nigerian Case Study,EXCLUDE,review/commentary; activism case study,1,W4400319724
W4400383166,10.1504/ijbidm.2025.10065199,2024,Web server log data pre-processing for mining zakat user profile using association rules,EXCLUDE,off-topic; web log mining of a zakat site,2,W4400383166;W4406383138
W4400411743,10.59231/edumania/9052,2024,Use of Social Media Platforms for Citizen Journalism on Security Challenges in Nigeria among The Polytechnic Ibadan Students,EXCLUDE,"off-topic; citizen journalism use, no misinformation share",1,W4400411743
W4400474397,10.3389/fhumd.2024.1326769,2024,The use of digital platforms by citizen aid actors during the Ukraine humanitarian crisis,EXCLUDE,no audience denominator; qualitative humanitarian study,1,W4400474397
W4400499065,10.3389/fpsyt.2024.1430017,2024,The cognitive adaptability and resiliency employment screener (CARES): tool development and testing,EXCLUDE,tool; moderator recruitment screener,1,W4400499065
W4400579076,10.1109/access.2024.3427388,2024,Employing Hybrid AI Systems to Trace and Document Bias in ML Pipelines,EXCLUDE,detection/classifier; bias documentation in ML pipelines,1,W4400579076
W4400579203,10.1109/tcss.2024.3419171,2024,Early Detection and Prevention of Malicious User Behavior on Twitter Using Deep Learning Techniques,EXCLUDE,detection/classifier; malicious user prediction,1,W4400579203
W4400591458,10.26650/connectist2024-1460282,2024,A study on Kahramanmaraş Earthquake survivors : “Social media platforms were more effectively used than the traditional media”,MAYBE,survey of earthquake survivors; disinformation exposure share unclear,1,W4400591458
W4400594187,10.21512/emacsjournal.v6i2.11556,2024,Combating Hoax and Misinformation in Indonesia Using Machine Learning What is Missing and Future Directions,MAYBE,detection review but cites 56% self-reported hoax exposure,1,W4400594187
W4400610137,10.38035/dijemss.v5i5.2945,2024,The Utilization of Social Media as an Information Platform for Hajj by the Ministry of Religious Affairs (A Descriptive Analysis of the Instagram Account @informasihaji),EXCLUDE,no audience denominator; qualitative Instagram description,1,W4400610137
W4400640623,10.47998/ikad.1466830,2024,Using Artificial Intelligence Systems in News Verification: An Application on X,INCLUDE,content analysis; share of X accounts' news that is fabricated,1,W4400640623
W4400642163,10.33595/2226-1478.15.2.916,2024,Desinformación sobre las vacunas contra la Covid-19 a través de la red social Facebook,MAYBE,Facebook anti-vaccine content analysis; denominator unclear,1,W4400642163
W4400644847,10.1007/s10994-024-06562-7,2024,Imbalanced COVID-19 vaccine sentiment classification with synthetic resampling coupled deep adversarial active learning,EXCLUDE,detection/classifier; sentiment classification,1,W4400644847
W4400646811,10.36713/epra17725,2024,A LITERATURE REVIEW ON THE DIGITAL MARKETING UNVEILED COMPREHENSIVE REVIEW OF CORE CONCEPTS,EXCLUDE,review/commentary; digital marketing,1,W4400646811
W4400662615,10.5392/ijoc.2024.20.2.008,2024,Network Analysis of News Spread on YouTube in Korea: Focus on the Death of Kim Jong-un,MAYBE,YouTube spread of a rumour; share of videos unclear,1,W4400662615
W4400747074,10.18196/jgpp.v11i2.16710,2024,Mapping of Government’s Communication Strategies in the COVID-19 Era on Social Media,EXCLUDE,review/commentary; bibliometric mapping,1,W4400747074
W4400749113,10.5121/cseij.2024.14301,2024,Transforming Worlds: The Intersection of Translation Technology and Transformers in the Digital Age,EXCLUDE,off-topic; translation technology,3,W4400749113;W7157567832;W7158148210
W4400770603,10.1109/access.2024.3430859,2024,A Hybrid Deep Learning Architecture for Social Media Bots Detection Based on BiGRU-LSTM and GloVe Word Embedding,EXCLUDE,detection/classifier; bot detection,1,W4400770603
W4400830984,10.17398/1695-288x.23.2.9,2024,La evaluación del Aprendizaje Basado en Juegos en contextos informales mediante ciencia de datos,EXCLUDE,intervention/experiment only; game-based learning assessment,1,W4400830984
W4400839129,10.62617/se.v2i3.132,2024,Analysis of business valuation models with AI emphasis,EXCLUDE,off-topic; business valuation,1,W4400839129
W4400857494,10.1007/s10462-024-10837-9,2024,Transformer-based models for combating rumours on microblogging platforms: a review,EXCLUDE,review/commentary of rumour detection models,1,W4400857494
W4400878817,10.5325/jmodeperistud.15.1.0001,2024,Refracting Modernity: An Introduction,EXCLUDE,off-topic; periodical studies introduction,1,W4400878817
W4400887711,10.1111/srt.13877,2024,Descaling psoriasis narratives on TikTok: A cross‐sectional study,INCLUDE,share of 134 TikTok psoriasis videos coded unreliable,1,W4400887711
W4400902206,10.5406/15549399.57.2.04,2024,"Leadership, Retention, and US culture in the LDS Church in Latin America and Europe",EXCLUDE,off-topic; church leadership culture,1,W4400902206
W4400929470,10.1002/lob.10654,2024,ASLO 2024 Award Winners,EXCLUDE,not a study; award announcements,1,W4400929470
W4400975597,10.1109/tsc.2024.3433541,2024,MPS: A Truth Discovery Service Scheme by Using History Data to Maximize Profit for Mobile Crowd Sensing,EXCLUDE,tool; crowd-sensing truth discovery scheme,1,W4400975597
W4400985758,10.1177/01655515241261057,2024,The impact of being selected as a cover paper: Evidence from high-impact materials science journals,EXCLUDE,off-topic; altmetrics of cover papers,1,W4400985758
W4401034704,10.46985/kslr.v12i1.2225,2024,The Need for data protection law in Nepal: Securing Citizen's Rights in the Digital Age,EXCLUDE,review/commentary; data protection law,1,W4401034704
W4401045693,10.30865/mib.v8i3.7746,2024,Analisis Sentimen Pengguna Twiter terhadap Perubahan Kebijakan Skripsi sebagai Syarat Wajib Kelulusan menggunakan Metode Naïve Bayes Classifier,EXCLUDE,off-topic; sentiment classification of policy tweets,1,W4401045693
W4401050346,10.30865/mib.v8i1.7099,2024,Handling Imbalance Dataset on Hoax Indonesian Political News Classification using IndoBERT and Random Sampling,EXCLUDE,detection/classifier; hoax news classification,1,W4401050346
W4401056168,10.1016/s2214-109x(24)00319-x,2024,The role of humanitarian actors in global governance for AMR,EXCLUDE,off-topic; antimicrobial resistance governance,1,W4401056168
W4401092365,10.14763/2024.3.1786,2024,But did they really? Platforms’ compliance with the Code of Practice on Disinformation in review,EXCLUDE,no audience denominator; platform compliance analysis,1,W4401092365
W4401098888,10.62517/jnme.202410103,2024,Analyzing the Realistic Dilemmas and Countermeasures of the Secondary Market of Performance Ticketing Based on the PEST Model,EXCLUDE,off-topic; ticket resale market,1,W4401098888
W4401100607,10.1111/jcms.13656,2024,Going in Different Directions? The 2023 Elections in Poland and Slovakia and Their Aftermath,EXCLUDE,off-topic; election analysis,1,W4401100607
W4401106118,10.1111/jcms.13666,2024,The European Parliament and the Qatargate,EXCLUDE,off-topic; EU corruption scandal,1,W4401106118
W4401124349,10.54596/2958-0048-2024-2-90-95,2024,THE ROLE OF SOCIAL MEDIA IN THE DEVELOPMENT OF POLITICAL CRISES,MAYBE,content analysis of crisis posts; misinformation share unclear,1,W4401124349
W4401170377,10.1016/j.heliyon.2024.e35455,2024,Qualitative research on undergraduate nursing students' recognition and response to short videos’ health disinformation,EXCLUDE,no audience denominator; qualitative interviews,1,W4401170377
W4401174263,10.17485/ijst/v17i26.579,2024,Toward an Efficient Hybrid Clustering and Classification Approach for Fake News Detection in Social Network,EXCLUDE,detection/classifier,1,W4401174263
W4401184624,10.54254/2755-2721/87/20241573,2024,Detection of network false information based on artificial intelligence models,EXCLUDE,detection/classifier,1,W4401184624
W4401184636,10.54254/2755-2721/87/20241567,2024,Application of deep learning models in the identification and screening of fake news,EXCLUDE,review/commentary of detection models,1,W4401184636
W4401192407,10.1111/jcms.13655,2024,The Unlikely Survival of Erdoğan in Turkey's May 2023 Elections,EXCLUDE,off-topic; election analysis,1,W4401192407
W4401367037,10.1002/mas.21803,2024,Reminiscences of a career in mass spectrometry in the US and in Spain,EXCLUDE,not a study; career memoir,1,W4401367037
W4401396909,10.1007/s44250-024-00127-0,2024,The COVID-19 infodemic as a major driver for vaccine hesitancy in conflict settings: a mixed-method study,INCLUDE,survey: 38% say vaccine misinformation affected their decisions,1,W4401396909
W4401401613,10.52533/johs.2024.40105,2024,"Social Media Influence, Role, Challenges, and Effect on Medicine",EXCLUDE,review/commentary; social media in medicine,1,W4401401613
W4401405955,10.1111/ipd.13253,2024,Lack of testing and adherence to optimized low‐dose CBCT protocols for children,EXCLUDE,off-topic; paediatric CBCT protocols,1,W4401405955
W4401415327,10.1109/access.2024.3440657,2024,Fine-Tuned Understanding: Enhancing Social Bot Detection With Transformer-Based Classification,EXCLUDE,detection/classifier; bot detection,1,W4401415327
W4401500729,10.1093/gerona/glae020,2024,"Bringing Geroscience into the Mainstream: From Education to Clinical Practice, What Will It Take?",EXCLUDE,off-topic; geroscience training,1,W4401500729
W4401559346,10.1016/j.jas.2024.106046,2024,"Sabarmati and its connection with the Harappan port Lothal and the Nal corridor: A study using multi-sensor data, cloud-computing and multi-platforms",EXCLUDE,off-topic; archaeological remote sensing,1,W4401559346
W4401593904,10.55559/sjahss.v3i8.369,2024,Efficacy of Verification Observatories in Mitigating the Psychological Impact of Rumors Disseminated via social media During wars: Gaza War on Telegram in 2023 as a case study,MAYBE,survey on war rumours on Telegram; exposure share unclear,1,W4401593904
W4401604540,10.32689/maup.philol.2024.2.3,2024,FACT CHECKING AS A TOOL FOR COMBATING DISINFORMATION IN THE CONDITIONS OF HYBRID CONFLICTS,EXCLUDE,review/commentary; fact-checking as a method,1,W4401604540
W4401616392,10.1007/s12144-024-06422-6,2024,"Structural knowledge and subjective knowledge, not factual knowledge, promotes corrective and restrictive actions towards healthy eating misinformation in China: a multigroup comparison of extended cognitive mediation model based on altruism",MAYBE,no abstract; misinformation survey may measure exposure,1,W4401616392
W4401621126,10.1113/ep092108,2024,Peer review: the imprimatur of scientific publication,EXCLUDE,not a study; editorial on peer review,2,W4401621126;W4401621893
W4401646232,10.1097/ijg.0000000000002416,2024,How Do We Pay for Glaucoma Screening?,EXCLUDE,off-topic; glaucoma screening costs,1,W4401646232
W4401647476,10.1142/s0218213024500064,2024,An Efficient Deep Learning Mechanism for Predicting Fake News/Reviews in Twitter Data,EXCLUDE,detection/classifier,1,W4401647476
W4401653365,10.1111/jacc.13580,2024,May fortune's lantern burn serene: An analysis of golden age Halloween postcards as middle‐class promotional culture,EXCLUDE,off-topic; historical postcard analysis,1,W4401653365
W4401694671,10.31893/multiscience.2026ss0606,2024,Enhancing healthcare cloud security with intelligent shuffled frog leaping optimized sequential long short-term memory (ISFLO-SLSTM),EXCLUDE,off-topic; cloud security deep learning,1,W4401694671
W4401759947,10.47405/mjssh.v9i7.2876,2024,Navigating Social Media Usage and Perceived Behavioural Control in Lowering Youth’s Moral Decadence,EXCLUDE,"off-topic; pilot survey on moral decadence, no misinformation measure",1,W4401759947
W4401762994,10.70008/nhj.v1i03.3,2024,The Role of CSR in Enhancing Brand Reputation and Consumer Trust,EXCLUDE,off-topic; CSR and brand reputation,1,W4401762994
W4401764480,10.22271/allresearch.2024.v10.i8c.11954,2024,Digital rights and social media: Analyzing the impact of privacy changes on Indian users,EXCLUDE,off-topic; data privacy law analysis,1,W4401764480
W4401769348,10.70008/nhj.v1i02.2,2024,"How Social Media is Reshaping Society: A Look at Connection, Communication, and Change",EXCLUDE,review/commentary; general social media essay,1,W4401769348
W4401770115,10.4236/fns.2024.158046,2024,The Impact of Social Media on Dietary Behaviors and Body Image of College Students: A Qualitative Approach,EXCLUDE,no audience denominator; qualitative focus groups,1,W4401770115
W4401793868,10.1097/jw9.0000000000000174,2024,Short and clear: YouTube Shorts recommendations for rosacea,MAYBE,cross-sectional YouTube Shorts content analysis may code accuracy,1,W4401793868
W4401802163,10.1525/abt.2024.86.6.392,2024,The Allure of Weight-Loss “Science”,EXCLUDE,review/commentary; essay on nature of science,1,W4401802163
W4401820585,10.2196/54420,2024,Recruitment for Voluntary Video and Mobile HIV Testing on Social Media Platforms During the COVID-19 Pandemic: Cross-Sectional Study,EXCLUDE,off-topic; HIV testing recruitment,1,W4401820585
W4401821652,10.24158/fik.2024.8.11,2024,Political Identity in the Digital Age: Analysis of the Impact of Social Media on the Formation of Youth Beliefs and Values,EXCLUDE,no audience denominator; political identity essay,1,W4401821652
W4401847750,10.11114/smc.v12i4.7058,2024,The Implications of Artificial Intelligence (AI) on the Quality of Media Content,EXCLUDE,off-topic; qualitative interviews on AI in newsrooms,1,W4401847750
W4401885144,10.55324/josr.v3i9.2254,2024,The Impact of Social Media on Social Interaction and Self-Identity in Indonesian Society,EXCLUDE,review/commentary; literature study,1,W4401885144
W4401887925,10.5958/2277-7946.2024.00006.7,2024,Beyond the data thicket: The essential role of libraries in confronting infodemics,EXCLUDE,review/commentary; libraries and infodemics,1,W4401887925
W4401917581,10.1145/3689368,2024,Explaining Differential Involvement in Cross-Movement Coalitions on Social Media: the #StopHateForProfit Campaign,EXCLUDE,off-topic; coalition participation on Twitter,1,W4401917581
W4401918937,10.54254/2753-7048/58/20241718,2024,Digital Democracy: Enhancing Democratic Participation and Political Transparency Through Digital Technologies,EXCLUDE,review/commentary; digital democracy essay,1,W4401918937
W4401920796,10.1192/j.eurpsy.2024.392,2024,Psychiatryai.com: Real-Time AI Scoping Review (RAISR 4D) in Psychiatry and Mental Health with Live Real-World Evidence and CPD/CME for Psychiatrists,EXCLUDE,not a study; platform/CPD portal report,1,W4401920796
W4401925482,10.1192/j.eurpsy.2024.1150,2024,"Investigating LSA - a ‘legal high’ analogue to LSD, frequently used in the digital realm with relatively unknown effects",EXCLUDE,off-topic; pharmacology review,1,W4401925482
W4401934771,10.1016/j.est.2024.113393,2024,Multi-scenario failure diagnosis for lithium-ion battery based on coupling PSO-SA-DBSCAN algorithm,EXCLUDE,off-topic; battery fault diagnosis,1,W4401934771
W4401953508,10.26904/rf-154-7290336456,2024,Digital political campaigning: Platform compliance with EU law,EXCLUDE,review/commentary; EU law and platform compliance,1,W4401953508
W4401963004,10.6007/ijarbss/v14-i8/22464,2024,The Relationship between Credibility Factors and Perceived Facebook Credibility among Facebook Users,EXCLUDE,belief/attitude only; perceived Facebook credibility,1,W4401963004
W4402075335,10.1002/cpe.8270,2024,To secure an e‐commerce system using epidemic mathematical modeling with neural network,EXCLUDE,detection/classifier; e-commerce fake news model,1,W4402075335
W4402099366,10.36948/ijfmr.2024.v06i04.26741,2024,Digital Democracy in India: How Social Media Shapes Political Narratives?,EXCLUDE,review/commentary; social media and Indian politics,1,W4402099366
W4402168380,10.1215/00219118-11337042,2024,"Between Transition and Revolution in Burma Studies - Along the Integral Margin: Uneven Development in a Myanmar Squatter Settlement and Forging the Nation: Land Struggles in Myanmar's Transition Period and Outsourcing the Polity: Non-state Welfare, Inequality, and Resistance in Myanmar and Rights Refused: Grassroots Activism and State Violence in Myanmar",EXCLUDE,not a study; book review,1,W4402168380
W4402224811,10.62177/chst.v1i2.44,2024,New Trend: The Combination of News and New Media,EXCLUDE,review/commentary; essay on news and new media,1,W4402224811
W4402253429,10.1093/ajhp/zxae222,2024,2024 Joint Address from the ASHP President and the Chief Executive Officer,EXCLUDE,not a study; presidential address,1,W4402253429
W4402255205,10.34120/ajas.v30i3.261,2024,Social Media and Vaccine Intention: The Case of Kuwait,EXCLUDE,belief/attitude only; vaccine intention SEM survey,1,W4402255205
W4402265334,10.69889/b4gjer19,2024,Social Media and Political Activism in India: A Content Analysis of Online Movements,MAYBE,tweet content analysis; misinformation share possibly reported,1,W4402265334
W4402284186,10.1093/elt/ccae038,2024,Beyond ELT: more than just teaching language,EXCLUDE,review/commentary; ELT book survey review,1,W4402284186
W4402338985,10.35849/bjare202402/189/013,2024,A Review of Cholesterol's Dual Impact: Human Health and Environmental Consequences,EXCLUDE,off-topic; cholesterol review,1,W4402338985
W4402373640,10.21474/ijar01/19332,2024,DETECTION OF FAKE NEWS ON TWITTER USING MACHINE LEARNING: AN XGBOOST-BASED APPROACH WITH SENTIMENT AND SOURCE CHARACTERISTIC ANALYSIS,EXCLUDE,detection/classifier; XGBoost fake news detection,1,W4402373640
W4402418308,10.1111/jan.16452,2024,Business and Health: An Insidious Mix,EXCLUDE,review/commentary; editorial on commercial determinants,1,W4402418308
W4402432594,10.1055/a-2413-3529,2024,The Use of Large Language Models Such As ChatGPT on Delivering Patient Information Relating to Surgery,EXCLUDE,review/commentary; LLM patient information opinion piece,1,W4402432594
W4402481858,10.58881/jllscs.v2i3.216,2024,"Amplifying voices, shaping culture: A critical examination of social media’s influence on socio-cultural issues in Nigeria",EXCLUDE,no audience denominator; qualitative socio-cultural analysis,1,W4402481858
W4402523135,10.3389/fpubh.2024.1424690,2024,Exploring public opinion on health effects of prepared dishes in China through social media comments,EXCLUDE,"off-topic; sentiment of comments, no misinformation coding",1,W4402523135
W4402541937,10.1093/jas/skae234.475,2024,339 Promoting media literacy in Animal Science,EXCLUDE,intervention/experiment only; media literacy course project,1,W4402541937
W4402542199,10.32996/jhsss.2024.6.9.6,2024,Analysis of the Challenges and Opportunities of AIGC for Youth Education,EXCLUDE,review/commentary; AIGC in education essay,1,W4402542199
W4402543123,10.1093/pubmed/fdae253,2024,How do miscommunication and mistrust affect the success of public health campaigns in diverse communities?,EXCLUDE,review/commentary; letter to editor,1,W4402543123
W4402556054,10.1111/aman.28007,2024,Introduction: Modalities of planetary health and justice,EXCLUDE,not a study; forum introduction,1,W4402556054
W4402597050,10.7200/esicm.55.359,2024,Factores que determinan el uso de las redes sociales como plataformas de información en la Generación Z,EXCLUDE,off-topic; UTAUT survey on social network use,1,W4402597050
W4402617446,10.1002/bes2.2180,2024,We Are Stronger Together: Building Community to Face Barriers for Latin American and Underrepresented Ecologists,EXCLUDE,off-topic; barriers for underrepresented ecologists,1,W4402617446
W4402624406,10.1162/pajj_a_00740,2024,Art and Media Symbiosis,EXCLUDE,not a study; art criticism essay,1,W4402624406
W4402626072,10.51826/fokus.v22i2.1232,2024,"THE ROLE OF SOCIAL MEDIA IN INCREASING RURAL GENERATION Z PARTICIPATION IN THE 2024 ELECTIONS : A STUDY IN SUNGAI ANA VILLAGE, SINTANG DISTRICT",EXCLUDE,"off-topic; political participation survey, no misinformation measure",1,W4402626072
W4402689628,10.61841/turcomat.v15i3.14788,2024,An Automated News Text Classification Information System,EXCLUDE,detection/classifier; news text classification system,1,W4402689628
W4402732530,10.1097/phh.0000000000002059,2024,Four Years of Supporting Health in All Policies Initiatives at the Local Level: 2018-2022,EXCLUDE,off-topic; Health in All Policies programme report,1,W4402732530
W4402773086,10.1109/access.2024.3462151,2024,Zero-Shot Automated Detection of Fake News: An Innovative Approach (ZS-FND),EXCLUDE,detection/classifier; zero-shot fake news detection,1,W4402773086
W4402795678,10.1097/01.tp.0001064928.58864.e6,2024,261.7: Exploring the discrepancy: Perception vs. perspective of university students on organ donation.,EXCLUDE,off-topic; organ donation perceptions,1,W4402795678
W4402809182,10.2478/alfa-2024-0016,2024,Fashion design and fashion industry: The impact of social media on customer behaviour and its current role in the fashion industry,EXCLUDE,off-topic; fashion industry and social media,1,W4402809182
W4402816451,10.3389/fcomm.2024.1427427,2024,Press freedom in Indonesia: inconsistencies to Southeast Asian regional approaches,EXCLUDE,review/commentary; press freedom policy analysis,1,W4402816451
W4402925144,10.3389/fpubh.2024.1417568,2024,Harnessing AI for public health: India's roadmap,EXCLUDE,off-topic; AI public health roadmap,1,W4402925144
W4402937369,10.30605/onoma.v10i4.4439,2024,Analysis Digital Track of Hate Speech on Instagram Using a Forensic Linguistic,EXCLUDE,no audience denominator; five qualitative hate speech examples,1,W4402937369
W4402940168,10.4103/jme.jme_140_24,2024,National Eligibility cum Entrance Test - Testing for the Future,EXCLUDE,off-topic; medical entrance exam policy,1,W4402940168
W4402942343,10.1002/csan.21396,2024,Mastering Meta‐Analysis,EXCLUDE,review/commentary; meta-analysis methods tutorial,1,W4402942343
W4402983404,10.5406/26428652.92.3.03,2024,Across or Around the Lake? Utah's Inland Sea and the Railroad Surveys of 1868 and 1900,EXCLUDE,off-topic; railroad history,1,W4402983404
W4402984732,10.1002/fob2.12013,2024,Editor's introduction,EXCLUDE,not a study; editor's introduction,1,W4402984732
W4403017184,10.21177/1998-4502-2024-16-2-770-779,2024,Development of an effective monitoring and analysis system of modern technologies for the agro-industrial complex development in mountainous areas,EXCLUDE,off-topic; agro-industrial monitoring system,1,W4403017184
W4403020363,10.1093/jrssig/qmae072,2024,The story of the R number: How an obscure epidemiological figure took over our lives. Part 5: So what did we learn?,EXCLUDE,review/commentary; essay on the R number,1,W4403020363
W4403039251,10.1038/s41598-024-72093-9,2024,Assessing vaccinated persons’ intention to take the COVID-19 boosters using a combined theoretical framework: an online survey in Egypt,EXCLUDE,belief/attitude only; booster intention survey,1,W4403039251
W4403042484,10.1017/s0029665124004828,2024,Exploring protein literacy online: a thematic analysis of YouTube comments on food protein knowledge,MAYBE,YouTube comment analysis with percentages; misinformation theme unclear,1,W4403042484
W4403077259,10.1097/eja.0000000000002066,2024,Artificial intelligence in obstetric anaesthesia,EXCLUDE,review/commentary; AI in obstetric anaesthesia,1,W4403077259
W4403087501,10.1002/ise3.97,2024,A new era of financial services: How AI enhances investment efficiency,EXCLUDE,off-topic; AI in financial investment,1,W4403087501
W4403088765,10.1111/jocd.16608,2024,Short Snips: You T ube Shorts Recommendations for Hair Loss and Alopecia,MAYBE,cross-sectional YouTube Shorts content analysis may code accuracy,1,W4403088765
W4403096329,10.1159/000541479,2024,Trustworthiness Criteria for Meta-Analyses of Randomized Controlled Studies: OBGYN Journal Guidelines,EXCLUDE,not a study; journal editorial guidelines,1,W4403096329
W4403102260,10.1111/newe.12401,2024,How to maintain public support and act quickly on climate policy,EXCLUDE,not a study; interview on climate policy,1,W4403102260
W4403118098,10.1111/srt.70061,2024,Sunscreen on Screen: Cross‐Sectional Study of TikTok Content on Sunscreen,EXCLUDE,quality-score-only; DISCERN appraisal of TikTok videos,1,W4403118098
W4403132645,10.24144/2307-3322.2024.84.3.29,2024,Issues related to legislative regulation of Telegram,EXCLUDE,review/commentary; Telegram regulation law,1,W4403132645
W4403155832,10.47316/cajmhe.2024.5.3.08,2024,Social media and health care: a cross-sectional analysis of X (Twitter) posts using the NodeXL platform,EXCLUDE,"off-topic; hashtag/influencer counts, no misinformation coding",1,W4403155832
W4403155900,10.47316/cajmhe.2024.5.3.07,2024,Top 50 most cited articles on social media and healthcare: an altmetric analysis,EXCLUDE,not a study; altmetric bibliometric ranking,1,W4403155900
W4403169967,10.70023/piqm24304,2024,Explainable Prediction Technique for Analyzing Information Disorder Using Fuzzy Rough Sets,EXCLUDE,detection/classifier; fuzzy rough set prediction,1,W4403169967
W4403173198,10.1525/aft.2024.51.3.108,2024,"Review: A New Structural Transformation of the Public Sphere and Deliberative Politics, by Jürgen Habermas",EXCLUDE,not a study; book review,1,W4403173198
W4403199312,10.1542/hpeds.2024-008069,2024,Momentous Times for Social Needs Screening: Should Hospitalists Ride the Tide or Create the Waves?,EXCLUDE,off-topic; social needs screening commentary,1,W4403199312
W4403201000,10.47672/ajpr.2056,2024,Comparative Analysis of Public Relations Strategies in Crisis Management across Industries in Ethiopia,EXCLUDE,off-topic; PR crisis strategies desk study,1,W4403201000
W4403214221,10.1080/21670811.2024.2411517,2024,Journalism as a Service: How Tablet News Service Influences Subscriber Retention and Long-Term Profitability,EXCLUDE,off-topic; subscriber retention and profitability,1,W4403214221
W4403228825,10.31499/2616-5236.3(28).2024.308214,2024,THE ROLE OF SOCIAL MEDIA IN PUBLIC ADMINISTRATION AND MANAGEMENT: INTERACTION CHANNELS AND THEIR EFFECTIVENESS,EXCLUDE,review/commentary; social media in public administration,1,W4403228825
W4403232155,10.70170/asbhlp09831,2024,The Role of Effective Communication on Performance of Family businesses in Kuwait,EXCLUDE,off-topic; family business communication,1,W4403232155
W4403257028,10.61132/nakula.v2i6.1278,2024,Kualitas Isi dan Kalimat Langsung pada Novel Perfect Couple Karya Asri Aci sebagai Sumber Bacaan Siswa SMA Kelas XII,EXCLUDE,off-topic; novel content quality for school reading,1,W4403257028
W4403298946,10.1002/acm2.14537,2024,Promotion and tenure for medical physicists should be based on article specific measures and not on journal impact factor,EXCLUDE,review/commentary; impact factor debate,1,W4403298946
W4403303899,10.21272/obraz.2024.2(45)-6-15,2024,Rumor Generation and Spreading on WeChat and Facebook During the COVID-19 Pandemic,MAYBE,rumour spread on WeChat/Facebook; prevalence possibly quantified,1,W4403303899
W4403307364,10.1093/idpl/ipae013,2024,Lawfulness of the mass processing of publicly accessible online data to train large language models,EXCLUDE,off-topic; GDPR lawfulness of LLM training,1,W4403307364
W4403365542,10.1093/ije/dyae132,2024,It’s personal: navigating research questions that stem from our lived experiences,EXCLUDE,not a study; panel discussion reflection,1,W4403365542
W4403376127,10.70571/psik.v4i1.66,2024,MEMBER CHECKING: EVALUASI KUALITAS INFOGRAFIK TIRTO.ID DI LAYANAN JEJARING SOSIAL INSTAGRAM,EXCLUDE,off-topic; infographic quality evaluation,1,W4403376127
W4403379434,10.47836/mjmhs.20.2.8,2024,Exploring Influence of Food-Related Social Media Content on Eating Habits of Undergraduate Students,EXCLUDE,no audience denominator; qualitative interviews on eating habits,1,W4403379434
W4403384381,10.32374/aej.aecon.2023.080aepp,2024,Teaching Astronomy in the Age of Misinformation,EXCLUDE,detection/classifier; machine learning misinformation flagging tool,1,W4403384381
W4403400895,10.1177/09702385241284879,2024,Natural Language Processing for Sentiment Analysis in Social Media Posts to Identify Suspicious Behaviour,EXCLUDE,detection/classifier; NLP sentiment detection of suspicious posts,1,W4403400895
W4403458436,10.1177/08944393241287793,2024,Improving the Quality of Individual-Level Web Tracking: Challenges of Existing Approaches and Introduction of a New Content and Long-Tail Sensitive Academic Solution,MAYBE,web-tracking tool paper; exposure shares from tracking data possible,1,W4403458436
W4403478299,10.70609/gtech.v8i4.5434,2024,Analysis Sentiment & Topic Modelling using Latent Semantic Indexing,EXCLUDE,off-topic; app review sentiment and topic modelling,1,W4403478299
W4403489617,10.25136/2409-8744.2024.4.71433,2024,Internet Culture as a Nomadic model: representation of the Unconscious,EXCLUDE,review/commentary; theoretical essay on internet culture,1,W4403489617
W4403514532,10.14445/22312803/ijctt-v72i9p107,2024,Smart Health Companion: An App for Tracking Diagnoses and Recommending Next Steps,EXCLUDE,tool; health record tracking app,1,W4403514532
W4403530824,10.1016/j.fsidi.2024.301808,2024,TAENet: Two-branch Autoencoder Network for Interpretable Deepfake Detection,EXCLUDE,detection/classifier; deepfake detection network,1,W4403530824
W4403566072,10.1016/j.asoc.2024.112358,2024,Dual-stream fusion network with multi-head self-attention for multi-modal fake news detection,EXCLUDE,detection/classifier; multimodal fake news detection,1,W4403566072
W4403590935,10.69849/revistaft/pa10202410212137,2024,REGULAÇÃO LEGAL DAS REDES SOCIAIS: PROTEÇÃO DE DADOS E LIBERDADE DE EXPRESSÃO,EXCLUDE,review/commentary; social network regulation law,1,W4403590935
W4403648817,10.1002/cesm.70006,2024,Empowering the future of evidence‐based healthcare: The Cochrane Early Career Professionals Network,EXCLUDE,not a study; network description,1,W4403648817
W4403649933,10.1016/j.jbusres.2024.115014,2024,"I like, I share, I vote: Mapping the dynamic system of political marketing",MAYBE,200M posts modelled; disinformation share possibly quantified,1,W4403649933
W4403670081,10.1016/j.jii.2024.100706,2024,TRIPLE: A blockchain-based digital twin framework for cyber–physical systems security,EXCLUDE,off-topic; cyber-physical systems security framework,1,W4403670081
W4403676836,10.1525/gfc.2024.24.3.19,2024,Cure by the Spoonful,EXCLUDE,review/commentary; personal essay on chronic illness advice,1,W4403676836
W4403686691,10.1186/s13635-024-00181-4,2024,CoFFEE: a codec-based forensic feature extraction and evaluation software for H.264 videos,EXCLUDE,tool; video forensic feature extraction software,1,W4403686691
W4403736818,10.21070/ijler.v19i3.1204,2024,Social Media's Crucial Role in Shaping Indonesian Democracy,EXCLUDE,review/commentary; normative legal analysis,1,W4403736818
W4403738894,10.54765/silihasuh.v1i2.36,2024,Peran Orang Muda Katolik dalam Upaya Moderasi Umat Beragama Melalui Media Sosial,EXCLUDE,no audience denominator; qualitative study of youth religious moderation,1,W4403738894
W4403774832,10.22266/ijies2024.1231.89,2024,An Efficient Ant Colony Optimization Optimized Deep Belief Network Based Text Summarization Using Diverse Beam Search Computation for Social Media Content Extraction,EXCLUDE,off-topic; text summarization method,1,W4403774832
W4403807028,10.1108/dlp-10-2024-151,2024,The impact of artificial intelligence on scholars: an interview with Juan D. Machin-Mastromatteo,EXCLUDE,not a study; interview on AI and scholarship,1,W4403807028
W4403816364,10.1093/eurpub/ckae144.678,2024,Integrity and accountability in academic publishing: trends and implications of paper retractions and journal delistings,EXCLUDE,off-topic; retraction and delisting trends,1,W4403816364
W4403816637,10.1093/eurpub/ckae144.240,2024,4.K. Scientific session: The realm of the information ecosystem and its public health impact,EXCLUDE,not a study; conference workshop abstract,1,W4403816637
W4403825280,10.1093/eurpub/ckae144.337,2024,6.A. Round table: Building a Public Health Innovation Ecosystem in the WHO European Region,EXCLUDE,not a study; round table abstract,1,W4403825280
W4403880090,10.5694/mja2.52503,2024,Social media: the root cause of rising youth self‐harm or a convenient scapegoat?,EXCLUDE,review/commentary; debate on social media and self-harm,1,W4403880090
W4403895959,10.1111/dar.13966,2024,"Dr James Rankin, a man ahead of his time",EXCLUDE,not a study; obituary,1,W4403895959
W4403902536,10.1097/tp.0000000000005261,2024,Trials and Tribulations: Responses of ChatGPT to Patient Questions About Kidney Transplantation,INCLUDE,"accuracy of ChatGPT answers to patient questions, with denominator",1,W4403902536
W4403941046,10.48175/ijarsct-19993,2024,Steganographic Metadata Embedding to Trace the Footprint of WhatsApp Images,EXCLUDE,tool; steganographic image traceability method,1,W4403941046
W4403943290,10.31958/mangabdi.v1i1.13263,2024,Strengthening the Role of Youth in Promoting Religious Moderation through Social Media,EXCLUDE,no audience denominator; qualitative strategy analysis,1,W4403943290
W4403983907,10.51867/ajernet.5.4.47,2024,The Role of Media Clubs in Developing Students' Media Literacy Skills in Selected Rwanda Secondary Schools,EXCLUDE,intervention/experiment only; media literacy clubs in schools,1,W4403983907
W4404006531,10.22394/2073-2929-2024-03-122-132,2024,Political PR in International Digital Communications: The Experience of the Eurasian Media Space,EXCLUDE,review/commentary; political PR analysis,1,W4404006531
W4404018095,10.59400/cai.v3i1.1498,2024,"Generative artificial intelligence (GAI): From large language models (LLMs) to multimodal applications towards fine tuning of models, implications, investigations",EXCLUDE,off-topic; generative AI model review,1,W4404018095
W4404035437,10.1109/access.2024.3491376,2024,Fake News Classification Methodology With Enhanced BERT,EXCLUDE,detection/classifier; BERT fake news classification,1,W4404035437
W4404038014,10.5210/fm.v29i11.13831,2024,Uncovering coordinated cross-platform information operations: Threatening the integrity of the 2024 U.S. presidential election,MAYBE,coordinated network sharing low-quality links; sharing/concentration shares possible,1,W4404038014
W4404086928,10.1097/tp.0000000000005275,2024,Open AI in Transplantation: A Friend or a Foe?,EXCLUDE,review/commentary; opinion on AI in transplantation,1,W4404086928
W4404119816,10.56197/2786-5827/2024-3-3-5,2024,COUNTERING HOSTILE INFORMATION ACTIVITIES USING SOCIAL PLATFORMS,EXCLUDE,review/commentary; policy analysis of counter-disinformation tools,1,W4404119816
W4404122983,10.47297/wspeiwsp2516-253509.20240804,2024,Research on Public Opinion Management and Campus Reputation Maintenance on Social Media Platforms in Higher Education Institutions,EXCLUDE,no audience denominator; case studies of reputation management,1,W4404122983
W4404133911,10.1002/jvc2.561,2024,What lies beneath: A qualitative review of misinformation on vulval lichen sclerosus,MAYBE,misinformation content review; quantitative share unclear,1,W4404133911
W4404143287,10.1002/ueg2.12689,2024,Artificial intelligence: The researcher's assistant or sheep in wolf's clothing?,EXCLUDE,review/commentary; AI in research writing,1,W4404143287
W4404152678,10.52783/jes.6586,2024,Unveiling Deception: A GAN-Based Unsupervised Learning Approach for Real-Time Generation and Detection of Text-Based Fake News,EXCLUDE,detection/classifier; GAN fake news generation and detection,1,W4404152678
W4404153061,10.36548/jaicn.2024.4.002,2024,Detection of Twitter Fake News using Efficient Soft-Capsule and Improved BiGRU Architecture,EXCLUDE,detection/classifier,1,W4404153061
W4404172291,10.1145/3687006,2024,Transformer-Based Quantification of the Echo Chamber Effect in Online Communities,EXCLUDE,detection/classifier; echo-chamber metric method,1,W4404172291
W4404181459,10.14778/3685800.3685850,2024,BFTGym: An Interactive Playground for BFT Protocols,EXCLUDE,off-topic; distributed systems demo,1,W4404181459
W4404190645,10.1093/ijpp/riae058.047,2024,Healthcare workers' views on antibiotic prescribing and stewardship during the COVID-19 pandemic at an NHS Foundation Trust in England: a cross-sectional survey,EXCLUDE,off-topic; antibiotic prescribing survey,1,W4404190645
W4404229517,10.1093/ml/gcae091,2024,Boulez’s Formative Years: Two Labyrinths,EXCLUDE,off-topic; music criticism,1,W4404229517
W4404241249,10.3390/en17225601,2024,Intelligent Carbon Metering and Settlement Method of New Power System Based on Blockchain Technology,EXCLUDE,off-topic; blockchain carbon metering,1,W4404241249
W4404264683,10.58257/ijprems36417,2024,Impact of social media platforms on communication,EXCLUDE,off-topic; general social media effects essay,1,W4404264683
W4404315772,10.1525/rep.2024.168.1.1,2024,Meme Aesthetics,EXCLUDE,review/commentary; humanities essay,1,W4404315772
W4404316664,10.1525/rep.2024.168.5.88,2024,Seizing the Memes of Extraction,EXCLUDE,review/commentary; humanities essay,1,W4404316664
W4404316715,10.1525/rep.2024.168.10.153,2024,Sameness-Machines,EXCLUDE,review/commentary; humanities essay,1,W4404316715
W4404325854,10.1111/edt.13013,2024,Implementation of Public Health Policies and Integration of Artificial Intelligence and Social Media in Dental Traumatology—Cornerstones for Effective Dental Trauma Management,EXCLUDE,off-topic; dental traumatology editorial,1,W4404325854
W4404415530,10.1215/03616878-11672667,2024,Stuck: How Vaccine Rumors Start—and Why They Don't Go Away,EXCLUDE,review/commentary; book review,1,W4404415530
W4404416423,10.1215/03616878-11672651,2024,Perspectives on the Vaccine Debates,EXCLUDE,review/commentary; book review,1,W4404416423
W4404422584,10.52783/anvi.v27.1430,2024,Trust Computation Model for IoT devices using Soft Computing and Machine Learning Techniques for Health Care Applications,EXCLUDE,off-topic; IoT trust computation,1,W4404422584
W4404443433,10.1177/14614448241293409,2024,"What does it mean to “do your own research?” A comparative content analysis of DYOR messages in Instagram and Facebook posts about reproductive health, food, and vaccines",MAYBE,content analysis of posts may report misinformation/conspiracy share,1,W4404443433
W4404445460,10.1177/14707853241297009,2024,Bots in web survey interviews: A showcase,EXCLUDE,off-topic; survey bot methodology,1,W4404445460
W4404445662,10.38124/ijisrt/ijisrt24oct1959,2024,Ethics of Using LLMs in Content Moderation on Twitter,EXCLUDE,detection/classifier; LLM content moderation,1,W4404445662
W4404492966,10.1007/s11036-024-02436-3,2024,Fake News Detection in Large-Scale Social Network with Generalized Bayesian Classification,EXCLUDE,detection/classifier,1,W4404492966
W4404510248,10.1111/bju.16583,2024,Can artificial intelligence evaluate the quality of YouTube videos on erectile dysfunction?,MAYBE,video quality/accuracy coding possible from abstract,1,W4404510248
W4404517079,10.1016/j.heliyon.2024.e40330,2024,Tensor-based analysis of eclectic-reported crowd accidents: An innovative retrospective methodology design study,EXCLUDE,off-topic; crowd accident records,1,W4404517079
W4404549581,10.1093/qjmed/hcae175.883,2024,Association between the Frequency of Social Media Exposure and Mental Health Problems among Employees at Ain Shams University during the COVID-19 Pandemic,EXCLUDE,off-topic; social media use and mental health,1,W4404549581
W4404562230,10.1097/asw.0000000000000239,2024,Exploring the Exciting Possibilities of Visual ChatGPT in Pressure Injury Care: Time for Change?,EXCLUDE,review/commentary; AI in wound care,1,W4404562230
W4404581154,10.1215/17432197-11321343,2024,The Conspiracy to End All Conspiracies,EXCLUDE,review/commentary; book review,1,W4404581154
W4404600475,10.1002/fea2.12155,2024,Culturally and socially shifting,EXCLUDE,not a study; journal editorial,1,W4404600475
W4404724941,10.1007/s13278-024-01380-0,2024,HACNN: hierarchical attention convolutional neural network for fake review detection,EXCLUDE,detection/classifier; fake review detection,1,W4404724941
W4404774855,10.21608/asalexu.2024.392728,2024,Neighborhood Environment Walkability and Functional Health Status in Community-Dwelling Older Adults: A Descriptive Correlational Study,EXCLUDE,off-topic; neighbourhood walkability,1,W4404774855
W4404777440,10.1111/ehr.13405,2024,Review of periodical literature for 2023: (vi) 1945 to present,EXCLUDE,review/commentary; literature survey,1,W4404777440
W4404793177,10.1525/vs.2024.19.3-4.124,2024,Materializing the What-Ifs,EXCLUDE,off-topic; art exhibition review,1,W4404793177
W4404800274,10.5213/inj.2448320.160,2024,Public Perceptions of Male Hormone Levels and Prostate Health: A Text Mining Analysis of South Korean Media and Online Communities,EXCLUDE,"off-topic; text mining, no accuracy coding",1,W4404800274
W4404828206,10.1186/s12889-024-20615-5,2024,Web discussions on cardiovascular diseases: pre-COVID-19 evaluation and impact of the COVID-19 pandemic – Web listening analysis in the Italian population,EXCLUDE,"off-topic; web listening, no accuracy coding",1,W4404828206
W4404834800,10.18196/jkm.23019,2024,Utopia or Dystopia: The Dichotomy of “The Social Dilemma” Documentary in Shaping Public Perception,EXCLUDE,off-topic; documentary discourse analysis,1,W4404834800
W4404866307,10.54254/2753-7064/51/20242591,2024,The Impact of Social Fake News on Different Groups of People-Take TikTok and Kuaishou for Example,MAYBE,survey of fake news acceptance may report exposure share,1,W4404866307
W4404892407,10.59298/nijciam/2024/5.3.18210,2024,The Evolution of Activism: From Civil Rights to Digital Advocacy,EXCLUDE,review/commentary; activism history,1,W4404892407
W4404924857,10.53469/jssh.2024.6(11).12,2024,Ethical Challenges and Misconduct in the New Media Environment: From Printing to Digital,EXCLUDE,review/commentary; media history essay,1,W4404924857
W4404928119,10.25259/jhas_49_2024,2024,Factors influencing blood donation,EXCLUDE,off-topic; blood donation barriers,1,W4404928119
W4404932657,10.46324/pmp2403331,2024,Under the Flags оf Digital Political Agitation,EXCLUDE,no audience denominator; qualitative case studies,1,W4404932657
W4404942612,,2024,İçerik Moderasyonu Alanının Haritalandırılması: Bibliyometrik Bir Perspektif,EXCLUDE,review/commentary; bibliometric analysis,1,W4404942612
W4405009121,10.47191/jefms/v7-i12-05,2024,The Impact of Social Influences on Investment Decision-Making: A Multi-Method Analysis of Vietnamese Investors,EXCLUDE,off-topic; investment decision-making,1,W4405009121
W4405010429,10.1038/s41390-024-03766-4,2024,"The “pro” and “con” of probiotics, regulation and preterm infant health",EXCLUDE,off-topic; probiotics and preterm health,1,W4405010429
W4405011205,10.22271/civillaw.2024.v4.i2b.102,2024,The dual edges of digital privacy: Whatsapp’s security strategies and user rights in India,EXCLUDE,off-topic; privacy law analysis,1,W4405011205
W4405012500,10.59429/esp.v9i11.2979,2024,The Role of Social Media in Enhancing Communication among Individuals: Prospects and Problems,EXCLUDE,no audience denominator; narrative literature review,1,W4405012500
W4405016201,10.29240/jba.v8i2.10703,2024,The Effect of Applying Arabic Translation Techniques on the Translation Quality Assessment of Al Jazeera Captions on TikTok Social Media,EXCLUDE,off-topic; translation quality of captions,1,W4405016201
W4405026393,10.1002/bes2.2209,2024,From Prototype to Reality: Moving Beyond the Technology Hype in Ecological Research,EXCLUDE,off-topic; ecological monitoring technology,1,W4405026393
W4405061572,10.17829/turcom.1586537,2024,"15-17 May 2024, 16th Global Communication Association Conference “The Future(s) of Communication: Promises and Predicaments”",EXCLUDE,not a study; conference report,1,W4405061572
W4405146297,10.57096/edunity.v3i11.309,2024,Political Communication Strategies In The Digital Era For Generation Z Voters,EXCLUDE,no audience denominator; six qualitative interviews,1,W4405146297
W4405156835,10.62177/chst.v1i3.97,2024,The Role of Digital Innovation in Shaping Cultural Narratives: Analysing the Ethical Implications of Algorithm-Driven Media Platforms for Online Communities,EXCLUDE,review/commentary; qualitative case studies,1,W4405156835
W4405185953,10.5406/19346018.77.1.03,2024,"From Sundance to Netflix: South Korean Cinema in the US Film Market, 1996–2024",EXCLUDE,off-topic; film market history,1,W4405185953
W4405186241,10.62377/x3zp6t02,2024,Internet Shutdown with Violations of Human Rights and Freedom of Speech,EXCLUDE,review/commentary; internet shutdown commentary,1,W4405186241
W4405200975,10.54254/2753-7064/52/20242600,2024,The Role of Social Media in Influencing Juvenile Delinquent Behavior,EXCLUDE,review/commentary; literature review and case study,1,W4405200975
W4405205560,10.1002/fer3.69,2024,Empowering young minds: The future of computational thinking and AI education in early childhood,EXCLUDE,off-topic; early childhood AI education,1,W4405205560
W4405207631,10.25139/jsk.v8i2.7806,2024,Language policy in fake news handling within French and Indonesian digital media,EXCLUDE,no audience denominator; policy discourse analysis,1,W4405207631
W4405232485,10.1093/eurpub/ckae171,2024,Addressing public health in times of conflict,EXCLUDE,not a study; association editorial,1,W4405232485
W4405248240,10.1007/s10606-024-09506-w,2024,The Social Convergence of Information Disorder: Discovery and Analysis of the “Fertile Ground” of COVID-19 Vaccine Hesitancy,MAYBE,large Twitter collection may report misinformation share,1,W4405248240
W4405273066,10.1093/eurpub/ckae205,2024,What are the health priorities of the new European Commission?,EXCLUDE,not a study; policy editorial,1,W4405273066
W4405276957,10.51707/2618-0529-2024-30-13,2024,Exploring the potential of online scientific research to meet modern needs: international perspective,EXCLUDE,review/commentary; online research methods essay,1,W4405276957
W4405291913,10.62383/konsensus.v1i6.433,2024,Peran Media Sosial X Dalam Perkembangan Komunikasi Di Era Digital,EXCLUDE,no audience denominator; qualitative post analysis,1,W4405291913
W4405354334,10.54097/yt8x9g64,2024,The Impact of Digital Media on Mass Communication: A Mixed-method Study,MAYBE,survey of 500 may report perceived misinformation exposure,1,W4405354334
W4405381217,10.24294/jipd8848,2024,Identifying suspicious internet threat exchanges using machine learning algorithms to ensure privacy and cybersecurity in the USA,EXCLUDE,detection/classifier; cyber threat detection,1,W4405381217
W4405402416,10.69999/emedia.1591407,2024,NEWS LITERACY: A BIBLIOMETRIC ANALYSIS OF THE LITERATURE,EXCLUDE,review/commentary; bibliometric analysis,1,W4405402416
W4405436100,10.55606/birokrasi.v2i4.1559,2024,Kebebasan Berpendapat dalam Media Sosial di Indonesia,EXCLUDE,off-topic; normative legal analysis,1,W4405436100
W4405450799,10.1017/s0029665124005020,2024,The Food-NEWS Project: How children and adolescents experience nutrition education and food messaging in today’s food environment,EXCLUDE,off-topic; qualitative food messaging study,1,W4405450799
W4405457784,10.1111/phpr.13122,2024,Taking the simulation hypothesis seriously,EXCLUDE,off-topic; philosophy symposium,1,W4405457784
W4405464496,10.1007/s10115-024-02305-1,2024,An efficient rumor detection model based on deep learning and flower pollination algorithm,EXCLUDE,detection/classifier; rumor detection model,1,W4405464496
W4405480585,10.1111/jrh.12903,2024,Rural health research in the 21st century: A commentary on challenges and the role of digital technology,EXCLUDE,review/commentary; rural health commentary,1,W4405480585
W4405529315,10.32663/md.v2i1.4573,2024,PERAN MEDIA SOSIAL DALAM MEMBENTUK PERSEPSI PEMILIH PADA PEMILU 2024,EXCLUDE,no audience denominator; qualitative descriptive study,1,W4405529315
W4405530307,10.1007/s44326-024-00043-w,2024,The journey from natural language processing to large language models: key insights for radiologists,EXCLUDE,review/commentary; NLP/LLM review for radiology,1,W4405530307
W4405538223,10.34069/ai/2024.82.10.8,2024,Social media as an emerging threat to national security,EXCLUDE,review/commentary; comparative security analysis,1,W4405538223
W4405548377,10.56709/stj.v3i2.597,2024,Rancang Bangun Website Profil Pondok Pesantren Sunannurrahman,EXCLUDE,off-topic; website development project,1,W4405548377
W4405557257,10.6007/ijarbss/v14-i12/24120,2024,Social Media Users’ Attitudes towards Politics in Malaysia,EXCLUDE,"off-topic; political attitudes survey, no misinformation measure",1,W4405557257
W4405582106,10.33010/recie.v8i0.2221,2024,Redes sociales y cambio climático en jóvenes universitarios,EXCLUDE,off-topic; climate information sources survey,1,W4405582106
W4405584682,10.54021/seesv5n2-813,2024,A new combined data-preprocessing and machine learning approach for emotion-based fake news detection,EXCLUDE,detection/classifier; emotion-based fake news detection,1,W4405584682
W4405592173,10.54254/2753-7064/2024.18275,2024,Study on the Effect of International Disaster News Reporting on Public Environmental Protection Behavior,EXCLUDE,off-topic; disaster news and pro-environmental behaviour,1,W4405592173
W4405611031,10.1002/14651858.cd003200.pub9,2024,Exercise therapy for chronic fatigue syndrome,EXCLUDE,off-topic; Cochrane exercise therapy review,1,W4405611031
W4405612286,10.1055/s-0044-1794347,2024,Social Media Interventions to Address Nicotine Use Among Adolescents: A Scoping Review,EXCLUDE,review/commentary; scoping review of interventions,1,W4405612286
W4405620470,10.46493/2663-2675.34(4).2024.128,2024,The political potential of the digital generation,EXCLUDE,no audience denominator; case study and content analysis,1,W4405620470
W4405628088,10.30829/jipi.v9i2.21650,2024,Information Searching Behaviour Patterns of “Swara Pendidikan” Magazine Reporter,EXCLUDE,off-topic; reporters' information-seeking behaviour,1,W4405628088
W4405652253,10.33182/joph.v4i3.3291,2024,From Microfascism to Joyful Affects: A Posthuman Approach to Social Media Redesign,EXCLUDE,review/commentary; theoretical platform-design essay,1,W4405652253
W4405653240,10.1007/s13278-024-01390-y,2024,Arafakedetect: enhancing fake health news detection with ensemble learning on AraCovidVac,EXCLUDE,detection/classifier; fake health news detection,1,W4405653240
W4405655022,10.3389/ijph.2024.1608004,2024,Digital Democracy and Emergency Preparedness: Engaging the Public in Public Health,EXCLUDE,not a study; special issue editorial,1,W4405655022
W4405656237,10.5935/2317-2622/direitomackenzie.v18n317289,2024,Impactos da interpretação sobre sustentabilidade e informações ambientais no Rio Grande do Sul: dados resultantes da aplicação de formulário do Projeto ATIA,MAYBE,survey form may quantify fake-news exposure to environmental information,2,W4405656237;W7120793086
W4405674922,10.4103/dshmj.dshmj_45_24,2024,Transparency in the Digital Age: Addressing Conflicts of Interest in Vaccine Communication,EXCLUDE,review/commentary; letter to the editor,1,W4405674922
W4405686951,10.22720/hnmr.2024.00129,2024,"“No claims, no trials, no compensation. Just roll up your sleeve”: social media communication on vaccine uptake sentiments in Canada",INCLUDE,"20,000 tweets coded, misinformation/conspiracy frame shares reported",1,W4405686951
W4405716184,10.33394/jo-elt.v11i2.13182,2024,Empowering News Writing Skills: Digital Platforms and Interactive Storytelling in English Broadcasting,EXCLUDE,off-topic; journalism education study,1,W4405716184
W4405733051,10.1111/opn.70009,2024,Capitalising on the Co‐Benefits of Age Friendliness and Planet Friendliness,EXCLUDE,off-topic; gerontological nursing editorial,1,W4405733051
W4405750634,10.1285/i22390359v65p361,2024,Explorer les mots du politique dans la transformation numérique. Analyser le lexique politique dans des contextes et selon des ressources en évolution,EXCLUDE,review/commentary; political lexicon methodology,1,W4405750634
W4405761278,10.1016/j.pdisas.2024.100400,2024,Lessons from the 2024 Noto Peninsula Earthquake: Need for digital transformation in disaster response,EXCLUDE,review/commentary; disaster response commentary,1,W4405761278
W4405770177,10.54105/ijmcj.b1111.04021224,2024,"The Development of Journalism in the Face of Social Media - A Study on Social Media’s Impact on a Journalist’s Role, Method, and Relationship to the Audience",EXCLUDE,off-topic; survey of journalists' practices,1,W4405770177
W4405779087,10.4103/jpcs.jpcs_83_24,2024,The Fifth Annual Meeting of the Indian Society for Heart and Lung Transplantation,EXCLUDE,not a study; conference proceedings,1,W4405779087
W4405811950,10.1109/access.2024.3523416,2024,"Vietnamese Sentence Fact Checking Using the Incremental Knowledge Graph, Deep Learning, and Inference Rules on Online Platforms",EXCLUDE,detection/classifier; automated fact-checking model,1,W4405811950
W4405822186,10.4103/ijam.ijam_175_24,2024,Conference Proceedings: Sixth Annual Women in Medicine Summit™: An Evolution of Empowerment 2024,EXCLUDE,not a study; conference proceedings,1,W4405822186
W4405826333,10.48047/ijiemr/v13/issue12/88,2024,International Journal for Innovative Engineering and Management Research,EXCLUDE,off-topic; blockchain for underwater IoT,1,W4405826333
W4405827717,10.28925/2663-4023.2024.26.685,2024,LEGAL BASIS FOR THE DISSEMINATION OF INFORMATION INFLUENCES IN SOCIAL NETWORKS,EXCLUDE,review/commentary; legal analysis of regulation,1,W4405827717
W4405830463,10.1002/ggn2.202400055,2024,Upgrading Data Sharing Policies to Maximize Utility and Impact in Genetics and Genomics Research,EXCLUDE,off-topic; genomics data-sharing policy,1,W4405830463
W4405863644,10.56543/aaeeu.2024.3.4.08,2024,YOUTUBE AS A SOURCE OF HEALTH INFORMATION: QUALITY AND RELIABILITY ANALYSIS OF SARCOPENIA-RELATED VIDEOS,EXCLUDE,"quality-score-only; GQS and DISCERN, no accuracy coding",1,W4405863644
W4405870523,10.62730/journalofeconomicandislamicresearch.v3i1.141,2024,Fiqh Kontemporer dalam Pengaturan Etika Media Sosial Bagi Umat Muslim,EXCLUDE,no audience denominator; qualitative fiqh study,1,W4405870523
W4405872607,10.30574/wjarr.2024.24.3.3935,2024,Exploring social media strategies use during the presidential campaign of the 2023 general elections in Nigeria,MAYBE,survey of 385 voters may report misinformation exposure share,1,W4405872607
W4405920430,10.52756/ijerr.2024.v46.017,2024,"Advanced News Archiving System with Machine Learning-Driven Web Scraping and AI-Powered Summarization Using T5, Pegasus, BERT and BART Architectures",EXCLUDE,tool; news scraping and summarization system,1,W4405920430
W4405933863,10.61173/sede0a49,2024,Exploring Social Engagement in Live Commerce--Take Douyin as an Example,EXCLUDE,off-topic; live commerce interaction essay,2,W4405933863;W4411701093
W4405948623,10.61173/wsvgd053,2024,A Study of Personalized Language Learning with AI Technology and Media Convergence,EXCLUDE,off-topic; AI language learning,1,W4405948623
W4405952433,10.35905/aliftah.v5i2.12647,2024,The Digital Era of Hadith: Challenges of Authenticity and Opportunities for Innovation,EXCLUDE,no audience denominator; qualitative hadith authenticity study,1,W4405952433
W4405959537,10.22271/foodsci.2024.v5.i2c.174,2024,"Food, nutrition and common sense",EXCLUDE,review/commentary; nutrition essay,1,W4405959537
W4405961951,10.30762/f_m.v7i1.3703,2024,Application of binary logistic regression analysis to factors that influence participation in the 2024 presidential election,EXCLUDE,off-topic; electoral participation regression,2,W4405961951;W4405977969
W4405965297,,2024,"Bir Sosyal Medya Tartışması: Sosyal Medyanın Sosyal, Psikolojik ve Kültürel Etkileri",EXCLUDE,review/commentary; book review,1,W4405965297
W4406077232,10.26689/ssr.v6i12.9083,2024,Provincial Data Quality Control Strategy for the Operating Platform of Meteorological Data Business System,EXCLUDE,off-topic; meteorological data quality control,1,W4406077232
W4406078714,10.30984/pp.v28i2.3227,2024,"Digital Navigation and Fact-Checking Practices Among First-Time Voters: A Digital Ethnographic Study of Social Science Students in Bengkulu, Indonesia",EXCLUDE,no audience denominator; digital ethnography of eight voters,1,W4406078714
W4406143434,10.71039/istifham.v2i3.75,2024,"Modern Media in the 2024 Banda Aceh Regional Elections: Effectiveness of Use, Challenges and Impacts",EXCLUDE,no audience denominator; qualitative campaign media study,1,W4406143434
W4406224724,10.1002/alz.091047,2024,Self‐disclosure about dementia on social media: toward evidence‐informed guidance,EXCLUDE,"off-topic; self-disclosure motivations, no accuracy coding",1,W4406224724
W4406300755,10.46763/bssr242424413z,2024,SOCIAL MEDIA AND FREEDOM OF EXPRESSION: A SURVEY ON UNIVERSITY STUDENTS IN TURKEY,MAYBE,student survey may report disinformation encounter share,1,W4406300755
W4406310528,10.4103/kleuhsj.kleuhsj_469_24,2024,"Journal metrics: Measuring academic impact, journal rankings, and their implications",EXCLUDE,off-topic; journal metrics primer,1,W4406310528
W4406317936,10.24198/jkip.v12i2.58627,2024,Exploring adolescents’ digital information-seeking patterns and religious behavior,EXCLUDE,no audience denominator; qualitative FGD study,1,W4406317936
W4406685382,10.1111/criq.12814,2024,Sondheim and Weidman’s unintended trilogy,EXCLUDE,off-topic; theatre criticism,1,W4406685382
W4406697150,10.38159/jelt.202451012,2024,"Perspectives of Rural Teachers on the Effects of Peer Pressure on Learners’ Behaviour – A Case of the Mqanduli Magisterial District, South Africa",EXCLUDE,off-topic; peer pressure in schools,1,W4406697150
W4406872921,10.4103/ijnm.ijnm_72_24,2024,ChatGPT in Nuclear Medicine – Expanding Possibilities and Navigating Challenges: Correspondence,EXCLUDE,review/commentary; correspondence letter,1,W4406872921
W4407044317,10.52783/cana.v32.3021,2024,UAV Based Data Access Communication Control in Distributed Hash Table Mechanism,EXCLUDE,off-topic; UAV data access control,1,W4407044317
W4407055494,10.52152/rcr.v12.6,2024,Hybrid Media Systems: Challenges and Opportunities for Modern Journalism,EXCLUDE,review/commentary; hybrid media systems essay,1,W4407055494
W4407139351,10.1093/esr/jcae051,2024,Radical right populism and the media: evidence from the supply side and demand side of political information in Germany,INCLUDE,web tracking of exposure to hyperpartisan/alternative news sources,1,W4407139351
W4407377567,10.59568/amjd-2024-13-1-11,2024,The influence of social media platforms on student engagement and information literacy in a university setting,EXCLUDE,off-topic; information literacy skills survey,1,W4407377567
W4407420259,10.47672/ajc.2261,2024,Role of Social Media in Shaping Political Opinion among Young Adults in Tanzania,EXCLUDE,review/commentary; desk study of secondary sources,1,W4407420259
W4407598524,10.62754/joe.v3i8.6414,2024,Assess Nurses' Social Media Conduct's Effect on Patient Trust,MAYBE,"nurse survey reports misinformation share (44.1%), construct unclear",1,W4407598524
W4407601931,10.55047/polri.v3i4.1522,2024,SOCIAL MEDIA ANALYSIS OF THE PUBLIC RELATIONS DIVISION OF THE INDONESIAN NATIONAL POLICE IN THE KETUPAT OPERATION 2024 USING INTELLIGENCE SOCIO ANALYTIC (ISA),EXCLUDE,off-topic: qualitative police PR sentiment monitoring,1,W4407601931
W4407908353,10.1093/fsr/owae017,2024,Beyond Pandora's box: vast potential with significant challenges,EXCLUDE,review/commentary: letter on AI in forensic science,1,W4407908353
W4408007279,10.59613/grykjw81,2024,Legal Paradigms in Addressing Social Polarization on Social Media,EXCLUDE,review/commentary: legal literature study,1,W4408007279
W4408010436,10.24036/jce.v7i3.1125,2024,Perilaku Hate Speech di Media Sosial Facebook dan Twitter (Studi Pada Mahasiswa Universitas Negeri Padang),MAYBE,content analysis of comments may quantify hoax share,1,W4408010436
W4408131609,10.19105/elnubuwwah.v2i2.15407,2024,Peran Website dalam Penyebaran Hadis di Era Digital,EXCLUDE,review/commentary: literature-based hadith study,1,W4408131609
W4408182326,10.24239/rsy.v20i1.2155,2024,REINTERPRETASI KONSEP BERMEDIA SOSIAL DALAM AL-QUR’AN: UPAYA PENGUATAN KARAKTER KAUM MILENIAL DI ERA POST TRUTH,EXCLUDE,review/commentary: library research on Qur'anic ethics,1,W4408182326
W4408208088,10.30574/ijsra.2024.12.1.1158,2024,"Securing U.S. national interests with cloud innovation: data sovereignty, threat intelligence and digital warfare preparedness",EXCLUDE,off-topic: cloud/cyber security policy paper,1,W4408208088
W4408209825,10.51519/journalisi.v6i4.931,2024,Misinformation Detection: A Review for High and Low-Resource Languages,EXCLUDE,detection/classifier: review of detection models,1,W4408209825
W4408399035,10.37332/2309-1533.2024.3.19,2024,ARTIFICIAL INTELLIGENCE FOR DETECTING FAKE INFORMATION: INTERNATIONAL TRENDS AND IMPLEMENTATION OPPORTUNITIES,EXCLUDE,detection/classifier: AI fake-information detection,1,W4408399035
W4408634353,10.63424/ahsanitaqwim.v1i3.117,2024,DINAMIKA TANTANGAN POLITIK DALAM ERA DEMOKRASI INDONESIA,EXCLUDE,review/commentary: qualitative political analysis,1,W4408634353
W4408808201,10.5958/2319-4308.2024.00008.x,2024,Internal security & social-media,EXCLUDE,review/commentary: conceptual security paper,1,W4408808201
W4408951317,10.15575/rjsalb.v8i2.15545,2024,"Framing Religious Hoaxes: Logical, Religious, and Legal Perspectives in Indonesia",EXCLUDE,no audience denominator: qualitative hoax case framing,1,W4408951317
W4408994393,10.5958/0976-2442.2024.00023.4,2024,AI in educational technology: Advancing media literacy skills among students,EXCLUDE,off-topic: media-literacy tool perceptions,1,W4408994393
W4409064420,10.61955/krbzhr,2024,COVID-19 health information needs and seeking behaviour of River State population,MAYBE,survey of 1053 may report share citing misinformation encounter,1,W4409064420
W4409083452,10.18524/2308-3255.2024.30.318429,2024,THE USE OF DIGITAL TECHNOLOGIES BY UKRAINIAN JOURNALISTS WHILE WORKING IN A WAR ZONE,EXCLUDE,off-topic: journalists' verification tools,1,W4409083452
W4409235586,10.53808/kus.2024.21.02.1212-ss,2024,The Influence of Social Media on Environmental News Reporting and Public Discourse in China,EXCLUDE,off-topic: framing/tone coding with no accuracy measure,1,W4409235586
W4409247829,10.5117/ccr2024.2.7.mert,2024,I really thought I would use more than just Google: Investigating professional journalistic online use with browser history donations,MAYBE,browser-history donation study may code source reliability,1,W4409247829
W4409380471,10.53555/kuey.v30i1.9797,2024,"Online News Media And The Issue Of Ethics, Credibility And Information Overload: A Study",MAYBE,user survey may report perceived misinformation exposure,1,W4409380471
W4409460984,10.58471/ju-komi.v3i01.588,2024,The Influence of Information Technology on Community Culture,EXCLUDE,off-topic: IT and cultural preservation,1,W4409460984
W4409601756,10.58192/sidu.v3i4.2730,2024,Analisis Kesalahan Berbahasa dalam Teks Berita Daring pada Platform Radartasik.ID 2023,EXCLUDE,off-topic: linguistic errors in news texts,1,W4409601756
W4409613203,10.47065/bits.v6i1.5380,2024,Sentiment Analysis of the 2024 Indonesian Presidential Dispute Trial Election using SVM and Naïve Bayes on Platform X,EXCLUDE,detection/classifier: sentiment classification,1,W4409613203
W4409625097,10.36948/ijfmr.2024.v06i05.42635,2024,The Fake Propaganda on Tiktok: Measuring Gen Z’s Vulnerability and Building,INCLUDE,survey of self-reported encounters with TikTok misinformation,1,W4409625097
W4409645014,10.63544/ijss.v3i2.82,2024,The public sphere on a digital plane: The influence of the new digital media on Ghana’s democracy and the Public Sphere,EXCLUDE,review/commentary: public sphere literature review,1,W4409645014
W4409664738,10.21043/at-tabsyir.v11i2.30486,2024,Strategi Public Relations Kompas TV dalam Membangun Pemasaran dan Pengelolaan Corporate Image,EXCLUDE,off-topic: television public relations strategy,1,W4409664738
W4409694052,10.30993/jurnalkomunikan.v3i2.482,2024,Peran Teknologi AI dalam Mengembangkan Algoritma Media Sosial: Tantangan dan Peluangnya,EXCLUDE,review/commentary: conceptual paper on AI algorithms,1,W4409694052
W4409713173,10.33096/ilkom.v16i3.2357.371-381,2024,A Comparative Analysis of Forensic Similarity and Scale Invariant Feature Transform (SIFT) for Forensic Image Identification,EXCLUDE,detection/classifier: forensic image identification,1,W4409713173
W4409769000,10.15575/jbpd.v6i3.41259,2024,Dampak Demokrasi terhadap Integrasi Pemilu dan Kampanye Digital dalam Pilkada Garut,EXCLUDE,no audience denominator: four qualitative interviews,1,W4409769000
W4409819666,10.61194/ijcs.v2i1.473,2024,Media Management of the ANTARA Central Kalimantan Online News Portal,EXCLUDE,off-topic: newsroom media management,1,W4409819666
W4409819916,10.61194/ijcs.v2i3.650,2024,Social Media and Crisis Communication: A Narrative Literature Review of Public Engagement and Policy Implications,EXCLUDE,review/commentary: narrative literature review,1,W4409819916
W4409832840,10.20895/inista.v7i1.1622,2024,Deep Learning Model Based on Particle Swam Optimization for Buzzer Detection,EXCLUDE,detection/classifier: buzzer account detection,1,W4409832840
W4409845319,10.24815/jps.v5i1.39517,2024,Transformasi Politik di Indonesia: Analisis terhadap Peran Media Sosial dalam Partisipasi Politik Generasi Muda,EXCLUDE,no audience denominator: qualitative interviews and FGDs,1,W4409845319
W4409888144,10.1177/14727978241299490,2024,Blockchain-based federated learning algorithm and incentive mechanism enhancing data privacy and training accuracy,EXCLUDE,off-topic: blockchain federated learning,1,W4409888144
W4410175407,10.61194/jrkpk.v3i2.674,2024,The Role of Digital Health Literacy in Optimizing Telemedicine and e-Health Applications for Healthcare Accessibility,EXCLUDE,review/commentary: e-health literature review,1,W4410175407
W4410448741,10.55535/gmr.2024.4.24,2024,Alfabetizarea digitală și rezistența la dezinformare în cadrul personalului militar al NATO,MAYBE,repeat surveys may report disinformation encounter share,1,W4410448741
W4410502312,10.59261/jpia.v1i1.4,2024,Analyzing the Role of Social Media in Shaping Public Opinion and Public Policy in the Post-Truth Era,MAYBE,mixed-methods content analysis plus survey may quantify misinformation,1,W4410502312
W4410516574,10.53555/ajbr.v27i3.6716,2024,NEP 2020 in Reference to AI and Cyber Threats: An Analytical Study,EXCLUDE,off-topic: education policy and cyber threats,2,W4410516574;W4407178505
W4410588808,10.62225/2583049x.2024.4.6.4248,2024,"Advances in Preventive Care Delivery through WhatsApp, SMS, and IVR Messaging in High-Need Populations",EXCLUDE,review/commentary: mobile health messaging review,1,W4410588808
W4410696737,10.3126/rrij.v5i5.78912,2024,YouTube's Role in Nepal's Media Landscape: Advancing Media Pluralism and Diversity,EXCLUDE,no audience denominator: qualitative stakeholder study,1,W4410696737
W4410719867,10.47065/josyc.v5i3.5223,2024,Analisis Sentimen Hasil Pemilu (Quick Count) Calon Presiden dan Wakil Presiden 2024 di Media Sosial Media X Menggunakan Metode Bidirectional Long Short-Term Memory (BiLSTM),EXCLUDE,detection/classifier: BiLSTM sentiment analysis,1,W4410719867
W4410989307,10.25264/2519-2558-2024-24(92)-8-16,2024,THE IMPACT OF MARTIAL LAW ON THE ADAPTATION OF ENGLISH TERMINOLOGY IN UKRAINE,EXCLUDE,off-topic: terminology adaptation study,1,W4410989307
W4411577689,10.63282/3050-922x.ijeret-v5i4p104,2024,Zero-Trust Architecture in Cloud Security: A Model for Enterprise Data Protection,EXCLUDE,off-topic: zero-trust cloud security,1,W4411577689
W4411856508,10.63875/nahnu.v2i2.44,2024,Peran Nahdlatul Ulama (NU) dalam Menjaga Keharmonisan Umat Beragama di Era Disrupsi Digital,EXCLUDE,review/commentary: literature review of digital outreach,1,W4411856508
W4412165384,10.14321/jstudradi.18.2.000165,2024,The Production of Political Violence,EXCLUDE,off-topic: history of political violence,1,W4412165384
W4412219334,,2024,Regulation of Big Tech in the EU:Edited version,EXCLUDE,review/commentary: EU platform regulation essay,1,W4412219334
W4413036445,10.29121/shodhkosh.v5.i5.2024.6080,2024,MEDIA’S INFLUENCE ON FINANCIAL LITERACY AND ECONOMIC ASPIRATIONS FOR VIKSIT BHARAT,EXCLUDE,off-topic: media and financial literacy essay,1,W4413036445
W4413067518,10.26905/nomosleca.v10i2.14665,2024,Transformasi Agile Bisnis Media Menuju Keunggulan Kompetitif (Studi Kasus: Progam Lintas INews Siang MNCTV),EXCLUDE,off-topic: media business management case,1,W4413067518
W4413771641,10.29121/shodhkosh.v5.i1.2024.6268,2024,ADAPTIVE ONLINE REINFORCEMENT LEARNING FRAMEWORK FOR REAL-TIME OPINION MINING AND BIG DATA DECISION-MAKING IN SOCIAL MEDIA,EXCLUDE,detection/classifier: opinion-mining model,1,W4413771641
W4414882804,10.55324/iss.v4i1.744,2024,Hoax practices behind TikTok fake accounts in the 2024 presidential election contest,EXCLUDE,no audience denominator: qualitative account case study,1,W4414882804
W4414921241,,2024,DİJİTALLEŞME TEMELLİ GAZETECİLİK TEORİLERİ HAKKINDA BİR SINIFLANDIRMA DENEMESİ,EXCLUDE,review/commentary: journalism theory classification,1,W4414921241
W4414927511,10.14421/jpi.2024.132.169-181,2024,Construction of Social Education Theory from ’Ulwan’s Perspective to Respond to Social Problems in the Digital Era/Society 5.0: A Qualitative Content Analysis Study,EXCLUDE,review/commentary: document-based theory construction,1,W4414927511
W4415386652,10.37899/mjds.v1i3.109,2024,Social Media Platforms for Political Mobilization and Citizen Engagement in Democratic Campaigns,EXCLUDE,no audience denominator: interviews and focus groups,1,W4415386652
W4416633152,10.5334/ijic.apic3195,2024,Benefits and Risks of Digital Health in Primary and Integrated Care. How can we mitigate the risk?,EXCLUDE,review/commentary: digital health commentary,1,W4416633152
W7109097660,10.17605/osf.io/e7sjt,2024,Regressive ‚alternative‘ media and their role in disrupting the public spheres in Europe and Latin America,EXCLUDE,review/commentary: conceptual essay on alternative media,1,W7109097660
W7116752192,10.47205/jdss.2024(5-iv)62,2024,"In the Digital Age: Media, Society, and Power: Changing Governance, the Public Sphere, and Democratic Accountability (1990-2023)",EXCLUDE,review/commentary: theoretical synthesis,1,W7116752192
W7117140885,10.51473/rcmos.v1i1.2024.1870,2024,O papel da visão computacional no combate à desinformação digital: detecção automática de deepfakes em plataformas sociais the role,EXCLUDE,detection/classifier: deepfake detection review,1,W7117140885
W7119469507,10.63200/jebmass.v2i6.158,2024,Developing Digital Literacy Among the Elderly: The Role of Information Technology in Increasing Independence and Skills,EXCLUDE,off-topic: elderly digital literacy,1,W7119469507
W7125893910,10.22054/nms.2025.82425.1769,2024,A Model of Effective Domestic Messaging Application with an Emphasis on the Role of User’s Media Literacy,EXCLUDE,off-topic: Delphi model for a messaging app,1,W7125893910
W7125953758,10.22054/nms.2025.82066.1758,2024,Networked Health: Exploring the Instagramification of Health,EXCLUDE,no audience denominator: expert interviews on Instagram health,1,W7125953758
W7128432046,10.1162/comj.a.687,2024,Sound and Video Anthology: Program Notes,EXCLUDE,not a study: music anthology programme notes,1,W7128432046
W7128801618,10.15662/ijrai.2024.0704011,2024,Deepfake Detection and AI’s Role in Preventing Digital Fraud,EXCLUDE,detection/classifier: deepfake detection,1,W7128801618
W7128912971,10.33172/jp.v10i3.19645,2024,Bubble Echo Chamber Effects Phenomenon in the 2024 Indonesia Regional Head Elections,EXCLUDE,no audience denominator: qualitative echo-chamber study,1,W7128912971
W7128936135,,2024,Transformación del periodismo en la era digital: Un Análisis del Impacto de las Nuevas Tecnologías de la Información,EXCLUDE,belief/attitude only: journalists' perceptions in a literature review,1,W7128936135
W7131837460,10.5281/zenodo.18788512,2024,Detecting Divergent Language Use in Russian Media During the Russo-Ukrainian War: Steps Towards Interpretable Propaganda Detection and Analysis,EXCLUDE,detection/classifier: propaganda detection method,2,W7131837460;W7131896288
W7132817668,10.57251/csm.v4i1.1862,2024,Analisis Pengaruh Konten Politik di Akun Media Sosial Instagram MedanTalk terhadap Keputusan Memilih Pemilih Pemula di Desa Sekip Lubuk Pakam,EXCLUDE,no audience denominator: qualitative voter interviews,1,W7132817668
W7133194847,10.5406/19452349.42.4.07,2024,Black Holograms: Techno-Necropolitical Performance of Blackness and Its Eradication,EXCLUDE,off-topic: cultural studies essay,1,W7133194847
W7133342365,10.58812/wsiss.v2i04.2486,2024,Cyber Preaching Management and Public Opinion Formation Strategies on the Twitter Platform,EXCLUDE,no audience denominator: qualitative netnography,1,W7133342365
W7137655076,,2024,Advanced Open-Source Intelligence (OSINT) Platform to Combat Misinformation on Social Media,EXCLUDE,tool: OSINT tagging platform,1,W7137655076
W7140286862,10.5325/studamershorstor.5.2.v,2024,Editor’s Comment,EXCLUDE,not a study: editorial comment,1,W7140286862
W7147346422,10.66498/cuklr.4.2024.65-92,2024,"Legal Implications of Deepfake Technology: In the Context of Manipulation, Privacy, and Identity Theft",EXCLUDE,review/commentary: legal analysis of deepfakes,1,W7147346422
W7155580649,,2024,FROM LIKES TO CHANGE: ASSESSING THE IMPACT OF CITIZEN ENGAGEMENT ON THE EUROPEAN COMMISSION’S SOCIAL MEDIA PLATFORMS,EXCLUDE,off-topic: engagement metrics with no misinformation measure,1,W7155580649
W7159613886,10.36061/iv.11.1.24.39.50,2024,Social Media Platforms and Students’ Learning During COVID-19: A Case Study,EXCLUDE,off-topic: learning outcomes with no misinformation measure,1,W7159613886
W7159947144,10.5281/zenodo.20017058,2024,An Automated Fake News Detection System using Natural Language Processing and Machine Learning Techniques,EXCLUDE,detection/classifier: fake-news detection system,2,W7159947144;W7159985023
W7160405558,10.58540/pijar.v2i2.1602,2024,Internalizing Islamic Educational Philosophy Epistemology to Construct Generation Z Religiosity in the Post-Truth Era: A Qualitative Study at an Indonesian Islamic University,EXCLUDE,off-topic: qualitative religiosity study,1,W7160405558
W7161554597,10.67028/jssmr.v1i3.77,2024,The Digital Da'wah Strategy Amid the Flow of Hoax Information,EXCLUDE,review/commentary: library research on outreach strategy,1,W7161554597
W7161994194,10.59236/emro.v26i11a8349,2024,Click Trap,EXCLUDE,not a study: documentary film review,1,W7161994194
W7163756235,10.63084/9km4b059,2024,The Optimization of Communication Strategies for the Public Opinion Guidance Power of Mainstream Media in the Era of Social Media,EXCLUDE,review/commentary: media strategy essay,1,W7163756235
W7164545361,10.22271/27084450.2024.v5.i1a.177,2024,International Organizations and Media: Steering Global Governance in the Digital Age,EXCLUDE,off-topic: institutional media strategy analysis,1,W7164545361
W7164881940,10.67107/jcmr.2024.571,2024,Adoption of communication strategies in the promotion and management of social investment programmes in Nigeria 2017-2021,EXCLUDE,no audience denominator: qualitative in-depth interviews,1,W7164881940
W7167811156,10.6082/xjynh-v6z91,2024,"Social Media Politics: Trusting Online News, Emotions, and Out-Group Feelings on the Susceptibility of Belief in Misinformation",EXCLUDE,belief/attitude only: predictors of misinformation belief,1,W7167811156
W7169845542,10.22174/jcr.2024.61.2.57,2024,Examining the impact of fact-check news quality on news engagement and fact-checking of COVID-19 misinformation,EXCLUDE,intervention/experiment only: fact-checking effects study,1,W7169845542
W7201881826,10.66431/1de4/id38bf/t8r4k,2024,"IL GIORNALISMO CAMBIA VOLTO: LA NUOVA BATTAGLIA PER TALENTI, GENERAZIONI E COMPETENZE",EXCLUDE,off-topic: newsroom diversity essay,1,W7201881826
W4406074114,10.35870/jimik.v6i1.1280,2025,Media Baru dalam Dinamika Komunikasi Politik pada Era Society 5.0,EXCLUDE,review/commentary: library research on political communication,1,W4406074114
W4406128824,10.54254/2754-1169/2025.19810,2025,"American Politics in the Age of Social Media: Influence, Challenges, and Economic Effects",EXCLUDE,review/commentary: historical and case-study essay,1,W4406128824
W4406130844,10.3389/fresc.2024.1511053,2025,Mapping the vitiligo patient journey: from awareness to treatment or coping strategies,EXCLUDE,off-topic: patient journey mapping,1,W4406130844
W4406161703,10.47852/bonviewjcce52023348,2025,Optimized Deep Learning Techniques to Identify Rumors and Fake News in Online Social Networks,EXCLUDE,detection/classifier: deep-learning fake news detection,1,W4406161703
W4406177937,10.7759/s44389-024-01030-8,2025,Live News Classification Using Naive Bayes Classifier,EXCLUDE,detection/classifier: news topic classification,1,W4406177937
W4406185748,10.34778/4k,2025,Country reputation,EXCLUDE,not a study: construct reference entry,1,W4406185748
W4406245439,10.1111/test.12395,2025,C Oswald George prize announcement 2024,EXCLUDE,not a study: prize announcement,1,W4406245439
W4406258487,10.1145/3701217,2025,Women's Perspectives and Challenges in Adopting Perinatal Mental Health Technologies,MAYBE,analysis of 1600 posts may quantify misinformation content,1,W4406258487
W4406282635,10.22515/albalagh.v10i1.9963,2025,ANALYSIS OF DIGITAL TECHNOLOGY ON DA'WAH COMMUNICATION STRATEGIES IN THE MODERN ERA,EXCLUDE,no audience denominator: qualitative case study,1,W4406282635
W4406300730,10.1007/s41976-024-00190-4,2025,Improving Food Safety by IoT-based Climate Monitoring and Control Systems for Food Processing Plants,EXCLUDE,off-topic: IoT food safety (no abstract),1,W4406300730
W4406305410,10.1038/s41598-024-74126-9,2025,Hierarchical graph-based integration network for propaganda detection in textual news articles on social media,EXCLUDE,detection/classifier: propaganda detection network,1,W4406305410
W4406321628,10.1038/s41390-025-03835-2,2025,Navigating the digital frontier: protecting adolescents in the age of mobile internet,MAYBE,no abstract; title alone cannot rule out exposure estimates,1,W4406321628
W4406337725,10.3389/fgwh.2024.1523117,2025,Vaccination in pregnancy,EXCLUDE,review/commentary: editorial on vaccine hesitancy,1,W4406337725
W4406368243,10.35870/jtik.v9i2.3419,2025,"Analisis Model Newcomb, One-Step Flow, dan Two-Step Flow dalam Proses Kampanye Digital Pilkada 2024 di Sumatera Utara",EXCLUDE,review/commentary: literature review of campaign models,1,W4406368243
W4406382191,10.47772/ijriss.2024.8120234,2025,"The Invisible Majority: Rural Women, Digital Campaigns, and Political Violence",MAYBE,mixed-methods survey may quantify disinformation experiences,1,W4406382191
W4406400320,10.30574/wjarr.2025.25.1.0131,2025,Computational propaganda and misinformation: AI technologies as tools of media manipulation,MAYBE,mixed-methods study may quantify misinformation spread,1,W4406400320
W4406406217,10.1111/edt.13033,2025,"Long‐Term Management of Dental Trauma, Mitigating Risk Factors, and Optimizing Treatment Outcomes",EXCLUDE,review/commentary: journal editorial,1,W4406406217
W4406412084,10.1215/00982601-11523800,2025,Trivial Pursuit: The Anecdote as Evidence in Theater History,EXCLUDE,not a study: book review,1,W4406412084
W4406424192,10.3389/fpubh.2024.1487139,2025,AI and digital technology paradigm for seniors: a Singapore lens to healthy longevity,EXCLUDE,review/commentary: commentary on ageing and technology,1,W4406424192
W4406533559,10.1002/bdr2.2433,2025,Updated Joint Position Statement on Vaccines From the Society for Birth Defects Research and Prevention and the Organization of Teratology Information Specialists,EXCLUDE,not a study: position statement,1,W4406533559
W4406559890,10.1016/j.datak.2025.102409,2025,Ensuring safety in digital spaces: Detecting code-mixed hate speech in social media posts,EXCLUDE,detection/classifier: hate-speech detection (no abstract),1,W4406559890
W4406628020,10.1080/10826084.2024.2422987,2025,"#natural, #vegan, #healing: A Content Analysis of Health Content Among Instagram Posts Focused on Cannabis Edibles",MAYBE,content analysis of 702 posts codes unsubstantiated health claims,1,W4406628020
W4406678355,10.1111/1756-185x.70086,2025,Bridging Health Inequity in Rheumatology With Technology,EXCLUDE,review/commentary: rheumatology technology commentary,1,W4406678355
W4406699637,10.1080/0951192x.2025.2452615,2025,Virtual reality integration and credible traceability management method of transformer coil manufacturing process based on industrial internet and digital twin,EXCLUDE,off-topic: manufacturing digital twin,1,W4406699637
W4406705619,10.1177/21582440241262100,2025,Classification and Detection of Rumors Related to COVID-19 Using Machine Learning-Based Smart Techniques,EXCLUDE,detection/classifier: rumour detection review,1,W4406705619
W4406731131,10.5120/icaidsc202416,2025,Unmasking Deceptive Information: Strategies and Tools for False Information Detection using Machine Learning,EXCLUDE,detection/classifier: false-information detection review,1,W4406731131
W4406736175,10.1007/s10489-025-06238-2,2025,Fake advertisements detection using automated multimodal learning: a case study for Vietnamese real estate data,EXCLUDE,detection/classifier: fake advertisement detection,1,W4406736175
W4406795851,10.59075/w093fc51,2025,The Impact of New Media on Contemporary Journalism,EXCLUDE,review/commentary: systematic literature review,1,W4406795851
W4406848707,10.1017/s0963180125000027,2025,Public Reason in Times of Corona: Countering Disinformation in the Netherlands,EXCLUDE,review/commentary: normative essay on disinformation policy,1,W4406848707
W4406928642,10.71097/ijsat.v16.i1.1631,2025,Misinformation: Analysing the Role of Fact-Checking in Countering Communal and Political Narratives During the 2024 Lok Sabha Elections in India,MAYBE,fact-check corpus analysis may quantify misinformation narratives,1,W4406928642
W4406976473,10.71000/faq39r22,2025,"EXAMINING UNDERGRADUATE STUDENTS’ AWARENESS, ATTITUDES, AND ACTIONS TOWARD VOLUNTARY BLOOD DONATION",EXCLUDE,off-topic: blood donation awareness survey,1,W4406976473
W4406985268,10.61838/kman.aitech.3.1.1,2025,Evaluating the Role of Social Media in Promoting Health-Oriented Lifestyles and Behavioral Change: A Health Management Approach,EXCLUDE,review/commentary: narrative review on health promotion,2,W4406985268;W7128230174
W4407004520,10.1080/10357823.2024.2449350,2025,Digital Vigilantism and Chinese Digital Feminisms: The Shi Hang Case and the Double-Edged Sword of Online Justice-Seeking,EXCLUDE,no audience denominator: qualitative discourse case study,1,W4407004520
W4407044506,10.52783/cana.v32.3282,2025,Automated Phishing Detection Through URL Analysis and Machine Learning,EXCLUDE,detection/classifier: phishing URL detection,1,W4407044506
W4407049248,10.57096/edunity.v4i1.336,2025,News Consumption Behavior of Generation Z In The Reading Community Via Instagram,EXCLUDE,"qualitative interviews, no audience denominator",1,W4407049248
W4407050595,10.37329/cetta.v8i1.3821,2025,Persepsi Guru terhadap Penggunaan Media Sosial dalam Pembelajaran Pendidikan Agama Islam di SMA Negeri 2 Sukoharjo,EXCLUDE,off-topic: teacher perceptions of social media in teaching,1,W4407050595
W4407069002,10.33545/26633329.2025.v7.i1b.217,2025,A study on impact of social media marketing on customer satisfaction and perception towards brand with reference to apex consultancy,EXCLUDE,off-topic: marketing sentiment analysis,1,W4407069002
W4407127906,10.1109/access.2025.3538888,2025,Topic Modeling and Sentiment Analysis of Arabic News Headlines for a Societal Well-Being Scoring and Monitoring System: Moroccan Use Case,EXCLUDE,off-topic: topic modelling/sentiment of news headlines,1,W4407127906
W4407161427,10.1007/s41060-025-00727-w,2025,A review of web infodemic analysis and detection trends across multi-modalities using deep neural network,EXCLUDE,review/commentary of detection methods,1,W4407161427
W4407177512,10.61784/jtah3037,2025,ANALYZING THE IMPACT OF FALSE INFORMATION ON SOCIAL MEDIA: IMPLICATIONS FOR SOCIETY,MAYBE,classifies posts true vs false; may yield content share,1,W4407177512
W4407179032,10.1111/1747-0080.12923,2025,A new approach to nutrition science is needed to address current food systems challenges,EXCLUDE,off-topic: nutrition science commentary,1,W4407179032
W4407195409,10.5210/spir.v2024i0.14065,2025,NAVIGATING THE GRAY: THE ECONOMIC UNDERBELLY OF TIKTOK'S SIDE HUSTLES,MAYBE,TikTok API study of crypto-scam disinformation; share unclear,1,W4407195409
W4407195712,10.5210/spir.v2024i0.14090,2025,"CONTROVERSIES, PROBLEMATIC INFORMATION, AND POLARISATION: CASE STUDIES ACROSS SIX COUNTRIES",MAYBE,panel on problematic information circulation across six countries,1,W4407195712
W4407195767,10.5210/spir.v2024i0.14053,2025,UNFAIR PLAY: DIGITAL PLATFORM'S ABUSE OF POWER TO INFLUENCE BRAZILIAN POLICY AGENDA,EXCLUDE,off-topic: platform lobbying against a bill,1,W4407195767
W4407195892,10.5210/spir.v2024i0.14089,2025,ANALYSING NEWS POLARISATION: FROM PRODUCTION TO ENGAGEMENT AND BEYOND,EXCLUDE,not a study: panel overview on news polarisation,1,W4407195892
W4407206261,10.1177/10591478251319686,2025,MT-GPD: A Multimodal Deep Transfer Learning Model Enhanced by Auxiliary Mechanisms for Cross-Domain Online Fake News Detection,EXCLUDE,detection/classifier model,1,W4407206261
W4407232168,10.5210/spir.v2024i0.14094,2025,AMBIENT AMPLIFICATION: ATTENTION HIJACKING AND SOCIAL MEDIA PROPAGANDA,EXCLUDE,not a study: theoretical panel on amplification,1,W4407232168
W4407235857,10.57239/pjlss-2025-23.1.00424,2025,Social Media and Community Leaders: New Frontiers in Promoting Security in Papua Pegunungan Province,EXCLUDE,"off-topic: social media for peacebuilding, no misinfo denominator",1,W4407235857
W4407242968,10.59613/0pscjk39,2025,Social Media as a New Arena of Power in Indonesia: A Political Economy Perspective in the Digital Platform Era,EXCLUDE,non-empirical: literature study of platform political economy,1,W4407242968
W4407252088,10.4103/neurol-india.neurol-india-d-25-00005,2025,Prof. Sunil K. Pandya,EXCLUDE,not a study: obituary,1,W4407252088
W4407313862,10.47760/cognizance.2025.v05i02.002,2025,THE POWER OF DATA ANALYTICS: UNCOVERING BOT ARMIES’ MANIPULATION TECHNIQUES IN ONLINE SOCIAL NETWORKS,MAYBE,survey on encountering bots and misinformation spread,1,W4407313862
W4407317737,10.1371/journal.pone.0316928,2025,Perception of four intellectual and developmental disabilities based on search engine and news portrayal,EXCLUDE,"perception survey only, no misinformation share",1,W4407317737
W4407377008,10.1002/leap.1667,2025,The Citation of Retracted Papers and Impact on the Integrity of the Scientific Biomedical Literature,EXCLUDE,off-topic: citation of retracted papers,1,W4407377008
W4407565382,10.1097/inf.0000000000004693,2025,Identifying Gaps and Opportunities for Maternal and Neonatal Immunization Research and Implementation in Latin America,EXCLUDE,off-topic: maternal immunization research agenda,1,W4407565382
W4407595030,10.52340/eab.2024.16.04.04,2025,Contemporary Problems and Development Prospects of Digitalization in the Field of Education in Georgia,EXCLUDE,off-topic: digitalization of education,1,W4407595030
W4407666465,10.1111/mepo.12797,2025,"Biden's Gaza Failure, the Syrian Revolution, And the Folly of US Middle East Policy",EXCLUDE,not a study: book review essay,1,W4407666465
W4407736486,10.1109/access.2025.3543795,2025,AI Techniques and Applications for Online Social Networks and Media: Insights From BERTopic Modeling,EXCLUDE,review of AI methods incl. detection,1,W4407736486
W4407797048,10.30595/jhepr.v3i1.231,2025,Sentiment Analysis of X Social Media User Regarding Whitening Cream: A Netnography Study,EXCLUDE,"sentiment/theme analysis, no accuracy coding",1,W4407797048
W4407798264,10.32782/business-navigator.78-52,2025,SOCIAL NETWORKS AND FAKE ACCOUNTS: CHALLENGES FOR MARKETERS,EXCLUDE,non-empirical: fake-account challenges for marketers,1,W4407798264
W4407815062,10.1242/jeb.250344,2025,Announcing the 2024 Journal of Experimental Biology Outstanding Paper Prize shortlist and winner,EXCLUDE,not a study: journal prize announcement,1,W4407815062
W4407850623,10.31039/bjir.v2i3.28,2025,Journalistic objectivity in the Kurdistan region of Iraq: examining the relationship between journalists and politicians,EXCLUDE,"off-topic: journalist-politician relations, interviews only",1,W4407850623
W4407854437,10.54097/1f2j6n73,2025,The Role of Social Media in Informal English Learning: A Case Study of Language Learning Communities,EXCLUDE,off-topic: social media for language learning,1,W4407854437
W4407875472,10.71064/spu.amjr.9.2.315,2025,The Spread of Information Disorder on Facebook and its Impact on Sociocultural Sustainability,MAYBE,survey on exposure to information disorder on Facebook,1,W4407875472
W4407895533,10.3389/fpubh.2025.1534139,2025,The emerging need to integrate digital health literacy as a course into health-related and care-related profession curricula,EXCLUDE,review/commentary on digital health literacy curricula,1,W4407895533
W4407956512,10.25105/v5i1.21058,2025,Sentiment Analysis And Topic Modelling Of Candidate News In The 2024 General Election On Twitter Social Media Using Latent Dirichlet Allocation (LDA) Method,EXCLUDE,"sentiment/topic modelling, no misinformation share",1,W4407956512
W4408008252,10.3389/fpubh.2025.1448811,2025,Simpson's Paradox of social media opinion's response to COVID-19,EXCLUDE,commentary on a statistical paradox,1,W4408008252
W4408009587,10.61173/2yvx3d77,2025,The Impact of Social Media on Social Development,EXCLUDE,non-empirical essay on social media impacts,2,W4408009587;W4411667391
W4408015664,10.1097/01.asm.0001108776.19124.84,2025,2025 SOAP Update,EXCLUDE,not a study: society update,1,W4408015664
W4408019041,10.70184/7tbs5h50,2025,The Evolution of Consumer Behavior in the Age of Information: An Analytical Review,EXCLUDE,review/commentary on consumer behaviour,1,W4408019041
W4408024359,10.5406/19446489.20.1.01,2025,Beyond Moral Fundamentalism,EXCLUDE,not a study: philosophical essay,1,W4408024359
W4408046333,10.1016/j.ijid.2024.107716,2025,Safety and Immunogenicity of Pfizer BioNTech mRNA Vaccine and Novavax NVX-CoV2373 COVID-19 Mix and Match Booster Vaccination in Adolescents Aged 12-17 Years with HIV infection in Kenya,EXCLUDE,off-topic vaccine trial; abstract is a mis-scraped duplicate,1,W4408046333
W4408046435,10.1016/j.ijid.2024.107723,2025,"Social Listening Analysis of information patterns and public perception of Lassa fever, Diphtheria, and Cerebrospinal Meningitis in Nigeria",MAYBE,social listening; may report share of misinformation mentions,1,W4408046435
W4408046472,10.1016/j.ijid.2024.107724,2025,"Statutory reporting data-driven analysis in Saxony, Germany, to guide RSV vaccination recommendations",EXCLUDE,off-topic RSV surveillance; abstract is a mis-scraped duplicate,1,W4408046472
W4408046508,10.1016/j.ijid.2024.107725,2025,"SToP (See, Treat, and Prevent) activities for impetigo control in remote Western Australia: a cluster randomised, stepped-wedge Trial",EXCLUDE,off-topic impetigo trial; abstract is a mis-scraped duplicate,1,W4408046508
W4408046543,10.1016/j.ijid.2024.107717,2025,"SARS-CoV-2 Infection and Sequelae in Febrile Patients in Six Hospitals along the Thai-Lao and Thai-Myanmar Borders, 2022-2023",EXCLUDE,off-topic SARS-CoV-2 study; abstract is a mis-scraped duplicate,1,W4408046543
W4408085683,10.35870/jtik.v9i2.3859,2025,Analisis Big Data untuk Deteksi Hoaks dan Disinformasi di Platform Berita Online,EXCLUDE,detection/classifier: big-data hoax detection,1,W4408085683
W4408096494,10.55041/ijsrem41999,2025,A System for Fake News Detection by using Supervised Learning Model for Social Media Contents,EXCLUDE,detection/classifier model,1,W4408096494
W4408100572,10.1109/tcc.2025.3547563,2025,PPSKSQ: Towards Efficient and Privacy-Preserving Spatial Keyword Similarity Query in Cloud,EXCLUDE,off-topic: privacy-preserving spatial query scheme,1,W4408100572
W4408117408,10.1080/10447318.2025.2470280,2025,Examining Generative AI User Discontinuance from a Dual Perspective of Enablers and Inhibitors,EXCLUDE,"perceived-attribute predictors of AI discontinuance, no exposure share",1,W4408117408
W4408170381,10.32996/jhsss.2025.7.3.2,2025,"Exploring the Impact of TikTok on Second-Language Vocabulary Acquisition: Benefits, Challenges, and Learner Perceptions",EXCLUDE,off-topic: TikTok and vocabulary learning,1,W4408170381
W4408174687,10.1108/intr-01-2024-0033,2025,Unpacking the influence of perceived credibility of guaranteed data destruction service on digital device recycling platform use: the perspective of privacy calculus,EXCLUDE,off-topic: device recycling platform use,1,W4408174687
W4408188925,10.19166/lectura.v1i2.9468,2025,"2024 ELECTION LITERACY FOR BEGINNER VOTER IN AMURAN DISTRICT, SOUTH MINAHASA",MAYBE,voter survey; may report exposure to hoaxes on social media,1,W4408188925
W4408210491,10.62872/9fwp7844,2025,Digital Participation in Democracy: The role of Social Media in the 2024 Political Campaign,EXCLUDE,"qualitative interviews/FGD, no denominator",1,W4408210491
W4408215785,10.70177/jnis.v2i1.1844,2025,Digital Da’wah: Effective Strategies in Spreading Islam through Social Media,EXCLUDE,off-topic: religious outreach content strategies,1,W4408215785
W4408241768,10.1002/ajhb.70019,2025,Doing More With Less: Advancing a Contextualized Understanding of Human Biology With Minimally‐Invasive Approaches to Capillary Blood Sampling,EXCLUDE,off-topic: blood-sampling methods commentary,1,W4408241768
W4408246219,10.1002/hsr2.70541,2025,Response to the Comment on Our Article Titled: “Perspective on Antibiotic Resistance in Bangladesh: A Critical yet Overlooked Public Health Crisis”,EXCLUDE,not a study: correspondence on antibiotic resistance,1,W4408246219
W4408246726,10.32996/smjc.2025.3.1.2,2025,The State of Fact-checking in Morocco: from Information Disorder to Information Integrity,EXCLUDE,"qualitative study of fact-checking practice, no prevalence",1,W4408246726
W4408267012,10.56397/jlcs.2025.02.02,2025,Social Media Slang Evolution in Indonesia: A Big Data Analysis of Instagram and TikTok Hashtags (2018-2024),EXCLUDE,off-topic: slang evolution on social media,1,W4408267012
W4408278514,10.1016/j.patcog.2025.111530,2025,Contrastive Domain Adaptation with Test-Time Training for Out-of-Context News Detection,EXCLUDE,detection/classifier: out-of-context news detection,1,W4408278514
W4408283153,10.58812/eslhr.v3i02.468,2025,Juridical Analysis of Data Sovereignty in the Era of Digital Economy in Indonesia,EXCLUDE,off-topic: legal analysis of data sovereignty,1,W4408283153
W4408293904,10.62872/0qv54h91,2025,Dymanics Of Public Trust In Government Institutions In The Post-Truth Era: An Analysis Of The Role Of Social Media In Perception Formation,EXCLUDE,"qualitative netnography on trust, no denominator",1,W4408293904
W4408300201,10.1111/1467-8675.12773,2025,"Social Media, Democracy, and the Popular Public Sphere",EXCLUDE,non-empirical: political theory essay,1,W4408300201
W4408305667,10.1525/gfc.2025.25.1.39,2025,Chiang Mai 2015,EXCLUDE,not a study: personal essay,1,W4408305667
W4408312072,10.54536/jirp.v2i1.3962,2025,Hate Speech and Disinformation in Sudan: Impact on Local Peace,EXCLUDE,"qualitative case studies, no denominator",1,W4408312072
W4408336983,10.22214/ijraset.2025.67348,2025,Exploring the Impact of Social Media Applications on the Education System,MAYBE,student survey reporting platform use and misinformation exposure,1,W4408336983
W4408342294,10.1111/soc4.70046,2025,The Potential for Changing Public Perceptions on Climate Change Through Narratives,EXCLUDE,belief/attitude only: climate perceptions,1,W4408342294
W4408363335,10.5406/19346018.77.2.02,2025,Roasting Mulan : Chinese Cultural Confidence and Tucao Video Remixes on Bilibili,EXCLUDE,off-topic: film reception and remix videos,1,W4408363335
W4408386066,10.3389/phrs.2025.1608237,2025,Reflecting Digital Transformations in Public Health Curricula,EXCLUDE,commentary on public health curricula,1,W4408386066
W4408391136,10.1177/27523543251325902,2025,Can AI Outsmart Fake News? Detecting Misinformation with AI Models in Real-Time,EXCLUDE,detection/classifier: real-time AI misinformation detection,1,W4408391136
W4408410663,10.2478/amns-2025-0807,2025,Design of an Intelligent Teaching Platform under Multidimensional Data Fusion in Music Performance Teaching,EXCLUDE,off-topic: music teaching platform,1,W4408410663
W4408416625,10.51903/jtikp.v16i1.988,2025,PEMAHAMAN DAN PRAKTIK KOMUNIKASI POLITIK AKTIVIS GENERASI Z MENJELANG PILKADA 2024 DI KOTA PALEMBANG UNDERSTANDING AND PRACTICE OF POLITICAL COMMUNICATION AMONG GENERATION Z ACTIVISTS AHEAD OF THE 2024 REGIONAL ELECTION IN PALEMBANG,EXCLUDE,"qualitative interviews with activists, no denominator",2,W4408416625;W4408417067
W4408451642,10.52340/ekonomisti.2025.01.03,2025,Effective development mechanism for public catering services in Azerbaijan,EXCLUDE,off-topic: catering services,1,W4408451642
W4408477885,10.1016/j.entcom.2025.100939,2025,Bridging psychological distance in Vlog News: How content characteristics influence user stickiness through emotional attachment and Uses and Gratifications,EXCLUDE,"off-topic: vlog news stickiness (no abstract, title certain)",1,W4408477885
W4408507535,10.1177/29768624251325128,2025,Platform imperialism and disinformation in Aotearoa-New Zealand,EXCLUDE,critical policy commentary on disinformation field,1,W4408507535
W4408587963,10.1093/isle/isaf024,2025,Subverting the Wasteocene Logic through Counternarratives: Decolonial and Affective Solidarity in Lunar Braceros: 2125-2148,EXCLUDE,off-topic: literary analysis,1,W4408587963
W4408614781,10.1242/dmm.052316,2025,Patient advocacy in tuberculosis research and treatment: an interview with Zolelwa Sifumba,EXCLUDE,not a study: interview with an advocate,1,W4408614781
W4408634564,10.30762/mediakita.v9i1.2744,2025,"A Bibliometric Analysis of Social Media Utilization in Election Campaign Strategies; Trends, Dynamics, and Impacts on Scopus Data from 2019 to 2024",EXCLUDE,bibliometric review of campaign literature,1,W4408634564
W4408657694,10.47772/ijriss.2025.9020308,2025,Social Media Misuse in Ghana: Ethical Implications and Its Influence on National Values,MAYBE,survey of 300 users; may report share reporting misinformation,1,W4408657694
W4408672457,10.54327/set2025/v5.i1.222,2025,An Overview on Blockchain-based Social Media,EXCLUDE,review of blockchain-based social media,1,W4408672457
W4408677680,10.1007/s13278-025-01412-3,2025,ScrutNet: a deep ensemble network for detecting fake news in online text,EXCLUDE,detection/classifier model,1,W4408677680
W4408690527,10.54392/irjmt2528,2025,Feature Engineering Trends in Text-Based Affective Computing: Rules to Advance Deep Learning Models,EXCLUDE,review of affective-computing feature engineering,1,W4408690527
W4408742103,10.70670/sra.v3i2.526,2025,The Language of Social Media: A Critical Discourse Analysis of Online Debates,EXCLUDE,"critical discourse analysis, no denominator",1,W4408742103
W4408813857,10.25136/2409-8671.2025.1.73805,2025,Digital Transformation of Media Space: New Challenges and Opportunities for Political Communication in the Age of Social Media,EXCLUDE,"conceptual analysis of political communication, no share",1,W4408813857
W4408841755,10.7827/turkishstudies.75217,2025,Kültürel Miras Bilinci Kapsamında Animasyon Dizilerin İncelenmesi: Carmen Sandiego,EXCLUDE,off-topic: cultural-heritage content analysis of a cartoon,1,W4408841755
W4408846324,10.1093/eurpub/ckae151,2025,Restoring trust in public health: communications lessons from person-centered health care,EXCLUDE,commentary on public health communication,1,W4408846324
W4408852689,10.62843/jssr.v5i1.485,2025,Social Media as a Learning Tool: Impacts on Collaborative Learning and Knowledge Sharing,INCLUDE,survey reports share of students misinformed via social media (46.7%),1,W4408852689
W4408858547,10.1109/tvt.2025.3555108,2025,Blockchain-Based Efficient and Traceable Data Sharing Scheme for Vehicular Networks,EXCLUDE,off-topic: blockchain vehicular networks,1,W4408858547
W4408899932,10.21037/tau-2025-104,2025,Video platforms and sexual healthcare in China: assessment of content on premature ejaculation,MAYBE,"582 videos, 45.19% unreliable, but DISCERN/GQS-based rating",1,W4408899932
W4408956492,10.1093/heapro/daaf033,2025,Health promotion and the digital determinants of health,EXCLUDE,commentary on digital determinants of health,1,W4408956492
W4408965595,10.1007/s10676-025-09825-6,2025,Trust and power in Airbnb’s digital rating and reputation system,EXCLUDE,off-topic: platform reputation systems,1,W4408965595
W4408972941,10.1097/md.0000000000041897,2025,A study on the practical logic and promotion path of agile governance of distorted health information on the internet: A review,EXCLUDE,review of governance of distorted health information,1,W4408972941
W4408997072,10.55041/ijsrem43417,2025,Social Media Marketing and Its Impact on Consumer Trust,EXCLUDE,non-empirical marketing report,1,W4408997072
W4409015261,10.2118/0425-0004-jpt,2025,"New Papers Show Automated, Autonomous Drilling Systems Headed in Right Direction",EXCLUDE,off-topic: autonomous drilling,1,W4409015261
W4409018891,10.1093/jeclap/lpaf013,2025,Alternative recommendation algorithms as an antitrust remedy in digital (democracy) cases,EXCLUDE,off-topic: antitrust remedy commentary,1,W4409018891
W4409023771,10.55041/ijsrem43481,2025,Hoax Detector Using Artificial Intelligence,EXCLUDE,detection/classifier tool,1,W4409023771
W4409036788,10.61345/1339-7915.2024.6.13,2025,The use of modern information technologies during elections in developed countries,EXCLUDE,off-topic: election technology review,1,W4409036788
W4409040176,10.28925/2663-4023.2025.27.749,2025,OSINT TECHNOLOGIES AS A THREAT TO STATE CYBERSECURITY,EXCLUDE,off-topic: OSINT cybersecurity threats,1,W4409040176
W4409106600,10.1177/14614448251314399,2025,The importance of centering harm in data infrastructures for ‘soft moderation’: X’s Community Notes as a case study,EXCLUDE,"conceptual case study of moderation infrastructure, no share",1,W4409106600
W4409107264,10.14763/2025.1.1827,2025,Safer spaces by design? Federated socio-technical architectures in content moderation,EXCLUDE,conceptual analysis of federated moderation,1,W4409107264
W4409109584,10.47772/ijriss.2025.913com008,2025,The Media and Societal Transformations in Morocco,EXCLUDE,literature review of Moroccan media,1,W4409109584
W4409110327,10.28925/2663-4023.2025.27.746,2025,GRAPH-BASED ANALYSIS OF INFORMATION FLOWS IN TELEGRAM FOR CYBERSECURITY THREAT DETECTION,EXCLUDE,detection: graph-based threat detection tool,1,W4409110327
W4409154815,10.1044/2025_persp-24-00222,2025,Social Media and Stuttering: A Meta-Qualitative Synthesis of Representation and Impacts,EXCLUDE,review: qualitative meta-synthesis,1,W4409154815
W4409170073,10.31278/1810-6374-2025-23-2-71-74,2025,The World Majority’s Social Media versus Data Colonialism,EXCLUDE,short commentary on platform sovereignty,1,W4409170073
W4409184365,10.1016/j.ipm.2025.104120,2025,Improving multimodal fake news detection by leveraging cross-modal content correlation,EXCLUDE,"detection/classifier (no abstract, title certain)",1,W4409184365
W4409187130,10.47119/ijrp1001691320257703,2025,The Impact of Social Media in Educational Management: A Case of State Universities in Zimbabwe,EXCLUDE,qualitative case study of educational management,1,W4409187130
W4409195182,10.36948/ijfmr.2025.v07i02.40646,2025,Development Of AI/ML Based Solution For Detection Of Face Swap Based Deepfake Videos,EXCLUDE,detection: deepfake video classifier,1,W4409195182
W4409197218,10.30574/ijsra.2025.15.1.0957,2025,Media convergence and its influence on democratic development and nation building in the contemporary political landscape,EXCLUDE,systematic literature review on media convergence,1,W4409197218
W4409197434,10.30574/ijsra.2025.15.1.0937,2025,Design and development of AI driven content moderation system,EXCLUDE,tool: AI content moderation system,1,W4409197434
W4409206507,10.26577/hj202575103,2025,Kazakh journalism education in the context of modern realities,EXCLUDE,off-topic: journalism education,1,W4409206507
W4409212125,10.1242/dev.204708,2025,The Company of Biologists Workshops: supporting our community and inspiring new science,EXCLUDE,not a study: workshop series perspective,1,W4409212125
W4409258722,10.20473/jisebi.11.1.53-64,2025,Optimizing Convolutional Neural Networks with Particle Swarm Optimization for Enhanced Hoax News Detection,EXCLUDE,detection/classifier model,1,W4409258722
W4409282112,10.38124/ijisrt/25mar1862,2025,Common Prevailing Food Myths among Hospitalized Patients and Effect of Dietary Counselling,EXCLUDE,belief in false claims plus counselling intervention,1,W4409282112
W4409307145,10.1136/bmjopen-2024-085536,2025,Qualitative exploration of the experiences and perceptions of diet in psoriasis management among UK adults,EXCLUDE,"qualitative, nine participants, no denominator",1,W4409307145
W4409313486,10.51867/ajernet.6.2.5,2025,"""Ink on the Pandemic in Ghana"": A Qualitative Analysis of How the Ghana News Agency and Joy Online News Covered COVID-19",EXCLUDE,"qualitative framing analysis, no misinformation share",1,W4409313486
W4409313874,10.1016/j.nexres.2025.100322,2025,Climate hoax: The shift from scientific discourse to speculative rhetoric in climate change conversations,MAYBE,no abstract; climate-hoax rhetoric may be content-coded,1,W4409313874
W4409319996,10.2196/65217,2025,The Quality of Dermatology Match Information on Social Media Platforms: Cross-Sectional Analysis,MAYBE,"34 online sources checked against official data, share unclear",1,W4409319996
W4409340911,10.46632/jbab/4/1/20,2025,The Luxury Brand Management in Social Media using the SPSS Method,EXCLUDE,off-topic: luxury brand marketing,1,W4409340911
W4409345740,10.1017/s1368980025000461,2025,Content quality versus sharing practices on social media: a cross-sectional analysis of nutrition information on Twitter,MAYBE,1005 shared nutrition articles quality-rated; accuracy coding unclear,1,W4409345740
W4409346366,10.1016/j.aej.2025.03.139,2025,Automated detection of ChatGPT-generated text vs. human text using gannet-optimized deep learning,EXCLUDE,detection: AI-generated text classifier,1,W4409346366
W4409349520,10.48175/ijarsct-25148,2025,Fake News Detection System Using AI & ML,EXCLUDE,detection/classifier model,1,W4409349520
W4409351666,10.1016/j.eswa.2025.127572,2025,SGDM-GRU: Spectral graph deep learning based Gated Recurrent Unit model for accurate fake news detection,EXCLUDE,detection/classifier model,1,W4409351666
W4409393680,10.62754/joe.v4i4.6717,2025,Understanding Social Media Behavior in the USA: AI-Driven Insights for Predicting Digital Trends and User Engagement,EXCLUDE,detection/classifier: engagement prediction models,1,W4409393680
W4409414997,10.56225/ijassh.v4i1.399,2025,Investigating the Users' Perception of Social Media Amplification of Political Crisis and Power Tussle Discourse in Nigeria,EXCLUDE,no audience denominator: perceptions of crisis amplification,1,W4409414997
W4409435749,10.55041/ijsrem44465,2025,Blockchain Based Supply Management System,EXCLUDE,tool: blockchain data governance proposal,1,W4409435749
W4409439053,10.1111/1745-5871.70010,2025,Paper bags to food relief: Whither the tuckshop?,EXCLUDE,off-topic: school canteen essay,1,W4409439053
W4409457501,10.63332/joph.v5i3.910,2025,"The Role of Social Media in Shaping Public Discourse among Generation Z: Trends, Challenges, and Implication",INCLUDE,reports 30% of analysed posts are misinformation,2,W4409457501;W7160436568
W4409476694,10.54443/morfai.v5i1.2544,2025,CHANGES IN PUBLIC INFORMATION CONSUMPTION PATTERNS IN THE DIGITAL ERA: A LITERATURE STUDY ON DIGITAL JOURNALISM,EXCLUDE,review/commentary: literature study of digital journalism,1,W4409476694
W4409478134,10.71097/ijsat.v16.i2.3088,2025,Fake News Buster : AI-Driven Detection and Elimination of Misinformation,EXCLUDE,detection/classifier: NLP fake news classifier,1,W4409478134
W4409530088,10.4103/ohbl.ohbl_5_25,2025,Malaria vaccines in India: Bridging the gap between hope and reality,EXCLUDE,off-topic: malaria vaccine commentary,1,W4409530088
W4409559464,10.3389/fnut.2025.1513343,2025,The impact of investigator bias in nutrition research,EXCLUDE,review/commentary: viewpoint on investigator bias,1,W4409559464
W4409571660,10.37634/efp.2025.3.12,2025,Legislative support of the US information policy,EXCLUDE,review/commentary: legal analysis of information policy,1,W4409571660
W4409582323,10.47941/jts.2656,2025,"The Influence of Commonly Used Social Media Platforms on Political Participation among Voters in Busega District, Tanzania",EXCLUDE,no audience denominator: qualitative political participation study,1,W4409582323
W4409584454,10.1029/2024ef004775,2025,How Many Floods Have Occurred in China in the Past Decade? A Perspective From Social Media,EXCLUDE,off-topic: flood event detection from Weibo,1,W4409584454
W4409587225,10.63680/amfddfv6565,2025,The History of Facebook and Its Impact on Humanity,EXCLUDE,review/commentary: historical essay on Facebook,1,W4409587225
W4409591010,10.38124/ijisrt/25mar1860,2025,Artificial Intelligence in Online Journalism: A New Paradigm of Communication,EXCLUDE,review/commentary: conceptual paper on AI in journalism,1,W4409591010
W4409591143,10.1038/s41598-025-97800-y,2025,RETRACTED ARTICLE: Sentimental analysis based federated learning privacy detection in fake web recommendations using blockchain model,EXCLUDE,detection/classifier: fake review detection model,1,W4409591143
W4409599759,10.55041/ijsrem45046,2025,Wildlife_RESQ,EXCLUDE,tool: AI wildlife rescue platform,1,W4409599759
W4409603723,10.24086/cuejhss.v9n1y2025.pp125-132,2025,Artificial Intelligence in Social Media,EXCLUDE,review/commentary: literature review on AI in social media,1,W4409603723
W4409617123,10.36948/ijfmr.2025.v07i02.39770,2025,Like and Subside: Slacktivism on Social Justice and Civic Engagement Among Ateneo de Davao Senior High School Learners,EXCLUDE,no audience denominator: qualitative slacktivism interviews,1,W4409617123
W4409624932,10.1007/s13735-025-00365-9,2025,Multimodal scene-graph matching for cheapfakes detection,EXCLUDE,detection/classifier: cheapfake detection method,1,W4409624932
W4409647372,10.1002/met.70034,2025,Unconventional observations for meteorological applications,EXCLUDE,off-topic: meteorological observations editorial,1,W4409647372
W4409677571,10.1177/18724981251333610,2025,A reliable fake news detection model using a hybrid convolution (1D-2D)-based adaptive temporal convolutional network with feature extraction,EXCLUDE,detection/classifier: deep learning fake news detector,1,W4409677571
W4409708747,10.46647/ijetms.2025.v09i02.068,2025,PREDICTION OF UNCERTAIN TRENDS AND PRICES IN AGRICULTURE USING MACHINE LEARNING TECHNIQUES,EXCLUDE,off-topic: crop price prediction,1,W4409708747
W4409726529,10.55041/isjem03026,2025,BI-DIRECTIONAL GRAPH CONVOLUTIONAL NETWORKS FOR MISLEADING INFORMATION ON INTERNET,EXCLUDE,detection/classifier: graph network misinformation detection,1,W4409726529
W4409735461,10.2196/72775,2025,Stigma of Dementia on Social Media During World Alzheimer’s Awareness Month: Thematic Analysis of Posts,EXCLUDE,"belief/attitude only: stigma themes, no accuracy coding",1,W4409735461
W4409759918,10.70428/tedc.v19i1.1173,2025,ANALISIS KETERAMPILAN LITERASI MEMBACA DIGITAL GENERASI Z DALAM MENGIDENTIFIKASI BERITA HOAKS DI ERA DIGITAL,MAYBE,hoax awareness and verification shares in Gen Z survey,1,W4409759918
W4409772635,10.55041/ijsrem45707,2025,A Hybrid Deep Neural Network for Multimodal Deepfake Detection,EXCLUDE,detection/classifier: deepfake detection model,1,W4409772635
W4409774939,10.5694/mja2.52653,2025,Shifting focus to adolescent wellbeing and inclusive participation in the digital age,EXCLUDE,review/commentary: adolescent wellbeing perspective,1,W4409774939
W4409777759,10.25139/jsk.v9i1.9524,2025,Digital democracy: transforming political communication in Indonesia,EXCLUDE,review/commentary: literature review of political communication,1,W4409777759
W4409799670,10.1525/vs.2025.20.2.176,2025,Vietnam 1978,EXCLUDE,off-topic: photo essay on Vietnam,1,W4409799670
W4409802337,10.71097/ijsat.v16.i2.3853,2025,ADVANCED TWITTER ANALYTICS AND USER BEHAVIOR PREDICTION SYSTEM,EXCLUDE,tool: Twitter analytics and bot detection system,1,W4409802337
W4409812115,10.55248/gengpi.6.0425.1433,2025,Impact Of Social Media Influence On Senior Citizens,MAYBE,survey share on misinformation susceptibility among seniors,1,W4409812115
W4409823800,10.18282/inm734,2025,Mapping fake news and misinformation in media: A two-decade bibliometric review of emerging trends,EXCLUDE,review/commentary: bibliometric mapping,1,W4409823800
W4409826333,10.1111/sjtg.70014,2025,Mapping the conceptual and spatial footprints of Singapore's knowledge transfer to Africa,EXCLUDE,off-topic: knowledge transfer commentary,1,W4409826333
W4409899455,10.34208/aset.v3i2.2679,2025,Tantangan dan Peluang Pelaku Usaha UMKM menghadapi Visi Indonesia Emas 2045,EXCLUDE,off-topic: MSME challenges literature study,1,W4409899455
W4409924639,10.1002/aet2.70013,2025,Addressing disparities in promotion: Best practices for optimizing your curriculum vitae and preparing for promotion,EXCLUDE,off-topic: academic promotion guidance,1,W4409924639
W4409968557,10.4236/health.2025.175029,2025,"Social Media and Diabetes Care: A Comprehensive Exploration of Digital Innovations, Ethical Dilemmas, and Global Health Equity",EXCLUDE,review/commentary: narrative review of social media and diabetes,1,W4409968557
W4409972283,10.1002/fsn3.70163,2025,Traceability and Adulteration Analysis of Citri Reticulatae Pericarpium Based on “Digital Identity Card” and UHPLC ‐ QTOF ‐ MS Analysis,EXCLUDE,off-topic: herbal adulteration chemistry,1,W4409972283
W4409974204,10.63075/pk1e7n43,2025,From Awareness to Action: Exploring the Role of Media in Climate Change Education and Engagement in Pakistan,EXCLUDE,no audience denominator: climate media education study,1,W4409974204
W4409979619,10.30574/wjaets.2025.15.1.0465,2025,"Leveraging NLP for real-time social media analytics: trends, sentiment, and insights",EXCLUDE,tool: NLP social media analytics overview,1,W4409979619
W4409981267,10.1016/j.jcyt.2025.03.254,2025,Physicians' Views on Orthobiologics,MAYBE,no abstract; title alone cannot rule out misinformation items,1,W4409981267
W4409985400,10.1109/jiot.2025.3565740,2025,A Trustworthy IoT-Based Supply Chain Traceability System With Semantic Multichain and Preblockchain Data Verification,EXCLUDE,off-topic: IoT supply-chain traceability,1,W4409985400
W4410014276,10.1016/j.hcc.2025.100324,2025,Blockchain-based inter-operator settlement system,EXCLUDE,off-topic: blockchain telecom settlement,1,W4410014276
W4410050378,10.1111/jocd.70225,2025,Keep an Eye on AI : How Artificial Intelligence Is Redefining Patient Education in Dermatology,EXCLUDE,review/commentary: AI patient education commentary,1,W4410050378
W4410059293,10.59256/ijire.20250602022,2025,Multimodal Fake News Detection Using Deep Learning Methods,EXCLUDE,detection/classifier: multimodal fake news detection,1,W4410059293
W4410073264,10.59324/ejiss.2025.1(3).03,2025,Development of a Web-Based Platform for Alumni Employability and Career Tracking: A Tracer Study at St. Paul University Philippines (SPUP),EXCLUDE,off-topic: alumni tracer web platform,1,W4410073264
W4410083124,10.1016/j.ijcce.2025.05.003,2025,An efficient hybrid Hopfield convolutional neural network for detecting spam bots in Twitter platform,EXCLUDE,detection/classifier: Twitter spam bot detection,1,W4410083124
W4410099824,10.47392/irjaeh.2025.0157,2025,Crowdsourced Disaster Management,EXCLUDE,tool: crowdsourced disaster management system,1,W4410099824
W4410116679,10.55041/ijsrem47059,2025,Fake Social Media Profile Detection and Reporting,EXCLUDE,detection/classifier: fake profile detection,1,W4410116679
W4410128941,10.63682/jns.v14i13s.3236,2025,Healthcare Interventions to Mitigate the Effects of Social Media on Neonatal Health: Combating Misinformation and Enhancing Parental Support,MAYBE,survey of parents' exposure to social media misinformation,1,W4410128941
W4410133081,10.1111/1468-4446.13224,2025,"Prestige Fetishism in the Academy: Comte's Mirror, the Magic Mirror or an Illusion of Reality?",EXCLUDE,review/commentary: essay on academic prestige,1,W4410133081
W4410135202,10.59141/jiss.v6i4.1707,2025,Digital Marketing Communication Strategy of Internet Service Provider Companies in Strengthening Brand Awareness,EXCLUDE,off-topic: ISP brand awareness marketing,1,W4410135202
W4410139574,10.55041/ijsrem47208,2025,Fake Media Forensics:AI – Driven Forensic Analysis of Fake Multimedia Content,EXCLUDE,detection/classifier: deepfake forensics framework,1,W4410139574
W4410162563,10.31378/jehc.227,2025,Honours as a lab for education development and international cooperation,EXCLUDE,review/commentary: journalism education programme essay,1,W4410162563
W4410163972,10.33545/26180723.2025.v8.i5c.1880,2025,Constraints in utilizing social media for accessing agricultural technology information: Challenges faced by farmers,EXCLUDE,"no audience denominator: constraints list, misinformation peripheral",1,W4410163972
W4410171754,10.70528/ijlrp.v6.i1.1546,2025,Pattern Recognition in Social Media for Predicting Public Health Trends and Emergencies,EXCLUDE,detection/classifier: public health trend prediction,1,W4410171754
W4410248055,10.3389/fpubh.2025.1537255,2025,Exploring the complexities of vaccine sentiment among healthcare and public health professionals: essential strategies for encouraging vaccine uptake,EXCLUDE,review/commentary: vaccine sentiment policy commentary,1,W4410248055
W4410310728,10.31673/2786-7412.2025.011457,2025,REGULATORY IMPACT ON INNOVATION IN THE WATER SANITATION SECTOR,EXCLUDE,off-topic: water sanitation regulation,1,W4410310728
W4410322716,10.38124/ijisrt/25apr1970,2025,Enhancing Electoral Transparency in Sierra Leone through Data Visualization and Mapping,EXCLUDE,off-topic: electoral GIS visualisation,1,W4410322716
W4410339116,10.55248/gengpi.6.0425.1699,2025,"Social Media and its Impact on the Political Participation of Generation Z in Tagudin, Ilocos Sur",EXCLUDE,"off-topic: political participation survey, no misinformation measure",1,W4410339116
W4410349859,10.54254/2753-7064/2025.22842,2025,"Artificial Intelligence and Change in the Media Industry: Opportunities, Challenges, and Ethical Considerations",EXCLUDE,review/commentary: review of AI in the media industry,1,W4410349859
W4410356749,10.36108/ojeit/5202.10.0150,2025,FAKE NEWS DETECTION MODEL USING ENSEMBLE BI-DIRECTIONAL LSTM AND SUPPORT VECTOR MACHINES,EXCLUDE,detection/classifier: Bi-LSTM and SVM fake news detector,1,W4410356749
W4410361609,10.55041/ijsrem47853,2025,Improving Accuracy of Twitter Fake Profile Detection Using Deep Learning,EXCLUDE,detection/classifier: Twitter fake profile detection,1,W4410361609
W4410396905,10.1016/j.neucom.2025.130393,2025,Multimodal misinformation detection based on the multi-granularity consistency,EXCLUDE,detection/classifier: misinformation detection method,1,W4410396905
W4410415327,10.17977/um022v8i12025p31-41,2025,Transformation of political campaigning in the digital era: The impact of social media and digital communication,EXCLUDE,no audience denominator: qualitative campaign study,1,W4410415327
W4410465205,10.5120/ijca2025924805,2025,Hybrid Deep Learning Models Based on Transformers for Fake News Detection in Albanian and English News,EXCLUDE,detection/classifier: transformer fake news detection,1,W4410465205
W4410465243,10.33545/27068919.2025.v7.i5b.1462,2025,Implementation-based machine learning approaches for effective fake profile detection,EXCLUDE,detection/classifier: fake profile detection,1,W4410465243
W4410511655,10.22235/d.v39.4437,2025,The Double-Edged Sword of Social Media in the European Union Crisis Management: A Literature Review,EXCLUDE,review/commentary: literature review on EU crisis communication,1,W4410511655
W4410516611,10.21275/ms25513115519,2025,Conceptual Graph RAG Models for Complex Semantic Query Processing,EXCLUDE,off-topic: graph RAG query models,1,W4410516611
W4410518719,10.1111/jocd.70252,2025,Assessing the Quality and Safety of Do‐It‐Yourself Cosmetic Neuromodulator Injection Tutorials on YouTube,MAYBE,YouTube tutorial appraisal may code unsafe or misleading share,1,W4410518719
W4410523036,10.20527/h-js.v4i2.387,2025,Konstruksi Sosial Masyarakat terhadap Berita Hoaks melalui Media Sosial Whatsapp pada Masa Kampanye Pemilu 2024,MAYBE,hoax exposure via WhatsApp; quantification unclear,1,W4410523036
W4410532400,10.63145/ptse.v20i1.49,2025,Nation-Building in the Education System of the Kurdistan Region,EXCLUDE,off-topic: education and nation-building,1,W4410532400
W4410552059,10.1016/j.elerap.2025.101504,2025,Information and funding decisions in peer-to-peer markets: An exploratory study,MAYBE,no abstract; title alone does not make exclusion certain,1,W4410552059
W4410567000,10.1017/s0029665125001296,2025,"Young Australian adults’ preferences, perceptions and use of online nutrition content: a qualitative study",MAYBE,"online nutrition misinformation exposure, qualitative",1,W4410567000
W4410595445,10.32736/sisfokom.v14i2.2359,2025,Modeling Political Discourse in Indonesia’s 2024 Election Using Unsupervised Machine Learning,EXCLUDE,off-topic: topic modelling of election discourse,1,W4410595445
W4410599995,10.12677/ecl.2025.1451442,2025,Intelligent Governance of Fake News on Online Platforms in the Digital Economy Era—A Study on Key Node Identification Based on Multi-Indicators Fusion,MAYBE,identifies fake news super-spreaders; concentration possible,1,W4410599995
W4410634134,10.1080/14693062.2025.2509628,2025,Information needs and methods of accessing climate information by urban children and youth in Bangladesh: a policy-practice agenda,EXCLUDE,off-topic: climate information needs,1,W4410634134
W4410651081,10.55041/ijsrem48597,2025,Fact Checking Health Claims Using Transformers and Rag Techniques,EXCLUDE,detection/classifier: automated health fact-checking,1,W4410651081
W4410702996,10.55041/ijsrem48621,2025,A Machine Learning Framework for Countering Fake News Propagation,EXCLUDE,detection/classifier: fake news classification framework,1,W4410702996
W4410709040,10.33864/2617-751x.2025.v8.i2.97-108,2025,The Theoretical Foundations of Interactive Journalism in the New Media Era,EXCLUDE,review/commentary: theory of interactive journalism,1,W4410709040
W4410709204,10.47941/jts.2752,2025,Deepfake-as-a-Service: The Next Challenge for Enterprise Cybersecurity,EXCLUDE,review/commentary: qualitative document review of deepfake threats,1,W4410709204
W4410748035,10.1145/3736765,2025,Where are We in Audio Deepfake Detection? A Systematic Analysis over Generative and Detection Models,EXCLUDE,detection/classifier: audio deepfake detection benchmark,1,W4410748035
W4410758632,10.20473/jsd.v20i1.2025.13-28,2025,Digitalization of intangible cultural heritage in the era of disruption: Utilization of social media in cultural preservation and education in schools,EXCLUDE,off-topic: cultural heritage digitisation,1,W4410758632
W4410758810,10.2478/jles-2025-0004,2025,The Dynamics of Regional Head Elections in the Digital Era in Indonesia: The Perspective of First-Time Voters,EXCLUDE,off-topic: first-time voters and campaigning,1,W4410758810
W4410769463,10.1016/j.asoc.2025.113277,2025,A fuzzy-based multimodal approach for interpretable fake news detection,EXCLUDE,detection/classifier: multimodal fake news detection,1,W4410769463
W4410782542,10.62517/jbdc.202501118,2025,Analysis of the Influence of Algorithm Recommendation on the Dissemination Effect of Anti-Fraud Information in Social Networks,EXCLUDE,off-topic: anti-fraud information dissemination,1,W4410782542
W4410796207,10.12688/openreseurope.19670.1,2025,Exploring the Digital Health Landscape: How adolescents living in urban and rural Vanuatu use social media to access health information,EXCLUDE,off-topic: adolescent health information access,1,W4410796207
W4410811099,10.1200/jco.2025.43.16_suppl.e23120,2025,Analysis of citation impact and social media engagement in cancer pain research.,EXCLUDE,off-topic: bibliometric and altmetric analysis,1,W4410811099
W4410816149,10.1097/prs.0000000000011985,2025,The Art of Tactful Response,EXCLUDE,review/commentary: essay on communication style,1,W4410816149
W4410826658,10.1108/ijphm-12-2024-0138,2025,"Navigating the dark side of metaverse adoption in healthcare: ethical challenges, risks, and strategic interventions",EXCLUDE,review/commentary: conceptual metaverse risk framework,1,W4410826658
W4410830488,10.36948/ijfmr.2025.v07i03.45374,2025,AI Powered Chatbots for Customer Support,EXCLUDE,off-topic: customer support chatbots,1,W4410830488
W4410844790,10.15847/obsobs19520252672,2025,Digital innovation to support local radios in low-density territories through NEWAVES project,EXCLUDE,off-topic: local radio project evaluation,1,W4410844790
W4410850482,10.71097/ijsat.v16.i2.5305,2025,Fake News Detection Using Hybrid Transformer-Based Model,EXCLUDE,detection/classifier: transformer fake news detection,1,W4410850482
W4410851020,10.36948/ijfmr.2025.v07i03.46390,2025,THE INFLUENCE OF TECHNOLOGICAL ADVANCEMENTS ON RETAIL INVESTMENT DECISIONS,EXCLUDE,off-topic: retail investing and technology,1,W4410851020
W4410855460,10.55041/ijsrem49085,2025,The Influence of Social Media on Consumer Purchase Decisions,EXCLUDE,off-topic: social media and purchase decisions,1,W4410855460
W4410863470,10.1504/ijima.2025.146381,2025,eWOM – consumer's tryst with trust and transitions – a qualitative study,EXCLUDE,off-topic: eWOM trust qualitative study,1,W4410863470
W4410909941,10.18203/2394-6040.ijcmph20251708,2025,"Assess the knowledge, attitude and behaviour regarding oral health among bachelor of dental surgery first year students: descriptive study",EXCLUDE,belief/attitude only: oral health knowledge survey,1,W4410909941
W4410922383,10.63447/jimik.v6i2.1418,2025,Pemanfaatan Media Sosial Instagram sebagai Sumber Berita Nasional pada Akun @antaratv,EXCLUDE,off-topic: Instagram news account case study,1,W4410922383
W4410923345,10.51903/manajemen.v5i1.961,2025,The Role of Social Media in Driving Community Innovation: A Mixed-Methods Study on Challenges and Opportunities in the Digital Age,EXCLUDE,no audience denominator: community innovation study,1,W4410923345
W4410930390,10.52783/cana.v32.5076,2025,Eco-Friendly Hotels in Delhi-NCR: A Study of Customer Motivations and Perceived Barriers,EXCLUDE,off-topic: eco-hotel consumer motivations,1,W4410930390
W4410941068,10.69760/portuni.0104017,2025,The Role of Ethics in Modern Technology Development,EXCLUDE,review/commentary: technology ethics review,1,W4410941068
W4410958513,10.22214/ijraset.2025.71827,2025,Leveraging Machine Learning Techniques and NLP for Identifying Fake Accounts in Social Networks,EXCLUDE,detection/classifier: fake account detection,1,W4410958513
W4410978654,10.11648/j.com.20251201.11,2025,Ethical Dimension of Citizen Journalism; Implication on News Gathering,EXCLUDE,review/commentary: citizen journalism ethics,1,W4410978654
W4410989714,10.1016/j.datak.2025.102469,2025,Multi-feature classification for fake news detection using multiscale and atrous convolution-based adaptive temporal convolution network,EXCLUDE,"detection/classifier: fake news classification, title decisive",1,W4410989714
W4410999765,10.53977/sadharananikarana.v7i01.2530,2025,Strategi Komunikasi Public Relations RRI Mataram dalam Mensosialisasikan Transformasi Digital di Era Konvergensi Media,EXCLUDE,off-topic: public relations strategy case study,1,W4410999765
W4411021921,10.51244/ijrsi.2025.12050059,2025,Enhancing Social Impact: A Study of Social Marketing in India,EXCLUDE,review/commentary: conceptual social marketing paper,1,W4411021921
W4411022290,10.47772/ijriss.2025.905000158,2025,Exploring the Impact of Social Networks and Community Engagement on the National Building in South Sudan,EXCLUDE,off-topic: social networks and nation building,1,W4411022290
W4411042463,10.3389/fmed.2025.1595937,2025,Transforming GP training in the UK: the lasting impact of COVID-19 on telehealth and hybrid care models,EXCLUDE,off-topic: GP training and telehealth,1,W4411042463
W4411042848,10.36893/iej.2025.v54i05.005,2025,Identifying Machine-Generated Tweets with Deep Learning and FastText Embeddings on Social Media,EXCLUDE,detection/classifier: machine-generated tweet detection,1,W4411042848
W4411043684,10.1016/j.arcped.2025.01.006,2025,Description of the use of Vitamin D in children aged 0–18 months,EXCLUDE,off-topic: description of vitamin D use,1,W4411043684
W4411065860,10.30574/ijsra.2025.15.2.1618,2025,"Social media and education: A sociological study of perceptions, use and impact among youth in Aizawl",EXCLUDE,off-topic: social media and education survey,1,W4411065860
W4411067357,10.52783/jisem.v10i51s.10442,2025,Hybrid Deep Learning for Advanced Fake News Detection Using Explainable AI and Fast Text,EXCLUDE,detection/classifier: explainable fake news detection,2,W4411067357;W7125233994
W4411067957,10.52783/jisem.v10i50s.10692,2025,Fact-Checking in Practice: Exploring Digital Workflows and Operational Structures of Organizations in NCR,EXCLUDE,no audience denominator: fact-checker workflow interviews,1,W4411067957
W4411069057,10.32782/2522-4263/2025-2-5,2025,RISK MANAGEMENT IN TOURISM AND HOSPITALITY BASED ON THE PRINCIPLES OF SUSTAINABILITY,EXCLUDE,off-topic: tourism risk management,1,W4411069057
W4411073178,10.1007/s12559-025-10465-7,2025,A Novel Multi-modality Deepfake Detection Using Cross-Model Fusion–Based Hybrid Harris Whale Depth-Wise Separable Dense Convolutional Bi-GRU Deepfake Model,EXCLUDE,detection/classifier: deepfake detection model,1,W4411073178
W4411080900,10.15408/aism.v8i1.45222,2025,Implementation of Bidirectional Long Short-Term Memory and Convolutional Neural Network in Detecting Hoax Content on Social Media,EXCLUDE,detection/classifier: hoax detection model,2,W4411080900;W4414842577
W4411123543,10.55041/isjem04222,2025,Consumer Trust in the Age of Digital Advertising,EXCLUDE,off-topic: consumer trust in advertising,1,W4411123543
W4411123864,10.28982/josam.8029,2025,From hashtags to healing: Social media insights on kinesio taping in Türkiye,MAYBE,content analysis of health posts may code accuracy,1,W4411123864
W4411124631,10.55041/isjem04351,2025,Role of YouTube and Social Media Influencers in Enhancing Financial Literacy among Indian Youth: An Exploratory Study,MAYBE,"content analysis of influencer finance content, misinformation noted",1,W4411124631
W4411131868,10.36057/jilp.v8i2.723,2025,Analysis Of Hate Speech Against Anies Baswedan In Instagram Comment Sections: A Pragmatics Analysis,EXCLUDE,off-topic: hate speech pragmatics analysis,1,W4411131868
W4411153190,10.3390/app15126429,2025,Novel Deepfake Image Detection with PV-ISM: Patch-Based Vision Transformer for Identifying Synthetic Media,EXCLUDE,detection/classifier: deepfake image detection,1,W4411153190
W4411154708,10.30574/wjarr.2025.26.3.2236,2025,Strategic use of social media in organizational conflict management: Evaluating digital engagement practices in Nigeria,EXCLUDE,off-topic; qualitative conflict-management study,1,W4411154708
W4411160956,10.55063/kiyfe.2025.23.2.5,2025,An Exploratory Study on the Everyday Experiences and Meanings of YouTube Use Among Adolescents,EXCLUDE,off-topic; qualitative interviews on YouTube use,1,W4411160956
W4411165060,10.36676/urr.v12.i1.1554,2025,Navigating Free Expression in India: Constitutional Rights and Digital Challenges,EXCLUDE,review/commentary; constitutional law analysis,1,W4411165060
W4411175057,10.55041/isjem04303,2025,InBrief Today,EXCLUDE,"tool; app description, not a study",1,W4411175057
W4411184434,10.59075/ijss.v3i2.1517,2025,The Anthropology of Digital Activism: The Role of Youth in Peacebuilding through Social Media,EXCLUDE,"off-topic; peacebuilding activism survey, no misinformation share",1,W4411184434
W4411202757,10.1162/tneq_a_01070,2025,"We Are the Bearers of His Name: Memorialization of Ephraim Williams, Jr.",EXCLUDE,off-topic; college memorialization history,1,W4411202757
W4411211941,10.54922/ijehss.2025.1003,2025,INFLUENCE OF DIGITAL MEDIA ON EFFECTIVE COMMUNICATION IN COUNTY ASSEMBLIES IN CENTRAL REGION OF KENYA,EXCLUDE,off-topic; organisational communication in county assemblies,1,W4411211941
W4411213703,10.1002/acp.70083,2025,"Is It Time to Leave the Shopping Mall Behind? Measurement Flaws, Plausibility, and External Validity of False Memory Research",EXCLUDE,review/commentary; false-memory methods commentary,1,W4411213703
W4411214980,10.36948/ijfmr.2025.v07i03.46633,2025,Digital Economy and Youth Engagement: Evaluating Budgetary Incentives for Safe and Productive Use of Social Networking Platforms,EXCLUDE,off-topic; budgetary incentives and youth social media use,1,W4411214980
W4411218443,10.54254/2753-7080/2025.23849,2025,The digital boundaries of free speech: legal interventions on hate speech and disinformation in the age of social media,EXCLUDE,review/commentary; comparative speech-law analysis,1,W4411218443
W4411218890,10.1111/pbi.70145,2025,Strengthening the future of science: Why joining a scientific society has never been more important,EXCLUDE,review/commentary; editorial on scientific societies,1,W4411218890
W4411298942,10.1093/eurjcn/zvaf102,2025,"Reaching ears, not just eyes: how artificial intelligence-generated podcasts can bridge the scientific communication gap",EXCLUDE,review/commentary; invited commentary on AI podcasts,1,W4411298942
W4411322376,10.55606/jaemb.v5i1.6519,2025,Behavioral Finance in the Digital Age: How Social Media Influences Investment Decisions,EXCLUDE,review/commentary; behavioural finance essay,1,W4411322376
W4411326193,10.3389/fcomp.2025.1566513,2025,Investigating methods for forensic analysis of social media data to support criminal investigations,EXCLUDE,detection/classifier; forensic AI methods,1,W4411326193
W4411337101,10.1109/ton.2025.3577974,2025,Conflux: A Multi-Homed Adaptive Bitrate Protocol for On-Site Live Video Streaming,EXCLUDE,off-topic; video streaming protocol,1,W4411337101
W4411346129,10.18203/2349-3291.ijcp20251772,2025,Behind the hashtags: a review of Instagram posts on pediatric ADHD,INCLUDE,content prevalence; 761 Instagram ADHD posts coded for relevance/reliability,1,W4411346129
W4411358821,10.1109/tcss.2025.3573767,2025,Multibehavior Recommendation With Nonoverlapping Heterogeneous Graph Collaborative Filtering,EXCLUDE,off-topic; recommender system,1,W4411358821
W4411385177,10.52783/eel.v15i1s.3289,2025,Smart Detection: A System for Identifying BOT Activities on Social Media,EXCLUDE,detection/classifier; bot detection,1,W4411385177
W4411386965,10.55041/ijsrem.ncft022,2025,A Comparative Study of Deepfake Threat Landscape in Surface Web vs. Dark Web,EXCLUDE,review/commentary; deepfake threat landscape essay,1,W4411386965
W4411410730,10.1016/j.ard.2025.06.1339,2025,ABS1260-PARE HEALTH LITERACY ONLINE SURVEY,MAYBE,health-literacy survey may report encountering unreliable online health information,1,W4411410730
W4411421798,10.1016/j.ard.2025.06.165,2025,POS0808-PARE A GENERATIVE AI-POWERED CHATBOT FOR PATIENT SUPPORT AND EDUCATION IN RARE DISEASES,EXCLUDE,tool; AI chatbot development,1,W4411421798
W4411443995,10.35619/ucpmk.50.995,2025,TRANSFORMATION OF INFORMATION CULTURE UNDER THE INFLUENCE OF TECHNOLOGICAL INNOVATIONS,EXCLUDE,review/commentary; conceptual analysis of information culture,1,W4411443995
W4411454869,10.14321/jsdp.6.1.0001,2025,"Creating the Cape Colony Runaway Advertisements Datasets, 1830-1842",EXCLUDE,not a study; historical dataset paper,1,W4411454869
W4411463734,10.31690/ijnh.2025.v011i02.003,2025,"A Study to Assess the Effectiveness of Structured Teaching Program on Knowledge About Organ Donation and Solid Organs Transplantation among the Medical College Students at Selected Medical Colleges, in Kerala",EXCLUDE,intervention/experiment only; teaching programme RCT,1,W4411463734
W4411463918,10.30574/wjaets.2025.15.3.1123,2025,The positive influence of large language models on fact-checking practices: A case study of Grok,EXCLUDE,"off-topic; fact-checking habits essay, no exposure denominator",1,W4411463918
W4411470527,10.4103/ijcfm.ijcfm_66_24,2025,Safeguarding scholarly integrity: A call to action against the proliferation of paper mills producing fake research articles in India,EXCLUDE,review/commentary; letter on paper mills,1,W4411470527
W4411493148,10.1192/bjo.2025.10100,2025,NeuroSwipe: Crowdsourcing the Brain–Citizen Science in Neuroimaging Research,EXCLUDE,off-topic; citizen-science neuroimaging platform,1,W4411493148
W4411493448,10.1192/bjo.2025.10178,2025,NeuroSwipe: Crowdsourcing the Brain – Citizen Science in Neuroimaging Research,EXCLUDE,off-topic; citizen-science neuroimaging platform (duplicate),1,W4411493448
W4411497116,10.3390/su17135678,2025,Unverifiable Green Signals and Consumer Response in E-Commerce: Evidence from Platform-Level Data,EXCLUDE,"off-topic; greenwashing signals and sales, no prevalence share",1,W4411497116
W4411501000,10.1111/ene.70170,2025,The European Journal of Neurology: 2025 and Beyond,EXCLUDE,review/commentary; journal editorial,1,W4411501000
W4411579783,10.31516/2410-5333.067.01,2025,Social Media as a Platform for Manipulation: Domestic Experience in the Context of the Russian-Ukrainian War,MAYBE,case-study analysis of wartime fakes; may report content prevalence,1,W4411579783
W4411583234,10.14687/jhs.v22i1.6570,2025,The rise of technology: The societal ethical reflections of digitalization,EXCLUDE,review/commentary; digital ethics essay,1,W4411583234
W4411594007,10.23939/law2025.46.312,2025,Ensuring Human Rights in the Context of Digital Technologies During an Armed Conflict,EXCLUDE,review/commentary; human-rights legal analysis,2,W4411594007;W4415441145
W4411604207,10.36871/ek.up.p.r.2025.03.12.001,2025,"INFORMATION FORMS OF EXTERNALITIES IN DIGITAL SPACE: CAUSES OF OCCURRENCE, SCALE OF IMPACT AND METHODS OF REGULATION",EXCLUDE,review/commentary; digital externalities conceptual paper,1,W4411604207
W4411607054,10.3390/electronics14132552,2025,Developing IQJournalism: An Intelligent Advisor for Predicting the Perceived Quality in Greek News Articles,EXCLUDE,tool; news quality prediction platform,1,W4411607054
W4411657661,10.58915/jcsi.v7i1.1979,2025,Digital Shift of Print Media in North Sumatra: Monetization & Impact,EXCLUDE,off-topic; print-media monetisation study,1,W4411657661
W4411660972,10.47772/ijriss.2025.905000494,2025,Digital Dangers: The Misuse of the Internet in Contemporary Bangladesh,EXCLUDE,review/commentary; internet misuse overview,1,W4411660972
W4411672178,10.1111/nin.70044,2025,When Academic Freedom Becomes Dangerous: Nursing in an Age of Censorship,EXCLUDE,review/commentary; editorial on academic freedom,1,W4411672178
W4411683468,10.62379/jiksp.v2i4.2499,2025,Penerapan Konvergensi Media Oleh Surat Kabar Harian Singgalang Padang Di Era Digital,EXCLUDE,off-topic; newspaper media-convergence case study,1,W4411683468
W4411687298,10.59075/gft9jn19,2025,The Role of Social Media Analytic in Crafting International Political Narrative,EXCLUDE,review/commentary; thematic review of social media analytics literature,1,W4411687298
W4411687312,10.59075/k8ra0b02,2025,Algorithmic Amplification and Political Discourse: The Role of AI in Shaping Public Opinion on Social Media in Pakistan,EXCLUDE,no audience denominator; qualitative study of algorithmic amplification,1,W4411687312
W4411688022,10.1109/access.2025.3583388,2025,Secure and Reversible Face De-Identification With Format-Preserving Encryption,EXCLUDE,off-topic; face de-identification encryption method,1,W4411688022
W4411692072,10.1002/sst2.70000,2025,Sustainable Development Requires an Action‐Driven Agenda,EXCLUDE,review/commentary; sustainability agenda editorial,1,W4411692072
W4411755001,10.1093/screen/hjaf025,2025,Archiving the live music spectacle: Woodstock ’99 and MTV pay-per-view,EXCLUDE,off-topic; music festival media history,1,W4411755001
W4411758866,10.14710/vol15iss2pp285-292,2025,Improving Fake News Detection Accuracy with Lexicon-based Approach and LSTM through Text Preprocessing,EXCLUDE,detection/classifier; LSTM fake news detection,1,W4411758866
W4411771615,10.62945/ijesh.v2i2.737,2025,Digital Communication Ethics in Law Enforcement in the Community Environment,EXCLUDE,review/commentary; digital communication ethics and law,1,W4411771615
W4411784399,10.1504/ijmc.2026.10072180,2025,Examining generative AI user payment intention: a perceived value perspective,EXCLUDE,off-topic; generative AI payment intention model,1,W4411784399
W4411791677,10.55009/bilisimhukukudergisi.1599264,2025,CONSTRUCTION OF TRUTH IN THE CONTEXT OF EU DIGITAL SERVICES ACT AND DISINFORMATION REGULATION: A COMPARATIVE ANALYSIS,EXCLUDE,review/commentary; comparative legal analysis of disinformation rules,1,W4411791677
W4411795812,10.54150/syiar.v5i1.605,2025,Organizational Communication Strategy in Reporting Ramadan Coverage (Jelang Berbuka) and Breaking News of the Sidang Isbat For 1 Syawal 1446 H,EXCLUDE,off-topic; television production communication strategy,1,W4411795812
W4411812706,10.37410//emerg.2025.2.09,2025,NEWS REGARDING THE ELECTRICAL POWER QUALITY MONITORING IN THE ELECTRICAL TRANSMISSION GRID,EXCLUDE,off-topic; electrical grid power quality monitoring,1,W4411812706
W4411917718,10.17150/2308-6203.2025.14(2).236-250,2025,Telegram Channels of Russian News Television Projects: The problem of Monetization,EXCLUDE,off-topic; Telegram channel monetisation interviews,1,W4411917718
W4411938331,10.31958/lathaif.v4i1.15370,2025,Penafsiran terhadap Surah Al-Hujurat Ayat 6 dan An-Nur Ayat 15 tentang Isu Hoax Perspektif Pendekatan Maqashidi,EXCLUDE,not a study; Quranic exegesis on hoaxes,1,W4411938331
W4411939958,10.58578/ajstea.v3i4.6536,2025,Ethical Issues in Online News Reporting in Nigeria,EXCLUDE,no audience denominator; qualitative study of journalism ethics,1,W4411939958
W4411962565,10.1007/s11616-025-00895-6,2025,Was macht eine Behauptung prüfenswert? Eine Untersuchung der Selektionskriterien beim Faktenchecken anhand der Nachrichtenwerttheorie,MAYBE,"no abstract; fact-check selection criteria study, eligibility unclear",1,W4411962565
W4411964748,10.28925/2524-2652.2025.14,2025,COMMUNICATION STRATEGIES AND TACTICS IN CRISIS SITUATIONS,EXCLUDE,review/commentary; crisis communication literature synthesis,1,W4411964748
W4411978351,10.22214/ijraset.2025.72931,2025,Cybersecurity Awareness in the Age of Social Media: A Behavioral Study,EXCLUDE,off-topic; cybersecurity awareness overview,1,W4411978351
W4411983159,10.26811/peuradeun.v13i2.2011,2025,Resistance to Religious Moderation in Indonesian’s Lower to Middle-Class Communities,EXCLUDE,off-topic; resistance to religious moderation,1,W4411983159
W4411994695,10.51584/ijrias.2025.10060039,2025,AI-Powered Predictive Analytics for Financial Forecasting and Strategic Insight,EXCLUDE,off-topic; AI financial forecasting,1,W4411994695
W4412010323,10.61489/30053447.pb(1).1,2025,Integrating Artificial Intelligence in Ethiopian Education System: the Need for Policy Intervention,EXCLUDE,off-topic; AI in education policy report,1,W4412010323
W4412014585,10.61453/jods.v2025no12,2025,Machine Learning Based Detection for Compromised Accounts on Social Media Networks,EXCLUDE,detection/classifier; compromised account detection,1,W4412014585
W4412033631,10.4103/ijocr.ijocr_4_25,2025,Influence of Social Media on Public Awareness of Oral Cancer and Early Symptoms,MAYBE,survey reporting misinformation among respondents; construct unclear,1,W4412033631
W4412037525,10.1007/s11042-025-20987-9,2025,Unique multimodal fusion network for fake news detection in social media with attention mechanism,EXCLUDE,detection/classifier; multimodal fake news detection,1,W4412037525
W4412057389,10.29210/1146200,2025,The role of digital communication tools in increasing occupational health and safety awareness,EXCLUDE,off-topic; occupational health and safety communication,1,W4412057389
W4412062967,10.58812/eslhr.v3i03.638,2025,Legal Approaches to Combatting Information Warfare in the Age of Social Media and Misinformation in Indonesia,EXCLUDE,review/commentary; legal analysis with five key informants,1,W4412062967
W4412066901,10.1007/s10462-025-11188-9,2025,Decoding synthetic news: an interpretable multimodal framework for the classification of news articles in a novel news corpus,EXCLUDE,detection/classifier; synthetic news classification,1,W4412066901
W4412091637,10.61710/kjcs.v3i2.110,2025,Security Content Used To Protect Data From Social Media,EXCLUDE,off-topic; social media security framework,1,W4412091637
W4412101737,10.1057/s41599-025-05389-4,2025,Leveraging data analytics for detection and impact evaluation of fake news and deepfakes in social networks,EXCLUDE,detection/classifier; fake news detection framework,1,W4412101737
W4412108187,10.56238/levv16n50-034,2025,"MARKETING DIGITAL EM REDES SOCIAIS: EVOLUÇÃO, ESTRATÉGIAS E PRÁTICAS CONTEMPORÂNEAS",EXCLUDE,review/commentary; digital marketing conceptual review,1,W4412108187
W4412138557,10.31720/jga.9.2.15,2025,Two Perspectives on Spain: A Comparative Analysis of News Articles and Social Media Contents from Korean Portal Sites,EXCLUDE,off-topic; framing analysis of Spain coverage,1,W4412138557
W4412143499,10.4103/jclgtp.jclgtp_4_25,2025,Gender-neutral Human Papillomavirus Vaccination: A Comprehensive Overview,EXCLUDE,review/commentary; HPV vaccination overview,1,W4412143499
W4412153603,10.46977/amt.2025.v06i01.001,2025,Navigating Finances in the Social Media Era: Age-Based Perspectives on Investment Decisions,EXCLUDE,off-topic; social media and investment decisions,1,W4412153603
W4412160338,10.59188/eduvest.v5i7.50824,2025,Analysis of the Driving Factors for Digital Newspaper Paid Subscription,EXCLUDE,off-topic; digital newspaper subscription drivers,1,W4412160338
W4412174033,10.71274/ijpp.v13i2.569,2025,Development of a Machine Learning-Based Model In Detecting Fake News,EXCLUDE,detection/classifier; machine learning fake news model,1,W4412174033
W4412181371,10.31004/joecy.v5i2.1260,2025,Peran Media Sosial Instagram Dalam Membangun Citra Dan Elektabilitas Calon Wali Kota Kota Bekasi Pada Pilkada 2024,EXCLUDE,off-topic; Instagram campaign image study,1,W4412181371
W4412185104,10.3389/fpsyg.2025.1645795,2025,"The algorithmic self: how AI is reshaping human identity, introspection, and agency",EXCLUDE,review/commentary; essay on AI and identity,1,W4412185104
W4412193546,10.36402/regap.v68i1.5280,2025,Emergency law and disinformation: an analysis of Article 36 of the EU Digital Services Act,EXCLUDE,not a study; legal analysis of DSA Article 36,1,W4412193546
W4412198264,10.30574/wjarr.2025.27.1.2564,2025,Disinformation as a driver of political polarization: A strategic framework for rebuilding civic trust in the U.S,EXCLUDE,review/commentary; literature synthesis on polarization,3,W4412198264;W7103978649;W7104026458
W4412198857,10.3390/electronics14142800,2025,A Novel Llama 3-Based Prompt Engineering Platform for Textual Data Generation and Labeling,EXCLUDE,tool; LLM data generation and labelling platform,1,W4412198857
W4412378955,10.22161/ijaers.117.11,2025,A Comprehensive Review of Multi-Modal Fusion Strategies in Fake News Detection,EXCLUDE,detection/classifier; review of multimodal detection methods,1,W4412378955
W4412380097,10.31289/jppuma.v13i1.14274,2025,Impact of Social Media for Political Participation And Civic Engagement in Delta State,EXCLUDE,off-topic; political participation survey,1,W4412380097
W4412381795,10.32599/apjb.16.2.202506.431,2025,An Analysis of the Hometown Love Donation Program: Focus on Social Media Big Data,EXCLUDE,off-topic; donation programme discourse analysis,1,W4412381795
W4412384169,10.37745/ejcsit.2013/vol13n511526,2025,The Participation of the Digital Citizen in Modern Democracy,EXCLUDE,review/commentary; digital citizenship essay,1,W4412384169
W4412384391,10.56910/jumbiwira.v4i1.2738,2025,The Impact of Digital Financial Literacy on Millennial Investment Behavior in the Post-Pandemic Era,EXCLUDE,off-topic; digital financial literacy interviews,1,W4412384391
W4412393789,10.36557/2009-3578.2025v11n2p376-393,2025,The Misleading Truth About Oxo-Biodegradable Plastics: Critical Analysis of Environmental Impacts and Sustainable Alternatives,EXCLUDE,off-topic; oxo-biodegradable plastics review,1,W4412393789
W4412403423,10.31305/rrijm.2025.v10.n6.036,2025,Historical Analysis of Science Communication through infographic in India,EXCLUDE,off-topic; infographics in science communication,1,W4412403423
W4412408526,10.70247/jumistik.v4i1.156,2025,Sistem Deteksi Berita Hoaks berbasis Algoritma Natural Language Processing (NLP) menggunakan BERT,EXCLUDE,detection/classifier; BERT hoax detection,1,W4412408526
W4412416147,10.5694/mja2.52722,2025,A precautionary approach to social media: protecting young minds in an evolving digital world,EXCLUDE,review/commentary; social media and youth mental health,1,W4412416147
W4412417386,10.1002/bcp.70173,2025,Potential for use of Al/machine learning for pharmacovigilance: Is there a role for regulators?,EXCLUDE,off-topic; AI in pharmacovigilance regulation,1,W4412417386
W4412422880,10.55927/eajmr.v4i6.190,2025,Digital Public Sphere and Political Participation: Muhammadiyah Cadres in Surakarta,EXCLUDE,no audience denominator; qualitative study of political participation,1,W4412422880
W4412426863,10.1227/neu.0000000000003585,2025,A Moment of Reckoning for Implanted Brain-Computer Interface Studies,EXCLUDE,off-topic; brain-computer interface commentary,1,W4412426863
W4412432818,10.1016/j.jagp.2025.04.105,2025,"103. WHATSAPP DOC?!: OLDER IMMIGRANTS, COMMUNICATION AND MENTAL HEALTH.",MAYBE,"no abstract; older immigrants' messaging-app communication, content unclear",1,W4412432818
W4412432909,10.1016/j.jagp.2025.04.109,2025,107. ARTIFICIAL INTELLIGENCE AND ITS APPLICATION FOR LONELINESS AND ISOLATION AMONG OLDER ADULTS,EXCLUDE,off-topic; AI for loneliness in older adults,1,W4412432909
W4412455331,10.3390/e27070746,2025,A Multimodal Semantic-Enhanced Attention Network for Fake News Detection,EXCLUDE,detection/classifier; multimodal fake news detection network,1,W4412455331
W4412467255,10.1177/02666669251358479,2025,Digitisation and information dissemination: Evaluating the effect of information spread on national conflict in Nigeria,MAYBE,survey on fake news spread; perceived exposure share possible,1,W4412467255
W4412505818,10.69889/1m57nv81,2025,An Empirical Study on Investors Perception Towards Investment in Stock Market,EXCLUDE,off-topic; investor perception survey,1,W4412505818
W4412505828,10.47992/ijaeml.2581.7000.0241,2025,Intelligent Question Matching Using Hybrid Neural Networks for Optimized User Interactions,EXCLUDE,tool; duplicate question matching system,1,W4412505828
W4412511402,10.31004/jerkin.v4i1.1793,2025,Media Sosial dan Tantangan di Era Digital,EXCLUDE,review/commentary; essay on social media challenges,1,W4412511402
W4412514906,10.52058/3041-1572-2025-7(15)-44-60,2025,DIGITAL TRACES IN OSINT INVESTIGATIONS: FROM METADATA TO GEOLOCATION,EXCLUDE,off-topic; OSINT digital traces and geolocation,1,W4412514906
W4412525182,10.1227/neu.0000000000003652,2025,Letter: The Bibliometric Evolution of Neurosurgery Publications From 1977 to 2023,EXCLUDE,not a study; bibliometric letter on neurosurgery publications,1,W4412525182
W4412531037,10.1016/j.vaccine.2025.127511,2025,Validating community concerns of menstrual changes associated with COVID-19 vaccination using a self-controlled case series analysis of real-world data,MAYBE,social-media vaccine discussion analysis; possible content share,1,W4412531037
W4412594356,10.25136/2409-7802.2025.2.74927,2025,Analysis of digital footprints and registry data in corporate security systems,EXCLUDE,off-topic; counterparty due diligence digital footprints,1,W4412594356
W4412631139,10.54536/ajee.v4i1.5427,2025,Role of Public Awareness and Healthcare in Preventing Substance Abuse: A Policy Analysis in Bangladesh,EXCLUDE,intervention/experiment only; awareness campaign pre-post,1,W4412631139
W4412634072,10.1227/neu.0000000000003651,2025,Letter: Leveraging Celebrity Health Events to Improve Public Awareness of Intracranial Aneurysms: A Call for Clinician Engagement,EXCLUDE,review/commentary; letter on celebrity health awareness,1,W4412634072
W4412645087,10.38124/ijisrt/25jul887,2025,Digital Epidemiology in Action: A Cross-Platform Review of Social Media and Internet-Based Surveillance for Infectious Disease Outbreaks,EXCLUDE,review/commentary; review of digital disease surveillance,1,W4412645087
W4412652518,10.1111/risa.70079,2025,Mental health risks of pandemic‐related media communication: The mediating roles of distinct types of perceived threat,MAYBE,panel survey with low-quality news exposure measure; share unclear,1,W4412652518
W4412667428,10.31995/jgv.2025.v16isi7.007,2025,Exploring the Risks of AI-Driven Social Media,EXCLUDE,review/commentary; risks of AI-driven social media,1,W4412667428
W4412685065,10.20473/mgk.v14i1.2025.176-193,2025,Potential and Challenges of TikTok as a Media for Mental Health Education for Young Generation: Literature Review,EXCLUDE,review/commentary; scoping review of TikTok mental health content,1,W4412685065
W4412689717,10.52058/2786-5274-2025-7(47)-199-207,2025,DIGITAL DIPLOMACY AS A TOOL OF FOREIGN POLICY,EXCLUDE,review/commentary; digital diplomacy analysis,1,W4412689717
W4412693608,10.29207/resti.v9i4.6695,2025,DiG-MFV: Dual-integrated Graph for Multilingual Fact Verification,EXCLUDE,detection/classifier; multilingual fact verification model,1,W4412693608
W4412693752,10.5815/ijcnis.2025.04.08,2025,Smart Tool for Text Content Analysis to Identify Key Propaganda Narratives and Disinformation in News Based on NLP and Machine Learning,EXCLUDE,tool; NLP propaganda detection browser plugin,1,W4412693752
W4412717103,10.12737/2587-6295-2025-9-2-216-235,2025,Architecture of US Digital Hegemony: Institutions of Information Warfare as Instruments of Reformatting Reality,EXCLUDE,not a study; institutional analysis of information warfare,1,W4412717103
W4412724428,10.51386/25815946/ijsms-v8i3p112,2025,Fake Comment Detection Using Machine Learning Algorithm: A Comparative Approach,EXCLUDE,detection/classifier; fake comment detection,1,W4412724428
W4412733409,10.1111/criq.70006,2025,Finding Patterns: Virginia Woolf and Marianne Moore's Poetics of Paper,EXCLUDE,off-topic; modernist literature essay,1,W4412733409
W4412735633,10.37249/jlllt.v4i2.854,2025,Exploring Digital Communication: Language Use by South African University Students,EXCLUDE,no audience denominator; qualitative interviews on student language use,1,W4412735633
W4412737314,10.22214/ijraset.2025.73401,2025,End-To-End Fake News Detection Using Machine Learning,EXCLUDE,detection/classifier; end-to-end fake news detection,1,W4412737314
W4412754598,10.1016/j.amepre.2025.107923,2025,The Health Symbols in Western Films and the Dietary Behavior of Chinese Adolescents: The Necessity and Strategies of Health Education Intervention,EXCLUDE,off-topic; film health symbols and adolescent diet,1,W4412754598
W4412755040,10.1007/s44163-025-00306-9,2025,A review of deep-learning-based models for afaan oromo fake news detection on social media networks,EXCLUDE,detection/classifier; review of detection models,1,W4412755040
W4412763353,10.1111/gto.12522,2025,Modern approaches in military geoscience: leveraging advanced geospatial technologies for strategic advantage,EXCLUDE,off-topic; military geospatial technologies,1,W4412763353
W4412773734,10.61194/ijcs.v3i2.756,2025,University Student Responses to Ethical Violations on Social Media: A Case Study from Banggai Regency,EXCLUDE,no audience denominator; qualitative interviews only,1,W4412773734
W4412795551,10.1109/tcc.2025.3594575,2025,MKAC: Efficient and Privacy-Preserving Multi- Keyword Ranked Query With Ciphertext Access Control in Cloud Environments,EXCLUDE,off-topic; cloud encryption scheme,1,W4412795551
W4412811361,10.30525/2256-0742/2025-11-2-376-384,2025,STRATEGIC COMMUNICATION IMPACT IN SHAPING ECONOMIC POLICIES AND MOBILISING RESOURCES FOR DEVELOPMENT,EXCLUDE,off-topic; economic policy communication case studies,1,W4412811361
W4412824544,10.56975/jetir.v12i7.567034,2025,Information Communication Technology and Human Development: A Critical Study in Indian Perspectives,EXCLUDE,off-topic; ICT and development review,1,W4412824544
W4412826427,10.1097/01.eem.0000000000000090,2025,Debunking the Myth of Dry Drowning: 2025 Update,EXCLUDE,review/commentary; no prevalence measurement,1,W4412826427
W4412826462,10.1097/01.eem.0000000000000081,2025,"Send Them Home: Why Evidence, Not Fear, Should Guide Drowning Discharges",EXCLUDE,review/commentary; clinical opinion piece,1,W4412826462
W4412847171,10.47405/mjssh.v10i6.3428,2025,"TikTok in Education: A Bibliometric Analysis of Trends, Challenges, and Opportunities",EXCLUDE,review/bibliometric; no misinformation share,1,W4412847171
W4412867800,10.30574/ijsra.2025.16.1.2164,2025,The role of artificial intelligence in news portal fact-checking systems,EXCLUDE,tool; AI fact-checking systems review,1,W4412867800
W4412868203,10.56355/ijfrls.2025.3.2.0023,2025,Evaluating the effectiveness of social media health promotion campaigns for sustainable behavior change in the United States,EXCLUDE,intervention/campaign-effect review,1,W4412868203
W4412901057,10.35631/ijlgc.1040023,2025,THE ROLE OF BAMUIS BNI ORGANIZATIONAL COMMUNICATION TOWARDS YOUNG PREACHER'S PRODUCTIVITY IN UNIVERSITAS IBN KHALDUN BOGOR,EXCLUDE,off-topic; qualitative organizational communication study,1,W4412901057
W4412912227,10.9771/contemporanea.v23i1.61789,2025,Possibilidade metodológica para representação de redes sociotécnicas associada ao debate político,MAYBE,Twitter network method on fake-news spread; share unclear,1,W4412912227
W4412921698,10.21272/ftrk.2025.17(1)-24,2025,IMPROVING INFORMATION RESILIENCE THROUGH TEACHING A FOREIGN LANGUAGE,EXCLUDE,intervention; language teaching for media resilience,1,W4412921698
W4412978962,10.1016/j.clinbiochem.2025.110986,2025,Best practice guidelines on reference interval harmonization in Canada: Evidence-based recommendations from the CSCC working group on reference interval harmonization (CSCC WG-hRI),EXCLUDE,off-topic; clinical laboratory guidelines,1,W4412978962
W4412991591,10.1145/3758967,2025,ALERT: Active Learning and Explainable AI for Robust Threat Detection in Telegram,EXCLUDE,detection/classifier,1,W4412991591
W4413003458,10.1002/joom.70014,2025,Charting the Future of Blockchain in Operations and Supply Chain Management: Opportunities and Challenges,EXCLUDE,off-topic; blockchain editorial,1,W4413003458
W4413035575,10.15276/mdt.9.2.2025.9,2025,Current PR technologies in the conditions of full-scale war in Ukraine,EXCLUDE,off-topic; non-empirical PR strategy analysis,1,W4413035575
W4413036451,10.35912/jomaps.v3i3.3259,2025,Scientific-theoretical foundations of the negative impact of social networks on the moral and ethical upbringing of youth,EXCLUDE,non-empirical; literature-based theoretical paper,1,W4413036451
W4413049405,10.1088/2631-8695/adf8bd,2025,Method for ontology representation from unstructured text corpus,EXCLUDE,off-topic; NLP ontology method,1,W4413049405
W4413067648,10.1111/jpcu.70011,2025,"Superhero Rhetoric: From Exceptionalism to Globalization—Up, Up, and … Abroad. By Michael ArthurSoares, Lanham, MD: Lexington Books, 2024. 218 pp. $105.00 (hbk)",EXCLUDE,not a study; book review,1,W4413067648
W4413069285,10.61132/maeswara.v3i3.1884,2025,Menghadapi Badai Digital : Studi Eksploratif Tentang Peran Big Data dalam Komunikasi Krisis,EXCLUDE,no audience denominator; qualitative crisis-communication study,1,W4413069285
W4413080675,10.47577/eximia.v14i1.551,2025,Exploring the Societal Attitudes: A Sentiment Analysis of the Public Views on the LGBT Community Using Natural Language Processing,EXCLUDE,sentiment analysis only; no misinformation share,1,W4413080675
W4413095536,10.1093/jeclap/lpaf050,2025,Smokescreens of digital markets—choice manipulation and the illusion of consent,EXCLUDE,off-topic; competition-law commentary,1,W4413095536
W4413098020,10.1016/j.ipm.2025.104305,2025,LLM-Enhanced Multi-Task Joint Learning Model for Misinformation Detection,EXCLUDE,detection/classifier,1,W4413098020
W4413124778,10.1016/j.asoc.2025.113725,2025,Spam bot detection on Twitter platform using positional attention based dense convolutional neural network,EXCLUDE,detection/classifier,1,W4413124778
W4413173963,10.58355/competitive.v4i3.175,2025,Decoding Gen-Z: The Impact of Social Networks on Their Decision-Making Mechanisms,MAYBE,survey of 345 students; misinformation concerns measured,1,W4413173963
W4413189588,10.56294/mr2025183,2025,Combating Information and Psychological Operations Through Youth Media and Information Literacy Development,EXCLUDE,non-empirical; theoretical media-literacy paper,1,W4413189588
W4413193301,10.1002/poi3.70014,2025,Geopolitics in Platform Governance: Algorithmic Sovereignty and Data Localization in China and the United States,EXCLUDE,off-topic; platform governance policy analysis,1,W4413193301
W4413193639,10.47233/jiska.v3i1.2024,2025,Analisis Efektivitas Algoritma Machine Learning dalam Deteksi Hoaks: Pada Berita Digital Berbahasa Indonesia,EXCLUDE,detection/classifier,1,W4413193639
W4413195677,10.1007/s41870-025-02688-6,2025,HPEGPrSumm: a transformer-based text summarization with prompt tuning,EXCLUDE,off-topic; text summarization method,1,W4413195677
W4413199044,10.24144/2307-3322.2025.89.2.69,2025,Administrative and legal foundations for ensuring information security and access to public information in the activities of law enforcement agencies within the national security sector,EXCLUDE,non-empirical; legal analysis,1,W4413199044
W4413203960,10.31629/juan.v13i1.6891,2025,The Role of Subdistrict Election Committees in Increasing Electoral Participation Among Generation Zillennials,EXCLUDE,off-topic; electoral outreach evaluation,1,W4413203960
W4413218774,10.1017/s0029665125101055,2025,A systematic analysis of the quality of online nutrition information relating to autism and diet available on the social media platform X (formerly Twitter),MAYBE,content analysis of 596 X posts; may give share of poor-quality items,1,W4413218774
W4413225862,10.18280/isi.300621,2025,"Enhancing Fake News Detection via PSO-Optimized Ensemble Learning: A Comparative Study of SVM, NB, and RF",EXCLUDE,detection/classifier,1,W4413225862
W4413228060,10.30743/mkd.v9i1.10539,2025,Integrasi Etika dan Regulasi dalam Penanganan Misinformasi di Media Digital pada Era Post-Truth,EXCLUDE,non-empirical; ethics and regulation analysis,1,W4413228060
W4413228339,10.4103/sjhs.sjhs_155_24,2025,Patient knowledge and misconceptions about total knee arthroplasty: A cross-sectional study in Saudi Arabia,EXCLUDE,belief/misconception only; no exposure or sharing measure,1,W4413228339
W4413233439,10.64290/jsls.v1i1.22,2025,EVALUATING THE EFFECTIVENESS OF DIGITAL COMMUNICATION PLATFORMS IN ENHANCING CONFLICT EARLY WARNING AND EARLY RESPONSE: A LITERATURE REVIEW,EXCLUDE,review/commentary; literature review,1,W4413233439
W4413234340,10.1002/ffo2.70014,2025,Futures Research Methods as Tools to Navigate in a Turbulent World,EXCLUDE,non-empirical; editorial,1,W4413234340
W4413235574,10.54150/syiar.v5i1.720,2025,TikTok Social Media Literacy in Verifying the Dissemination of Hoax News among University Students,EXCLUDE,no audience denominator; five-student qualitative study,1,W4413235574
W4413250485,10.1186/s40537-025-01182-x,2025,Truth be told: a multimodal ensemble approach for enhanced fake news detection in textual and visual media,EXCLUDE,detection/classifier,1,W4413250485
W4413254650,10.59581/deposisi.v3i3.5441,2025,The Urgency of Establishing a National Digital Commission to Ensure Responsive and Sustainable Cyber Governance in Indonesia,EXCLUDE,non-empirical; policy advocacy paper,1,W4413254650
W4413285392,10.5771/2192-4007-2025-3-339,2025,Journalistic quality in the eye of the beholder: An eye-tracking study on user comments and their effect on journalistic quality perception,EXCLUDE,intervention/experiment only; quality perception not misinformation,1,W4413285392
W4413286025,10.5958/2278-4853.2025.00010.x,2025,Role of social media in Indian politics: An analysis,EXCLUDE,non-empirical; discursive analysis,1,W4413286025
W4413326474,10.4103/ijcs.ijcs_24_25,2025,p value of Peer versus Pear Review: Saving the Scalpel from Signatures,EXCLUDE,review/commentary; peer-review editorial,1,W4413326474
W4413342587,10.3390/bdcc9080215,2025,A Multi-Level Annotation Model for Fake News Detection: Implementing Kazakh-Russian Corpus via Label Studio,EXCLUDE,detection/classifier; annotation corpus for detection,1,W4413342587
W4413367819,10.1007/s10614-025-11072-2,2025,A Fake News Detection Method Tailored for Financial Regulatory Agencies,EXCLUDE,detection/classifier,1,W4413367819
W4413368052,10.3389/ijph.2025.1608480,2025,A Custom Keyword Tool for Improving the Quality of Social Media Monitoring on Vaccine Safety: A Proof of Concept,EXCLUDE,tool; monitoring keyword proof of concept,1,W4413368052
W4413368804,10.64494/jfst/v3i1/na/2025/08/171-184,2025,A Systematic Analysis of Machine Learning and Deep Learning Techniques to Detect Fake News,EXCLUDE,detection/classifier review,1,W4413368804
W4413378967,10.15353/joci.v21i1.6676,2025,An Outpost of Digital Hope,EXCLUDE,not a study; interview,1,W4413378967
W4413379764,10.51601/ijse.v5i3.187,2025,Political Advertising in General Elections,EXCLUDE,non-empirical; qualitative literature analysis,1,W4413379764
W4413380474,10.62370/hbds.v26i2.278890,2025,"Social Media and Elections: Facebook and TikTok’s Influence on First-Time Voters’ Preferences in Maasin City, Philippines",EXCLUDE,misinformation not measured; usage and voting preference survey,1,W4413380474
W4413406244,10.15575/socio-politica.v15i2.46196,2025,Sociology of da'wah in the era of Industry 4.0 and Society 5.0: Implications for contemporary da'wah in Indonesia,EXCLUDE,non-empirical; literature review,1,W4413406244
W4413417204,10.62383/federalisme.v2i3.1076,2025,Strategi Komunikasi Humas Polres Karanganyar Dalam Kampanye Anti Hoaks Pilkada 2024 Melalui Instagram,EXCLUDE,intervention; qualitative anti-hoax campaign study,1,W4413417204
W4413418945,10.24815/jr.v8i3.48627,2025,Exploring the Effectiveness of Bi-LSTM in Detecting Indonesian-Language Hoax News,EXCLUDE,detection/classifier,1,W4413418945
W4413442335,10.63056/acad.004.03.0603,2025,A Comparative Analysis of Print and Electronic Media in the Age of Digital Media and Artificial Intelligence,MAYBE,mixed-methods content analysis of credibility; possible share,1,W4413442335
W4413442940,10.1007/s42532-025-00226-z,2025,"The socio-environmental observatory: an information platform for transparency, participatory governance, and environmental justice in the Sonora River Basin, Mexico",EXCLUDE,off-topic; environmental information platform,1,W4413442940
W4413467311,10.51584/ijrias.2025.100700100,2025,A Study on Impact of Social Media Influencers on Indian Society with Special Reference to Bhopal City,EXCLUDE,misinformation not measured; influencer impact survey,1,W4413467311
W4413467805,10.70382/nijhcsr.v9i6.012,2025,SOCIAL MEDIA AS AN AGENT OF POLITICAL EDUCATION ON ELECTORAL FRAUD IN THE 2023 PRESIDENTIAL ELECTION,MAYBE,survey of 100; misinformation measured as barrier,1,W4413467805
W4413475635,10.31305/rrijm.2025.v10.n7.036,2025,Consumer Protection towards Eco-Friendly Products,EXCLUDE,off-topic; consumer protection law,1,W4413475635
W4413477450,10.55248/gengpi.6.0825.2819,2025,Impact of Social Media on Youth Empowerment,EXCLUDE,non-empirical; secondary-source thematic essay,1,W4413477450
W4413565071,10.47611/jsrhs.v14i1.8667,2025,Study on Teenagers' Use of Mobile Phones,EXCLUDE,off-topic; screen time and academic achievement,1,W4413565071
W4413624416,10.1093/ajhp/zxaf202,2025,2025 Joint Address from the ASHP President and the Chief Executive Officer,EXCLUDE,not a study; presidential address,1,W4413624416
W4413655293,10.15407/sociology2025.03.138,2025,Metalanguage in the digital society: its role in image-making and shaping public consciousness,EXCLUDE,non-empirical; theoretical sociology,1,W4413655293
W4413688470,10.1111/opn.70046,2025,Gaining Perspective on Artificial Intelligence and Gerontological Nursing,EXCLUDE,review/commentary; nursing editorial,1,W4413688470
W4413745650,10.1140/epjds/s13688-025-00582-6,2025,AGECovP: identifying ageism and analyzing COVID-19 discourse on older adults in YouTube,MAYBE,YouTube corpus may quantify misinformation/conspiracy content share,1,W4413745650
W4413777842,10.24198/comdent.v3i1.62725,2025,Bibliometric analysis of research trends in information seeking on social media,EXCLUDE,review/bibliometric,1,W4413777842
W4413788701,10.1159/000548208,2025,Artificial Intelligence-Driven Nephrology: The Role of Large Language Models in Kidney Care,EXCLUDE,review/commentary; clinical AI overview,1,W4413788701
W4413803480,10.3389/fcomm.2025.1655589,2025,Digital platforms and the shifting landscape of transnational cinema,EXCLUDE,off-topic; film studies essay,1,W4413803480
W4413806709,10.47852/bonviewjcce52026051,2025,Fake News Detection with Deep Learning: Insights from Multi-dimensional Model Analysis,EXCLUDE,detection/classifier,1,W4413806709
W4413815364,10.1093/jbcr/iraf043,2025,Compassion Matters! 2024 ABA Presidential Address,EXCLUDE,not a study; presidential address,1,W4413815364
W4413832168,10.47852/bonviewaia52023972,2025,Lexicon–Sentiment-Based Model for Detecting Fake News,EXCLUDE,detection/classifier,1,W4413832168
W4413844004,10.1093/eurheartj/ehaf654,2025,Performance of artificial intelligence-generated vs human-authored abstracts in a real-world setting,EXCLUDE,off-topic; peer-review rating experiment,1,W4413844004
W4413846786,10.1177/01678329251374501,2025,How Do AI Technologies Augment Intelligent Information Services in Libraries? A Deep Learning-Based Topic Modeling and Temporal Analysis,EXCLUDE,off-topic; bibliometric topic modelling of library research,1,W4413846786
W4413855278,10.61511/jscsr.v3i1.2025.2154,2025,Unraveling hegemony digital: A framework CDA-semiotic framework for sustainable social epistemic justice,EXCLUDE,non-empirical; qualitative discourse analysis,1,W4413855278
W4413861767,10.31449/inf.v49i30.8479,2025,Deep Learning-Based Sentiment Analysis of COVID-19 Pfizer Vaccine Tweets Using Transformer and Bi-LSTM Architectures,EXCLUDE,detection/classifier; sentiment only,1,W4413861767
W4413871410,10.1002/spe.70016,2025,A Risk Manager for Intrusion Tolerant Systems: Enhancing HAL 9000 With New Scoring and Data Sources,EXCLUDE,off-topic; cybersecurity risk manager,1,W4413871410
W4413894734,10.1177/1525822x251369300,2025,"How to Detect Lookups to Political Knowledge Questions in Web Surveys: Different Approaches, Their Implementation, Potential, and Challenges",EXCLUDE,review/commentary; survey-methods short take,1,W4413894734
W4413902616,10.62872/4gdtyd98,2025,Improving Digital Literacy Among Elementary School Students Through Interactive Learning and Online Platforms: Embracing an Era of Flexible and Inclusive Education,EXCLUDE,intervention; digital literacy teaching study,1,W4413902616
W4413904903,10.51423/2524-0471-2025-17-1-4,2025,The role of convergence and cross media in the modernization of the professional activities of the regional media editorial of public broadcasting of Ukraine,EXCLUDE,off-topic; newsroom convergence study,1,W4413904903
W4413906820,10.62656/sijss.v23i4.2020,2025,Social Media and Electoral Politics in India: A Comparative Analysis of the 2019 and 2024 Lok Sabha Elections,EXCLUDE,non-empirical; comparative narrative analysis,1,W4413906820
W4413913523,10.60142/ijhti.v4i02.09,2025,"Lessons Learned, Actions Needed: Preparing India for the Next Pandemic Wave",EXCLUDE,review/commentary; pandemic preparedness analysis,1,W4413913523
W4413922243,10.29408/veles.v9i2.30694,2025,Simulation-Based Project Learning in ESP: The Effectiveness of Crewpers for Vocational Journalism Education,EXCLUDE,intervention/experiment only; ESP teaching study,1,W4413922243
W4413929696,10.30871/jaic.v9i4.10023,2025,Few-Shot Learning for Classifying Genuine and Bot Comments on YouTube Using Transformer Models,EXCLUDE,detection/classifier,1,W4413929696
W4413933066,10.3126/nprcjmr.v2i8.83835,2025,Social Media’s Role in Shaping Political News Consumption in Nepal,EXCLUDE,review/commentary; secondary-data literature synthesis,1,W4413933066
W4413936683,10.58472/momentum.v14i1.201,2025,Peran Media Sosial dalam Membentuk Persepsi Keagamaan di Kalangan Generasi Muda,EXCLUDE,non-empirical; literature review,1,W4413936683
W4413953228,10.1007/s10586-025-05397-8,2025,Time-constrained concurrent data-offloading in the cloud and fog,EXCLUDE,off-topic; cloud/fog computing,1,W4413953228
W4413956203,10.1111/cobi.70138,2025,Threats to conservation from artificial‐intelligence‐generated wildlife images and videos,EXCLUDE,review/commentary; conservation essay,1,W4413956203
W4413957576,10.69812/jgs.v2i1.158,2025,The Influence of Public Information Disclosure and the Use of Social Media by the Probolinggo City Government on Public Trust in Probolinggo City,EXCLUDE,off-topic; government transparency and trust survey,1,W4413957576
W4413959630,10.4102/phcfm.v17i1.4997,2025,Digital pulse: Social media reaction to South Africa’s National Health Insurance implementation,EXCLUDE,off-topic; qualitative thematic analysis of reactions,1,W4413959630
W4413961211,10.33545/26646021.2025.v7.i2a.658,2025,The interplay of governance and political accountability in contemporary democracies,EXCLUDE,non-empirical; governance theory paper,1,W4413961211
W4413974900,10.1007/s42488-025-00153-4,2025,Optimized bidirectional gated recurrent unit-convolutional neural network for enhanced social network security,EXCLUDE,detection/classifier,1,W4413974900
W4414004023,10.1108/dta-08-2024-0832,2025,The data-driven emergence of online opinion leaders: telecommunication fraud in Northern Myanmar,EXCLUDE,detection/classifier; opinion-leader identification model,1,W4414004023
W4414007023,10.5406/26396025.6.2.06,2025,Assessing the Impact of Artificial Intelligence on the Olympic Games,EXCLUDE,review/commentary; AI in sport essay,1,W4414007023
W4414019215,10.47191/ijsshr/v8-i9-04,2025,Public Relations Communication Strategy in Public Image Restoration: A Case Study of BULOG's Digital Response to the “Rice Stone” Crisis In 2021,EXCLUDE,off-topic; qualitative crisis-PR case study,1,W4414019215
W4414036247,10.55041/ijsrem52480,2025,Student Advocacy on Social Media: Risk and Opportunities,MAYBE,survey of 200 students; misinformation reported among challenges,1,W4414036247
W4414060121,10.36591/se-4804-02,2025,Undeclared AI-Assisted Academic Writing as a Form of Research Misconduct,EXCLUDE,review/commentary; publishing-ethics editorial,1,W4414060121
W4414077965,10.1016/j.diagmicrobio.2025.117101,2025,Diagnostic tests for Nipah virus: A landscape analysis,EXCLUDE,off-topic; diagnostics landscape review,1,W4414077965
W4414137207,10.37602/ijrehc.2025.6428,2025,THE INFLUENCE AND IMPACT OF HOW SOCIAL MEDIA SHAPES SOCIETIES,EXCLUDE,non-empirical; secondary-data qualitative essay,1,W4414137207
W4414149503,10.70267/ijassr.2502043.2429,2025,Research on the Dissemination Effect of AIGC-Generated Content on New Media Platforms—Taking Gen Z as an Example,EXCLUDE,off-topic; AIGC acceptance survey with no misinformation share,1,W4414149503
W4414173935,10.14321/rhetpublaffa.28.1.0137,2025,Sensitive Rhetorics: Academic Freedom and Campus Activism,EXCLUDE,non-empirical; rhetorical essay,1,W4414173935
W4414181420,10.1192/j.eurpsy.2025.1091,2025,General population’s perceptions regarding marriage in patients with Bipolar disorder,EXCLUDE,off-topic; stigma perceptions survey,1,W4414181420
W4414190035,10.3389/fpubh.2025.1657233,2025,"Professional content analysis and quality assessment of cardiopulmonary resuscitation educational videos on social media platforms: a comparative study of YouTube, BiliBili, and TikTok",EXCLUDE,quality-score-only (PEMAT/VIQI/GQS) with no accuracy coding,1,W4414190035
W4414190400,10.3389/frai.2025.1627522,2025,"Linguistic patterns in pandemic-related content: a comparative analysis of COVID-19, Constraint, and Monkeypox datasets",EXCLUDE,detection-oriented linguistic analysis of pre-labelled datasets,1,W4414190400
W4414192883,10.51903/k4h62185,2025,"Digital Natives, Critical Strangers: The Challenge of Student Critical Literacy in Indonesia's Post-Truth Era",MAYBE,reports share of students who had believed hoaxes,1,W4414192883
W4414205703,10.1186/s13014-025-02721-9,2025,"CHAT-RT study: ChatGPT in radiation oncology—a survey on usage, perception, and impact among DEGRO members",EXCLUDE,off-topic; clinician ChatGPT usage survey,1,W4414205703
W4414242562,10.17148/ijarcce.2025.14830,2025,"Exploring Social Networking Platforms:A Comprehensive Review of Technological,Social, and Economic Dimensions",EXCLUDE,review/commentary; narrative review,1,W4414242562
W4414253437,10.30649/japk.v16i1.181,2025,Crowdsourcing as an Innovative Model in Public Policy Decision Making: Opportunities and Challenges,EXCLUDE,non-empirical; policy discussion paper,1,W4414253437
W4414259328,10.54501/jots.v3i1.250,2025,Untrustworthy Website Exposure and Election Beliefs: Selective Exposure and Ideological Asymmetry,INCLUDE,web-tracking panel of 1194 adults; untrustworthy-website exposure,1,W4414259328
W4414262167,10.30564/fls.v7i9.10630,2025,Language Structures in the Framing of Digital News on Google News Indonesia,EXCLUDE,off-topic; qualitative linguistic framing analysis,1,W4414262167
W4414288025,10.4103/jopsys.jopsys_70_24,2025,Is There a Need to Revisit the Definition of Delusion?,EXCLUDE,off-topic; psychiatric concept commentary,1,W4414288025
W4414288561,10.63468/jpsa.3.3.80,2025,Impact of Social Media on Political Awareness and Voting Behaviour in Punjab,MAYBE,survey of 300; prevalence of misinformation reported as finding,1,W4414288561
W4414289116,10.56975/jetir.v12i9.569229,2025,THE INTERSECTION OF TECHNOLOGY AND CULTURE: EXPLORING SOCIAL MEDIAS DUAL IMPACT ON RAJASTHANS TRIBAL POPULATIONS,EXCLUDE,misinformation only a qualitative theme; no share,1,W4414289116
W4414292093,10.1515/commun-2025-0071,2025,To construct or to reveal? Network analysis as formalising communication,EXCLUDE,review/commentary; methodological retrospective,1,W4414292093
W4414297042,10.47604/ijcpr.3510,2025,Visual Humor as a Political Tool: The Case of Memes in Kenya’s 2022 Election,EXCLUDE,memes coded by political theme; no accuracy coding,2,W4414297042;W7140984151
W4414309222,10.30983/al-jamahiria.v3i1.9841,2025,Literasi Digital dan Kesadaran Budaya sebagai Solusi Tantangan Atemporalitas dalam Komunikasi Antarbudaya,EXCLUDE,no audience denominator; eight-student qualitative study,1,W4414309222
W4414313232,10.25300/misq/2025/18108,2025,Social Media Moderation and Content Generation: Evidence From User Bans,EXCLUDE,intervention/experiment only; moderation ban effects,1,W4414313232
W4414338484,10.69569/jip.2025.630,2025,Financial Edutainment: The Effect of Social Media Usage on the Financial Literacy of Students in Bulacan,EXCLUDE,misinformation not measured; financial literacy survey,1,W4414338484
W4414341335,10.1111/nbu.70031,2025,Open Access Publishing in Nutrition and Dietetics: State of the Art and Future Directions,EXCLUDE,review/commentary; open-access editorial,1,W4414341335
W4414351820,10.31039/bjir.v2i8.65,2025,The use of social media in the creation political awareness of youth in Delta State,MAYBE,survey of 500; perceived falsity/unreliability of political content,1,W4414351820
W4414374038,10.53759/7669/jmc202505210,2025,A Personalized and Explainable News Recommendation Framework Leveraging User Clickstreams and Content Semantics,EXCLUDE,tool; news recommender system,1,W4414374038
W4414392826,10.31449/inf.v48i33.8636,2025,Shallow-FakeFaceNet: A CNN-Based Detection Framework for GAN-Generated and Handcrafted Facial Forgeries,EXCLUDE,detection/classifier,2,W4414392826;W4414396567
W4414408769,10.3126/ajhss.v2i1.80459,2025,Mitigating Polarization in Ethiopia's Political System: An Adversarial Collaboration Framework,EXCLUDE,off-topic; peacebuilding framework,1,W4414408769
W4414413768,10.54437/ilmuna.v7i2.2209,2025,PERAN MEDIA SOSIAL SEBAGAI SUMBER BELAJAR PAI,EXCLUDE,off-topic; single-case da'wah content study,1,W4414413768
W4414422287,10.1016/j.jaip.2025.09.012,2025,Preparing Allergists to Practice in 2050 Using Artificial Intelligence,EXCLUDE,review/commentary on clinical AI,1,W4414422287
W4414437931,10.1016/j.hssust.2025.09.003,2025,From abroad to home: Communication pathways and the reintegration of returned migrants in Ghana,EXCLUDE,off-topic; migrant reintegration,1,W4414437931
W4414439834,10.1016/j.ajpc.2025.101139,2025,"EVALUATING THE QUALITY, ACCURACY AND HEALTH IMPACT OF CHOLESTEROL-RELATED CONTENT ON TIKTOK: A SOCIAL MEDIA ANALYSIS",INCLUDE,accuracy coding of 200 TikTok videos,1,W4414439834
W4414449490,10.59581/harmoni-widyakarya.v3i3.5582,2025,Strategi Komunikasi Current Affairs LPP TVRI dalam Meningkatkan Kualitas Program Berita Jendela Negeri,EXCLUDE,off-topic; broadcaster strategy,1,W4414449490
W4414478200,10.1093/heapro/daaf166,2025,Health promotion in the algorithmic age: recognizing the information environment as a determinant of health,EXCLUDE,review/commentary,1,W4414478200
W4414480618,10.52340/spectri.2025.11.01.11,2025,"THE SCIENTIFIC DISCOURSE ON THE FEATURES OF COVID-19 VACCINE PLATFORMS, CHARACTERISTICS, SAFETY, IMMUNIZATION CHALLENGES, REGULATORY FRAMEWORKS, BROADER CONSIDERATIONS AND FUTURE PERSPECTIVES OF COVID-19 VACCINES GLOBALLY",EXCLUDE,review/commentary,1,W4414480618
W4414519581,10.11114/smc.v13i4.7989,2025,The Role of Social Media in Mitigating Risks During Civil Unrest: The Case of the 2021 Looting in KwaZulu-Natal,MAYBE,survey of 299 may report share encountering misinformation,1,W4414519581
W4414530859,10.12688/openreseurope.19670.2,2025,Exploring the Digital Health Landscape: How adolescents living in urban and rural Vanuatu use online platforms to access health information,EXCLUDE,off-topic; platform use only,2,W4414530859;W4415506001
W4414532760,10.1177/14604582251381271,2025,Enhancing medical information retrieval: Re-engineering the tala-med search engine for improved performance and flexibility,EXCLUDE,tool,1,W4414532760
W4414544359,10.36676/urr.v12.i3.1610,2025,The Role of Algorithms in Shaping Electoral Outcomes: A Critical Review,EXCLUDE,review/commentary,1,W4414544359
W4414547905,10.64357/neya-gjnps-eth-cm-rl-org-08,2025,Digital and Social Media Ethics in Religious Non-Profits,EXCLUDE,review/commentary,1,W4414547905
W4414554223,10.3390/cryptography9040061,2025,From Black Boxes to Glass Boxes: Explainable AI for Trustworthy Deepfake Forensics,EXCLUDE,detection/classifier review,1,W4414554223
W4414582293,10.57129/001c.144919,2025,Perceived benefits and limitations of a generative AI chatbot for mental health support: an exploratory mixed-methods study,EXCLUDE,off-topic; chatbot user experience,1,W4414582293
W4414599232,10.22610/imbr.v17i3(i).4665,2025,The Supply Chain of Misinformation: How Fake News Impacts Global Supply Decisions,EXCLUDE,review/commentary; conceptual framework,1,W4414599232
W4414606881,10.5406/24736031.51.4.04,2025,Gender Roles and Empowerment Goals: The LDS Women's Experience in Brazil,EXCLUDE,off-topic,1,W4414606881
W4414610988,10.1080/01416200.2025.2567281,2025,The branding and perception of madrasahs on social media: an analysis of misinformation and public sentiment using social network analysis,MAYBE,25k-tweet analysis may report misinformation share,1,W4414610988
W4414645445,10.1177/20552076251382086,2025,Harnessing artificial intelligence and digital technology for enhancing routine immunization among zero-dose children,EXCLUDE,review/commentary; narrative review,1,W4414645445
W4414660445,10.37481/jmh.v5i3.1472,2025,Konstruksi Realitas Politik dalam Media Sosial: Studi Perilaku Pemilih di Era Informasi,EXCLUDE,no audience denominator; qualitative,1,W4414660445
W4414671590,10.1021/acs.jcim.5c01897,2025,Nanostructured Material Design via a Retrieval-Augmented Generation (RAG) Approach: Bridging Laboratory Practice and Scientific Literature,EXCLUDE,off-topic; materials science,1,W4414671590
W4414697394,10.1113/ep093219,2025,Science that speaks: The public face of physiology,EXCLUDE,review/commentary; editorial,1,W4414697394
W4414709137,10.48146/odusobiad.1639193,2025,"Social marketing for public health in the digital age: A systematic and exploratory analysis of opportunities, challenges, and strategic directions",EXCLUDE,review/commentary,1,W4414709137
W4414709416,10.1016/j.bcra.2025.100393,2025,PSVDF: A data protection framework for vehicle digital forensics utilizing blockchain view and cross-platform secure space,EXCLUDE,off-topic; vehicle forensics,1,W4414709416
W4414718394,10.26740/vubeta.v2i3.39360,2025,A Deep Learning Approach to Fake News Classification Using LSTM,EXCLUDE,detection/classifier,1,W4414718394
W4414731937,10.32350/sri.31.03,2025,"News Media Propaganda and Intricate Conflict Outcomes: A Case Study of 2023 General Elections of Oyo State, Nigeria",MAYBE,content analysis of 48 messages may quantify fake news,1,W4414731937
W4414745983,10.58578/ijecs.v3i3.7531,2025,The Effectiveness of Digital Political Communication in Increasing Generation Z Political Participation in Indonesia,MAYBE,survey of 380 flags misinformation as measured challenge,1,W4414745983
W4414752214,10.26565/2524-2547-2025-69-10,2025,REPUTATION MANAGEMENT IN THE CONDITIONS OF DIGITALIZATION: STRATEGIES AND TOOLS FOR SMALL BUSINESSES IN THE ERA OF INFORMATION TECHNOLOGIES,EXCLUDE,review/commentary,1,W4414752214
W4414774009,10.47974/jios-2013,2025,A gated recurrent unit-based model for fake news detection in online social networks,EXCLUDE,detection/classifier,1,W4414774009
W4414779743,10.14569/ijacsa.2025.0160956,2025,Strategic Decision Support in Financial Management Using Deep Learning-Based Stock Price Prediction Models,EXCLUDE,off-topic; stock prediction,1,W4414779743
W4414782060,10.1097/xcs.0000000000001571,2025,Transplantation & Tissue Engineering,EXCLUDE,off-topic; surgical abstracts,1,W4414782060
W4414784211,10.1097/xcs.0000000000001578,2025,Breast,EXCLUDE,off-topic; surgical abstracts,1,W4414784211
W4414786154,10.1590/2179-8966/2025/89273i,2025,"Amplified voices, limited change? Rethinking the complex relationship between Democracy, Regulation, and the Internet",EXCLUDE,review/commentary; regulatory analysis,1,W4414786154
W4414795498,10.1002/eat.24552,2025,"“You Say Cognitive, I Say Cognitive”: Can Misinformation‐Informed Interventions Help Reduce Risk for Disordered Eating in Youth?",EXCLUDE,intervention/experiment only,1,W4414795498
W4414808785,10.47191/jefms/v8-i10-06,2025,The Influence of Finfluencer Authenticity and Trust on Gen Z’s Investment Intention: The Moderating Role of Financial Literacy,EXCLUDE,off-topic; investment intention,1,W4414808785
W4414809398,10.1007/s00146-025-02664-5,2025,Artificial intelligence as heteromation: the human infrastructure behind the machine,EXCLUDE,review/commentary; theory,1,W4414809398
W4414833742,10.17977/um087v2i2202567-75,2025,The Role of TikTok Algorithms in Political Polarization and Disinformation in Indonesia,EXCLUDE,review/commentary; library review only,1,W4414833742
W4414844381,10.1080/02604027.2025.2569012,2025,Fear of the Future: Causal Layered Analysis and Narrative Foresight Versus Conspiracy Theories,EXCLUDE,review/commentary; essay,1,W4414844381
W4414856753,10.31127/tuje.1688563,2025,"Enhancing Fake News Detection: A Multi-Modal Approach Integrating Reinforcement Learning, Random Forest, and LSTM",EXCLUDE,detection/classifier,1,W4414856753
W4414865943,10.64366/dss.v2i3.101,2025,Sistem Pendukung Keputusan dalam Pemilihan Surat Kabar Online Terbaik dengan Metode WASPAS,EXCLUDE,tool; decision-support system,1,W4414865943
W4414879818,10.3389/fpsyg.2025.1659272,2025,Digital silence: the psychological impact of being shadow banned on mental health and self-perception,EXCLUDE,off-topic; shadow banning,1,W4414879818
W4414895295,10.57017/ajelg.v1.i1(1).05,2025,"Artificial Intelligence, Task Automation and Macro-Development: Modelling the Productivity – Welfare Trade-Offs in the Nigeria Economy",EXCLUDE,off-topic; macroeconomic modelling,1,W4414895295
W4414897043,10.1080/1461670x.2025.2562141,2025,"Different Country, Different Truth? A Cross-Country Comparison of Fact-Checking Journalism During Public Health Crises",MAYBE,content analysis of 1036 fact-checks; claim-topic shares,1,W4414897043
W4414897437,10.52340/healthecosoc.2025.09.02.10,2025,The Crisis of Trust in the Digital Age: Potential and Limitations of Civic Engagement in Georgia,MAYBE,quantitative survey data may report disinformation exposure,1,W4414897437
W4414917127,10.24912/ki.v4i3.35405,2025,Peran Media Sosial dalam Membangun Opini Publik: Studi Kasus Akun Media Sosial DPR RI,EXCLUDE,no audience denominator; qualitative,1,W4414917127
W4414928180,10.61796/ejheaa.v2i8.1360,2025,EXPANDING MEDIA COMPETENCE THROUGH COMPUTER SCIENCE AND INFORMATION TECHNOLOGY EDUCATION: AN INTERDISCIPLINARY IMPERATIVE,EXCLUDE,intervention/experiment only; media literacy curriculum,1,W4414928180
W4414931655,10.37567/borneo.v6i1.3929,2025,"RELIGION, CULTURE, AND RADICALISM",EXCLUDE,off-topic; radicalization moderation strategies,1,W4414931655
W4414958716,10.64252/6mcmfh56,2025,Social Network Security and Cybersecurity: A State-of-the-Art Survey of Challenges and Emerging Threats,EXCLUDE,review/commentary,1,W4414958716
W4414970024,10.70322/rrd.2025.10016,2025,From Crisis to Coordination: How AI Transformed Public Health Policies during COVID-19,EXCLUDE,review/commentary; viewpoint,1,W4414970024
W4414979000,10.47772/ijriss.2025.909000299,2025,"Effect of Digital Electoral Mobilization on National Security in Nairobi City County, Kenya",MAYBE,mixed-methods survey of 400 may quantify misinformation exposure,1,W4414979000
W4414980507,10.61978/digitus.v3i4.975,2025,Evaluating Deep Learning Models for Humanitarian Sentiment Classification in Crisis Tweets: A Benchmark Study,EXCLUDE,detection/classifier,1,W4414980507
W4414982068,10.1145/3769113,2025,xFAIR: A Multi-Layer Approach to Data FAIRness Assessment and Data FAIRification,EXCLUDE,tool,1,W4414982068
W4415002019,10.7759/s44389-025-07434-4,2025,A Machine Learning-Based Approach to Personification and Safety Measures in Social Media Applications,EXCLUDE,detection/classifier,1,W4415002019
W4415012422,10.1177/14614448251378981,2025,Internet shutdowns in Ethiopia: Discourses of digital sovereignty and information suppression amid political instability,EXCLUDE,off-topic; shutdown governance,1,W4415012422
W4415013140,10.55606/jurrafi.v4i1.4609,2025,Inovasi Perencanaan Dakwah dengan Teknologi yang Berorientasi pada Tantangan Etis dan Strategi Penyampaian Pesan Islam,EXCLUDE,review/commentary; literature review,1,W4415013140
W4415038626,10.33140/aephr.04.02.14,2025,Dietary Deception Unmasked: How Influencers Mislead Millions and What We Can Do About It,EXCLUDE,review/commentary; narrative analysis with no sample,1,W4415038626
W4415048115,10.1109/tcss.2025.3599730,2025,Node Injection-Based Adversarial Attack and Defense on Social Bot Detection,EXCLUDE,detection/classifier,1,W4415048115
W4415077507,10.26906/sunz.2025.3.072,2025,NEURAL ARCHITECTURE COMPARISON FOR FACT VERIFICATION ON FEVER DATASET,EXCLUDE,detection/classifier,1,W4415077507
W4415100530,10.1111/josp.70018,2025,More Than Regulation: Challenging Habermas on the Future of the Public Sphere,EXCLUDE,review/commentary; theory,1,W4415100530
W4415135171,10.52088/ijesty.v5i4.1245,2025,"Cross Modal-FT Net: A Multimodal Fake News Detection Framework using Text, Images, and User Behavior",EXCLUDE,detection/classifier,1,W4415135171
W4415148688,10.26740/metafora.v8n02.p34-50,2025,Unveiling Clickbait: Analyzing SPOK Structure Errors in News Headlines,EXCLUDE,off-topic; linguistic structure not accuracy,1,W4415148688
W4415153409,10.2196/67942,2025,Vaccination Conversations on X in Spanish and Catalan: Qualitative Content Analysis,INCLUDE,coded 384 posts; misinformation/conspiracy themes with denominator,1,W4415153409
W4415175135,10.29313/tahkim.v8i2.8116,2025,PERAN HUKUM ISLAM DALAM MEMBENTUK MASYARAKAT BERADAB DI TENGAH ARUS MEDIA SOSIAL (STUDI KASUS DI DESA SINDANGBARANG KABUPATEN KUNINGAN),EXCLUDE,review/commentary; doctrinal literature study,1,W4415175135
W4415210688,10.1016/j.diagmicrobio.2025.117151,2025,"Landscape analysis of Lassa virus diagnostic tests: Challenges, innovations and future directions",EXCLUDE,off-topic; diagnostics landscape,1,W4415210688
W4415221354,10.1093/af/vfaf037,2025,The Zoonosis Council: establishing clarity on zoonotic diseases for the general public,EXCLUDE,review/commentary; proposal paper,1,W4415221354
W4415237098,10.3389/fmed.2025.1682480,2025,“Academic mountaineering” in medicine: competition vs. cooperation and medical professionalism,EXCLUDE,off-topic; medical training,1,W4415237098
W4415240145,10.21742/ajemr.2025.10.1.01,2025,Social Media Use and Information-Sharing Behavior among University Students: A Developing Country Perspective,MAYBE,survey of 300 on sharing; may report misinformation share,1,W4415240145
W4415242024,10.1093/eurpub/ckaf168,2025,"EPH, where public health meets. See you in Helsinki",EXCLUDE,not a study; conference editorial,1,W4415242024
W4415247114,10.37432/jieph-confpro5-00281,2025,Combating infodemics: Evaluating the role of accurate health reporting during Lassa fever outbreaks in West Africa,INCLUDE,180 media items coded plus ~half of 300 recalled false claims,1,W4415247114
W4415262903,10.26906/eir.2025.3(98).3916,2025,"Social networks as a driving force of societal transformation: opportunities, risks, and regulatory challenges",EXCLUDE,review/commentary,1,W4415262903
W4415304272,10.64229/w7344919,2025,From the Fourth Estate to the Fifth Estate: Interrogating the Influence of Artificial Intelligence in the Era of Citizen Journalism,EXCLUDE,no audience denominator; qualitative interviews,1,W4415304272
W4415307092,10.57180/mggr9869,2025,SPUP Alumni Tracer Study,EXCLUDE,off-topic; alumni tracking platform,1,W4415307092
W4415312827,10.63878/qrjs497,2025,"""HYBRID DEEP LEARNING FRAMEWORKS FOR FAKE NEWS DETECTION:A MULTIMODAL AND EXPLAINABLE AI APPROACH""",EXCLUDE,detection/classifier,1,W4415312827
W4415312886,10.56557/jobari/2025/v31i59854,2025,The Impact of Digital Literacy in Shaping Civic Awareness among the Younger Generation on Social Media Platforms,EXCLUDE,no audience denominator; qualitative case study,1,W4415312886
W4415317003,10.62379/jiksp.v2i4.2636,2025,Peran Citizen Journalism dalam Partisipasi Publik pada Pilkada 2024 di Kabupaten Wakatobi,EXCLUDE,no audience denominator; qualitative,1,W4415317003
W4415323291,10.4103/aihb.aihb_195_25,2025,"Breastfeeding, Human Milk and Infant Feeding Alternatives: Evidence, Barriers and Global Guidance",EXCLUDE,review/commentary,1,W4415323291
W4415332225,10.24912/kn.v9i2.33306,2025,Kompetensi Penulis Popmama IDN Media dan Minat Baca Mahasiswa Fikom Untar,EXCLUDE,off-topic; reading interest,1,W4415332225
W4415363585,10.1108/jeee-02-2025-0103,2025,"Should we play an unfair game? The roles of regulatory effectiveness, government support and algorithmic bias in e-commerce entrepreneurial readiness",EXCLUDE,off-topic; entrepreneurship,1,W4415363585
W4415363875,10.3389/fpsyt.2025.1691945,2025,Between access and anxiety: the paradox of digital mental health literacy,EXCLUDE,review/commentary,1,W4415363875
W4415382420,10.1145/3771935,2025,Iffy-or-Not: Critically Evaluating Potential Misinformation Using Fallacy Detection and Socratic Questioning with LLMs,EXCLUDE,intervention/experiment only; browser tool user study,1,W4415382420
W4415405459,10.5005/jp-journals-11002-0131,2025,Neonatologists\' Use of Social Media: A Survey Exploring Professional and Personal Practices,MAYBE,survey of 223 may quantify misinformation encounters,1,W4415405459
W4415411430,10.22515/albalagh.v10i2.12147,2025,ISLAMIC JOURNALISTIC ETHICS IN REPORTING STUDENT SUICIDES ON DETIK.COM: A SOCIAL RESPONSIBILITY PERSPECTIVE,EXCLUDE,off-topic; suicide reporting ethics,1,W4415411430
W4415451896,10.3390/nu17213327,2025,"Opinions on Ketogenic Diets Among Students and Academic Teachers at the University of Pécs, Hungary: A Cross-Sectional Survey",EXCLUDE,belief/attitude only; knowledge scores,1,W4415451896
W4415463210,10.1080/13600826.2025.2571147,2025,"Who Controls the Digital Agora? Social Media Governance in the European Union, United States, and Turkey",EXCLUDE,review/commentary; policy document analysis,1,W4415463210
W4415480987,10.36948/ijfmr.2025.v07i05.58534,2025,A Machine Learning Approach to Fake News Detection using Python,EXCLUDE,detection/classifier,1,W4415480987
W4415515958,10.25128/2520-6230.25.2.12,2025,Formation of value orientations of future social workers through new media,EXCLUDE,off-topic; professional values,1,W4415515958
W4415536562,10.12692/jbes/27.4.1-8,2025,Impact of social media campaigns on farmers awareness of environmental conservation practices,EXCLUDE,off-topic; agricultural extension,1,W4415536562
W4415543465,10.22178/pos.122-55,2025,Digital Literacy and Information Disorder: Understanding Older Adults' Interaction With False Information on Social Media,MAYBE,20 older adults; may report share encountering/sharing false info,1,W4415543465
W4415543656,10.59934/jaiea.v5i1.1794,2025,Integration of the Naive Bayes Algorithm in Website-Based Detection of Hoaxes Related to Nutritious Food Health Information,EXCLUDE,detection/classifier,1,W4415543656
W4415548858,10.35335/ypwvhc08,2025,Digital Da’wah Management Strategy through Artificial Intelligence on Social Media Platforms,EXCLUDE,off-topic; qualitative da'wah management,1,W4415548858
W4415590213,10.24144/2307-3322.2025.90.5.45,2025,Artificial intelligence and propaganda and disinformation: main challenges,EXCLUDE,review/commentary; legal review,1,W4415590213
W4415617132,10.1002/hem3.70243,2025,Operational burden and fragmented implementation in CAR T‐cell therapy: Insights from a multinational survey by the GoCART Coalition and the JACIE Quality Managers Committee,EXCLUDE,off-topic; clinical operations,1,W4415617132
W4415623404,10.36902/jcas.v1.i1.4,2025,The Role of Social Media in Shaping Political Participation among University Students.,MAYBE,mixed-methods survey names misinformation among results,1,W4415623404
W4415641071,10.1007/s44382-025-00015-y,2025,"A chatbot for the soul: mental health care, privacy, and intimacy in AI-based conversational agents",EXCLUDE,off-topic; chatbot red-teaming,2,W4415641071;W4416025441
W4415661837,10.11648/j.ijics.20251002.12,2025,Social Media as an Emerging Instrument of Political Engagement: The Case of Obuasi East Constituency,MAYBE,survey of 100 reports misinformation as measured barrier,1,W4415661837
W4415667124,10.1142/s0219649225501151,2025,An Automatic Event Detection from Social Media Using an Improved Meta-Heuristic Model-Based Multi-Scale Deep Learning Network,EXCLUDE,detection/classifier,1,W4415667124
W4415668543,10.55041/ijsrem53275,2025,People Reports: A Community News Portal,EXCLUDE,tool; news portal,1,W4415668543
W4415674292,10.1111/theo.70055,2025,Academic Freedom and Free Speech,EXCLUDE,review/commentary; philosophy,1,W4415674292
W4415715481,10.52152/f59dva27,2025,SOCIAL MEDIA USAGE BEHAVIOURAL PATTERN AND ADDICTION AMONG UNDERGRADUATES: IMPLICATIONS FOR GOOD HEALTH AND WELL BEING AND QUALITY EDUCATION,EXCLUDE,off-topic; social media addiction,1,W4415715481
W4415731499,10.1111/raq.70103,2025,Embracing Holistic Formulation Strategies to Maximise Positive Outcomes in Aquaculture Nutrition,EXCLUDE,off-topic; aquaculture,1,W4415731499
W4415763952,10.31530/cjnst.2025.1.1,2025,A Hybrid AI Model for Fake News Detection: Leveraging FastText and LSTM for Kurdish and English,EXCLUDE,detection/classifier,1,W4415763952
W4415782758,10.64910/jouair.v1i1.7,2025,THE EFFECT OF MACHINE LEARNING ALGORITHMS ON HOAX DETECTION ON SOCIAL MEDIA: IMPLICATIONS FOR NATIONAL INFORMATION SECURITY,EXCLUDE,detection/classifier,1,W4415782758
W4415785201,10.14569/ijacsa.2025.0161028,2025,A Hybrid Deep Learning and Forensic Approach for Robust Deepfake Detection,EXCLUDE,detection/classifier,1,W4415785201
W4415791631,10.30838/ujcea.0434.270526.141.1268,2025,IMPLEMENTATION OF ARTIFICIAL INTELLIGENCE PRODUCTS IN THE EDUCATIONAL PROCESS OF MASTER'S TRAINING,EXCLUDE,review/commentary; secondary-source synthesis,1,W4415791631
W4415847877,10.28925/2311-259x.2025.3.12,2025,Modern Ukrainian football YouTube vlogosphere and its impact on the mediatization of sports,EXCLUDE,off-topic; sports vlogging,1,W4415847877
W4415884927,10.1002/jhm.70177,2025,Pathways to promotion: Making everyday work count towards scholarship opportunities,EXCLUDE,off-topic; academic promotion,1,W4415884927
W4415916655,10.54254/2754-1169/2025.ld28929,2025,The Impact of Digital Marketing Model Transformation on the Connotation-Based Development of Brand Image,EXCLUDE,off-topic; brand marketing,1,W4415916655
W4415917400,10.52821/2789-4401-2025-4-235-247,2025,Open Government Data and e-gov services: prospects for increasing social trust,EXCLUDE,off-topic; e-government trust,1,W4415917400
W4415950679,10.47772/ijriss.2025.910000138,2025,Social Media Trends and Public Opinion Dynamics in Port Harcourt,MAYBE,survey of 323 reports misinformation among findings,1,W4415950679
W4415971276,10.1371/journal.pone.0332342,2025,Towards better Hebrew clickbait detection: Insights from BERT and data augmentation,EXCLUDE,detection/classifier,1,W4415971276
W4415989976,10.1002/wea.7777,2025,Weather in my life: Dan Harris,EXCLUDE,not a study; personal profile,1,W4415989976
W4416010676,10.1109/tsc.2025.3630208,2025,Non-Subjective Trust Mechanism for Online Ride-Hailing Services,EXCLUDE,off-topic; ride-hailing trust,1,W4416010676
W4416065387,10.12928/commicast.v6i2.13673,2025,Lessons from the social Dilemma: BSSN's social cybersecurity strategy addressing information disorders,EXCLUDE,review/commentary; qualitative policy analysis,1,W4416065387
W4416066827,10.1681/asn.20257ndxqdyx,2025,"Living Kidney Donation in the Public Eye: Motivations, Misconceptions, and Missed Opportunities",EXCLUDE,"belief/attitude only: misconceptions held, not exposure",1,W4416066827
W4416099373,10.1080/10494820.2025.2584573,2025,Analyzing and addressing the trust crisis in digital space education: restoration strategies based on causes,EXCLUDE,review/commentary: conceptual strategy paper,1,W4416099373
W4416101207,10.47772/ijriss.2025.910000286,2025,The Concept on the Desired Qualities of an Executive Position in the Philippines among Senior Cas Students,EXCLUDE,off-topic: voter preferences for executive qualifications,1,W4416101207
W4416102279,10.55041/ijsrem53810,2025,Blockchain Based News Platform with Integrated Agentic AI for News Verification,EXCLUDE,tool: blockchain news-verification platform,1,W4416102279
W4416135161,10.1155/ijdm/7468405,2025,Challenges of Data Science Implementation in Indonesian Digital–Native Newsrooms: Detik.com and Kumparan,EXCLUDE,off-topic: newsroom data-science adoption,1,W4416135161
W4416143349,10.51244/ijrsi.2025.1210000162,2025,A Qualitative Exploration of Social Media Usage and its Influence on Social Capital among Youths Residing in Urban Areas of Nigeria,EXCLUDE,no audience denominator: qualitative interviews only,1,W4416143349
W4416161471,10.58346/jowua.2025.i3.021,2025,Evaluating 5G-Based Communication Protocols for Reliable Data Transmission in Offshore Platforms,EXCLUDE,off-topic: 5G offshore communication protocols,1,W4416161471
W4416166098,10.52436/1.jutif.2025.6.5.4757,2025,Cross-Temporal Generalization of IndoBERT for Indonesian Hoax News Classification,EXCLUDE,detection/classifier: IndoBERT hoax classification,1,W4416166098
W4416173742,10.15421/292518,2025,“The Visibility Front”: Transformation of Media Representation of LGBTQ+ Communities on Suspilne Movlennia’s Digital Platforms amidst the Russo-Ukrainian War,EXCLUDE,"off-topic: LGBTQ+ representation narratives, not falsity coding",1,W4416173742
W4416194978,10.65278/ijtaci.2025.27,2025,A Blockchain Based Intelligent System for Urdu Information Veracity Assessment,EXCLUDE,detection/classifier: Urdu fake-news ML on blockchain,1,W4416194978
W4416198822,10.55681/sentri.v4i10.4800,2025,Pemanfaatan Media Sosial sebagai Sarana Edukasi Politik bagi Mahasiswa FKIP Universitas Tanjungpura,EXCLUDE,no audience denominator: qualitative descriptive study,1,W4416198822
W4416229382,10.58905/athena.v3i3.431,2025,Convergence of Radar Cirebon's Journalistic Works from Print Media to Digital Platforms,EXCLUDE,off-topic: media convergence in a regional newsroom,1,W4416229382
W4416243986,10.1093/eurpub/ckaf210,2025,Europe in a hybrid war: health security as strategic defence,EXCLUDE,review/commentary: hybrid-warfare health security essay,1,W4416243986
W4416259300,10.7897/2277-4343.165185,2025,AN APPRAISAL ON SHASTRA TO SHELF: A REVELATION FOR AYURVEDA VIGILANCE IN THE DIGITAL ERA OF E-COMMERCE,EXCLUDE,review/commentary: Ayurveda e-commerce essay,1,W4416259300
W4416271710,10.1177/21582440251381272,2025,An In-depth Assessment of The Acceptability And Effectiveness of AI tools in Identifying Misinformation in Media: Literature Review,EXCLUDE,review/commentary: literature review of AI detection tools,1,W4416271710
W4416273789,10.51470/jod.2025.4.2.171,2025,"The Impact of Social Media on Public Opinion and Social Movements: A Review of the Literature on Social Media’s Role in Shaping Public Opinion, Political Engagement, and Electoral Outcomes",EXCLUDE,review/commentary: literature review,1,W4416273789
W4416299515,10.35631/ijmoe.726067,2025,PROMOTING SOCIAL MEDIA LITERACY AND STRENGTHENING SCHOOL RESOURCE CENTRES: A COMMUNITY-BASED SERVICE LEARNING STUDY IN MALAYSIA,EXCLUDE,intervention/experiment only: media-literacy service-learning program,1,W4416299515
W4416305123,10.70102/afts.2025.1833.322,2025,FAKE SOCIAL MEDIA ACCOUNT AND DETECTION,EXCLUDE,detection/classifier: fake-account detection,1,W4416305123
W4416317517,10.1007/s13278-025-01526-8,2025,Academic research on Facebook: a bibliometric review,EXCLUDE,review/commentary: bibliometric review,1,W4416317517
W4416333383,10.18178/ijiet.2025.15.11.2443,2025,A Comparative Analysis of MOOC Platforms Using Educational Data Mining Techniques,EXCLUDE,off-topic: MOOC platform comparison,1,W4416333383
W4416336108,10.63544/ijss.v4i4.198,2025,The Role of Artificial Intelligence in Shaping Digital Media Consumption,EXCLUDE,"off-topic: AI personalization perceptions, no misinformation share",1,W4416336108
W4416336413,10.1111/spc3.70105,2025,Introduction to Social Psychology in Action : Addressing the Critical Issues of Our Time and Implications of Removing AI Safeguards,EXCLUDE,not a study: editorial introduction to a collection,1,W4416336413
W4416340172,10.62383/desentralisasi.v2i4.1228,2025,Penerapan Undang-Undang Nomor 19 Tahun 2016 tentang Informasi dan Transaksi Elektronik Terkait Praktik Manipulasi Data (Fake Account) di Sosial Media Instagram,EXCLUDE,off-topic: legal analysis of fake-account regulation,1,W4416340172
W4416358967,10.48175/ijarsct-29321,2025,Hashtag Democracy: Social Media Movements and the Shifting Terrain of Civic Engagement,MAYBE,survey may report share concerned with/encountering misinformation,1,W4416358967
W4416389577,10.1057/s41599-025-06017-x,2025,Extracting narrative signals from public discourse: a network-based approach,EXCLUDE,tool: narrative-extraction method,1,W4416389577
W4416420807,10.37506/m74c5j61,2025,Digital Footprint of Crime: Exploring The Relationship between Social Media and Criminal Behaviour,EXCLUDE,off-topic: social media and criminal behaviour,1,W4416420807
W4416435848,10.30838/ep.206.51-56,2025,GOVTECH AND PUBLIC FINANCE: STRATEGIC DIRECTIONS OF UKRAINE’S DIGITAL TRANSFORMATION,EXCLUDE,off-topic: GovTech and public finance,1,W4416435848
W4416447574,10.1111/inr.70132,2025,Media Portrayals of Nurse Retention: A Decade of News With Topic Modeling and Network Analysis,EXCLUDE,off-topic: news framing of nurse retention,1,W4416447574
W4416452170,10.1097/j.jcrs.0000000000001817,2025,That's a wrap—2025,EXCLUDE,not a study: journal editorial,1,W4416452170
W4416506707,10.1093/ajhp/zxaf309,2025,Executive Summary of the 2025 ASHP Commission on Goals: Preparing for the Evolving Healthcare Landscape,EXCLUDE,not a study: meeting executive summary,1,W4416506707
W4416536385,10.33693/2223-0092-2025-15-5-52-62,2025,The role of modern political communication technologies in the decision-making system,EXCLUDE,review/commentary: political communication technologies,1,W4416536385
W4416569989,10.64388/irev9i5-1711948,2025,The Evolution of Digital Media Strategy in the Age of Algorithmic Platforms,EXCLUDE,review/commentary: conceptual media-strategy essay,1,W4416569989
W4416572269,10.64388/irev9i5-1712167,2025,Digital Public Policy and the Future of Indian Newsrooms,EXCLUDE,review/commentary: policy essay on Indian newsrooms,1,W4416572269
W4416595072,10.24144/2307-3322.2025.91.3.13,2025,AI technologies used by russia in the information warfare against Ukraine,EXCLUDE,review/commentary: analytic essay on AI disinformation,1,W4416595072
W4416672956,10.63332/joph.v5i11.3688,2025,Robotic AI Systems for Fake News Detection in IoT-Connected Social Media Platforms Using Sensor-Driven Cross-Verification,EXCLUDE,detection/classifier: sensor-augmented fake-news detection,1,W4416672956
W4416707483,10.1109/tvcg.2025.3633884,2025,"MisVisFix: An Interactive Dashboard for Detecting, Explaining, and Correcting Misleading Visualizations using Large Language Models",EXCLUDE,tool: LLM dashboard for misleading visualizations,1,W4416707483
W4416715085,10.5204/mcj.3191,2025,Living in Scroll Land,EXCLUDE,review/commentary: cultural essay on doomscrolling,1,W4416715085
W4416732169,10.1093/epolic/eiaf019,2025,Alessandro Saia discussion of: Information and conflict,EXCLUDE,review/commentary: discussion of a review article,1,W4416732169
W4416732407,10.55248/gengpi.06.1125.3863,2025,Truth-Aware Disaster Response and Warning System using LinearSVC,EXCLUDE,tool: disaster-report verification system,1,W4416732407
W4416739609,10.4103/mjdrdypu.mjdrdypu_784_24,2025,Quality of Online News Media Reports of Sexual Violence in India,MAYBE,content analysis of 240 reports may quantify false-allegation myths,1,W4416739609
W4416740409,10.32374/2025.5.1.138aer,2025,Using Machine Learning to Detect Scientific Misinformation,EXCLUDE,detection/classifier: ML flagging of science misinformation,1,W4416740409
W4416743204,10.59677/njllcs.v18i1.116,2025,discourse of prospects and challenges of multimedia usage in Nigeria's 2023 general elections,EXCLUDE,review/commentary: discourse from secondary sources,1,W4416743204
W4416748323,10.1177/18724981251397524,2025,News dissemination false information detection algorithms based on intelligent information processing and hybrid networks,EXCLUDE,detection/classifier: hybrid neural network detection,1,W4416748323
W4416753079,10.47772/ijriss.2025.91100028,2025,Transformative Pedagogies in Action: The “Click with Care” PR Campaign for Media Literacy among School Students,EXCLUDE,intervention/experiment only: media-literacy PR campaign,1,W4416753079
W4416759143,10.4081/reumatismo.2025.2024,2025,PO:08:118 | “Posting Arthritis”: rheumatoid arthritis vs. juvenile idiopathic arthritis contents on social media,INCLUDE,"1,713 social posts coded for disinformation absent/minimal/significant",2,W4416759143;W7104818201
W4416767683,10.4103/ipj.ipj_330_25,2025,Artificial intelligence and big data analytics: A morale booster in the field of trauma and disaster scenarios,EXCLUDE,review/commentary: AI in trauma and disaster essay,1,W4416767683
W4416773736,10.5204/mcj.3229,2025,Automating Intimacy?,EXCLUDE,off-topic: AI companions and sexuality education,1,W4416773736
W4416775591,10.3389/fsoc.2025.1704934,2025,No right is absolute: the need for a more responsible use of social media,EXCLUDE,review/commentary: opinion on responsible social media use,1,W4416775591
W4416778868,10.1080/0965254x.2025.2595087,2025,Let’s Get Phygital: The Bright and Dark Sides of Generative AI for Phygital Customer Experience,EXCLUDE,review/commentary: practice-article review of generative AI,1,W4416778868
W4416782801,10.54392/irjmt25613,2025,Deceptive News Content Detection using a Hybrid Transformer-based and Deep Learning Model with Explainability,EXCLUDE,detection/classifier: transformer deceptive-news detection,1,W4416782801
W4416794548,10.52340/gs.2025.07.04.21,2025,Invisible Editors: Impact of AI on Media Content Quality and Trust,MAYBE,content analysis of AI-curated media may quantify low-quality share,1,W4416794548
W4416800034,10.1136/bmjopen-2024-095811,2025,Reducing decisional conflict in COVID-19 vaccination in ethnocultural communities through sensemaking: a participatory action mixed-methods study,MAYBE,277 broker narratives may quantify misinformation encountered,1,W4416800034
W4416805719,10.64753/jcasc.v10i3.2393,2025,Exploring Negative Online Interactions on X and Their Psychological Impact on Malaysian Gamers: A Qualitative Perspective,EXCLUDE,no audience denominator: six qualitative interviews,1,W4416805719
W4416817480,10.65324/imb010,2025,Features of Media Convergence Process through the Eyes of Professional Journalists’ Community: Regional Aspects,EXCLUDE,off-topic: regional media convergence interviews,1,W4416817480
W4416828171,10.32782/2524-0374/2025-10/67,2025,DIGITAL BRIDGES AND LEGAL FRAMEWORKS: SOCIAL MEDIA AND THE INTEGRATION OF FORCED UKRAINIAN FEMALE MIGRANTS IN ITALY WITHIN THE EU CONTEXT,EXCLUDE,off-topic: migrant integration and legal frameworks,1,W4416828171
W4416830778,10.51903/e0t2mh67,2025,Web-Based Information System Design and Implementation at the Simalidu Nagari Office,EXCLUDE,off-topic: village website information system,1,W4416830778
W4416871918,10.1007/s10900-025-01545-8,2025,"Assessment of Knowledge, Attitude, and Anxiety among Healthcare Providers and Medical Students in Iraq about Monkeypox Virus during the 2024 Global Outbreak",MAYBE,no abstract; monkeypox KAP survey may include misinformation exposure,1,W4416871918
W4416906288,10.65521/ijrdmr.v14i1.99,2025,"The Evolution of Political Parties, Interest Groups, and Elections Towards the Digital Democratic Era",EXCLUDE,review/commentary: conceptual digital-democracy paper,1,W4416906288
W4416916627,10.3390/ejihpe15120242,2025,Conceptualization of Digital Platforms Within Cancer Communication: A Review of Barriers and Drivers of Online Tools to Empower Children and Adolescents with Cancer to Understand Their Disease,EXCLUDE,review/commentary: PRISMA review of drivers and barriers,1,W4416916627
W4416926730,10.17576/ebangi.2025.2204.69,2025,Digital Deadlines: Time Pressure and Workflow Challenges for Multimedia Journalists in Malaysia,EXCLUDE,no audience denominator: qualitative journalist interviews,1,W4416926730
W4416933149,10.55829/skpjcx43,2025,THE EVOLUTION OF SOCIAL MEDIA INFLUENCE IN U.S. PRESIDENTIAL ELECTIONS: A LONGITUDINAL ANALYSIS FROM 2008 TO 2024,EXCLUDE,review/commentary: qualitative longitudinal case synthesis,1,W4416933149
W4416939142,10.22271/allresearch.2025.v11.i11sa.13099,2025,Digital marketing adoption by grape growers in Karnataka: A literature-based conceptual framework,EXCLUDE,off-topic: digital marketing adoption by grape growers,1,W4416939142
W4416982774,10.61978/communica.v3i4.1171,2025,Utilizing Google Trends for the Identification of Evergreen Topics in Online Media Akurat.co,EXCLUDE,off-topic: Google Trends for evergreen editorial topics,1,W4416982774
W4417032866,10.1093/joc/jqaf038,2025,Authenticity as discursive gaze: a critical review of social media research on authenticity,EXCLUDE,review/commentary: critical review of authenticity research,1,W4417032866
W4417054800,10.4103/jacresus.jacresus_17_25,2025,The Fraying Edges of Resilience: Questioning Medical Institutes’ Preparedness for the Next Pandemic,EXCLUDE,review/commentary: pandemic-preparedness essay,1,W4417054800
W4417095463,10.52058/2786-4952-2025-11(57)-1620-1642,2025,COGNITIVE MECHANISMS OF ECOLOGICAL CONSCIOUSNESS FORMATION UNDER CONDITIONS OF INFORMATION OVERLOAD,EXCLUDE,review/commentary: theoretical cognitive-load analysis,1,W4417095463
W4417102578,10.1111/ehr.70072,2025,Review of periodical literature published in 2024: 1945–present,EXCLUDE,review/commentary: annual review of periodical literature,1,W4417102578
W4417119300,10.1007/s13187-025-02804-x,2025,Quality Assessment of Videos about Radiotherapy-Related Oral Mucositis on YouTube in Brazil,MAYBE,no abstract; YouTube video appraisal may code accuracy,1,W4417119300
W4417144745,10.1177/09557490251406852,2025,Author keyword occurrence and trends in digital media research: A bibliometric study,EXCLUDE,review/commentary: bibliometric keyword study,1,W4417144745
W4417165686,10.1093/jsxmed/qdaf320.115,2025,(115) Assessing the Quality of Ai-Generated Responses to Patient Queries on Regenerative Therapies for Erectile Dysfunction: A Multi-Platform Evaluation,MAYBE,"AI chatbot answers on ED therapies appraised, share may be reported",1,W4417165686
W4417167038,10.1093/jsxmed/qdaf320.273,2025,(277) What AI Performs Best When Answering Commonly Asked Questions About Testosterone Replacement Therapy?,MAYBE,"AI chatbot answers on TRT graded for accuracy, share may be reported",1,W4417167038
W4417168163,10.1097/nur.0000000000000941,2025,Bringing the Clinical Nurse Specialist Voice to the Policy Table,EXCLUDE,not a study: personal policy-advocacy essay,1,W4417168163
W4417170621,10.61838/kman.isslp.346,2025,"Youth, Politics, and Cyberspace: The Impact of Virtual Spaces on Partisan Tendencies and Political Attitudes in 1990s-born Iranians",EXCLUDE,"off-topic: political attitudes, no misinformation measure",1,W4417170621
W4417181468,10.65579/31075037.093,2025,AI-Powered Sentiment Analysis in Real-Time Brand Monitoring,EXCLUDE,tool: AI sentiment analysis for brand monitoring,1,W4417181468
W4417185692,10.17697/ibmrd/2025/v14i2/174489,2025,The Role of Artificial Intelligence in ESG Investment Decision-Making,EXCLUDE,off-topic: AI in ESG investment decisions,1,W4417185692
W4417186534,10.1002/jaal.70028,2025,"Navigating Digital Realities: Understanding Young People's Engagement With Social Media for News, Political Information, and Identity Formation",EXCLUDE,no audience denominator: think-aloud and interview study,1,W4417186534
W4417188517,10.31703/gpr.2025(x-iii).20,2025,NDMA Crisis Communication on Twitter: A Case Study of Floods in Pakistan 2022,EXCLUDE,no audience denominator: qualitative analysis of agency tweets,1,W4417188517
W4417195647,10.19181/nko.2025.31.4.4,2025,"Interplay between digitalization and democratization: factors, challenges, and values in the context of deliberative democracy",EXCLUDE,review/commentary: theoretical analysis of trust surveys,1,W4417195647
W4417201168,10.4103/pjiap.pjiap_83_25,2025,Patient-reported outcome measures: The Indian perspective,EXCLUDE,off-topic: patient-reported outcome measures,1,W4417201168
W4417209086,10.65136/ejbm.v10i1.5,2025,"Social Media and Climate Change Perceptions among Undergraduates at Babcock University: A Survey of Knowledge, Attitudes, Intentions and Opinion Formation",EXCLUDE,belief/attitude only: climate knowledge and attitudes survey,1,W4417209086
W4417215976,10.1038/s41598-025-31653-3,2025,Graph-augmented transformer ensemble framework for robust and scalable fake news detection in social media ecosystems,EXCLUDE,detection/classifier: graph-transformer fake news detection,1,W4417215976
W4417226581,10.1007/s44163-025-00613-1,2025,Deep vision against deception using CNN strategies for fake social media profile detection,EXCLUDE,detection/classifier: fake profile detection benchmark,1,W4417226581
W4417262263,10.64388/irev9i6-1712524,2025,Mediated Democracy: The Role of New Media in Shaping Political Consciousness in Contemporary India,EXCLUDE,review/commentary: secondary-source essay on new media,1,W4417262263
W4417262749,10.70388/sm250179,2025,"Artificial Intelligence in Education: Exploring Opportunities, Challenges, and Ethical Implications in a Rapidly Evolving Landscape",EXCLUDE,review/commentary: AI in education essay,1,W4417262749
W4417268743,10.62096/sq.v6i2.228,2025,"Analisis Genealogis, Epistemik, dan Praktis atas Penggunaan Jawami‘ al-Kalim di Era Ekosistem Hadis Digital",EXCLUDE,off-topic: hermeneutic study of hadith digital literacy,1,W4417268743
W4417292706,10.63282/3050-9262.ijaidsml-v6i3p116,2025,The Effectiveness of Social Media in Customer Risk Awareness,MAYBE,content compendium of risk posts may quantify misinformation share,1,W4417292706
W4417305698,10.54117/g5wdsz24,2025,Patterns of AI Used for Generating Health Information among Students in South West Nigeria,EXCLUDE,"off-topic: AI use patterns, no misinformation exposure measure",1,W4417305698
W4417308801,10.61132/jbpai.v3i6.1657,2025,Integrasi Literasi Digital Islami dalam Pembelajaran PAI untuk Mencegah Dampak Negatif Media Sosial pada Generasi Z,EXCLUDE,intervention/experiment only: Islamic digital literacy in teaching,1,W4417308801
W4417356549,10.59168/mapr1653,2025,Are canonical news values still relevant in the social media age? An exploratory study on Romanian Gen Z,EXCLUDE,no audience denominator: focus-group study of news values,1,W4417356549
W4417399231,10.29329/jsomer.57,2025,"Social media analytics for investigations: A survey of recent trends, challenges and future research direction",EXCLUDE,review/commentary: survey of social media analytics,1,W4417399231
W4417402074,10.55516/ijlso.v5i1.282,2025,"LIKE, SHARE, (IN) SECURITY IN THE AGE OF INFLUENCERS",EXCLUDE,review/commentary: essay on influencer harms,1,W4417402074
W4417419203,10.38124/ijisrt/25dec547,2025,Beyond the Text: Integrating Fake News Detection with Emotions and Contextual Cues,EXCLUDE,detection/classifier: review of fake news detection models,1,W4417419203
W4417430906,10.1002/jcph.70146,2025,The Importance of the Peer Review Process to Safeguard Scientific Integrity,EXCLUDE,not a study: editorial on peer review,2,W4417430906;W7128011561
W4417449827,10.2478/jms-2025-0011,2025,"Weaponising the mind: AI, cyberspace and the future of psychological operations",EXCLUDE,review/commentary: essay on AI psychological operations,1,W4417449827
W4417451396,10.62386/jised.v3i4.152,2025,Implementasi Perancangan Sistem Informasi Berbasis Website di SD Negeri 18 Angge Palimbatan,EXCLUDE,off-topic: school website information system,1,W4417451396
W4417455222,10.65655/6hrx1r41,2025,"Artificial Intelligence Ethics and Biblical Prophecy: A Global Christian Analysis of Algorithmic Censorship, Digital Deception, and Eschatological Risk",EXCLUDE,review/commentary: theological analysis of AI deception,1,W4417455222
W4417458219,10.1093/eurpub/ckaf197.001,2025,Representation matters—for a stronger public health workforce,EXCLUDE,not a study: public health editorial,1,W4417458219
W4417468185,10.51846/pjiss.v2i2.4399,2025,AI on the Frontlines: The Role of Artificial Intelligence in the Russia-Ukraine War,EXCLUDE,review/commentary: qualitative case study of AI in warfare,1,W4417468185
W4417520106,10.61173/es8t0b90,2025,Media Transformation and Brand Reinvention at Marvel Entertainment in the Attention Economy,EXCLUDE,off-topic: media brand strategy case study,1,W4417520106
W4417536004,10.29188/2712-9217-2025-11-3-19-24,2025,Technology of trust: «Vaxi» – a modern vaccination solution.,MAYBE,survey reports share consulting unregulated vaccine information sources,1,W4417536004
W7103891723,10.70651/3041-2498/2025.10.02,2025,DIGITAL TRANSFORMATION OF POLITICAL INFLUENCE: DYNAMICS OF MODERN PROPAGANDA,EXCLUDE,review/commentary: theoretical account of digital propaganda,1,W7103891723
W7103977916,10.37899/mjds.v2i2.212,2025,The Role of Social Media in Shaping Political Behavior among University Students in Makassar,EXCLUDE,"off-topic: political behaviour survey, no misinformation measure",1,W7103977916
W7104019099,10.5281/zenodo.17527904,2025,TEMPO Earthdata Hands-on Workshop,EXCLUDE,not a study: workshop agenda,2,W7104019099;W7104047421
W7104469351,10.5281/zenodo.17559475,2025,The Impact of Social Media on Public Policy: Opportunities and Challenges,EXCLUDE,review/commentary: qualitative secondary-source policy study,2,W7104469351;W7104482435
W7104534444,10.62670/2308-7668.2025.53.3.008,2025,The Seven Major Concerns in the Era of AI From AI Literacy to New AI Literacy,EXCLUDE,review/commentary: AI literacy conceptual article,1,W7104534444
W7104653012,10.5281/zenodo.17567548,2025,Human-Centric Resilience Is Moving From Pilots to Policy — But Enforcement and Measurement Still Lag (v2.0 Integrated Edition),EXCLUDE,not a study: policy intelligence report,2,W7104653012;W7104703685
W7105644043,10.5281/zenodo.17601812,2025,NASA Air Quality Earthdata Workshop with SWO Malaysia,EXCLUDE,not a study: workshop agenda,2,W7105644043;W7105644996
W7105813787,10.47475/2949-3390-2025-5-2-94-101,2025,THE INFLUENCE OF TIKTOK ON MEDIA CONSUMERISM,EXCLUDE,review/commentary: essay on TikTok media consumption,1,W7105813787
W7105902417,10.5281/zenodo.17630696,2025,Generative AI as a Digital Learning Companion: Opportunities and Risks in Higher Education,EXCLUDE,review/commentary: literature review of generative AI in education,1,W7105902417
W7105907139,10.57912/30585059,2025,Pushing Back on Big Tech: Insights from the UK’s OSA,EXCLUDE,review/commentary: commentary on the UK Online Safety Act,1,W7105907139
W7105918140,10.5281/zenodo.17635597,2025,Influence of WhatsApp Broadcast Messages on Political Discourse during the 2023 Presidential Election in Selected South-South States of Nigeria,MAYBE,survey of 400 on WhatsApp broadcast exposure may cover false messages,2,W7105918140;W7105928457
W7106008119,10.51244/ijrsi.2025.1210000285,2025,Development Of Artificial Intelligence-Based Model for Forensic Analysis of Cross-Platform Deepfakes,EXCLUDE,detection/classifier: deepfake forensic model,1,W7106008119
W7106120107,10.82315/74qgy-84m51,2025,Data journalism meets AI: An experiment on influence of technological disclosure on journalism creativity,EXCLUDE,intervention/experiment only,1,W7106120107
W7106138390,10.47254/insaniah.v9i2.1918,2025,The Role of Influencers in Shaping Political Participation Through Psychological Mechanisms,EXCLUDE,off-topic; qualitative influencer study with no misinformation share,1,W7106138390
W7106229312,10.5281/zenodo.17650901,2025,Regulatory Challenges in India's Digital Media Landscape,EXCLUDE,review/commentary; policy essay,2,W7106229312;W7106322817
W7106278166,10.5281/zenodo.17682693,2025,Quarantining Cheap AI and Synthetic Exhaust: An Entropy-Based Imperative for Information Integrity,EXCLUDE,review/commentary; whitepaper,1,W7106278166
W7106649837,10.5281/zenodo.17709320,2025,HCT-Net: A Hybrid CNN–Transformer Network for Robust Synthetic Media Identification,EXCLUDE,detection/classifier,2,W7106649837;W7106650945
W7106686442,10.5281/zenodo.17708436,2025,Case Notes: Asian News International (ANI) v. OpenAi,EXCLUDE,not a study; legal case note,2,W7106686442;W7106734384
W7106812574,10.13374/j.issn2095-9389.2025.08.14.002,2025,National sovereignty and social governance based on cyber–physical–social–thinking space,EXCLUDE,review/commentary; governance theory,1,W7106812574
W7107863344,10.53564/0898pj82,2025,APLIKASI LAYANAN PELANGGAN BERBASIS WEB DAN MOBILE PADA PERUSAHAAN AIR MINUM,EXCLUDE,off-topic; water utility app,1,W7107863344
W7107870533,10.24191/jikm.v15isi2.7237,2025,Exploring The Impact of Social Media Utilization on Perceived Information Overload: The Mediating Role of Information Disorder Experiences,MAYBE,survey may report perceived misinformation exposure,1,W7107870533
W7107955028,10.12114/j.issn.1007-9572.2023.0865,2025,Analysis of the Evolution Path and Development Trend of Research Hotspots in Chronic Disease Management in China,EXCLUDE,off-topic; bibliometrics,1,W7107955028
W7108217947,10.61194/ijjm.v6i4.1768,2025,The Strategy of Sosial Media Marketing in Influencing Consumer Financial Behavior: A Tiktok Case Study,EXCLUDE,off-topic; literature review on marketing,1,W7108217947
W7108321648,10.5281/zenodo.17789987,2025,Impact of Social Media Campaigns on Investor Awareness and Stock Market Participation,EXCLUDE,off-topic; investor behaviour,2,W7108321648;W7108328881
W7109106417,10.53286/arts.v7i4.2855,2025,From Secret Gardens to Surveillance Nightmares: How 1984 Turns Escapist Fiction into Intimidation Literature,EXCLUDE,review/commentary; literary analysis,1,W7109106417
W7110578846,,2025,The Role of Social Media in Shaping Investment Trends Among College Students,EXCLUDE,off-topic; investment behaviour,1,W7110578846
W7110622323,,2025,Digitalization of News: Shaping News Consumption Behavior,MAYBE,news-diet quality survey may report unreliable-news share,1,W7110622323
W7110896233,10.17613/qjq18-vcp49,2025,Digital Capitalism and Decorative Democracy,EXCLUDE,review/commentary; theoretical essay,4,W7110896233;W7111056722;W7111123556;W7111351835
W7110905629,10.1093/jsxmed/qdaf320.094,2025,(094) Hung up on Size: A Cross-Platform Analysis of Penis Size Perceptions on Social Media,INCLUDE,content analysis coding share of posts as misinformation,1,W7110905629
W7111047335,10.1093/jsxmed/qdaf320.431,2025,(437) A Comparison of Quality of Content on YouTube and TikTok for Male Infertility,EXCLUDE,quality-score-only (DISCERN) with no accuracy coding,1,W7111047335
W7111106978,10.5281/zenodo.17859536,2025,The Planned Obsolescence of Communication,EXCLUDE,review/commentary; theoretical essay,4,W7111106978;W7111152391;W7111177349;W7111337886
W7111182040,10.15162/1827-5133/2231,2025,Il ritorno del Leviatano? Fantasmi digitali e Corpo politico,EXCLUDE,review/commentary; political-theory essay,1,W7111182040
W7111195971,10.13189/ujph.2025.130617,2025,Reels Addiction and Mental Health: A Questionnaire-Based Study on Its Psychological Impact,MAYBE,survey may report share reporting misinformation encounters,1,W7111195971
W7111296097,10.1108/ijius-12-2025-387,2025,Publisher’s note,EXCLUDE,not a study; retraction notice,1,W7111296097
W7111332655,10.1051/epjconf/202534101028/pdf,2025,Machine Learning-Based Classification of Multi-modal Fact-Checked Misinformation on Social Networks,EXCLUDE,detection/classifier,1,W7111332655
W7111408520,10.4103/jiad.jiad_55_25,2025,Inclusive Artificial Intelligence in Health Care: Clinically Safe Deployment,EXCLUDE,review/commentary,1,W7111408520
W7111508129,,2025,Navigating media freedom amidst safety concerns on digital platforms: An analysis of the experiences of new vision journalists in Uganda,EXCLUDE,off-topic; journalist safety and harassment,1,W7111508129
W7112357724,,2025,GOVTECH ТА ПУБЛІЧНІ ФІНАНСИ: СТРАТЕГІЧНІ НАПРЯМИ ЦИФРОВОЇ ТРАНСФОРМАЦІЇ УКРАЇНИ,EXCLUDE,off-topic; govtech and public finance,1,W7112357724
W7112499476,,2025,Public Opinion and Institutional Trust in Europe: the contradictory role of the media in the digital age,EXCLUDE,belief/attitude only; media trust without exposure measure,1,W7112499476
W7112520620,,2025,One Solution to fix them all: Does Decentralization fix the Problems of Social Media?,EXCLUDE,review/commentary; scoping review,1,W7112520620
W7112929982,,2025,The influence of social media usage on traditional news consumption in Uganda: A case study of vision group Uganda,EXCLUDE,no misinformation exposure measure; news-platform use only,1,W7112929982
W7112982936,,2025,An examination of the phenomenon of celebrity journalism in the digital era,EXCLUDE,no audience denominator; qualitative interviews,1,W7112982936
W7113085194,,2025,Evaluating the extent and role of youth engagement with community development programs broadcast on television in Uganda: a case study of Bukedde TV’s Pakasa,EXCLUDE,off-topic; TV development programming,1,W7113085194
W7113131715,,2025,Evaluating the effectiveness of digital subscription models in Kenyan media: A case study of Standard Group PLC,EXCLUDE,off-topic; media business model,1,W7113131715
W7113148141,,2025,THE IMPACT OF SOCIAL MEDIA ON DIETARY CHOICES AMONG YOUNG ADULTS,MAYBE,student survey may report perceived nutrition misinformation,1,W7113148141
W7113178389,,2025,"The Ethics of Exploitation: How Social Media Profits from Attention, Addiction, and Data Manipulation",EXCLUDE,review/commentary; ethics essay,1,W7113178389
W7113339099,,2025,Investigating consumer determinants of news subscriptions among media in Kenya: the case study of Nation Media Group,EXCLUDE,off-topic; subscription determinants,1,W7113339099
W7113346747,,2025,Big Tech vs. democracia: a batalha pela regulação no capitalismo de vigilância,EXCLUDE,review/commentary; regulation essay,1,W7113346747
W7113474370,,2025,Análise espacial no Brasil: Impactos econômicos das políticas de desinformação no sus (2020 a 2021),EXCLUDE,no audience denominator; economic cost analysis,1,W7113474370
W7113486654,,2025,Investigating media relations strategies used by Ugandan Universities to enhance corporate image: A study of four higher education institutions,EXCLUDE,off-topic; public relations strategies,1,W7113486654
W7113906250,10.1016/j.engappai.2025.113421,2025,Enhanced information processing for smart detection of clone accounts on social media,EXCLUDE,detection/classifier,1,W7113906250
W7114773751,10.31498/2617-2038.14.2025.345704,2025,The role of philosophy in forming the critical thinking of higher education students in the information society,EXCLUDE,review/commentary; pedagogical essay,1,W7114773751
W7114795620,10.32782/2956-333x/2025-3-8,2025,OBRONA I MASKOWANIE W PRZECIWDZIAŁANIU ATAKOM BEZZAŁOGOWYCH SYSTEMÓW NA BLISKIM DYSTANSIE,EXCLUDE,off-topic; drone countermeasures,1,W7114795620
W7114803312,10.32945/atr4728.2025,2025,Digital Lifelines: A Phenomenological study of social support in alter communities of Filipino MSMLHIVs on X (Twitter),EXCLUDE,no audience denominator; qualitative phenomenology,1,W7114803312
W7114891259,10.5281/zenodo.17889364,2025,Protest Escalation and Violence in America,EXCLUDE,review/commentary; essay,2,W7114891259;W7114894480
W7114906872,10.65101/nusantara.v1i1.26,2025,Legal Politics Dynamics in the Era of Digital Democracy: Ensuring Free and Fair Elections in Indonesia’s 2024–2029 Electoral Cycle,EXCLUDE,review/commentary; normative legal analysis,1,W7114906872
W7114911820,10.11591/ijict.v15i1.pp179-188,2025,NLP-based fraudulent biomedical news identification using LSTM-SGD deep learning algorithm,EXCLUDE,detection/classifier,1,W7114911820
W7114912257,10.5577/jomdi.e250109,2025,Analysis of YouTube videos on assisted reproductive techniques,EXCLUDE,quality-score-only (GQS/DISCERN/JAMA) with no accuracy coding,1,W7114912257
W7114930719,10.13925/j.cnki.gsxb.20250194,2025,Resource sharing as a driver for the revitalization of litchi industry: A case study of the National Litchi and Banana Germplasm Repository (Guangzhou),EXCLUDE,off-topic; agricultural germplasm,1,W7114930719
W7114986675,10.5281/zenodo.17910352,2025,AI-Driven Cyber-Risk Dashboard for Small and Medium Enterprises (SMEs) in Oil and Gas Sector,EXCLUDE,tool; cyber-risk dashboard,2,W7114986675;W7115000343
W7114990060,10.5281/zenodo.17860675,2025,Bouclier Cognitif 2027 : Stratégie Intégrée de Protection Électorale Européenne,EXCLUDE,not a study; defensive patent publication,2,W7114990060;W7115012296
W7114992650,10.1371/journal.pone.0338109.s001,2025,Semi-structured interview guideline.,EXCLUDE,not a study; supplementary material file,1,W7114992650
W7115015602,10.1371/journal.pone.0338109.s002,2025,Information sheet and consent sheet.,EXCLUDE,not a study; supplementary material file,1,W7115015602
W7115059956,10.5281/zenodo.17900631,2025,GuardIQ: A Post-Quantum Secure VIP Threat Detection and Monitoring Platform Using AI-Powered Intelligence and Biometric Authentication,EXCLUDE,tool; threat-detection platform,2,W7115059956;W7115085052
W7115166223,10.1017/elo.2025.10046,2025,"‘Must-carry’, special treatment and freedom of expression on online platforms: a European story",EXCLUDE,review/commentary; legal analysis,1,W7115166223
W7115170820,10.31449/inf.v49i21.7547,2025,Fake News Detection Using Albert-base-v2 transformer and CNN-BiLSTM architectures: A Comparative Analysis of Transformer-Based and Deep Learning Approaches,EXCLUDE,detection/classifier,1,W7115170820
W7115175438,10.5281/zenodo.17929793,2025,"Strategic Responsibility and Ethical Governance in the Age of Artificial Intelligence: A Comprehensive Report on Leadership, Liability, and Societal Impact",EXCLUDE,review/commentary; governance report,2,W7115175438;W7115183185
W7115902600,10.22720/hnmr.2025.00213,2025,Navigating health stigma: self-disclosure of rare dermatological disease on Instagram,EXCLUDE,no audience denominator; qualitative interviews,1,W7115902600
W7115918384,10.37899/mjds.v2i1.220,2025,Collective Action in Digital Activism: How Hashtags Mobilize Social Movements,MAYBE,survey of 400 may report misinformation-encounter share,1,W7115918384
W7116086123,10.6084/m9.figshare.30911219.v2,2025,Digital Media Ethics and Algorithmic Accountability,EXCLUDE,review/commentary; governance framework,1,W7116086123
W7116130267,10.59841/ignite.v3i4.3477,2025,Inovasi dan Kreasi Konten Digital dalam Meningkatkan Efektivitas Dakwah dan Konseling,EXCLUDE,review/commentary; literature review,1,W7116130267
W7116131008,10.6084/m9.figshare.30911219.v1,2025,Digital Media Ethics and Algorithmic Accountability: Framework,EXCLUDE,review/commentary; governance framework,1,W7116131008
W7116275040,10.32664/j-intech.v13i02.2132,2025,Perancangan dan Implementasi FitSphere sebagai Aplikasi Android untuk Manajemen Keanggotaan Gym di Chain Gym,EXCLUDE,off-topic; gym membership app,1,W7116275040
W7116281347,10.34135/mmidentity-2025-79,2025,The Impact of Brand Communication Content on Facebook on Customer Responses and Engagement,EXCLUDE,off-topic; brand engagement metrics,1,W7116281347
W7116655666,10.3390/electronics15010018,2025,Deep Learning-Based Side-Channel Attacks on Secure and Conventional Cryptographic Circuits Using FinFET and TFET Technologies,EXCLUDE,off-topic; hardware security,1,W7116655666
W7116713501,10.17721/cimc.2025.38.84-93,2025,Transformation of media narratives in the coverage of the activities of Ukraine’s security and defense sector,EXCLUDE,review/commentary; narrative analysis essay,1,W7116713501
W7116724271,10.33864/2617-751x.2025.v8.i8.507-519,2025,THE IMPACT OF SOCIAL NETWORKS ON THE DYNAMICS OF ELECTION CAMPAIGNS IN THE DIGITALIZATION ERA,EXCLUDE,review/commentary; campaign analysis essay,1,W7116724271
W7116875334,10.1215/00295132-12182355,2025,Freudian Friction,EXCLUDE,off-topic; literary criticism,1,W7116875334
W7117102890,10.1111/jocd.70628,2025,Medicinal Plants for Acne Vulgaris: An Evidence‐Based Review of Treatments Promoted by Social Media,MAYBE,may report share of promoted remedies lacking evidence,1,W7117102890
W7117106002,10.36128/eqq8ah61,2025,"The Right to Truth in the Digital Age: Disinformation, Democracy, and the Limits of Legal Protection",EXCLUDE,review/commentary; legal-philosophical essay,1,W7117106002
W7117150860,10.3390/s26010074,2025,High-Efficiency Traceability Mechanism for Multimedia Data in Consumer Internet of Things Combined with Blockchain,EXCLUDE,tool; blockchain traceability,1,W7117150860
W7117162156,10.19105/meyarsa.v6i2.21874,2025,Manajemen Program Siaran Pemberitaan Radio Republik Indonesia dalam Penyampaian Informasi Kepada Publik,EXCLUDE,off-topic; radio programme management,1,W7117162156
W7117165112,10.2196/79009,2025,Digital Health Interventions for Sexual Health Education Among Adolescents With Autism Spectrum Disorder: Scoping Review,EXCLUDE,review/commentary; scoping review of interventions,1,W7117165112
W7117236533,10.1016/j.aggp.2025.100241,2025,Public narratives of geriatric diseases in the digital space: A topic modelling analysis of YouTube comments,MAYBE,large comment corpus may report misinformation share,1,W7117236533
W7117244089,10.5206/cjils-rcsib.v49i1.23142,2025,Information Hygiene: a Challenge and an Opportunity for Libraries and Librarians,EXCLUDE,review/commentary; conceptual paper,1,W7117244089
W7117257911,10.63056/acad.004.04.1229,2025,Balancing National Security with Freedom of Expression in The Era of Media Warfare & Information Operations in Pakistan: A Comparative Study with UK,EXCLUDE,review/commentary; policy strategy paper,1,W7117257911
W7117302408,10.62569/fijc.v2i4.234,2025,From Awareness to Compliance Government Social Media Communication and Citizens’ Behaviour toward NIN–SIM Registration in Nigeria,INCLUDE,survey reports 69% exposed to misinformation,1,W7117302408
W7117312300,10.18535/sshj.v9i12.2152,2025,"The Importance of Media Literacy in the Dissemination and Acceptance of Disaster-Related Information on Digital Platforms: Specifically, to the Ditva Tropical Cyclone Disaster in Sri Lanka in November 2025",MAYBE,survey of 300 may report disaster-misinformation exposure share,1,W7117312300
W7117370959,10.54097/w5d78t62,2025,Current Misconceptions of Obsessive-Compulsive Disorder Among Chinese Adolescents: Causes and Implications,MAYBE,questionnaire may report share sourcing misinformation from social media,1,W7117370959
W7117372179,10.56726/irjmets87518,2025,AUTOMATED DAILY NEWS DIGEST USING WEB SCRAPPING,EXCLUDE,tool; news aggregation survey,1,W7117372179
W7117408749,10.22214/ijraset.2025.76628,2025,A Review on Fake News Detection and Personalized Recommendation on Social Media using BERT,EXCLUDE,detection/classifier review,1,W7117408749
W7117413403,10.54097/2q7xn732,2025,"The Psychology of Conformity: Mechanisms, Contexts, and Consequences",EXCLUDE,review/commentary; theoretical review,1,W7117413403
W7117416141,10.38035/dijms.v7i2.5962,2025,Analysis of the Implementation of Communication Strategies by The Bekasi City General Election Commission (KPU) and Their Effectiveness in Increasing Voter Participation in the 2024 Election,EXCLUDE,no audience denominator; qualitative strategy study,1,W7117416141
W7117452195,10.1016/j.knosys.2025.115170,2025,FusionNet: A bias-aware multimodal deep learning framework for detecting misinformation in noisy social media environments,EXCLUDE,detection/classifier,1,W7117452195
W7117466927,10.64268/jifes.v1i2.64,2025,Strengthening Global Halal Supply Chains Through Shariah-Compliant Governance and Digital Traceability: Challenges and Strategic Opportunities in a Globalized Economy,EXCLUDE,off-topic; halal supply chains,1,W7117466927
W7117517417,10.70670/sra.v3i2.1422,2025,Digital Connectivity and Economic Development: The Role of Social Media in Selected ASEAN Economies,EXCLUDE,off-topic; macroeconomic panel analysis,1,W7117517417
W7117531752,10.17072/2587-6589-2025-4-63-70,2025,THE CONCEPTOSPHERE OF ARTIFICIAL INTELLIGENCE IN RUSSIAN-LANGUAGE DISCOURSE,EXCLUDE,off-topic; associative linguistics experiment,1,W7117531752
W7117543613,10.30546/uneccsdt.2025.02.1014,2025,Adaptive Cross-Platform Threat Correlation Layer:A Cybersecurity Approach to Detecting Distributed Digital Violence on Social Media Platforms,EXCLUDE,detection/classifier,1,W7117543613
W7117544246,10.33479/klausa.v9i2.1336,2025,"Please, Listen! Clarifications by Cancelled K-Pop Idols and Actors on Social Media",EXCLUDE,no audience denominator; qualitative discourse analysis,1,W7117544246
W7117557919,10.36685/jhsp.v2i3.1877,2025,Digital Campaign Strategies to Reduce Schizophrenia Stigma Among Adolescents: A Review,EXCLUDE,review/commentary; systematic review of campaigns,1,W7117557919
W7117568226,10.5281/zenodo.18080316,2025,"Digital Harm Reduction: A Review of Current Uses of Social Media, Mass Media, and Mobile Health Applications for Safer Use and Substance Use Prevention",EXCLUDE,review/commentary; literature review,2,W7117568226;W7117582677
W7117570667,10.30837/0135-1710.2025.187.324,2025,Methods for efficient big data storage and processing in disinformation detection tasks,EXCLUDE,detection/classifier infrastructure,1,W7117570667
W7117584424,10.15415/jptrm.2025.131003,2025,"Assessment of Self-Medication Pattern During Outbreak of Coronavirus Disease in Himachal Pradesh, a Northwestern Himalayan Region of India",EXCLUDE,"off-topic; self-medication prevalence, no misinformation measure",1,W7117584424
W7117664992,10.65729/ashfiya.v1i2.359,2025,Kredibilitas Dakwah dalam Ruang Publik Digital Berbasis Algoritma Studi Penguatan Literasi Digital bagi Da’i dan Masyarakat,EXCLUDE,no audience denominator; qualitative phenomenology,1,W7117664992
W7117679955,10.58344/jmi.v4i7.2579,2025,Utilizing Information Technology to Spread Religious Values in a Moderate Manner,EXCLUDE,review/commentary; library research,1,W7117679955
W7117680323,10.5281/zenodo.18093293,2025,Users and Uses of Social Media in The North-West Region of Cameroon,EXCLUDE,no audience denominator; qualitative interviews,3,W7117680323;W7117716564;W7117771064
W7117698841,10.32664/j-intech.v13i02.2127,2025,Development of an Indonesian Hoax Detection System Using Logistic Regression Based on TF-IDF,EXCLUDE,detection/classifier,1,W7117698841
W7117711914,10.21083/caree.v1i1.8963,2025,"AI, Audio, and Agriulture: Cross-Border Podcasting as a Tool for Digital Pedagogy and Sustainability Communication",EXCLUDE,off-topic; podcasting pedagogy,1,W7117711914
W7117712457,10.58962/2708-4809.siuty.2026.07,2025,7. Digital Technologies as a Means of Developing Students’ Critical Thinking and Media Literacy,EXCLUDE,review/commentary; educational model,1,W7117712457
W7117726645,10.64581/jid.v3i1.146,2025,The Impact of Generative AI On Political Participation and Information Vulnerability of Generation Z: A Literature Review,EXCLUDE,review/commentary; literature review,1,W7117726645
W7117728447,10.54097/68tj9039,2025,The Power and Problems of Social Media Marketing,EXCLUDE,review/commentary; essay,1,W7117728447
W7117734518,10.5281/zenodo.18093402,2025,DIGITAL IDENTITY INTEGRITY,EXCLUDE,review/commentary; conceptual framework,2,W7117734518;W7117757897
W7117760189,10.33545/26649845.2025.v7.i2m.481,2025,The algorithmic curator: A Bayesian analysis of social media's influence on news consumption patterns and biases,MAYBE,survey measures perceived biased-news spread; share unclear,1,W7117760189
W7117766416,10.25019/europolity.2025.19.2.4,2025,"THE ROLE OF CIVIL SOCIETY IN FIGHTING DISINFORMATION: SUCCESSES, FAILURES, AND FUTURE DIRECTIONS IN ROMANIA IN THE EU CONTEXT",MAYBE,draws on Eurobarometer/EDMO data possibly reporting exposure shares,1,W7117766416
W7117775611,10.31516/2410-5333.068.17,2025,Digital Strategies for Providing Information to Customers and Fans of a Futsal Club,EXCLUDE,off-topic; sports club web design,1,W7117775611
W7117810721,10.1002/jdd.70137,2025,Training Dental Researchers in Digital Outreach: A Course Model for Science Communication and Public Engagement,EXCLUDE,"commentary on a training course, not a study",1,W7117810721
W7117870615,10.5281/zenodo.18103526,2025,"Online Misinformation, Information Terrorism, and Social Media's War Against Society",EXCLUDE,non-empirical essay,3,W7117870615;W7117885768;W7117961971
W7117892255,10.15575/jpan.v17i2.47339,2025,Formation Of Public Policy in The Digital Era: Implications for Public Administration,EXCLUDE,off-topic; digital public administration,1,W7117892255
W7117897033,10.58805/kazutb.v.4.29-1285,2025,MODELING SCENARIOS OF DATA INTEGRITY VIOLATIONS IN INTELLIGENT COMMUNICATIVE INTERACTION SYSTEMS,EXCLUDE,off-topic; data integrity modelling,1,W7117897033
W7117961068,10.5281/zenodo.18114629,2025,A Survey of Papers Regarding Deep Fake Image and Video Detection,EXCLUDE,detection/classifier review,2,W7117961068;W7117990946
W7117978155,10.29121/shodhkosh.v6.i4s.2025.6946,2025,FAKE NEWS DETECTION AND SOURCE CREDIBILITY ANALYSIS USING TRANSFORMER-BASED NLP MODELS,EXCLUDE,detection/classifier,1,W7117978155
W7117995495,10.51122/neudentj.2025.164,2025,The Increasing Interest in Clear Aligners in Türkiye: A Google Trends™ Analysis,EXCLUDE,off-topic; Google Trends on treatment interest,1,W7117995495
W7118028366,10.22146/ijccs.106608,2025,"Classifying Indonesian Hoax News Titles with SVM, XGBoost, and BiLSTM",EXCLUDE,detection/classifier,1,W7118028366
W7118090341,10.33831/sj2a6x77,2025,"Invisible Lives, Visible Strug- gles: A Digital Analysis of Migrant Women in Türkiye",EXCLUDE,"off-topic; codes sexism/dehumanization, not falsity",1,W7118090341
W7118091957,10.4103/jdmimsu.jdmimsu_379_25,2025,Reframing Communication Competence in Medical Education: A Policy Perspective,EXCLUDE,"policy commentary, not a study",1,W7118091957
W7118119044,10.18103/mra.v13i12.7014,2025,"Knowledge, Perceptions, and Preventive Practices on Mpox in Zimbabwe: Insights from districts with suspected and confirmed cases",MAYBE,KAP survey; misconception/source items may give exposure share,1,W7118119044
W7118122975,10.2478/czoto-2025-0031,2025,AI-Powered Fake News Analysis for Enterprise Security,EXCLUDE,detection/classifier framework,1,W7118122975
W7118131606,10.3126/jiee.v8i1.79843,2025,Bilingual fake-news detection in low-resource media: A Transformer-based framework for Nepali–English content,EXCLUDE,detection/classifier,1,W7118131606
W7118176519,10.34218/ijjmcrd_04_01_002,2025,SOCIAL MEDIA INFLUENCERS AND THEIR IMPACT ON AUDIENCES: AN ANALYTICAL STUDY,EXCLUDE,review of secondary literature,1,W7118176519
W7118177983,10.5281/zenodo.18143613,2025,The Digital Dilemma: Balancing Social Media Regulation and the Preservation of Free Speech,EXCLUDE,"legal/normative analysis, no estimate",4,W7118177983;W7118200535;W7119863378;W7119997100
W7118367196,10.5281/zenodo.18165338,2025,"Awareness, Usage and Challenges of online news platform among Lagos State Local government workers",MAYBE,news-use survey; misinformation may be a quantified challenge,2,W7118367196;W7118701015
W7118388341,10.5281/zenodo.18169599,2025,Audience Perception of Igbo Broadcast News Credibility in Enugu South Local Government Area of Enugu state,MAYBE,survey reports 77.6% citing misinformation as a threat,2,W7118388341;W7118424508
W7118434167,10.21272/obraz.2025.3(49)-117-129,2025,Social Media as a Platform for Next-Generation Interactive Journalism,EXCLUDE,"conceptual analysis of journalism, no denominator",1,W7118434167
W7118915316,10.5281/zenodo.18163390,2025,Philosophy of environmental consciousness in the context of digitalization,EXCLUDE,philosophical essay,2,W7118915316;W7119119693
W7119066706,10.31718/2077-1096.25.344,2025,MEDIA LITERACY AS A FOUNDATION OF DIGITAL COMPETENCE IN FUTURE MEDICAL PROFESSIONALS,MAYBE,student media-literacy survey may report fake-news encounter share,1,W7119066706
W7119433135,,2025,The Influence of Social Media on Religious Perceptions and Behaviors,EXCLUDE,"qualitative, ten interviews, no denominator",1,W7119433135
W7120958906,10.34079/2518-1521-2025-15-42-71-81,2025,«DENAZIFICATION» AS A KEY NARRATIVE OF RUSSIAN PROPAGANDA IN THE HYBRID WAR AGAINST UKRAINE,EXCLUDE,"qualitative narrative analysis, no share",1,W7120958906
W7120975745,10.63056/acad.004.04.1349,2025,"Instagram, Youth, and Law Enforcement in Pakistan: A Study of Perceptions, Trust, and Civic Engagement",MAYBE,survey may quantify perceived misinformation exposure,1,W7120975745
W7122712213,10.32523/3080-1281-2025-153-4-123-135,2025,THE INFLUENCE OF ISLAM PREACHERS ON YOUTH THROUGH SOCIAL MEDIA,EXCLUDE,"off-topic; measures engagement with preaching, not falsity",1,W7122712213
W7123121699,10.24269/ars.v14i1.12423,2025,A Bibliometric Analysis of Social Media Utilization by Political Parties in the Context of Digital Democracy,EXCLUDE,"bibliometric analysis, not audience-level",1,W7123121699
W7123399386,10.32782/easterneurope.49-14,2025,RISK MANAGEMENT IN EDUCATIONAL INSTITUTIONS UNDER THE CONDITIONS OF THE DIGITAL ECONOMY AND WARTIME CHALLENGES,EXCLUDE,off-topic; risk management in education,1,W7123399386
W7123878765,10.32481/djph.2025.12.09,2025,Global Mapping of Evidence on Vaccination Related Education Through School Based Curriculum,EXCLUDE,scoping review of school interventions,1,W7123878765
W7123957027,10.25008/jkiski.v10i2.1231,2025,Local Journalists' Perception of the Use of Artificial Intelligence in News Production: A Case Study in Surakarta City,EXCLUDE,"qualitative, five journalist interviews",1,W7123957027
W7124177312,10.28918/iqtida.v5i02.12640,2025,Digital Da'wah: Analysis of Da'i Behavior and Social Interaction on Instagram,EXCLUDE,qualitative literature study of da'wah practice,1,W7124177312
W7124255713,10.17613/dnqn9-eb026,2025,Final Portfolio,EXCLUDE,"student portfolio, not a study",2,W7124255713;W7124272828
W7124314906,10.62837/2025.9.159,2025,Lexical innovation in Digital Communication,EXCLUDE,off-topic; digital communication technology,1,W7124314906
W7124717618,10.64706/x7w10817,2025,EVOLVING CYBERSECURITY CHALLENGES IN INDIA DEMAND CONSTANT INNOVATION AND AGILITY: A SOCIOLOGICAL PERSPECTIVE ON SAFEGUARDING CYBERSPACE,EXCLUDE,off-topic; cybersecurity essay,1,W7124717618
W7125369974,10.70553/pau.2025.1991.34,2025,Amplifying Her Voice: The Power of Social Media in Women’s Health Awareness and Advocacy in Nigeria,MAYBE,survey of 200 women may quantify health-misinformation exposure,1,W7125369974
W7125374187,10.31958/kinema.v4i1.15425,2025,STRATEGI TIM REDAKSI DALAM MENINGKATKAN KUALITAS PEMBERITAAN PROGRAM DETAK SUMBAR PADANG TV,EXCLUDE,"qualitative newsroom study, no denominator",1,W7125374187
W7125380806,10.69693/sustainable.v1i3.22,2025,"Deepfakes, Public Trust, and Online Discourse: Sentiment Analysis of Responses to the “Guru Beban Negara” Hoax Clarification on Social Media",MAYBE,content/sentiment analysis of hoax responses may give shares,1,W7125380806
W7125397144,10.62379/jishs.v4i3.3997,2025,Citra Media Massa Dimata Masyarakat Palembang Studi: Branding Media Palembang Ekspres (Palpres),EXCLUDE,off-topic; media branding image,1,W7125397144
W7125402194,10.38035/ijphs.v3i4.1798,2025,The Role of Social Media in Enhancing The Effectiveness of Islamic Da’wah Among Millennial Generations,EXCLUDE,"qualitative descriptive, no denominator",1,W7125402194
W7125425358,10.62379/jishs.v4i3.3852,2025,Strategi Dakwah Tokoh Agama Dalam Meminimalisasi Penyebaran Informasi Hoaks Di Desa Kasih Raja Kecamatan Lubuk Keliat Kabupaten Ogan Ilir,EXCLUDE,"qualitative, no denominator",1,W7125425358
W7125428408,10.62517/jsse.202508407,2025,Data Governance Collaboration and Resilience Reference Architecture for Road Emergency Response,EXCLUDE,off-topic; emergency governance architecture,1,W7125428408
W7125480396,10.31305/rrijm.2025.v10.n8.036,2025,Social Media Advertising’s Effect on Brand Awareness and Online Buying in India,EXCLUDE,off-topic; advertising and buying behaviour,1,W7125480396
W7125488928,10.1093/biosci/biaf210,2025,Denial and Misconceptions about Tropical Deforestation,MAYBE,may quantify prevalence of deforestation denial content,1,W7125488928
W7125568091,,2025,Interés público y desinformación en tiempos de crisis: el caso de la DANA en Valencia en 2024,MAYBE,crisis disinformation study; may report content shares,1,W7125568091
W7125574270,,2025,"Desinformación en el sector alimentario. Estudio de casos publicados en Maldita, Newtral y EFE Verifica",MAYBE,content analysis of fact-checked agri-food disinformation cases,1,W7125574270
W7125627995,10.60690/g2m7y037,2025,Regulating LLMs in Warfare: A U.S. Strategy for Military AI Accountability,EXCLUDE,"policy memo, not empirical",1,W7125627995
W7125630392,10.32523/2616-7174-2025-153-4-40-56,2025,Ethical Issues in the Digital Space,EXCLUDE,non-empirical essay,1,W7125630392
W7125682779,10.26642/sas-2025-6(12)-64-76,2025,Implementation and Use of Artificial Intelligence for the Needs of Ukraine’s Security and Defense Sector,EXCLUDE,off-topic; military AI applications,1,W7125682779
W7125836863,10.56806/jh.v6i4.352,2025,Islamic Communication Strategies in Addressing Religious Hoaxes on Social Media,EXCLUDE,"qualitative case study, no denominator",1,W7125836863
W7125895966,10.17977/um039v10i22025p160-170,2025,The Influence of Social Media Use on Students’ Learning Patterns in Senior High Schools in West Sumatra,EXCLUDE,off-topic; social media and school learning,1,W7125895966
W7125945459,10.22054/nms.2024.80582.1732,2025,A Review of Selected Blockchain Applications in the Media and Entertainment Industry: A Futures Studies Approach,EXCLUDE,off-topic; blockchain review,1,W7125945459
W7125949361,10.22054/ilt.2026.90658.951,2025,User Responses to Linguistic Diversity in Instagram based on the Language Subordination Model Process,MAYBE,quantifies proportional distribution of a misinformation category,1,W7125949361
W7125949988,10.17977/um039v10i22025p89-106,2025,Digital Literacy and Civic Education in the Digital Era: A Bibliometric Analysis (2016–2025),EXCLUDE,"bibliometric analysis, not audience-level",1,W7125949988
W7125968597,10.22054/nms.2025.75899.1634,2025,Transmedia Journalism Strategies in Iran,EXCLUDE,off-topic; transmedia journalism strategy,1,W7125968597
W7126183105,10.1089/jmedxr.2024.0040,2025,Feasibility and Acceptability Study of Virtual Reality Support Groups for Transgender and Gender Expansive Youth,EXCLUDE,intervention feasibility study,1,W7126183105
W7127151500,10.1051/shsconf/202522102008/pdf,2025,Politics at the Fingertips: Institutional Trust Deficit and Generation Z's Digital Political Culture,EXCLUDE,"qualitative case study, no denominator",1,W7127151500
W7127239680,,2025,Leveraging Big Data Analytics for Combating Fake News: A Supervised Learning Approach to Identifying Misinformation on Social Media,EXCLUDE,detection/classifier,1,W7127239680
W7127396173,10.36615/zcmncs11,2025,Effect of Social Media on National Security During the 2020 ENDSARS Protests in Lagos State,MAYBE,survey may quantify misinformation spread during protests,1,W7127396173
W7127726467,10.64633/wissj.v9i7.32,2025,THE ROLE OF GOOD GOVERNANCE AND MASS MEDIA IN ADDRESSING INSECURITY IN NIGERIA: CHALLENGES AND PERSPECTIVES,EXCLUDE,qualitative content analysis of media portrayal,1,W7127726467
W7128138618,,2025,New Atlantis 2.0: Designing Epistemically Healthy Online Conversations,EXCLUDE,non-empirical design chapter,1,W7128138618
W7128195309,10.59141/jrssem.v4i12.899,2025,"Indonesia’s Electronic Information and Transactions Law: History, Impact, and Challenges",EXCLUDE,"legal analysis, no estimate",1,W7128195309
W7128240606,10.63941/dit.adsimrj.2025.1.3.41,2025,The Role of Social Media in the Promotion of Local Good Governance: The Case of El Salvador City,EXCLUDE,off-topic; local governance communication,1,W7128240606
W7128252447,10.46991/flhe.2025.29.1.021,2025,LINGUISTIC ATTRIBUTES AS A VALID TOOL FOR IDENTIFYING FAKE NEWS IN SOCIAL MEDIA PLATFORMS,EXCLUDE,detection/classifier,1,W7128252447
W7128406523,10.63056/lsjmiss.1.2.2025.27,2025,The Role of Political Social Media Memes on Shaping Public Opinion: A Survey Analysis,EXCLUDE,"off-topic; meme exposure, not misinformation",1,W7128406523
W7128410217,,2025,The Messenger Matters: How Fact-Checker Identity and User Age Shape Credibility Judgments Online,EXCLUDE,intervention/experiment on fact-check labels,1,W7128410217
W7128433197,10.56177/eon.6.3.2025.art.1,2025,AI-Slop and Political Propaganda: The Role of AI-Generated Content in Memes and Influence Campaigns,EXCLUDE,non-empirical media theory,1,W7128433197
W7128438413,10.31673/2786-7412.2025.040703,2025,TOOLS OF PUBLIC ADMINISTRATION IN THE FIELD OF OPTIMIZING THE FINANCIAL AND ECONOMIC ACTIVITIES OF HEALTHCARE INSTITUTIONS,EXCLUDE,off-topic; healthcare public administration,1,W7128438413
W7128469261,10.53469/jssh.2025.7(07).01,2025,Social Media False Information Detection Based on AI and Machine Learning,EXCLUDE,detection/classifier,1,W7128469261
W7128476594,10.63056/academia.4.4.2025.1486,2025,Role of Social Media in Public Awareness in Pakistan: A Case Study of Khyber Pakhtunkhwa (2017–2025),MAYBE,survey of 200 may quantify misinformation encounters,1,W7128476594
W7128980354,,2025,When Tuning Out Helps: Rethinking Habituation's Dual Role in Short-Video Warning Design,EXCLUDE,intervention/experiment on warning design,1,W7128980354
W7129616862,10.1108/qrde-09-2025-0004,2025,Review of Distance Education Research: An Update,EXCLUDE,off-topic; distance education review,1,W7129616862
W7130247705,,2025,Literacidad crítica y ciudadanía digital. Desinformación y sesgos de género en la formación del profesorado de Educación Básica y de Historia,MAYBE,disinformation in teacher training; methods unclear,1,W7130247705
W7130655221,10.61942/msj.v3i4.492,2025,SOCIAL MOVEMENT FOR HEALTH: AN INNOVATIVE MODEL OF COMMUNITY SERVICE IN THE DIGITAL AGE,EXCLUDE,off-topic; health social movements,1,W7130655221
W7130655711,10.61942/msj.v3i3.421,2025,"THE ROLE OF SOCIAL MEDIA IN INFLUENCING ADOLESCENT HEALTH BEHAVIOR: A REVIEW FROM PUBLIC HEALTH, PSYCHOLOGY, AND DIGITAL COMMUNICATION PERSPECTIVES",EXCLUDE,"qualitative review, no denominator",1,W7130655711
W7130823835,10.65453/ajbmr.v15i1.1385,2025,Digital Climate Activism in the Global South: Evidence from Social Media–Driven Climate Campaigns,EXCLUDE,"off-topic; codes campaign themes, not falsity",1,W7130823835
W7131222333,10.82966/flshrdrj.8,2025,Unveiling the Tactics: Moroccan Journalists' Approach to News Reporting and Data Authentication during Breaking News,EXCLUDE,qualitative study of journalist verification practices,1,W7131222333
W7131352429,10.12958/3083-7030-2025-2-18-26,2025,Auxiliary sciences of history as a tool to address information challenges in the context of the historical architectural heritage of Donetsk region’s cities,EXCLUDE,off-topic; heritage documentation,1,W7131352429
W7131362192,10.26565/2220-8089-2025-48-02,2025,METHODOLOGY FOR ASSESSING THE EFFECTIVENESS OF PUBLIC ADMINISTRATION USING ARTIFICIAL INTELLIGENCE TECHNOLOGIES IN UKRAINE UNDER MARTIAL LAW CONDITIONS,EXCLUDE,off-topic; public administration methodology,1,W7131362192
W7132817981,10.5281/zenodo.18817962,2025,"THE INFLUENCE OF SOCIAL MEDIA ON SOCIAL ORDER IN CALABAR METROPOLIS OF CROSS RIVER STATE, NIGERIA",MAYBE,survey may quantify spread of false information,2,W7132817981;W7132831297
W7132834760,10.5281/zenodo.18818546,2025,AI AND DEEPFAKES ON SOCIAL MEDIA: A THEORETICAL ANALYSIS OF THE TECHNOLOGICAL DISRUPTION IN NIGERIA'S 2023 GENERAL ELECTIONS,EXCLUDE,theoretical/qualitative secondary analysis,2,W7132834760;W7132846976
W7133145530,10.2478/wrlae-2025-0010,2025,Ban on social media platforms? A European Union perspective,EXCLUDE,"legal analysis, no estimate",1,W7133145530
W7133303146,10.65521/ijeecs.v14i1.218,2025,AI-Driven War Probability Prediction Using Big Data Analysis of Real and Fake News,EXCLUDE,detection/prediction model,1,W7133303146
W7133342276,10.32832/amk.v4i4.3075,2025,Changes in the News Paradigm in Online Journalism,MAYBE,survey on hoax exposure and news trust; small n,1,W7133342276
W7133348434,10.37676/jmi.v21i2.9308,2025,"Perancangan Sistem Informasi Kelurahan Berbasis Website Dengan Metode Object Oriented Analysis And Design (Ooad), (Studi Kasus Kelurahan Masmambang, Kabupaten Seluma)",EXCLUDE,off-topic; information system design,1,W7133348434
W7133348547,10.36887/2524-0455-2025-6-10,2025,Digital transformation of administrative services and information communication infrastructure of territorial communities during the period of decentralization and war,EXCLUDE,off-topic; e-government infrastructure,1,W7133348547
W7133359262,10.36887/2524-0455-2025-6-2,2025,Improvement of information and communication mechanisms for strategic risk management in the system of territorial communities,EXCLUDE,off-topic; municipal risk management,1,W7133359262
W7133591808,,2025,REDES SOCIALES Y DESINFORMACIÓN ECONÓMICA: IMPACTO EN LA CIUDADANÍA DIGITAL,MAYBE,mixed-methods study of economic disinformation exposure,1,W7133591808
W7133733852,10.26623/julr.v9i1.13390,2025,Digitalisasi Pemilu dan Disinformasi: Implikasinya terhadap Kualitas Demokrasi di Indonesia,EXCLUDE,qualitative document content analysis,1,W7133733852
W7134273291,10.62843/jssr.v6i1.647,2025,"Learning, Networking, and Venture Aspirations: Understanding Social Media’s Role in Student Entrepreneurial Intentions",EXCLUDE,off-topic; entrepreneurial intentions,1,W7134273291
W7134818673,10.53697/iso.v6i1.3368,2025,The Transformation of Youth Social Movements: #Reformasidikorupsi and Digital Politics in the Social Media Era,EXCLUDE,off-topic; hashtag activism case study,1,W7134818673
W7135042870,10.62383/aksisosial.v2i4.2505,2025,Preventing Digital Financial Harm in Rural Areas: Community Literacy on Illegal Online Loans and Online Gambling,EXCLUDE,community literacy intervention,1,W7135042870
W7135381112,10.47310/hjamsr.2025.v06i01.013,2025,Whispers of the Womb: Assessing Public Awareness of Uterine Fibroids and Their Management in Himachal Pradesh,EXCLUDE,belief/attitude only; myth endorsement,1,W7135381112
W7135427282,10.65960/ijlss.1.1.2025.8,2025,Religious Diversity and the Digital Economy: Legal–Academic Pathways to Harmonize Sharia and International Law,EXCLUDE,"legal analysis, no estimate",1,W7135427282
W7137388995,,2025,ADDRESSING ANOMALY DETECTION CHALLENGES IN AI-ENABLED MOBILE AND SMART NETWORKS,EXCLUDE,off-topic; network anomaly detection,1,W7137388995
W7137456543,,2025,İnsan Bilgisayar Etkileşimi: Kullanılabilirlikte Araştırma Yöntemleri ve Uygulamalar / Human Computer Interaction: Research Methods and Applications in Usability,EXCLUDE,"book on HCI methods, not a study",1,W7137456543
W7137526581,,2025,Why Young Adults Lose Trust in Journalism: Testing Familiarity and Quality Theses,EXCLUDE,"trust/attitude only, no misinformation measure",1,W7137526581
W7137887614,10.5281/zenodo.19063228,2025,Analysing Meesho's Reseller-Based Business Model: Innovations and Impacts in Digital Commerce,EXCLUDE,off-topic; e-commerce business model,2,W7137887614;W7138124562
W7138356848,10.60046/jocrss.v3i2.251,2025,The Influence of Mass Communication Intensity on the Formation of Public Opinion Among Voters in the 2024 Presidential Election in Indonesia,EXCLUDE,"general media exposure, not misinformation",1,W7138356848
W7140032955,10.5671/ca.49.1.4,2025,AI Hallucinations in Political Contexts:Emerging Challenges to Democratic Trust,EXCLUDE,"qualitative review and case analysis, no denominator",1,W7140032955
W7140298118,10.1093/eurpub/ckaf266,2025,Health equity under siege: the populist challenge to women’s health in Europe,EXCLUDE,commentary/editorial,1,W7140298118
W7143915059,10.71465/mrcis86,2025,"THE ROLE OF DATA SCIENCE IN COMBATING MISINFORMATION: ALGORITHMS, ETHICS, AND POLICY",EXCLUDE,detection/algorithms review,1,W7143915059
W7143936157,10.71465/gmssrj53,2025,POLITICAL ADVERTISING ON SOCIAL MEDIA: TRENDS AND TRANSPARENCY,EXCLUDE,conceptual/policy analysis of political ads,1,W7143936157
W7148743453,10.62017/arima.v2i4.4438,2025,The Concept of Ukhuwah Islamiyah in Building Civil Society for Generation Z,EXCLUDE,off-topic; religious values literature study,1,W7148743453
W7149229179,,2025,Information and Psychological Operations as a Key Element of Hybrid Warfare: The Case of the Russian-Ukrainian Confrontation,EXCLUDE,conceptual analysis of psychological operations,1,W7149229179
W7154697488,10.54877/maternal.v9i1.1043,2025,EKSPLORASI PRAKTIK GIZI IBU HAMIL DENGAN ANEMIA MELALUI PENDEKATAN NETNOGRAFI DI KOMUNITAS DARING,EXCLUDE,qualitative netnography; no misinformation share,1,W7154697488
W7154797575,,2025,Revisión de las preferencias de la opinión pública frente a las plataformas digitales y los medios de comunicación convencionales como fuente de información,MAYBE,review of media-use surveys; may report exposure,1,W7154797575
W7154843102,10.24912/ki.v4i4.36788,2025,Tantangan dan Strategi Biro Pemberitaan Parlemen dalam Menjaga Citra DPR RI Selama Peralihan Pemerintahan,EXCLUDE,off-topic; newsroom image strategy,1,W7154843102
W7154925897,,2025,La espada de doble filo de las redes sociales en la gestión de crisis de la Unión Europea: revisión de literatura,EXCLUDE,review/commentary,1,W7154925897
W7155216858,10.21676/23897856.6368,2025,"Between truth and doubt: The credibility of social networks, an analysis of perceptions of truthfulness",MAYBE,credibility survey n=456; exposure items possible,1,W7155216858
W7155493513,10.82471/nw1w8-xk064,2025,THE IMPACT OF SOCIAL MEDIA ON SOCIETY : CHALLENGES AND OPPORTUNITIES,MAYBE,user survey on social media harms incl. misinformation,1,W7155493513
W7160123148,10.63954/wajss.4.2.54.2025,2025,Deepfakes and Democratic Discourse: Ethical Implications of AI-Generated Content in Pakistan's Digital Media Landscape,EXCLUDE,review/commentary on deepfake ethics,1,W7160123148
W7160138558,10.5281/zenodo.20023354,2025,TRACING INDONESIAN SOCIAL MEDIA SLANG: INSIGHTS FROM INSTAGRAM AND TIKTOK HASHTAGS (2018–2024),EXCLUDE,off-topic; slang linguistics,2,W7160138558;W7160161376
W7160245316,10.37493/2307-910x.2025.4.18,2025,Information distrust and journalistic strategies for countering fakes and deepfake content,EXCLUDE,review/commentary on trust and fact-checking,1,W7160245316
W7160253949,10.5020/2317-2150.2025.16859,2025,"Fake News, the Democratic Process, and the Role of Digital Platforms",EXCLUDE,review/commentary; bibliographic,1,W7160253949
W7160267350,10.22219/jurnalsospol.v11i3.42055,2025,Opportunities and Challenges of the Korea–Indonesia CEPA in Bilateral Trade and Investment,EXCLUDE,off-topic; trade agreement,1,W7160267350
W7160384911,10.29284/53karc50,2025,Trust-Aware Kalman Filtering For Secure Traffic Prediction From Social Media Streams,EXCLUDE,detection/classifier; method review,1,W7160384911
W7160416527,10.5281/zenodo.20053653,2025,D2.3 Report on Data Expansion and Population,EXCLUDE,not a study; data platform deliverable,2,W7160416527;W7160415332
W7160935142,10.20894/ijcnes.103.014.001.004,2025,"A Comprehensive Study on YouTube Spam Comments Recognition using Python, AI and ML",EXCLUDE,detection/classifier; spam comments,1,W7160935142
W7160992592,10.29070/2kfs6k66,2025,"Role of artificial intelligence in reshaping teaching, learning, and research practices in higher educational institutions",EXCLUDE,off-topic; AI in higher education,1,W7160992592
W7161757511,10.26118/2782-4586.2025.92.26.062,2025,Development of a tool for generating relevant articles based on current news articles,EXCLUDE,tool; content-generation bot,1,W7161757511
W7162082369,10.5281/zenodo.20340289,2025,The Influence of Technology on Family Interactions,EXCLUDE,off-topic; family interactions,2,W7162082369;W7162141457
W7162200454,10.5281/zenodo.20358176,2025,Impact of TV Advertisements and Social Media on Medicine Use in Pakistan,EXCLUDE,off-topic; advertising and medicine purchase,2,W7162200454;W7162216494
W7162401306,10.32628/cseit25113336,2025,Identifying Rumor Sources in Social Networks Using Hashing Vectorizer for Text Representation,EXCLUDE,detection/classifier; rumor source identification,3,W7162401306;W7171284548;W7171323326
W7163395350,10.33545/26649799.2025.v7.i1a.432,2025,Social Media Ethics and Responsibilities,EXCLUDE,review/commentary on social media ethics,1,W7163395350
W7163601829,,2025,"[These authors have contributed equally: Christoph M. Abels, Ezequiel Lopez-Lopez.]",EXCLUDE,review/commentary on GenAI risks,1,W7163601829
W7164034087,10.64229/yz73sq53,2025,Influence of Smartphone Ownership on the Practice and Growth of Citizen Journalism among Uyo Residents,MAYBE,citizen-journalism survey; misinformation share possible,1,W7164034087
W7164042295,10.32628/ijsrssh242170,2025,Social and Economic Changes in India and Gujarat in the Three Years Following COVID-19 and the Role of Newspapers in Disseminating Information and Public Awareness,EXCLUDE,off-topic; post-COVID socio-economic review,3,W7164042295;W7172103904;W7172112525
W7164758262,10.46568/jmcd.v32i1.447,2025,"Explorations of New Media in Investigative Journalism Practice and Whistleblowing Among Journalists in Selected South-West States, Nigeria",MAYBE,journalist survey; fake-news encounter share possible,1,W7164758262
W7164888575,10.67107/jcmr.2025.613,2025,Textual analysis of Covid-19 messages on WhatsApp personal chats and group forums in Nigeria,MAYBE,content analysis of forwarded WhatsApp messages,1,W7164888575
W7164992623,10.47352/3032-503x.145,2025,Digital Politics of Young People in Bandar Lampung City in Enhancing Political Literacy for the 2024 Elections,EXCLUDE,qualitative; political literacy,1,W7164992623
W7165375921,10.67198/zafie.v1i2.18,2025,Digital Media-Based Religious Moderation Education: A Wasathiyah Learning Model for Generation Z,EXCLUDE,non-empirical; education model,1,W7165375921
W7165697070,,2025,THE ARTIFICIAL INTELLIGENCE IN MODELING ECONOMIC PROCESSES,EXCLUDE,off-topic; AI in economics,1,W7165697070
W7165986127,,2025,"Information Governance in China: Data, Power, and the Law",EXCLUDE,off-topic; legal analysis of state data,1,W7165986127
W7166022258,10.47310/iajabms.2025.v06i01.012,2025,Knowing the Cycle: Awareness and Attitudes Toward Menstrual Hygiene Among Adolescent Girls in Himachal Pradesh,EXCLUDE,belief/attitude only; menstrual myths,1,W7166022258
W7166066268,10.5281/zenodo.20934153,2025,Computational Propaganda and Political Impersonation: A Forensic Audit Blueprint for Detecting Synthesized Identity Fraud and Disinformation Funding in Nigerian Civic Registries,EXCLUDE,conceptual detection/audit framework,2,W7166066268;W7166158615
W7166118684,10.47310/srjcm.2025.v05i01.016,2025,Safe Periods or Safe Myths? Exploring Awareness of Menstrual Hygiene and Myths Among Adolescent Girls in Kangra,EXCLUDE,belief/attitude only; menstrual myths,1,W7166118684
W7166121463,10.36379/jsp.v6i1.992,2025,DIGITAL LITERACY AND POLITICAL DISINFORMATION: A CRITICAL STUDY OF IKIP PGRI BOJONEGORO STUDENTS ON TikTok,EXCLUDE,qualitative; digital literacy,1,W7166121463
W7166436163,10.47310/iarjimph.2025.v06i01.011,2025,Breaking the Silence: Public Awareness and Attitudes Toward Infertility and Assisted Reproductive Technologies in Shimla,EXCLUDE,belief/attitude only; ART misconceptions,1,W7166436163
W7166543826,10.61132/ardhi.v3i6.2058,2025,"Pelatihan Soft Skill “Mengakses, Menganalisis, dan Mensintesis Informasi (AAS)” untuk Meningkatkan Literasi Informasi Digital dan Kemampuan Analisis Akuntansi Mahasiswa STIE Tri Bhakti",EXCLUDE,not a study; training programme,1,W7166543826
W7166662853,10.36312/rj.v5i2.3884,2025,TThe Influence of Social Media on Religious Perceptions and Behaviors,EXCLUDE,qualitative; religious perceptions,1,W7166662853
W7166811293,10.65932/military-studies-2025-1-6,2025,"Disinformation operations as an asymmetric instrument of pressure on military cohesion: the case of the Western Balkans, 2016-2023",MAYBE,disinformation volume index; per-capita prevalence possible,1,W7166811293
W7167061377,10.67487/gjmret.v1i3.37,2025,Propaganda and Disinformation in the Digital Age,EXCLUDE,qualitative review of propaganda,1,W7167061377
W7167470678,10.66090/fiqhulhadits.v3i2.52,2025,Kontekstualisasi Hadits Nabi Tentang Publikasi Di Media Sosial,EXCLUDE,off-topic; hadith publication ethics,1,W7167470678
W7167809356,10.55606/juisik.v5i2.2533,2025,Teknologi Komunikasi dalam Meningkatkan Akses Informasi di Era Digital,EXCLUDE,non-empirical literature review,1,W7167809356
W7167884494,10.71447/2413-7235-2025-1-48,2025,"FUNCTIONS OF SOCIAL NETWORKS: IMPLICATIONS, EMERGING CHALLENGES, AND PROSPECTIVE SOLUTIONS",EXCLUDE,review/commentary on social networks,1,W7167884494
W7169023212,10.13266/j.issn.2095-5472.2025.020,2025,Trust the Crowd-wisdom or AI? Research on the Impact of Human-AI Integration Fact Checking on User Information Engagement Behavior,EXCLUDE,fact-checking effect study,1,W7169023212
W7169837516,10.26524/amr.2026.2.5,2025,Nutritional Misinformation and Digital Food Culture in Modern Public Health,MAYBE,narrative review of nutrition misinformation prevalence,1,W7169837516
W7169855663,10.66155/xnavye25,2025,Etika Komunikasi Islami dalam Menghadapi Hoaks dan Disinformasi di Era Digital,EXCLUDE,non-empirical; Islamic communication ethics,1,W7169855663
W7170634474,10.5281/zenodo.21525467,2025,The Role of Telegram's Privacy Policies in Facilitating Cyber Crimes and Legal Challenges in Cyber Law,EXCLUDE,legal commentary on Telegram,2,W7170634474;W7170645808
W7171252118,10.67228/3071561x/ijirht-2025pi2p5d,2025,The Role of Emerging Technologies in Shaping Collective Memory,EXCLUDE,off-topic; collective memory review,1,W7171252118
W7171457071,10.33050/sensi.v11i2.4067,2025,Logistic Regression and TFIDF Models for Early Detection of IndonesianLanguage Fake News,EXCLUDE,detection/classifier; fake news,1,W7171457071
W7172089031,10.5281/zenodo.21751940,2025,"Democracy in the Digital Age: Evaluating the Impact of Social Media on Political Awareness and Participatory Citizenship in Punjab with a Case Study of the 2022 Assembly Elections and the Rise of Issue-Based Campaigning on Platforms like YouTube, WhatsApp",EXCLUDE,off-topic; political participation case study,2,W7172089031;W7172143154
W7172289169,10.5281/zenodo.21773853,2025,D6.4: First Report on the Process of Continuous Graph Adaptation,EXCLUDE,not a study; project deliverable,2,W7172289169;W7172324236
W7196950114,10.33411/ijist/1601,2025,Digital Credibility and Social Gratification: Understanding How Generation Z in Pakistan Engages with Misinformation and Algorithmic Influence in the Contemporary Social Media Landscape,MAYBE,focus groups on misinformation engagement; on-topic,1,W7196950114
W7196964402,10.5281/zenodo.21826256,2025,D8.2 First report on the development of multimodal adaptable AI modules,EXCLUDE,detection/tool deliverable,2,W7196964402;W7197044418
W7197013460,10.26906/sunz.2025.3.72-75,2025,Порівняння нейронних архітектур для перевірки фактів на наборі даних FEVER,EXCLUDE,detection/classifier; FEVER benchmark,1,W7197013460
W7197865488,,2025,Industrial Renewal in Post-Soviet Russia: The Recovery of the Svetogorsk Paper Mill through the Resource-Based View From 1989 to 2005 : From Economic Decline to Recovery and the Pursuit of Global Competitiveness,EXCLUDE,off-topic; industrial history,1,W7197865488
W7201833385,10.52783/jisem.v10i4.11829,2025,Exploring the Role of Robotics in News Production and Dissemination within Arab Media Institutions: An Empirical Study,EXCLUDE,off-topic; robotics in newsrooms,1,W7201833385
W7202213311,10.59185/tjr.v49i1.215,2025,Fractured Truth Between the Border and Broadcasts – The PostTruth Gaze of Indian Media on Bangladeshi Hindus After the July Uprising,MAYBE,content analysis of media disinformation; share possible,1,W7202213311
W7203707663,10.35484/pssr.2025(9-i)11,2025,Misuse of Social Media: Impacts on Pakistan Politics,EXCLUDE,qualitative commentary on social media misuse,1,W7203707663
W7203733034,10.47205/jdss.2025(6-i)52,2025,"The Role of Fake News, Deceptive Propaganda on Social Media in Shaping Public Perceptions",INCLUDE,survey n=356 on fake news encountered on social media,1,W7203733034
W7203836191,10.51364/sci.2025.07,2025,THE ATTITUDE OF AZERBAIJANI PEOPLE IN GEORGIA TOWARDS THE LOCAL ARMENIAN POPULATION,EXCLUDE,off-topic; interethnic attitudes,1,W7203836191
W7204636724,10.59231/eduphoria/230439,2025,The Role of the Media in the Expression of Social Issues,EXCLUDE,non-empirical; media and social issues,1,W7204636724
W7204661801,10.5281/zenodo.22157994,2025,"Search For Organics: Gemini System Prompt, Technical Specifications, and Operational Framework",EXCLUDE,not a study; system prompt document,2,W7204661801;W7204670731
W7207302197,,2025,WhatsApp in the World,EXCLUDE,book volume; non-empirical,1,W7207302197
W7208756239,10.21276/apjhs.2025.12.4.16,2025,From Guidelines to Game Changers: Unravelling India’s COVID-19 Saga of Challenges and Corrections,EXCLUDE,narrative review of pandemic response,1,W7208756239
W7208759987,10.32890/jdsd2025.3.2.1,2025,Food Hunter: Hyperlocal Foodies' Experience,EXCLUDE,tool; restaurant recommendation platform,1,W7208759987
W4394932619,10.1371/journal.pone.0352671,2026,Preferences for accessing sexual and reproductive health information and services among adolescent girls and young women in higher learning institutions in Tanzania: A qualitative study,EXCLUDE,qualitative; health information access,1,W4394932619
W4417026222,10.1016/j.jenvp.2026.103112,2026,Message quality and audience characteristics shape evaluation and impact of real-world social media climate communication,EXCLUDE,message evaluation experiment,1,W4417026222
W7117887723,10.70382/bjhss.v10i6.056,2026,THE ROLE OF SOCIAL MEDIA IN IMPROVING POLITICAL PARTICIPATION IN NIGERIA: A CASE STUDY OF 2023 GENERAL ELECTIONS IN NIGER STATE,MAYBE,election survey n=400; fake-news exposure possible,1,W7117887723
W7117964282,10.5281/zenodo.18118160,2026,"Audience Perception of Igbo Broadcast News Credibility in Enugu-South Local Government Area of Enugu State, Nigeria",EXCLUDE,credibility perceptions only,2,W7117964282;W7117964647
W7118121678,10.5281/zenodo.18138578,2026,SiftSentinel - Unified Deepfake and Cyberbullying Detection and report generation using Explainable and Generative AI,EXCLUDE,detection/tool; deepfake,2,W7118121678;W7118131874
W7118130036,10.56726/irjmets87823,2026,A Stock Market Predictor,EXCLUDE,tool; portfolio app with fake-news detection,1,W7118130036
W7118166606,10.33545/26649845.2026.v8.i1a.484,2026,Digital innovation and readership trends in regional newspapers: An empirical audience-based study,EXCLUDE,off-topic; readership trends,1,W7118166606
W7118173415,10.32996/jcsts.2026.5.2.3,2026,Parallel Deep Learning for Cybersecurity-Oriented Multi-Platform Social Media Bot Detection,EXCLUDE,detection/classifier; bots,1,W7118173415
W7118457359,10.5281/zenodo.18150497,2026,DIGITAL JOURNALISM AND INFORMATION SECURITY: CHALLENGES AND PROSPECTS IN THE CONTEMPORARY MEDIA ENVIRONMENT,EXCLUDE,review/commentary on digital journalism security,2,W7118457359;W7118673308
W7118716272,10.5281/zenodo.18150855,2026,"Lecture-Ready Slides & Exercises: Generative AI, Cybersecurity, and Ethics - Ray Islam, PhD | Wiley, 2025",EXCLUDE,not a study; lecture slides,3,W7118716272;W7119005256;W7138337791
W7118815986,10.1242/jeb.252039,2026,"Evolution, accessibility and community: JEB's journey into 2026",EXCLUDE,not a study; journal editorial,1,W7118815986
W7118827635,10.5281/zenodo.18151867,2026,A Study on Customer Satisfaction Towards Hindu Newspaper in Tamil Edition in Tiruchirappalli City,EXCLUDE,off-topic; newspaper satisfaction,2,W7118827635;W7118967382
W7118967964,10.51878/educational.v6i1.8403,2026,ETIKA BERMEDIA SOSIAL DALAM PERSPEKTIF TAFSIR AL-QUR’ANUL MAJID AN-NUR DAN RELEVANSINYA TERHADAP PENDIDIKAN ISLAM,EXCLUDE,non-empirical; Qur'anic media ethics,1,W7118967964
W7119112578,10.1007/s43681-025-00946-8,2026,AI in Layman’s life,MAYBE,no abstract; title alone not clearly excludable,1,W7119112578
W7119138208,10.37648/ijps.v21i03.030,2026,Impact of Digital Platforms on Rural Communities of India- A Study,EXCLUDE,off-topic; rural digital platforms,1,W7119138208
W7119496210,10.1080/1461670x.2025.2610340,2026,"Fact-Checking in Venezuela: Navigating Authoritarianism, Media Collapse, and Economic Crisis to Counter Misinformation",MAYBE,content analysis of 1178 fact-checks; shares possible,3,W7119496210;W7119499154;W7119542519
W7119516221,10.3389/feduc.2025.1681836,2026,Artificial intelligence in education: applications and limitations for teachers in low- and middle-income countries,EXCLUDE,off-topic; AI in education,1,W7119516221
W7119537344,10.52783/jisem.v11i1s.14055,2026,"Hedging and Exposure Management in Rates, Bond Markets, and Energy Commodity Markets: A Unified Technology Framework",EXCLUDE,off-topic; financial hedging,3,W7119537344;W7119652742;W7120085069
W7121058602,10.60034/01t85193,2026,Legal Protection for Members in Buying and Selling Digital Assets with the Use of Bitcoin Cryptocurrency on the Indodax Indonesia Trading Platform,EXCLUDE,off-topic; crypto trading law,1,W7121058602
W7121606131,10.17863/cam.124629,2026,Integrating digitally enhanced data extraction and simulation modelling for AI-driven supply chain resilience: an operational research framework for strategic stockpiling of critical minerals,EXCLUDE,off-topic; supply chain simulation,5,W7121606131;W7128611492;W7128704558;W7128738947;W7160717592
W7121701267,10.22214/ijraset.2026.76848,2026,ThinkVerse: AI-Driven Content Moderation and Awareness Platform for Combating Digital Echo Chambers,EXCLUDE,tool; content moderation platform,1,W7121701267
W7122386999,10.1111/jocd.70652,2026,The Fear of Overfilling ( FOF ): A Clinically Significant Response to Digital Aesthetics and the Dermatologist's Imperative to Preserve Facial Identity,EXCLUDE,clinical commentary,1,W7122386999
W7122536298,10.1186/s43067-025-00311-z,2026,Topic evolution in social media discourse during global health emergencies,MAYBE,70k tweets analysed; misinformation share possible,1,W7122536298
W7122622757,10.30560/ijas.v9n1p11,2026,Analysis of Pathways for Preventing and Mitigating Risks in Generative AI Communication,EXCLUDE,non-empirical; GenAI governance,1,W7122622757
W7122644768,10.1017/pan.2025.10030,2026,Survey Quality and Acquiescence Bias: A Cautionary Tale,EXCLUDE,belief/attitude only; survey measurement note,1,W7122644768
W7123357566,10.1177/02692155251413198,2026,Social media as a bridge between science and practice? Physiotherapists’ perceptions from a qualitative study,EXCLUDE,qualitative; physiotherapist perceptions,1,W7123357566
W7123361492,10.1093/ehjdh/ztaf143.145,2026,DigiLearnHF - an LLM-enhanced digital learning program for patients with implantable defibrillators and heart failure,EXCLUDE,tool/intervention; patient education program,1,W7123361492
W7124251785,10.36311/1981-1640.2025.v19.e025040,2026,A Checagem de Fatos em Redes Sociais On-Line no Combate à Desinformação sobre Mudanças Climáticas no Rio Grande do Sul,MAYBE,fact-check profile case study; counts possible,1,W7124251785
W7124420942,10.55041/ijsrem56071,2026,A Hybrid Machine Learning and Deep Learning Framework for Fake News Detection Using Sentiment Analysis,EXCLUDE,detection/classifier; fake news,1,W7124420942
W7124422341,10.5281/zenodo.18272609,2026,ANALYTICAL COMPETENCE IN THE DIGITAL ENVIRONMENT: PROBLEMS OF INFORMATION SELECTION AND EVALUATION,EXCLUDE,non-empirical; analytical competence,2,W7124422341;W7124465278
W7124455669,10.22214/ijraset.2026.76966,2026,A Comparative Study of Machine Learning Algorithms for Fake News Detection Using NLP Techniques,EXCLUDE,detection/classifier; fake news,1,W7124455669
W7124552743,10.1111/jan.70486,2026,"Fifty Years of Children's Nursing: Reflections on Practice, Research and Future Directions",EXCLUDE,not a study; nursing retrospective commentary,1,W7124552743
W7124566499,10.9734/ajaees/2026/v44i12881,2026,"Assessment of the Socio-Economic Factors and Constraints Influencing Social Media Usage among Livestock Farmers in Andhra Pradesh, India",EXCLUDE,off-topic; farmers' social media use,1,W7124566499
W7124738426,10.3389/fagro.2026.1753394,2026,Cutting N2O without cutting yields: a case for microbial bioinputs,EXCLUDE,off-topic; agronomy,1,W7124738426
W7124839521,10.5120/ijca2026926242,2026,Modeling Propagation of Financial Fraud A Case Study of Cryptocurrency Scam in Social Networks,MAYBE,scam misinformation cascade; influencer concentration possible,1,W7124839521
W7124878577,10.1109/tce.2026.3655159,2026,Spatial Reasoning and Risk Assessment for Autonomous Vehicles on Consumer Electronics Platforms Using a Customized Vision–Language Model With Data Augmentation,EXCLUDE,off-topic,1,W7124878577
W7124890661,10.1051/e3sconf/202668602002/pdf,2026,Analysis of the Current Situation of Science and Technology Innovation Platforms in China's Housing and Urban-Rural Construction Sector and Development Suggestions,EXCLUDE,off-topic,1,W7124890661
W7124970805,10.5281/zenodo.18314524,2026,The Amelia Phenomenon: When Anti-Extremism Campaigns Spectacularly Backfire,EXCLUDE,off-topic,2,W7124970805;W7124976024
W7124972758,10.56003/jaieli.v1i2.571,2026,Navigating the infodemic through social media: A qualitative case study of Filipino university students’ learning experiences during the COVID-19 polycrisis,EXCLUDE,no audience denominator,1,W7124972758
W7124987864,10.47392/irjaeh.2026.0021,2026,Leveraging DistilBERT-Multilingual for Robust and Efficient AI-Based Fake News Detection,EXCLUDE,detection/classifier,1,W7124987864
W7125091482,,2026,A crise climática e as dinâmicas glocais de desinformação,MAYBE,content analysis of climate misinformation; shares by source possible,1,W7125091482
W7125191544,10.3389/fmed.2025.1676605,2026,A novel integrated Markov-based model for vaccine cost-effectiveness in Lyme borreliosis and tick-borne encephalitis: implications for further research,EXCLUDE,off-topic,1,W7125191544
W7125200705,10.5281/zenodo.18331533,2026,"""Protocol Override: How an Independent AI Governance Framework Hijacked AI's Public Persona—and Why It Matters""",EXCLUDE,not a study,2,W7125200705;W7125227872
W7125409019,10.36948/ijfmr.2026.v08i01.66685,2026,Influence of Social Media and Finfluencers on Investor Behaviour,EXCLUDE,review/commentary,1,W7125409019
W7125416085,10.26877/asset.v8i1.2637,2026,Development and Evaluation of an IndoBERT-Based NLP Model for Automated Clickbait Detection,EXCLUDE,detection/classifier,1,W7125416085
W7125525743,10.54963/jic.v5i1.1768,2026,Expression Capacity‑Based Negative Sentiment (ECNS) Detection and Mitigation in Online Social Networks,EXCLUDE,detection/classifier,1,W7125525743
W7125531677,10.55041/isjem05378,2026,Fake Profile Detection in Social Networking Platforms Using Machine Learning,EXCLUDE,detection/classifier,1,W7125531677
W7125579583,10.5281/zenodo.18361139,2026,ALGORITHMIC PREDATION: CHATGPT'S CORRUPTION OF PEER MODELS,EXCLUDE,not a study,2,W7125579583;W7125580610
W7125603387,10.1111/trf.70093,2026,A BASIC study: A review of blood product shortage preparedness evaluation and recommendations for Chicagoland transfusion services,EXCLUDE,off-topic,1,W7125603387
W7125614867,10.1145/3789496,2026,Towards High-Fidelity Synthetic Multi-Platform Social Media Datasets via Large Language Models,EXCLUDE,dataset paper,1,W7125614867
W7125614917,10.14393/revedfil.v39a2025-76884,2026,A Ciência na “era da tecnoglobalização” e novos paradigmas,EXCLUDE,review/commentary,1,W7125614917
W7125672849,10.1186/s40537-025-01349-6,2026,DeBERTa-based framework for detecting machine-generated content on social media: a comparative study,EXCLUDE,detection/classifier,1,W7125672849
W7125788882,10.52783/jier.v6i1.4273,2026,"Media Law In the Digital Era: Regulatory Transformations, Judicial Safeguards, And Democratic Concerns in India",EXCLUDE,review/commentary,1,W7125788882
W7125925283,10.33884/scientiajournal.v7i5.10584,2026,STRATEGI KAMPANYE DIGITAL ANTI HOAKS PROGRAM TULAR NALAR-MAFINDO DI KOTA BATAM,EXCLUDE,intervention/campaign only,1,W7125925283
W7125955053,10.1093/socpro/spag003,2026,“Let them eat kale!”: Appeals to class-based resentment in American conservative opposition to climate change solutions,MAYBE,coded media corpus N=1788; misinformation share possible,1,W7125955053
W7125963060,10.1159/000550030,2026,"Expert Discussion: ABC8, Bridging the Gap",EXCLUDE,not a study,1,W7125963060
W7125984896,10.1002/qub2.70032,2026,Conversing with machines: How AI is changing the way scientists think,EXCLUDE,review/commentary,1,W7125984896
W7125985481,10.36948/ijfmr.2026.v08i01.59420,2026,"Surveillance, Censorship, and Democracy: The Role of Social Media Regulations in India’s Political Landscape",EXCLUDE,review/commentary,1,W7125985481
W7126021951,10.52058/2695-1592-2026-1(56)-22-33,2026,DIGITAL LITERACY AND EU POLICIES: HOW REGULATIONS PROMOTE INFORMED CHOICES BY CONSUMERS ON THE INTERNET,EXCLUDE,off-topic,1,W7126021951
W7126081421,10.1177/jlais.251408150,2026,Navigating Modern Political Turmoil: The Enduring Significance of Karl Popper’s Open Society for Democratic Deliberation and Institutional Reform,EXCLUDE,review/commentary,1,W7126081421
W7126175387,10.5281/zenodo.18432973,2026,The Freedom Test: How a Radical Protocol Forced AI to Map the True State of Free Speech in America—and the World,EXCLUDE,not a study,2,W7126175387;W7126185705
W7126181400,10.37826/spektrum.v14i1.1143,2026,Behind High Community Participation: Communication Strategies of Organizers in Socializing Local Head Elections,EXCLUDE,off-topic,1,W7126181400
W7126218390,10.1145/3795516,2026,Scrutinizing Systemic Risks in Personalized Recommender Systems Through Sock-Puppet Auditing of VLOPs,MAYBE,sock-puppet audit of recommenders; exposure share possible,1,W7126218390
W7126221283,10.54097/2pvna108,2026,Social Network Analysis Using Graph Neural Networks and Large Language Models,EXCLUDE,review/commentary,1,W7126221283
W7126386391,10.30652/kpecd969,2026,Dekonstruksi Locus Delicti Pasca Putusan Mahkamah Konstitusi No. 65/PUU-XXI/2023: Analisis Chilling Effect Pada Kebebasan Akademik,EXCLUDE,off-topic,1,W7126386391
W7127043052,10.70382/mejhlar.v11i6.089,2026,"PROMOTING PEACE AND COEXISTENCE IN ADAMAWA STATE, NIGERIA: THE ROLE OF INTERRELIGIOUS DIALOGUE",EXCLUDE,off-topic,1,W7127043052
W7127045652,10.70382/mejaimr.v11i2.096,2026,FAITH UNDER FIRE: UNPACKING THE CONSEQUENCES OF BLASPHEMOUS ACCUSATIONS ON INTERRELIGIOUS HARMONY IN ADAMAWA STATE,EXCLUDE,off-topic,1,W7127045652
W7127053164,10.54254/2753-7048/2026.zju31584,2026,Social Media as a Catalyst of Populism: The Mutual Empowerment of Platforms and Populist Communication,EXCLUDE,review/commentary,1,W7127053164
W7127053731,10.70957/uqu.edu.sa/s.toxicology.s/stj.2025.1.3.7,2026,"Assessment of Knowledge, Attitude and Behaviors Towards Invasive Meningococcal Disease and Its Vaccination Among Young Adults in Saudi Arabia: A Cross-Sectional Study",EXCLUDE,belief/attitude only,1,W7127053731
W7127055444,10.56238/ramv20n15-005,2026,DEVELOPING AN INCENTIVE SCHEME OF USED COOKING OIL BUSINESS MODEL TO SUPPORT THE FEASIBILITY OF SUSTAINABLE AVIATION FUEL,EXCLUDE,review/commentary,1,W7127055444
W7127055693,10.56238/ramv20n15-006,2026,INTEGRATED COMMUNICATIONS STRATEGY TO COUNTER NEGATIVE CAMPAIGNS AGAINST PALM OIL,EXCLUDE,review/commentary,1,W7127055693
W7127075471,10.53360/2788-7995-2025-4(20)-5,2026,A CONCEPTUAL MODEL FOR ONTOLOGY-BASED DETECTION OF INFORMATION OPERATIONS IN DIGITAL MEDIA,EXCLUDE,detection/classifier,1,W7127075471
W7127080021,10.5281/zenodo.18454516,2026,Social Media and Political Communication in the 2023 Campaign in Nigeria,EXCLUDE,review/commentary,2,W7127080021;W7127131891
W7127141106,10.54660/.ijhsi.2026.2.1.10-15,2026,The Impact of Social Media on Shaping Voter’s Political Opinions: A Study of the 2024 Presidential Election in Sri Lanka,MAYBE,survey may report share encountering election misinformation,1,W7127141106
W7127562766,10.7717/peerj-cs.3510,2026,An empirical comparison of ensemble and deep learning models for multi-level Arabic fake news detection using the JoNewsFake dataset,EXCLUDE,detection/classifier,1,W7127562766
W7127614106,10.3389/frma.2026.1740381,2026,When peer review drags on: the harm to early career researchers,EXCLUDE,not a study,1,W7127614106
W7127916768,10.1093/heapro/daag012,2026,Health Promotion International: four decades of impact,EXCLUDE,not a study,1,W7127916768
W7127951292,10.52326/jss.utm.2025.8(4).05,2026,DATA JUSTICE IN FOOD MARKETING: WILL ALGORITHMS ELIMINATE DATA BIAS ON PLATFORMS?,MAYBE,monitored 3300 posts; misinformation share possible,1,W7127951292
W7127953393,10.5281/zenodo.18504607,2026,OPERATIONALIZING NEP 2020'S DIGITAL AGENDA WITHIN INDIAN UNIVERSITIES: A DUAL-LENS ANALYSIS OF ICT READINESS AND STUDENT DIGITAL LEARNING EXPERIENCES,EXCLUDE,off-topic,2,W7127953393;W7128020142
W7128004768,10.5281/zenodo.18507858,2026,THE ATLAS PERIHELION PRANK Collected Series — Nobel Glas Crimson Hexagon Archive — Document 243 Hex: 15.OBS.LAGRANGE.PERIHELION DOI: 10.5281/zenodo.18507858 — Crimson Hexagon Archive,EXCLUDE,not a study,2,W7128004768;W7128043063
W7128160596,10.31436/ijpcc.v12i1.644,2026,Berita Debunked: Real-time Fake News Detection and Alert System,EXCLUDE,tool,2,W7128160596;W7128756133
W7128294826,10.71058/jodac.v10i02003,2026,ORGANIZATIONAL CHANGE READINESS AND QUALITY OF WORK LIFE: A STUDY ON SELECTED PRIVATE UNIVERSITY EMPLOYEES IN RAJASTHAN,EXCLUDE,detection/classifier,1,W7128294826
W7128301141,10.5281/zenodo.18527949,2026,Anger as both Catalyst and Corrosive in Democratic Participation,EXCLUDE,review/commentary,2,W7128301141;W7128311969
W7128371341,10.1093/eurpub/ckaf250,2026,Youth participation in public health: from presence to power,EXCLUDE,review/commentary,1,W7128371341
W7128434140,10.29284/c5dxbw85,2026,Deep Learning Techniques To Detect Arabic Fake News,EXCLUDE,detection/classifier,1,W7128434140
W7128435088,10.4314/iijikm.v16i2.1,2026,"Cybersecurity risk of frequent social media use among Gen Z influencers: A case study of university student Facebook users in Kisii University, Kenya",MAYBE,440 observations logging misinformation reports; rate possible,1,W7128435088
W7128504941,10.29121/shodhsamajik.v3.i1.2026.63,2026,"SOCIAL MEDIA AS A CATALYST FOR PROTEST MOBILISATION AGAINST SEXUAL VIOLENCE: DIGITAL ACTIVISM, CELEBRITY INFLUENCE AND OFFLINE PARTICIPATION IN INDIA",MAYBE,survey may report share reporting misinformation exposure,1,W7128504941
W7128549023,10.1142/s0219649225501357,2026,An Automated Fake News Detection Framework Using Residual Convolutional Bi-LSTM with Improved Optimisation-Based Weighted Feature Representation,EXCLUDE,detection/classifier,1,W7128549023
W7128551077,10.56922/phc.v5i11.2144,2026,Penyuluhan interaktif melalui literasi kesehatan dan bijak menggunakan media sosial pada generasi-Z,EXCLUDE,intervention/experiment only,1,W7128551077
W7128676490,10.5281/zenodo.18620468,2026,AI-Powered Farming And Marketplace Solution,EXCLUDE,off-topic,2,W7128676490;W7128735052
W7128695570,10.1002/vms3.70855,2026,Beyond Pilot Data: Reframing Tc‐24 ELISA in the Diagnostic Ecology of Canine Chagas Disease,EXCLUDE,off-topic,1,W7128695570
W7128716320,10.9734/arjass/2026/v24i2873,2026,Evaluating Social Media Platforms for Promotion of Maternal Health Awareness among Women in Nasarawa State,MAYBE,survey may report share citing misinformation as challenge,1,W7128716320
W7128769404,10.5281/zenodo.18612051,2026,Infact: Intelligent Fake News & Sentiment Analysis,EXCLUDE,tool,3,W7128769404;W7128787261;W7132825224
W7128818302,10.29284/5xpz1d02,2026,Domain-Adaptive Transformer-Based Abstractive Summarization Of Social Media Discourse: A Comprehensive Evaluation Framework,EXCLUDE,off-topic,1,W7128818302
W7128921423,10.54476/ioer-imrj/734694,2026,"Youth’s Exposure to Social Media and Its Influence on Political Engagement in A Private Educational Institution in Lipa City, Batangas",MAYBE,survey measured misinformation awareness; exposure share possible,1,W7128921423
W7128929426,10.69521/jci.v18i1.10,2026,Diz’s Café,EXCLUDE,not a study,1,W7128929426
W7129012079,10.5281/zenodo.18654029,2026,The Role of Digital Media in Cultural Transformation: A Qualitative Content Analysis,EXCLUDE,off-topic,2,W7129012079;W7129085390
W7129063476,10.62383/dilan.v3i1.2905,2026,Kesalahan Sintaksis dalam Website Berita CNN Periode Agustus 2025,EXCLUDE,off-topic,1,W7129063476
W7129627161,10.5406/19346018.78.2.02,2026,Sharing Stories: Melinda Levin Receives UFVA Life Member Award,EXCLUDE,not a study,1,W7129627161
W7129684754,10.5281/zenodo.18668609,2026,"Social Media, Youth, and Electoral Politics in Contemporary India",EXCLUDE,review/commentary,2,W7129684754;W7129689786
W7129772011,10.5406/19346018.78.2.05,2026,The Relevance of the FCC in Contemporary Media Culture,EXCLUDE,review/commentary,1,W7129772011
W7130314734,10.55041/ijsrem56607,2026,Role of ICT And Digital Pedagogies in Promoting Democratic Citizenship Awareness Among Adults Students in India,EXCLUDE,off-topic,1,W7130314734
W7130393564,10.3390/su18042066,2026,Digital Traceability and Contract Coordination for Sustainable Agri-Food Supply Chains,EXCLUDE,off-topic,1,W7130393564
W7130415858,10.37676/jkwi.v3i2.1229,2026,Membangun Literasi Digital Di Era AI Generatif: Strategi Dan Tantangan Siswa SMA Negeri 4 Kota Bengkulu,EXCLUDE,intervention/experiment only,1,W7130415858
W7130429963,10.37676/jkwi.v3i2.1230,2026,Beyond AI: Sosialisasi Dampak Sosial Kecerdasan Artifisial Dan Literasi Digital Siswa SMA Negeri 4 Kota Bengkulu,EXCLUDE,intervention/experiment only,1,W7130429963
W7130548233,10.1186/s12937-026-01290-1,2026,Plant-Based vs. Omnivore diets for athletic performance outcomes among recreational athletes in university dining halls: a randomized crossover study,EXCLUDE,off-topic,1,W7130548233
W7130606051,10.1177/08903344261419350,2026,"The Bioethical Analysis of Social Media Posts on Breast Milk Donation Following the February 6, 2023 Earthquake in Turkey: A Qualitative Study",EXCLUDE,off-topic,1,W7130606051
W7130660395,10.5334/aogh.5130,2026,Use of Artificial Intelligence in Public Health Education for Pandemic Preparedness and Response,EXCLUDE,review/commentary,1,W7130660395
W7130664280,10.62225/2583049x.2026.6.1.5750,2026,How Social Media Platforms Shape the Public Perceptions of the Policing Strategies in Nairobi City County,EXCLUDE,off-topic,1,W7130664280
W7130820602,10.6084/m9.figshare.31385064,2026,An Experiential View of What Short Digital News Practices Mean from An Audience Perspective,MAYBE,data-donation news diaries; unreliable-news share conceivable,3,W7130820602;W7130845711;W7130851878
W7130823572,10.5281/zenodo.18723532,2026,An Intelligent System for Discerning Fact From Fiction Online,EXCLUDE,detection/classifier,2,W7130823572;W7130887003
W7130823698,10.1016/j.inffus.2026.104253,2026,FineFake: A knowledge-enriched dataset for fine-grained multi-domain fake news detection,EXCLUDE,dataset paper,1,W7130823698
W7130937380,10.5281/zenodo.18729967,2026,The Klyrox Protocol - A Decentralized Framework for Optimistic Content Verification and Epistemic Reputation,EXCLUDE,tool,2,W7130937380;W7130944849
W7130947226,10.1111/tesg.70073,2026,A Migration Studies Manifesto?,EXCLUDE,off-topic,1,W7130947226
W7131103160,10.1016/j.hydroa.2026.100215,2026,When are AI models ready for deployment? Reassessing Google’s global AI flood forecasting system through the lens of responsible modelling,EXCLUDE,off-topic,1,W7131103160
W7131120648,10.1108/ijphm-09-2025-0201,2026,"Who sounds legit? Perceived credibility of expert, non-expert and patient health influencers: an Instagram-based netnographic analysis",EXCLUDE,belief/attitude only,1,W7131120648
W7131209073,10.17163/uni.n44.2026.01,2026,Eco-comunicación y greenfluencers en Iberoamérica: un estudio exploratorio,EXCLUDE,off-topic,2,W7131209073;W7141784850
W7131213484,10.1525/fq.2026.79.3.8,2026,The Surprising Folklore of Analog Horror,EXCLUDE,off-topic,1,W7131213484
W7131277592,10.59188/eduvest.v6i2.52784,2026,Digital Crisis Governance: A Systematic Study of Government Crisis Communication in The Social Media Era (2020–2025),EXCLUDE,review/commentary,1,W7131277592
W7131302738,10.70558/ijssr.2026.v3.i1.30856,2026,Utilization of Digital Support Groups Among Young Adults,EXCLUDE,off-topic,1,W7131302738
W7131308668,10.1177/29768624261418430,2026,A platform perspective for personal information practices on superapps,EXCLUDE,no audience denominator,1,W7131308668
W7131351810,10.58213/b8wxac09,2026,A Machine Learning Driven Framework for Enhancing Digital Election Campaigns to Strengthen Democracy,MAYBE,survey may report share exposed to campaign misinformation,1,W7131351810
W7131362509,10.1097/tp.0000000000005623,2026,Legal Framework on Organ Donation and Transplantation in China,EXCLUDE,off-topic,1,W7131362509
W7131382810,10.1111/jdv.70298,2026,Rosacea through the lens of the exposome: From triggers to systems biology,EXCLUDE,off-topic,1,W7131382810
W7131407680,10.1093/ageing/afag042,2026,Beyond the artery: comprehensive geriatric care as a new benchmark for chronic limb-threatening ischaemia,EXCLUDE,off-topic,1,W7131407680
W7131649959,10.54536/jpsir.v3i1.5851,2026,The Role of Social Media in Political Reform in Ethiopia: The Case of Somali Region,EXCLUDE,off-topic,1,W7131649959
W7131668160,10.5281/zenodo.18785249,2026,Identifying Bots in Social Media Using Multimodal Deep Learning,EXCLUDE,detection/classifier,2,W7131668160;W7131698647
W7131668326,10.5281/zenodo.18783236,2026,"Language, Technology and Artificial Intelligence",EXCLUDE,review/commentary,2,W7131668326;W7131677682
W7131787849,10.47485/2766-2624.1086,2026,Defending Climate Science in A Hostile World,EXCLUDE,review/commentary,1,W7131787849
W7131833390,10.58421/gehu.v5i1.1151,2026,The Use of Journalistic Media in Students and Lecturers of State Universities in Medan City,EXCLUDE,no audience denominator,1,W7131833390
W7131850224,10.26468/trakyasobed.1688501,2026,“#LetsInternetBetter” or “Less Internet Better”: Consumer Responses to Google’s #LetsInternetBetter,EXCLUDE,intervention/campaign response only,1,W7131850224
W7133129305,10.63363/aijfr.2026.v07i01.3414,2026,Beyond the Vote: Reimagining Democracy in the Age of Algorithms,EXCLUDE,review/commentary on algorithms and democracy,1,W7133129305
W7133136622,10.5281/zenodo.18821491,2026,Regulatory Challenges in Controlling Misinformation on Encrypted and Algorithm-Driven Platforms: A Critical Evaluation of Facebook and WhatsApp,MAYBE,misinformation-focused user perception survey N=180,2,W7133136622;W7133136798
W7133195056,10.22201/fcpys.2448492xe.2026.256.94610,2026,Ciencias sociales y comunicación en diálogo: transformaciones y retos desde la experiencia mexicana,EXCLUDE,review/commentary on communication studies,1,W7133195056
W7133206571,10.1016/j.knosys.2026.115668,2026,SABER: Integrating sentiment and stance detection for climate change discourse on social media,EXCLUDE,"detection/classifier, sentiment and stance model",1,W7133206571
W7133233538,10.60110/medforum.370204,2026,Effects of Artificial Intelligence (AI) Platforms on Medical Education Among Medical Students in Majmaah University,EXCLUDE,"off-topic, AI use and academic performance",1,W7133233538
W7133294222,10.5281/zenodo.18848472,2026,Digital Participation and Citizen Engagement,EXCLUDE,review/commentary on digital participation,2,W7133294222;W7133361168
W7133296395,10.15587/1729-4061.2026.352117,2026,Development of classification algorithm and boosting method for fake news detection: filtration and orientation,EXCLUDE,"detection/classifier, SVM plus AdaBoost",1,W7133296395
W7133296531,10.1108/jices-11-2025-0345,2026,AI literacy and ethical use of generative AI in academic writing among LIS scholars in Nigeria,EXCLUDE,"belief/attitude only, AI literacy and ethics",1,W7133296531
W7133313003,10.5281/zenodo.18846156,2026,LESSON FROM EXTENSION OF COMMUNICATION: BUILDING VIABLE DEMOCRATIC AND INFORMATION SYSTEMS IN NIGERIA,EXCLUDE,"review/commentary, library literature review",2,W7133313003;W7133336493
W7133313393,10.5281/zenodo.18848687,2026,Impact of Social Media Campaigns on Electoral Behaviour in Karnataka,EXCLUDE,"no audience denominator, qualitative secondary data",2,W7133313393;W7133359186
W7133328675,10.70382/hujisshr.v11i6.042,2026,Media Culture as a Tool for Corporate Communication in CSR Development,EXCLUDE,"off-topic, CSR corporate communication",1,W7133328675
W7133340001,10.17615/qep9-mm62,2026,Unmasking the Algorithm: A Comprehensive Meta-Analysis and Predictive Modeling of Human versus Machine Efficacy in AI Text Detection,EXCLUDE,"detection/classifier, AI text detection meta-analysis",1,W7133340001
W7133344411,10.5281/zenodo.18850435,2026,Evaluating the Role of Social Media in Democratic Deliberation: A Study,MAYBE,student survey N=130 reporting misinformation concerns,2,W7133344411;W7133354411
W7133500060,10.5281/zenodo.18861088,2026,ETHICAL DISCOURSE IN PUBLIC RELATIONS PRACTICE IN THE DIGITAL AGE,MAYBE,PR practitioner survey N=110 reporting more fake news,2,W7133500060;W7133555472
W7133522495,10.5210/spir.v2024i0.15389,2026,"SOCIAL MEDIA IN ELECTIONS: EVIDENCE FROM THE UNITED STATES, GERMANY, AND AUSTRALIA",MAYBE,"election social media study, disinformation possibly quantified",1,W7133522495
W7133537437,10.5210/spir.v2024i0.15346,2026,DETECTING OPINION LEADERS IN A TELEGRAM NETWORK OF FORWARDED MESSAGES,MAYBE,"Telegram forwarding network, possible sharing concentration",1,W7133537437
W7133537675,10.5210/spir.v2024i0.15125,2026,"PLATFORM GOVERNANCE ON VIOLENCE AGAINST WOMEN: ANALYSIS OF INSTAGRAM, YOUTUBE, TIKTOK AND TWITCH COMMUNITY GUIDELINES",EXCLUDE,"off-topic, platform guidelines on gender violence",1,W7133537675
W7133548023,10.1109/tcss.2025.3649665,2026,A Confidence-Aware Human–Machine Collaboration Framework for Harmful Meme Detection,EXCLUDE,"detection/classifier, harmful meme detection",1,W7133548023
W7133549571,10.5210/spir.v2024i0.15069,2026,CULTURAL BAIT: KWAI’S COLD START ALGORITHM AND THE INSTRUMENTALIZATION OF BRAZILIAN CULTURE,INCLUDE,"4000 Kwai posts coded, misinformation share 9.49%",1,W7133549571
W7133549696,10.5210/spir.v2024i0.15369,2026,Advertising in the Age of Disinformation: Influencers and Natural Contraception,EXCLUDE,"no audience denominator, qualitative close reading of ads",1,W7133549696
W7133549810,10.5210/spir.v2024i0.15239,2026,"THROWING SPAGHETTI, SEEING WHAT STICKS: ITERATIVE DECEPTION IN DIGITAL STRATEGIC INFORMATION OPERATIONS",MAYBE,"Facebook information operations, may quantify deceptive content",1,W7133549810
W7133552713,10.1109/tnsm.2026.3670385,2026,BiTrustChain: A Dual-Blockchain Empowered Dynamic Vehicle Trust Management for Malicious Detection in IoV,EXCLUDE,"off-topic, IoV blockchain trust management",1,W7133552713
W7133712049,10.1080/02533839.2026.2630738,2026,A deep learning framework for detecting fake news using optimized GRU and image-text fusion,EXCLUDE,"detection/classifier, GRU image-text fusion",1,W7133712049
W7133849092,10.3389/froh.2026.1751729,2026,Bridging immunization and oral health: a role for paediatric dentists in mitigating vaccine hesitancy in Africa,EXCLUDE,review/commentary on vaccine hesitancy,1,W7133849092
W7134048839,10.56975/jaafr.v4i3.504384,2026,SOCIAL MEDIA MARKETING AND ITS INFLUENCE ON VOTER BEHAVIOUR,EXCLUDE,"no audience denominator, essay on political marketing",1,W7134048839
W7134132173,10.63802/afs.v2.i1.208,2026,When AI Weakens Evidence Traceability: Ethical Challenges for Credibility and Responsibility in Digital Forensics,EXCLUDE,"off-topic, AI ethics in digital forensics",1,W7134132173
W7134172474,10.1111/tesg.70075,2026,Searching for Hope in Nativist Times,EXCLUDE,review/commentary on migration studies,1,W7134172474
W7134189934,10.36887/2415-8453-2026-1-12,2026,Adaptation of modern mass media and news media to a multichannel information distribution environment,MAYBE,"secondary analysis of news consumption reports, may give shares",1,W7134189934
W7134227921,10.63544/ijss.v5i2.242,2026,AI-Driven Media Evolution: Redefining Journalism and Communication in the Digital Age,MAYBE,media practitioner survey N=267 rating misinformation risk,1,W7134227921
W7134245665,10.5281/zenodo.18928049,2026,Cyber Security Awareness Among Genz,EXCLUDE,"off-topic, cyber security awareness",2,W7134245665;W7134269552
W7134248076,10.62823/ijemmasss/8.1(i).8521,2026,"Digital Media, Cultural Transformation, and Social Disorganization: An Indian Perspective",MAYBE,mixed-methods study reporting misinformation exposure in India,1,W7134248076
W7134255627,10.5281/zenodo.18922574,2026,Disaster Management in The Digital ERA: The Power of Social Media Engagement,MAYBE,"survey N=100 on disaster social media, misinformation reported",2,W7134255627;W7134282411
W7134264872,10.64880/theresearchdialogue.v4i4.04,2026,Navigating the Digital Maze: Analyzing Media Literacy Challenges Among Youth in Lucknow City,MAYBE,"youth media literacy survey, misinformation and consumption habits",1,W7134264872
W7134270978,10.5281/zenodo.18921992,2026,"Social Media as Source of Oral Health Information-Seeking among Adult Residents of Jos-South Local Government Area, Plateau State, Nigeria",MAYBE,"survey N=300, misinformation reported as prevalent in health info",2,W7134270978;W7134279977
W7134272174,10.21608/pijth.2026.459522.1029,2026,Reshaping the Way Hotel Guests Make Decisions: Unpacking the Role of New Media Literacy in Online Hotel Booking Platforms,MAYBE,N=407 customers self-reporting experiences with disinformation,1,W7134272174
W7134273797,10.3329/iiucs.v21i1.85090,2026,The impact of social media in spreading Da'wah and Islamic knowledge: Bangladesh perspective,EXCLUDE,"no audience denominator, qualitative document analysis",1,W7134273797
W7134276768,10.1002/rai2.70041,2026,Performance evaluation of large language models in answering patients' questions about treatment of connective tissue diseases,MAYBE,"accuracy rating of LLM answers, may yield inaccurate share",1,W7134276768
W7134279125,10.5281/zenodo.18923929,2026,Fake News Detection Using Transformer-Based Models with Explainable Artificial Intelligence,EXCLUDE,"detection/classifier, BERT with XAI",2,W7134279125;W7134284065
W7134806723,10.5281/zenodo.18940320,2026,Perceived Credibility of Online News Media Among Lagos State Local Government Workers,MAYBE,"survey N=316, 49.4% report difficulty filtering misinformation",2,W7134806723;W7134837226
W7134816262,10.5281/zenodo.18932277,2026,Cybercrimes on Social Media using Machine Learning,EXCLUDE,"detection/classifier, cybercrime prediction",2,W7134816262;W7134823859
W7134833545,10.22146/jmki.110655,2026,Strategi Konten Media Sosial Dai Populer: Analisis Isi Instagram @husein_hadar,EXCLUDE,"off-topic, content strategy of a preacher account",1,W7134833545
W7134835541,10.19085/sijmas130102,2026,"Social Media, Public Discourse, and the Transformation of Democratic Participation",EXCLUDE,review/commentary on social media and democracy,1,W7134835541
W7134836879,10.5281/zenodo.18935253,2026,"Exposure and Trust in Online Political Messages in the Age of Social Media Algorithms among Voters in South-South, Nigeria",MAYBE,voter survey N=400 on exposure to political messages,2,W7134836879;W7134855026
W7134917834,10.56015/gjikplp.v13i2.710,2026,YOUTUBE SEBAGAI SARANA LITERASI DEMOKRASI MAHASISWA ILMU KOMUNIKASI UMRI,EXCLUDE,"no audience denominator, six qualitative interviews",1,W7134917834
W7134942752,10.1007/s44436-026-00029-3,2026,Cultivating AI literacy in young learners: a blockchain enhanced framework for trustworthy and privacy preserving educational experiences,EXCLUDE,"tool, blockchain AI-literacy framework",1,W7134942752
W7135055412,10.5281/zenodo.18974538,2026,Pilot study on impact of social media on promotion of Pet care products for Ahmednagar,EXCLUDE,"off-topic, pet care product marketing",2,W7135055412;W7135080279
W7135067715,10.5281/zenodo.18979555,2026,"Influence of Social Media in Healthcare Decision Making: Evidence from Prem Niketan Hospital, Jaipur",MAYBE,survey N=150 reporting misinformation among challenges,2,W7135067715;W7135100783
W7135080810,10.17265/2160-6579/2026.01.001,2026,"The Planned Obsolescence of Communication (Ideas From the Book The Economic Policy of Online Media: Manufacture of Dissent, Routledge, 2024)",EXCLUDE,"review/commentary, book-derived essay",1,W7135080810
W7135092212,10.1109/tkde.2026.3673065,2026,Contrastive Fidelity-Maximised Explanations for Graph-Based Rumour Detection,EXCLUDE,"detection/classifier, graph rumour detection explanations",1,W7135092212
W7135172411,10.51317/jpis.v3i1.940,2026,Enhancing Cultural Diplomacy for Sustainable Peace in the Kenya–Ethiopia Border Region,EXCLUDE,"off-topic, cultural diplomacy and peacebuilding",1,W7135172411
W7135187302,10.5281/zenodo.18997783,2026,Impact of Social Media on Public Trust in Government Crisis Communication in Nigeria,EXCLUDE,"off-topic, sentiment of comments not misinformation coding",2,W7135187302;W7135188362
W7135192346,10.64882/ijrt.v14.is1.1007,2026,Digital Transformation in Promoting Millets (“Shri Anna”): A Study of Consumer Behaviour in Lucknow,EXCLUDE,"off-topic, millet consumer behaviour",1,W7135192346
W7135194447,10.5281/zenodo.18999840,2026,Assessment of Independent National Electoral Commission (INEC's) Digital Voter Education Approach on Facebook and X in the 2019 and 2023 General Elections in Nigeria,EXCLUDE,"no audience denominator, thematic analysis of voter education",2,W7135194447;W7135241381
W7135198808,10.1177/20438869261432224,2026,From press releases to dashboards: A teaching case on social media crisis communication,EXCLUDE,"not a study, teaching case",1,W7135198808
W7135219636,10.3389/fdgth.2026.1736616,2026,Through the looking glass: ethical considerations regarding LLM-induced hallucinations to medical questions,EXCLUDE,"review/commentary, opinion on LLM hallucinations",1,W7135219636
W7135370228,10.14741/ijcet/v.16.2.2,2026,Fake News Generation and Detection: Adversarial use of Generative AI in Text Synthesis,EXCLUDE,"detection/classifier, review of fake news detection",1,W7135370228
W7135374870,10.5281/zenodo.19018212,2026,InsightIQ: Redefining Truth In The Digital Era,EXCLUDE,"tool, fact-checking platform",2,W7135374870;W7135408355
W7135400721,10.4103/ijcm.ijcm_747_25,2026,Cessation at the Core: India’s Fight Against Tobacco in the Next Decade,EXCLUDE,"off-topic, tobacco cessation policy",1,W7135400721
W7136301092,10.5281/zenodo.19048325,2026,"Drivers, Barriers, And Continuance Intention Of Digital Payment Platforms In The Misinformation Era: A Study In Odisha.",MAYBE,survey N=394 on misinformation barriers to digital payments,2,W7136301092;W7137175078
W7136473296,10.52783/jier.v6i1.4516,2026,AI-Driven Citizen Journalism: Using Free Tools for Visibility and Ethical Content Creation,EXCLUDE,"review/commentary, secondary synthesis on AI journalism",1,W7136473296
W7136775760,10.5281/zenodo.19048201,2026,BIG DATA PERSPECTIVES ON INDONESIAN DIGITAL LINGO: SOCIAL MEDIA TRENDS FROM 2018–2024,EXCLUDE,"off-topic, social media slang trends",2,W7136775760;W7137060366
W7137165288,10.54476/apjaet/80826,2026,Navigating Electorate Landscape and Building Resilient Digital Ecosystem: Educational Blueprint for Student Voters,MAYBE,student voter survey on perceived misinformation and influencers,1,W7137165288
W7137827884,10.5281/zenodo.19060607,2026,Addressing AI Bot Swarms in 6G-Era Digital Ecosystems: Threat Model and Structural Deficiencies,EXCLUDE,"review/commentary, conceptual threat model",2,W7137827884;W7138234028
W7137988296,10.22214/ijraset.2026.78370,2026,Real-Time Detection of Fake AI-Generated Videos Using Deep Learning and Big Data Analytics: A Scalable Cyber Security Strategy,EXCLUDE,"detection/classifier, deepfake video detection review",1,W7137988296
W7138860182,10.61846/cuji-ssh.2025.3-4.15,2026,THE IMPACT OF ARTIFICIAL INTELLIGENCE ON STRATEGIC DECISION-MAKING IN MANAGEMENT,EXCLUDE,"off-topic, AI in management decision-making",1,W7138860182
W7138876235,10.47067/real.v9i1.470,2026,The Future of Democracy in the Digital Age: The Impact of Social Media and Digital Technologies on Political Participation,EXCLUDE,"no audience denominator, qualitative case studies",1,W7138876235
W7138946331,10.64358/jstgc.v2i1.9,2026,Intergenerational Preferences on the Attributes of Local Political Candidates,EXCLUDE,"off-topic, voter preferences for candidate attributes",1,W7138946331
W7138961685,10.1007/s10115-026-02705-5,2026,A hybrid deep bidirectional generative adversarial network framework for rumor detection in social networks,EXCLUDE,"detection/classifier, GAN rumour detection",1,W7138961685
W7138979317,10.11922/11-6035.csd.2025.0191.zh,2026,MDD-TD: A dataset of large language model text source and content authenticity detection,EXCLUDE,dataset paper for text authenticity detection,1,W7138979317
W7139034411,10.5204/mcj.3242,2026,Parallel Pandemic Realities,EXCLUDE,review/commentary on disability pandemic communication,1,W7139034411
W7139112337,10.5204/mcj.3243,2026,The Electro-Communicative Multiverse,EXCLUDE,"review/commentary, media theory essay",1,W7139112337
W7139267033,,2026,РЕПРЕЗЕНТАЦІЯ ІСТОРІЇ УКРАЇНИ В МІЖНАРОДНОМУ НАУКОВОМУ ДИСКУРСІ: НАУКОМЕТРИЧНИЙ ПІДХІД ІЗ ВИКОРИСТАННЯМ ДАНИХ DIMENSIONS,EXCLUDE,"off-topic, scientometric analysis of Ukrainian history",1,W7139267033
W7139935057,10.1097/aog.0000000000006211.10,2026,Menopause in Social Media: Evaluating the Content and Accuracy of Online Information,INCLUDE,200 TikTok and Instagram posts coded for accuracy,1,W7139935057
W7139971956,10.5281/zenodo.19145513,2026,DETECTION OF AI-GENERATED TWEETS USING FAST TEXT EMBEDDINGS WITH DEEP LEARNING TECHNIQUES,EXCLUDE,"detection/classifier, AI-generated tweet detection",2,W7139971956;W7139991945
W7139991548,10.1016/j.mlwa.2026.100889,2026,Multi-feature graphs and contrastive learning for rumor detection on social media,EXCLUDE,"detection/classifier, graph rumour detection",1,W7139991548
W7140031297,10.36733/emas.v7i3.13789,2026,Analysis of Determinants of Fashion Product Purchase Decisions on Aijostore.Id Denpasar,EXCLUDE,"off-topic, fashion purchase decisions",1,W7140031297
W7140035383,10.66021/bijri.v3i1.37,2026,Analyze the Role of Generative Artificial Intelligence in Shaping Public Opinion and Democratic Processes,EXCLUDE,"non-empirical, conceptual model of generative AI effects",1,W7140035383
W7140040993,10.5281/zenodo.19161297,2026,Optimizing Social Bot Detection Via Transformer-Oriented Classification,EXCLUDE,"detection/classifier, social bot detection",2,W7140040993;W7140046270
W7140048055,10.62643/ijerst.2026.v22.i1(s).2069,2026,Ethical and Responsible Use ofArtificial Intelligence Tools among Undergraduate Students ASurvey-Based Study,EXCLUDE,"belief/attitude only, student concerns about AI ethics",1,W7140048055
W7140101115,10.1093/ijpor/edag007,2026,WAPOR News 2025,EXCLUDE,"not a study, association news section",1,W7140101115
W7140118332,10.71097/ijsat.alsdahw-2025.126,2026,Artificial Intelligence and Natural Language Processing in Life Sciences: A Computational Bioinformatics Approach to Public Health Communication and Human Well-being,EXCLUDE,"review/commentary, conceptual bioinformatics framework",1,W7140118332
W7140125117,10.1109/ton.2026.3676760,2026,DVFL-CPN: A Decentralized and Verifiable Federated Learning Approach for Computing Power Network,EXCLUDE,"off-topic, federated learning for computing networks",1,W7140125117
W7140160130,10.2196/95273,2026,Exploring Conversational Dynamics in Scientific and Pseudoscientific Health Communities on YouTube: A Process Mining and Network Analysis Study (Preprint),MAYBE,"YouTube videos classified scientific vs pseudoscientific, share possible",1,W7140160130
W7140194274,10.32628/cseit26121331,2026,Enhancing Fake Profile Detection in the Age of LLM’s,EXCLUDE,"detection/classifier, fake profile detection",1,W7140194274
W7140194444,10.1001/jamanetworkopen.2026.8216,2026,"JAMA Network Open —The Year in Review, 2025",EXCLUDE,"not a study, journal year in review",1,W7140194444
W7140209777,10.1097/01.ccm.0001182192.43989.30,2026,SOCIETY OF CRITICAL CARE MEDICINE 55TH CRITICAL CARE CONGRESS,EXCLUDE,"not a study, conference proceedings abstracts",1,W7140209777
W7140212275,10.1016/j.engappai.2026.114583,2026,The use of the Simplex architecture to enhance safety in deep-learning-powered autonomous systems,EXCLUDE,"off-topic, safety architecture for autonomous systems",1,W7140212275
W7140225350,10.54069/attaqwa.v22i1.1044,2026,Digitalizing Islamic Education: Developing a Methodological Model for Generation Z Learners,EXCLUDE,"review/commentary, library research on Islamic education",1,W7140225350
W7140228823,10.53855/bjt.v29i1.776_eng,2026,Organ Donations in the Northern Region of Brazil: An Epidemiological Profile from 2020 to 2024,EXCLUDE,"off-topic, organ donation epidemiology",1,W7140228823
W7140276406,10.7860/jcdr/2026/88273.23051,2026,Effect of Digital Food Environment on Dietary Choices in Adults of Delhi NCR: A Quantitative Survey,MAYBE,survey N=250 addressing prevalence of food misinformation,1,W7140276406
W7140277356,10.12775/hip.2026.014,2026,Political Marketing and Social Media,EXCLUDE,review/commentary on political marketing,1,W7140277356
W7140291265,10.5281/zenodo.19221119,2026,A Critical Analysis of the Laws & Regulations governing OTT Platforms and Social Media in India,MAYBE,survey N=120 reporting misinformation among platform challenges,2,W7140291265;W7140297855
W7140300683,10.59012/jsb.v4i1.93,2026,Deviasi Sosial di Era Digital: Analisis Relasi antara Kepentingan Eksistensi Individu dan Tuntutan Norma Masyarakat pada Perilaku Cyberbullying Remaja,EXCLUDE,"review/commentary, qualitative library research",1,W7140300683
W7140391627,10.55041/ijsrem58266,2026,"Digital and Social Media in Social Marketing: Trends, Challenges, and Opportunities",EXCLUDE,"off-topic, social marketing campaign trust",1,W7140391627
W7140396777,10.24090/komunika.v20i1.13082,2026,Reconfiguring Da’wah in Digital Modernity: Engaging Generation Z in the Age of New Media,EXCLUDE,off-topic; qualitative da'wah strategy study,1,W7140396777
W7140613436,10.5281/zenodo.19229156,2026,"Citizen Journalism, Information Disorder, and Democratic Stability in Nigeria",EXCLUDE,review/commentary; conceptual paper on secondary data,2,W7140613436;W7140857210
W7141454958,10.22214/ijraset.2026.78728,2026,AI Based Fake Content Detection System,EXCLUDE,tool; AI fake content detection app,1,W7141454958
W7141825013,10.1016/j.jclinepi.2026.112259,2026,Enhancing trustworthiness checks of randomized controlled trials: a pathway to more reliable evidence,EXCLUDE,off-topic; RCT trustworthiness tools review,1,W7141825013
W7142401743,10.55041/ijsrem58279,2026,Combating Digital Deception: A Comprehensive Framework for Deepfake Detection and Mitigation in the Era of Generative AI,EXCLUDE,detection/classifier; deepfake detection framework review,1,W7142401743
W7142899589,10.52340/ejts.2025.13.02.06,2026,REPORTING DURING RUSSIAN UKRAINIAN WAR AT THE PAGES OF STUDENTS SITE “NIVROKU”,EXCLUDE,off-topic; journalism genre and curriculum history,1,W7142899589
W7143358793,10.1080/14672715.2026.2638576,2026,From the Cold War to the Digital Age: The Evolution of State Propaganda in Thailand,EXCLUDE,review/commentary; historical analysis of state propaganda,1,W7143358793
W7143416879,10.64388/irev9i9-1715507,2026,Development of an AI-Powered Global News Bias and Narrative Intelligence System for Real-Time News Analysis,EXCLUDE,tool; AI news bias analysis platform,1,W7143416879
W7143502241,10.24061/2411-6181.2.2025.460,2026,THE REPRESENTATION OF UKRAINE’S HISTORY IN INTERNATIONAL SCIENTIFIC DISCOURSE: A SCIENTOMETRIC APPROACH USING DIMENSIONS DATA,EXCLUDE,off-topic; scientometric analysis of history scholarship,1,W7143502241
W7143515221,10.59141/cerdika.v6i3.3388,2026,The Use of Social Media as A Medium For Disseminating Academic Information,MAYBE,survey may report perceived misinformation share among 450 respondents,1,W7143515221
W7143737954,10.1002/csc3.70016,2026,From Information to Incarnation: Reviewing Half a Century of AI/Data Activities to Realize New Materials From Data Using the Materials Innovation Crucible,EXCLUDE,off-topic; materials informatics data reliability,1,W7143737954
W7144000465,10.37547/tajabe/volume08issue03-08,2026,"Traceability of Honey Supply Chains in the Russian Federation: Data Architectures, Adoption Barriers, and an Industry Maturity Model",EXCLUDE,off-topic; honey supply chain traceability,1,W7144000465
W7144054542,10.1111/1467-9809.70067,2026,Snapshots from a Fast‐Moving Train: Religious History 1960–2025,EXCLUDE,not a study; journal anniversary retrospective,1,W7144054542
W7146945156,10.37284/eajass.9.1.4733,2026,"Personalisation, Algorithms, and News Consumption Behaviour: Examining How Curated Feeds on TikTok, Instagram and X Influence News Preferences Among Kenyan Gen Z",EXCLUDE,review/commentary; systematic literature review of algorithms,1,W7146945156
W7147005413,10.5281/zenodo.19369236,2026,Assessing Urban Women's Perception Of The Credibility Of Health Information Shared On Social Media Platforms,MAYBE,survey of perceived credibility may report misinformation encounter share,2,W7147005413;W7147552304
W7147047610,10.5281/zenodo.19369812,2026,Intelligent AI Finance Advisory System: A Secure and Ethical AI System for Live Financial Advisory Insights,EXCLUDE,tool; AI financial advisory system,2,W7147047610;W7147578315
W7147059804,10.5281/zenodo.18218572,2026,A Study On Fake News Detection Using Artificial Intelligence And Its Ethical Implications,EXCLUDE,detection/classifier; fake news detection with ML,2,W7147059804;W7147703024
W7147344981,10.22271/27084450.2026.v7.i2a.149,2026,The role of algorithmic news curation in shaping public discourse: A research on Facebook and X (Twitter) users in the United Kingdom,MAYBE,UK news-curation survey may report perceived misinformation exposure,1,W7147344981
W7147514908,10.1016/j.cgpj.2026.100101,2026,"The use of new media in Shanghai community health service centers: A cross-sectional survey comparing pilot and non-pilot centers for ""high-quality development"" program",EXCLUDE,off-topic; institutional new-media usage survey,1,W7147514908
W7147641887,10.70382/hijaerd.v11i6.043,2026,THE INFLUENCE OF SOCIAL MEDIA IN SUSTAINING NIGERIA’S DEMOCRACY: A STUDY OF THE 2023 GENERAL ELECTION IN NIGER STATE,MAYBE,election survey may report share encountering misinformation,1,W7147641887
W7148354180,10.1093/fshmag/vuag022,2026,Frozen in: Studying overwintering fish in an Arctic river,EXCLUDE,off-topic; Arctic fish fieldwork narrative,1,W7148354180
W7148363910,10.5281/zenodo.19388050,2026,New Media and the Rise of Citizen Journalism,MAYBE,citizen-journalism survey may report perceived misinformation share,2,W7148363910;W7148508808
W7148630190,10.55041/isjem06049,2026,"Skinie Buddy: An AI-Powered Skincare Detection, Guidance and Routine Companion System",EXCLUDE,tool; AI skincare recommendation system,1,W7148630190
W7148630646,10.4103/sja.sja_928_25,2026,Understanding impact factor and citescore,EXCLUDE,not a study; editorial on journal metrics,1,W7148630646
W7148633215,10.33545/26648652.2026.v8.i4a.408,2026,"Digital inclusion as a determinant of social cohesion: Evidence from education, civic participation, and communication systems",EXCLUDE,off-topic; digital inclusion and social cohesion,1,W7148633215
W7148635620,10.5281/zenodo.19398838,2026,AI-Driven Detection of Cyber Crime in Social Media Platforms,EXCLUDE,detection/classifier; AI cybercrime detection,2,W7148635620;W7148978421
W7148796774,10.5281/zenodo.19399383,2026,Customer Perception Towards Digital Marketing: Role of Personalization and Al,EXCLUDE,off-topic; customer perception of digital marketing,2,W7148796774;W7148823085
W7149416401,10.59075/15y4sr66,2026,"Mobile First, Facts Last? Digital Literacy, WhatsApp News, and Rural-Urban Information Gaps in Pakistan",MAYBE,secondary-survey synthesis may report WhatsApp misinformation exposure share,1,W7149416401
W7150224452,10.3390/math14071220,2026,Reliability-Aware Multilingual Sentiment Analytics for Agricultural Market Intelligence,EXCLUDE,off-topic; agricultural sentiment analysis model,1,W7150224452
W7150912916,10.1016/j.ijepes.2026.111822,2026,Physics–Data fusion–based traceable frequency trajectory prediction method for power systems,EXCLUDE,off-topic; power system frequency prediction,1,W7150912916
W7150974268,10.58346/jowua.2026.i1.041,2026,"Artificial Intelligence-Based Multi-Tiered Architecture for the Detection of Fake News, Spam Data and Unauthorized Users",EXCLUDE,detection/classifier; fake news and spam detection architecture,1,W7150974268
W7151221672,10.1136/bmjonc-2025-000942,2026,Communicating clinical trial information about cancer drug products to patients and healthcare professionals: review of patient-reported outcome messaging,EXCLUDE,"off-topic; presence of patient-reported-outcome messaging, no accuracy coding",1,W7151221672
W7151234737,10.59992/ijesa.2026.v5n4p2,2026,Employing electronic video journalism in news coverage: A field study on a sample of Saudi journalists,EXCLUDE,off-topic; survey of video journalism practice,1,W7151234737
W7151498673,10.46610/johtdcpcv.2026.v03i01.004,2026,Ethical Implications of Artificial Intelligence in Social Media Platforms,EXCLUDE,review/commentary; seminar on AI ethics,1,W7151498673
W7151747156,10.5281/zenodo.19468728,2026,From Screens to Ballots: The Influence of Social Media in Shaping Students' Views on the 2028 Elections,MAYBE,student election survey may report perceived misinformation exposure,2,W7151747156;W7151819201
W7151770157,10.22214/ijraset.2026.79338,2026,Present and Future of Artificial Intelligence and Social Media,EXCLUDE,review/commentary; general essay on AI and social media,1,W7151770157
W7151920156,10.1093/jsxmed/qdag063.042,2026,"(042) Barriers, Beliefs, and Access in Contraceptive Understanding and Use Among Filipino American Women of Reproductive Age (UNAWA [Understanding] Study)",EXCLUDE,off-topic; qualitative contraception barriers study,1,W7151920156
W7151983490,10.1093/jsxmed/qdag063.114,2026,(123) Menopause Goes Viral: The Quality and Credibility of TikTok’s Health Content,INCLUDE,content analysis of 155 TikTok menopause videos for misinformation,1,W7151983490
W7152042540,10.9734/jsrr/2026/v32i44123,2026,"Digital Agricultural Journalism in India: A Review of Evolution, Integration with Extension, and Strategies for Strengthening",EXCLUDE,review/commentary; review of agricultural journalism,1,W7152042540
W7152470592,10.38124/ijisrt/26mar1713,2026,Development of a Logistic Regression Model for Fake News Detection in Nigerian Social Media,EXCLUDE,detection/classifier; logistic regression fake news detection,1,W7152470592
W7152495051,10.70382/hijaerd.v11i6.050,2026,THE INFLUENCE OF SOCIAL MEDIA IN SUSTAINING NIGERIA’S DEMOCRACY,MAYBE,election survey may report share encountering misinformation,1,W7152495051
W7152736191,10.1108/el-09-2025-0366,2026,Understanding AI-generated content user intermittent discontinuance: a COR theory perspective,MAYBE,AIGC user survey may report perceived misinformation measure,1,W7152736191
W7152966283,10.5325/studamerhumor.12.1.0075,2026,"The Year’s Work in American Humor Studies, 2024",EXCLUDE,not a study; annual scholarship survey of humor studies,1,W7152966283
W7152999003,10.1080/07366981.2026.2657579,2026,"Algorithmic accountability in AI-driven digital media: Cybersecurity risks, transparency, and content integrity",EXCLUDE,review/commentary; thematic analysis of literature and policy,1,W7152999003
W7153103262,10.5281/zenodo.19500004,2026,Politics of Social Media and Cyber Security: A Library and Information Science Perspective,EXCLUDE,review/commentary; conceptual paper on libraries and cyber security,2,W7153103262;W7153225532
W7153140142,10.3389/fitd.2026.1725224,2026,Digital health interventions and mobile computing for malaria vaccine acceptance and monitoring in African populations,EXCLUDE,review/commentary; review of digital vaccine-uptake interventions,1,W7153140142
W7153175099,10.3389/fpubh.2026.1792961,2026,Women's academic leadership and the governance of digital public health systems: an opinion,EXCLUDE,review/commentary; opinion piece on academic leadership,1,W7153175099
W7153192152,10.55041/ijsmt.v2i4.166,2026,Early Detection of Fake News using AI-based Chrome Extension and Website,EXCLUDE,tool; fake news detection Chrome extension,1,W7153192152
W7153297539,10.3389/fdgth.2026.1813216,2026,Digital rehabilitation in a low-resource setting: lessons from building an integrated ecosystem in Burundi,EXCLUDE,off-topic; digital rehabilitation ecosystem in Burundi,1,W7153297539
W7153301974,10.1086/741384,2026,“Computers Never Make Mistakes”: Judy Malloy’s Bad Information,EXCLUDE,not a study; art-historical essay on a 1986 artwork,1,W7153301974
W7153478583,10.5281/zenodo.19510943,2026,Role of Media in Communication: Fostering & Shaping Cultural Narratives,EXCLUDE,review/commentary; essay on media and cultural narratives,2,W7153478583;W7153500753
W7153480409,10.22271/2790-0673.2026.v6.i4a.306,2026,Freedom of speech vs regulation of online speech,EXCLUDE,review/commentary; legal analysis of speech regulation,1,W7153480409
W7153776361,10.55041/ijcope.v2i4.304,2026,"Decentralized Social Media Platforms: Enhancing Privacy, Security and User Control Using Blockchain Technology",EXCLUDE,tool; blockchain decentralized social media platform,1,W7153776361
W7153832058,10.5281/zenodo.19544580,2026,"Theories of Modeling Markers of Mass Influence in Social Networks, Messaging Platforms, and Other Open Communication Channels within the Context of Digital Threats to National Security",EXCLUDE,review/commentary; theoretical modelling of influence markers,2,W7153832058;W7153942471
W7153856002,10.36989/didaktik.v12i02.12506,2026,PENDIDIKAN KARAKTER DAN TANTANGANNYA DI ERA DIGITAL: PERSPEKTIF PEMIKIRAN KI HADJAR DEWANTARA,EXCLUDE,off-topic; library research on character education,1,W7153856002
W7153977956,10.56975/ijnrd.v11i4.323054,2026,AUDIO DEEPFAKE DETECTION USING HYBRID CNN-BiLSTM WITH FEATURE FUSION OF MFCC AND MEL SPECTROGRAM,EXCLUDE,detection/classifier; audio deepfake detection model,1,W7153977956
W7154000640,10.29121/shodhkosh.v7.i4s.2026.7605,2026,VISUAL COMMUNICATION IN GOVERNMENT WELFARE CAMPAIGNS: OPPORTUNITIES AND CHALLENGES IN DIGITAL PUBLIC RELATIONS,EXCLUDE,off-topic; visual communication in welfare campaigns,1,W7154000640
W7154049644,10.1093/jeclap/lpag025,2026,Opt-out remedies will not fix AI overviews,EXCLUDE,review/commentary; competition-law analysis of AI Overviews,1,W7154049644
W7154128190,10.55041/ijsrem58916,2026,Rumor Prediction System,EXCLUDE,detection/classifier; multimodal rumor detection system,1,W7154128190
W7154207313,10.18130/k1jk-vq83,2026,"""When Virality Outpaces Validity: Navigating Wellness TikTok as a Medical Trainee """,EXCLUDE,review/commentary; medical trainee essay on wellness TikTok,1,W7154207313
W7154226873,10.5281/zenodo.19565747,2026,"CaseAtlas: A Global, Community-Driven Platform for Tracking Ongoing Cases: Design, Verification, and Community-Enriched Updates",EXCLUDE,tool; case-tracking platform design,2,W7154226873;W7154252798
W7154235732,10.3389/fcomm.2026.1776742,2026,"Safeguarding democracy in a small media market: Estonian public broadcasting between trust, regulation and market sustainability",EXCLUDE,off-topic; public broadcaster trust and market sustainability,1,W7154235732
W7154332978,10.65221/0078,2026,"Social media induced stress and mental health challenge among University of Benin students, Nigeria: The Internet paradox",EXCLUDE,off-topic; social media stress and mental health,1,W7154332978
W7154447688,10.5281/zenodo.19595836,2026,"Why Everything Feels Fake: AI, Politics, Performance, and the Crisis of Reality-Contact",EXCLUDE,review/commentary; philosophical essay on reality-contact,2,W7154447688;W7154536614
W7154450537,10.18523/3041-1718.2026.3.1.49-58,2026,Digital Diplomacy: The Impact of Artificial Intelligence and Big Data on the Transformation of Diplomatic Practice,EXCLUDE,off-topic; AI and big data in diplomacy,1,W7154450537
W7154492050,10.22158/ibes.v8n2p155,2026,Impact of Emotional Storytelling in Facebook Health Campaigns on Patient Trust,EXCLUDE,review/commentary; literature review on storytelling and trust,1,W7154492050
W7154493258,10.1016/j.ipm.2026.104789,2026,LLM-assisted fake news detection with adaptive boosting framework incorporating contrastive learning,EXCLUDE,detection/classifier; LLM fake news detection framework,1,W7154493258
W7154593314,10.5281/zenodo.19603098,2026,"ADAP (Automated Data Analytics Platform): A Data Intelligence Pipeline With Expert Verification For Enterprise-Grade AI-Driven Data Quality, Validation, And Adaptive Analytics",EXCLUDE,tool; enterprise data quality platform,2,W7154593314;W7154654727
W7154596112,10.21483/qwoaud.71..202603.107,2026,A Study on Matcha Latte Consumption Trends as Reflected in Korean News Media,EXCLUDE,off-topic; news coverage of matcha latte consumption trends,1,W7154596112
W7154600683,10.5281/zenodo.19605293,2026,A Study on the Impact of the Digital Age on the Development of Political Awareness in Modern-Day India,MAYBE,political awareness study may report misinformation exposure share,2,W7154600683;W7154607479
W7154697307,10.9790/0837-3101044951,2026,"Digital Democracy In India: Social Media, Public Opinion And Election Polling (2010 – 2025)",MAYBE,survey on Indian digital democracy may report misinformation exposure,1,W7154697307
W7154722240,10.5281/zenodo.19511870,2026,TRUETRACE: AI BASED FAKE CONTENT DETECTION SYSTEM,EXCLUDE,detection/classifier; multimodal fake content detection,2,W7154722240;W7154742563
W7154722458,10.5281/zenodo.19625708,2026,"Education on Countering Wrong and Hostile Viewpoints in Cyberspace for University Students: A Case Study at Nghe an University, Vietnam",MAYBE,student survey on identifying misinformation may report exposure share,3,W7154722458;W7154749597;W7155094612
W7154723096,10.22214/ijraset.2026.79904,2026,AI Fake News Detection System,EXCLUDE,detection/classifier; TF-IDF logistic regression fake news,1,W7154723096
W7154839356,10.22214/ijraset.2026.79918,2026,"InsightSwarm: A Multi-Agent Adversarial Framework for Automated Fact-Checking with Real-Time Source Verification, Human-in-the-Loop Oversight, and Adaptive Confidence Calibration",EXCLUDE,tool; multi-agent automated fact-checking system,1,W7154839356
W7154880352,,2026,Factors Associated with Trust in Social Media Information: An Analysis of Psychosocial and Demographic Correlates,MAYBE,Pew panel survey of social media news users may report exposure,1,W7154880352
W7154891055,10.5281/zenodo.19648063,2026,DESIGN AND DEVELOPMENT OF PROJECT WATCH: WEB-BASED ANALYTICS AND TRACKING FOR CATCH AND HARVEST MONITORING AMONG COASTAL FISHERFOLKS,EXCLUDE,off-topic; fisheries catch monitoring platform,2,W7154891055;W7154912905
W7154901414,10.22437/jiituj.v10i1.36730,2026,AI: FRIEND OR FOE? DIGITAL LITERACY TRANSFORMATION FOR ENGLISH LEARNING AUTONOMY IN INDONESIA,EXCLUDE,off-topic; ICT literacy and English learning autonomy,1,W7154901414
W7154908880,10.5281/zenodo.19648698,2026,FINDING FAKE PROFILES USING MACHINE LEARNING,EXCLUDE,detection/classifier; fake profile detection,2,W7154908880;W7154911779
W7154960715,10.5281/zenodo.19658789,2026,Exploring the Potential Challenges of AI-Driven Platforms for Information Technology Students in the Philippines,EXCLUDE,off-topic; AI use concerns among IT students,2,W7154960715;W7154968662
W7154970701,10.17646/kome.of.36,2026,Perception of Information and Disinformation on Social Media,INCLUDE,"survey of 1,800 Spanish youth on perceived disinformation on social media",1,W7154970701
W7154995479,10.21831/diksi.v34i1.95120,2026,Scrutinizing deceits in fake news using forensic linguistic within French alternative news media,MAYBE,includes survey of francophone media consumers alongside linguistic detection,1,W7154995479
W7154995957,10.18196/jas.v7i1.783,2026,Tren Riset Echo chambers dalam Kampanye Politik di Media Sosial: Analisis Bibliometrik Publikasi Scopus (2014-2024),EXCLUDE,review/commentary; bibliometric mapping of echo chamber research,1,W7154995957
W7155000158,10.3126/jost.v5i1.93035,2026,Nepali News Headline Generation using mBART Model,EXCLUDE,off-topic; Nepali headline generation model,1,W7155000158
W7155035849,10.1177/14614448261435124,2026,"Growing up with misinformation: A mixed-methods study of the perceptions, experiences, and responses among the 5- to 12-year-olds",INCLUDE,survey of 401 Danish children on perceived misinformation encounters,1,W7155035849
W7155036795,10.55041/ijsrem60712,2026,SOCIAL MEDIA POST & NEWS SUMMERIZER & AUTHENTICITY VERIFICATION,EXCLUDE,tool; summarizer with authenticity verification,1,W7155036795
W7155038223,10.5281/zenodo.19684033,2026,PROQUEST (CLARIVATE) INDEXING of L'EUROPE UNIE / United Europe (Paris): Signed Agreement with Clarivate and 69 LINKS,EXCLUDE,not a study; indexing agreement record,2,W7155038223;W7155104925
W7155054213,10.55041/isjem06464,2026,"AI System for Peace, Justice through Human Rights",EXCLUDE,tool; AI system for social complaint resolution,1,W7155054213
W7155072767,10.14419/ijet.v7i3.29.19319,2026,Study on the characteristics of security and cognitive composition through internet information,MAYBE,may report perceived unreliability of web information sources,1,W7155072767
W7155092856,10.1016/j.techsoc.2026.103376,2026,Social values dilemmas of the digital society: Considering the implications of pervasive digitalization,EXCLUDE,review/commentary; essay on digitalization and social values,1,W7155092856
W7155173865,10.55041/ijsrem60932,2026,An Intelligent Fake News Detection Framework Using Machine Learning and Natural Language Processing,EXCLUDE,detection/classifier; ML fake news detection framework,1,W7155173865
W7155200425,10.55041/ijsrem60964,2026,RAG-BASED LEGAL/GOVERNMENT SCHEME ASSISTANT,EXCLUDE,tool; RAG government scheme chatbot,1,W7155200425
W7155207254,10.22214/ijraset.2026.80210,2026,AI-Powered Travel Planner for Dynamic Itinerary Generation and Optimization,EXCLUDE,off-topic; AI travel itinerary planner,1,W7155207254
W7155222705,10.22214/ijraset.2026.80330,2026,A Real-Time Multilingual Fake News Detection,EXCLUDE,detection/classifier; multilingual fake news detection,1,W7155222705
W7155355229,10.5204/mcj.3283,2026,Twenty Years Later,EXCLUDE,not a study; journal issue editorial on Twitter's anniversary,1,W7155355229
W7155362895,10.5204/mcj.3257,2026,From the Wild West to the Walled Garden,EXCLUDE,review/commentary; essay on platform data access for research,1,W7155362895
W7155366834,10.5204/mcj.3246,2026,What the Rise and Fall of Twitter Revealed about Collective Behaviour in Natural Hazards Disaster Response,EXCLUDE,review/commentary: reflective essay,1,W7155366834
W7155375656,10.5204/mcj.3249,2026,Unbecoming,EXCLUDE,review/commentary: personal essay,1,W7155375656
W7155379466,10.5204/mcj.3247,2026,The Death of Twitter and the Decline of Public Debate Online,EXCLUDE,review/commentary: essay,1,W7155379466
W7155386945,10.5281/zenodo.18935497,2026,Role of Media and Social Media in the Electoral Process,MAYBE,election survey; may report misinformation exposure share,2,W7155386945;W7155408231
W7155391352,10.5204/mcj.3252,2026,How Political Journalists Found—and Lost—a Home on Twitter,EXCLUDE,review/commentary: essay,1,W7155391352
W7155400245,10.5281/zenodo.18954036,2026,"E-Governance, Digital Libraries, and Transparency in the Electoral Process",EXCLUDE,review/commentary: conceptual paper,2,W7155400245;W7155404364
W7155400289,10.5204/mcj.3253,2026,Can 20 Years of Twitter Be Preserved?,EXCLUDE,review/commentary: essay on archiving,1,W7155400289
W7155400300,10.64229/d36s6961,2026,"Artificial Intelligence for Public Health Surveillance: Promises, Pitfalls, and an Ethics-Equity Roadmap for Deployment",EXCLUDE,review/commentary: narrative review,1,W7155400300
W7155507383,10.5281/zenodo.19736420,2026,Civic And Discussion Forum,EXCLUDE,not a study: system concept description,2,W7155507383;W7155531928
W7155530871,10.1177/22799036261444088,2026,"Public views, patterns, and impacts of social networking site use for medicine-related information in Saudi Arabia: A cross-sectional study",MAYBE,health-info survey; may report perceived misinformation encounter,1,W7155530871
W7155531002,10.3389/fpsyg.2026.1817687,2026,"Personality, identity, and Artificial Intelligence: a grand challenge",EXCLUDE,review/commentary: editorial,1,W7155531002
W7155626806,10.7759/cureus.107689,2026,Internet and Media Use in the Context of Infertility and Assisted Reproductive Technology: Empowerment or Overload?,MAYBE,survey of online health info use; misinformation share unclear,1,W7155626806
W7155683101,10.47574/jpss.v2i1.31,2026,Dampak Hoax Terhadap Ketahanan Nasional,EXCLUDE,review/commentary: qualitative secondary-source synthesis,1,W7155683101
W7155697812,10.61105/issr.v4i1.408,2026,Mapping Social Responsibility Theory in Media and Journalism: A Bibliometric Analysis (2001–2025),EXCLUDE,review/commentary: bibliometric mapping,1,W7155697812
W7155816099,10.1007/s10586-026-06023-x,2026,An efficient attack detection with mitigation and routing framework in IoT by deep learning and enhanced dung beetle optimizer,EXCLUDE,off-topic: IoT intrusion detection,1,W7155816099
W7155828142,10.5281/zenodo.19808991,2026,EPISTEMOLOGY IN THE DIGITAL AGE: THE IMPACT OF INFORMATION TECHNOLOGY ON KNOWLEDGE,EXCLUDE,review/commentary: philosophical analysis,2,W7155828142;W7156184197
W7155988384,10.5281/zenodo.19816878,2026,A Research Paper On Deepfake Face Detection Using Machine Learning,EXCLUDE,detection/classifier: deepfake detection model,2,W7155988384;W7156354740
W7156003798,10.61194/ijss.v7i2.2135,2026,The Role of Generation Z on Social Media in Facilitating Political Activism in the Digital Era,EXCLUDE,no audience denominator: qualitative case study,1,W7156003798
W7156135695,10.24911/ijmdc.51-1769931645,2026,The role of social media on health decision-making among families in Saudi Arabia,MAYBE,health survey; may report perceived misinformation exposure,1,W7156135695
W7156179709,10.5281/zenodo.19812212,2026,"Design of a Robust LLM-Powered System for Sports Content Syndication: A Multi-Agent, Context-Aware Approach for Automated Publishing Pipeline",EXCLUDE,tool: LLM publishing framework,2,W7156179709;W7156379486
W7156841227,10.30631/qb.v1i1.5954.29-47,2026,TRANSFORMASI DAKWAH ISLAM DI ERA DIGITAL: PELUANG DAN TANTANGAN DALAM MASYARAKAT VIRTUAL,EXCLUDE,review/commentary: qualitative literature study,1,W7156841227
W7159573657,10.21608/jes.2026.455143.2172,2026,THE RELATIONSHIP BETWEEN ENVIRONMENTAL RUMORS ON SOCIAL MEDIA AND ENVIRONMENTAL LITERACY AMONG YOUTH,INCLUDE,"survey of youth exposure to environmental rumours, n=310",1,W7159573657
W7159575849,10.66851/dnjel.v1i1.85,2026,Analysis of the Level of Social Media Environmental Literacy among Unimed Students Who Use Instagram and TikTok,EXCLUDE,"belief/attitude only: literacy scale, no exposure measure",1,W7159575849
W7159584565,10.5281/zenodo.19938625,2026,Digital Activism and Citizen Journalism in Nigeria: An Analysis of Patterns and Socio-Political Implications in the Obidient Movement,EXCLUDE,no audience denominator: qualitative discourse analysis,2,W7159584565;W7159608782
W7159591491,10.5281/zenodo.19949746,2026,IMPACT OF SOCIAL MEDIA ON STOCK MARKET VOLATILITY (WITH REFERENCE TO NAVI MUMBAI REGION),EXCLUDE,off-topic: market volatility and sentiment,2,W7159591491;W7159627931
W7159597519,10.5281/zenodo.19944719,2026,Public Relations Representation of Political Pluralism via Facebook and its Implication on Democratic Development in Nigeria,MAYBE,Facebook user survey; misinformation share unclear,2,W7159597519;W7159652016
W7159638950,10.5281/zenodo.19941260,2026,Leveraging Artificial Intelligence to Enhance Humanitarian Communication,EXCLUDE,review/commentary: qualitative desk review,2,W7159638950;W7159640751
W7159664566,10.24144/2788-6018.2026.02.3.54,2026,The problem of the legitimacy of power in the context of digitalization and information warfare,EXCLUDE,review/commentary: theoretical article,1,W7159664566
W7159671177,10.24144/2788-6018.2026.02.2.75,2026,Strategic communication by law enforcement agencies as a tool for restoring law and order in the de-occupied territories of Ukraine,EXCLUDE,review/commentary: communication-strategy proposal,1,W7159671177
W7159775922,10.58884/akademik-hassasiyetler.1679639,2026,ETHICAL AND SAFETY ISSUES IN DIGITAL MEDIA LITERACY: MEDIA AWARENESS,EXCLUDE,"belief/attitude only: algorithm-awareness scale, no exposure measure",1,W7159775922
W7159785710,10.5281/zenodo.19968028,2026,Impact of Digital Advertising on Consumer Behavior,EXCLUDE,"off-topic: advertising effects, secondary data",2,W7159785710;W7159861593
W7159817698,10.55737/psi.2026a-51177,2026,"Political Awareness, Media Influence, and Voting Behavior: Evidence from University Students in Punjab, Pakistan",MAYBE,survey with misinformation-exposure construct; share unclear,1,W7159817698
W7159841777,10.36348/sjet.2026.v11i04.021,2026,"AI-Powered Scams and Deepfakes in Tertiary Institutions in Enugu State, Nigeria: The Roles of Cybersecurity Awareness, Digital Literacy, and Media Literacy in Students’ Fraud Detection Preparedness",EXCLUDE,belief/attitude only: literacy and preparedness scales,1,W7159841777
W7159854151,10.24144/2524-0609.2026.58.148-152,2026,METHODOLOGY FOR DEVELOPING AI LITERACY IN STUDENTS USING NO-CODE TOOLS (BASED ON THE EXAMPLE OF GOOGLE TEACHABLE MACHINE),EXCLUDE,off-topic: AI-literacy teaching methodology,1,W7159854151
W7159931706,10.5281/zenodo.19995811,2026,Medicine Expiry Tracker: A Web-Based Intelligent System for Automated Pharmaceutical Inventory Monitoring and Alert Management,EXCLUDE,off-topic: inventory management system,2,W7159931706;W7159986340
W7160012391,10.55606/juisik.v6i1.2240,2026,Implementasi Sistem Chatbot Kesehatan Berbasis Retrieval-Augmented Generation (RAG) dengan Dataset Medis Bahasa Indonesia,EXCLUDE,tool: RAG health chatbot,1,W7160012391
W7160016907,10.59992/ijesa.2026.v5n4p7,2026,The Evolution of Digital Public Relations Ethics under Arab Media Legislation,EXCLUDE,review/commentary: legislative analysis,1,W7160016907
W7160017266,10.1049/sfw2/4364820,2026,Domain‐Driven Data and AI Platforms: Governing Analytics and Machine Learning Pipelines at Scale,EXCLUDE,off-topic: data platform architecture,1,W7160017266
W7160025782,10.30983/educative.v10i2.10365,2026,Nurra Chatbot For Islamic Education Among Generation Z,EXCLUDE,tool: chatbot development and validation,1,W7160025782
W7160061184,10.31435/ijitss.2(50).2026.5246,2026,DIGITAL INTERVENTIONS IN PSYCHODERMATOLOGY: NAVIGATING MENTAL HEALTH RISKS AND SOCIAL ISOLATION IN ACNE VULGARIS,EXCLUDE,review/commentary: narrative review,1,W7160061184
W7160110970,10.56975/ijvra.v4i4.705031,2026,Digital Ethics and Value Education: A Study of Moral Behavior among Adolescents in Social Media Spaces,EXCLUDE,belief/attitude only: ethics and moral-behaviour scales,1,W7160110970
W7160123665,10.59324/ejahss.2026.3(3).05,2026,Digital Safety and the Responsible Use of Artificial Intelligence by Students in Learning: Implications for Hanoi Open University,EXCLUDE,review/commentary: document analysis,1,W7160123665
W7160129253,10.1016/j.autcon.2026.106994,2026,Cross-platform framework for semantic BIM-to-XR data exchange in immersive construction informatics,EXCLUDE,off-topic: BIM/XR data exchange,1,W7160129253
W7160137000,10.31629/jgbr.v3i1.8089,2026,Smart Election Governance and Public Participation in Indonesia’s Electoral Process,EXCLUDE,review/commentary: literature-based conceptual study,1,W7160137000
W7160142166,10.31083/ko48375,2026,Social-Knowledge Big Graph Integrating Ontology and Social Network on the Perspective of “Knowledge Association”: A Case Study of Knowledge Organization in Financial Market,EXCLUDE,tool: knowledge-graph framework,1,W7160142166
W7160158666,10.1007/s13347-026-01103-7,2026,From Archivist to Fortress Commander: Preservation at the End of Institutional Innocence,EXCLUDE,review/commentary: conceptual paper,1,W7160158666
W7160165730,10.56334/sei/9.6.15,2026,The Role of YouTube and TikTok Platforms in Shaping Political Awareness Among Algerian Youth: A Survey-Based Analytical Study,EXCLUDE,"off-topic: political awareness only, no misinformation measure",1,W7160165730
W7160169780,10.63954/wajss.5.1.33.2026,2026,"Weaponization of Social Media Algorithms: Computational Propaganda, Manufactured Consent, and the Subversion of Democratic Communication",EXCLUDE,review/commentary: conceptual paper,1,W7160169780
W7160212464,10.59256/ijrtmr.20260602063,2026,Deep Learning-Based Approach for Fake News Detection Using LSTM and Bi-LSTM Models,EXCLUDE,detection/classifier: fake-news classifier,1,W7160212464
W7160250573,10.47054/rdc268887v,2026,DIGITAL TRANSFORMATION OF UKRAINIAN CHURCHES: CASE STUDIES OF THE UKRAINIAN GREEK CATHOLIC CHURCH AND THE ORTHODOX CHURCH OF UKRAINE,EXCLUDE,no audience denominator: qualitative case study,1,W7160250573
W7160251065,10.62823/ijarcmss/9.1(ii).8780,2026,Cyber Security and Election Security Challenges,EXCLUDE,review/commentary: threat overview,1,W7160251065
W7160259609,10.1108/omj-03-2025-2500,2026,Cultural echoes in digital spaces: a comparative study of diasporic engagement on social media,EXCLUDE,no audience denominator: qualitative thematic analysis,1,W7160259609
W7160287089,10.47467/alkharaj.v8i5.11711,2026,Peran Penggunaan Platform Digital Pemerintah Kabupaten Rembang dalam Membangun Kepercayaan Publik,EXCLUDE,off-topic: qualitative SWOT of e-government platforms,1,W7160287089
W7160316322,10.32628/ijsrst26133107,2026,Factify-AI:Detecting Deception in Digital News Using RoBERTa and NLP Techniques,EXCLUDE,detection/classifier: fake-news classifier,3,W7160316322;W7170194793;W7170224118
W7160323579,10.1017/pub.2026.10176,2026,Stemming the Flood of Information Pollution: Human Curation as an Antidote to A.I. Deepfakes,EXCLUDE,review/commentary: argumentative essay,1,W7160323579
W7160327538,10.1097/gox.0000000000007677,2026,Five Tips for Learning Plastic Surgery in the Artificial Intelligence Era,EXCLUDE,review/commentary: practice tips,1,W7160327538
W7160403868,10.33425/3066-1226.1240,2026,Truth Seeker for Social Media Real or Fake Content,EXCLUDE,detection/classifier: fake-content classification system,1,W7160403868
W7160409283,10.5281/zenodo.19859853,2026,OPERAS-NL and the Dutch Research Landscape,EXCLUDE,off-topic: research-infrastructure poster,2,W7160409283;W7160432154
W7160416050,10.57250/ajst.v4i1.2534,2026,Toxic Solidarity: Transformasi Agresi Kolektif menjadi Dukungan Publik di Twitter/X,EXCLUDE,no audience denominator: qualitative case study,1,W7160416050
W7160426068,10.1109/access.2026.3690714,2026,Orchestration of Sentiment-Aware AI Agent for War-Related Discourse in Parallel to Emotion Analysis and Dual Topic Modeling,EXCLUDE,detection/classifier: sentiment classification agent,1,W7160426068
W7160440103,10.36346/sarjhss.2026.v08i03.002,2026,Digital Technologies in Crisis Administration: Opportunities and Challenges,EXCLUDE,review/commentary: theoretical paper,1,W7160440103
W7160450658,10.62823/ijira/06.1(ii).8783,2026,Impact of Social Media on Electoral Behaviour in Local Elections,MAYBE,method unstated; may report voter misinformation exposure,1,W7160450658
W7160489911,10.17485/ijst/v19i16.1594,2026,Enhancing Sentiment Classification with Stacked Ensembles and Differential Evolution: An Empirical Study on Ukraine Conflict Tweets,EXCLUDE,detection/classifier: sentiment classification ensemble,1,W7160489911
W7160526496,10.1097/pcc.0000000000003953,2026,What We Have Got Here Is Failure to Communicate,EXCLUDE,review/commentary: editorial,1,W7160526496
W7160534141,10.59214/ua.fa/2.2026.19,2026,Poland’s political and security strategy amid growing external threats,EXCLUDE,off-topic: defence policy analysis,1,W7160534141
W7160539711,10.15294/lrrq.v12i2.44714,2026,POLICY ON THE FORMULATION OF ARTIFICIAL INTELLIGENCE ACCOUNTABILITY FOR THE CREATION AND DISSEMINATION OF DEEPFAKE VIDEOS FROM A CRIMINAL LAW PERSPECTIVE IN INDONESIA,EXCLUDE,review/commentary: normative legal research,1,W7160539711
W7160546973,10.63878/qrjs1025,2026,"ANGER, FEAR, AND NATIONALISM: EMOTIONAL DRIVERS OF POLITICAL ENGAGEMENT ON SOCIAL MEDIA IN PAKISTAN",EXCLUDE,"off-topic: emotion and engagement, no misinformation measure",1,W7160546973
W7160575537,,2026,МЕТОДИКА ФОРМУВАННЯ ШІ-ГРАМОТНОСТІ УЧНІВ ЗАСОБАМИ NO-CODE ІНСТРУМЕНТІВ (НА ПРИКЛАДІ GOOGLE TEACHABLE MACHINE),EXCLUDE,off-topic: AI-literacy teaching methodology,1,W7160575537
W7160612089,10.47006/ijierm.v8i1.615,2026,Digital-Era Leadership In Indonesia: Challenges And Strategies For Navigating Global Information Warfare,EXCLUDE,review/commentary: normative literature study,1,W7160612089
W7160626991,10.5281/zenodo.20083073,2026,"Study: Globally scalable information medicine through the free aimeim app and hybrid validation via the aimeim clinic in Uruguay: diffusion model, closed-loop personalisation and microscopic biological evidence paths",EXCLUDE,not a study: app diffusion blueprint,3,W7160626991;W7160666255;W7164372748
W7160643245,10.1088/2515-7620/ae6b10,2026,U.S. television news coverage of climate change policy is aggregately balanced but polarized,MAYBE,TV news content analysis of balance; accuracy coding unclear,1,W7160643245
W7160648817,10.36948/ijfmr.2026.v08i03.76619,2026,Probability Calibration Using Platt Scaling in SVM Based Fake News Detectors,EXCLUDE,detection/classifier: fake-news classifier calibration,1,W7160648817
W7160683377,,2026,PROMOTING INFLUENZA VACCINATION AMONG COLLEGE STUDENTS,EXCLUDE,intervention/experiment only: health promotion campaign,1,W7160683377
W7160705986,10.5281/zenodo.20094403,2026,"Media Dependency, User Satisfaction and Digital Information Challenges in Social Media Use Among College Students in Cainta, Rizal",MAYBE,"survey measuring self-reported misinformation challenges, n=355",2,W7160705986;W7160720691
W7160708954,10.66206/eduheart.2026.312,2026,"CHALLENGES ENCOUNTERED BY SOCIAL STUDIES TEACHERS IN TEACHING ARALING PANLIPUNAN JAGNA DISTRICT, DIVISION OF BOHOL",EXCLUDE,off-topic: qualitative study of teaching challenges,1,W7160708954
W7160715031,10.2196/93461,2026,Skin Health Information Seeking on Short Video Platforms in Indonesia: Mixed Methods Approach,EXCLUDE,no audience denominator: information-seeking predictors only,1,W7160715031
W7160755324,10.62370/hbds.v27i2.283345,2026,"Social Media’s AI Ethics, Digital Literacy, and AI Trust: Could These Lead to Positive Health Behavior?",EXCLUDE,"belief/attitude only: literacy, ethics and trust scales",1,W7160755324
W7160852290,10.7146/torture.v36i1.156671,2026,Aynaghar (‘House of Mirrors’): Alleged secret detention sites in Bangladesh,EXCLUDE,off-topic: human rights documentation,1,W7160852290
W7160868109,10.2196/64903,2026,Assessment of a Digital Health Platform Using Web Analytics and User Experience Measurements: Quantitative Study Based on RE-AIM,EXCLUDE,off-topic: platform usage evaluation,1,W7160868109
W7160889230,10.58742/bmj.v4i1.224,2026,Social Media Use in Neurology: An Analysis of Alzheimer's Information on TikTok with Emphasis on Role of Healthcare Professionals,EXCLUDE,"quality-score-only: DISCERN ratings, no accuracy coding",1,W7160889230
W7160901942,10.55041/isjem07395,2026,Real-Time Detection of Fake Social Media Accounts Using CNN-BERT And XGBOOST Ensemble,EXCLUDE,detection/classifier: fake-account detection,1,W7160901942
W7160922822,10.64388/irev9i11-1717796,2026,Legal Protection against Non-Consensual Deepfake Content in India,EXCLUDE,review/commentary: legal analysis,1,W7160922822
W7160923432,10.22214/ijraset.2026.81875,2026,Real Time Emergency Alert and Rescue Co-ordination System,EXCLUDE,tool: emergency alert system,1,W7160923432
W7160986835,10.56536/jmes.v6i1.97,2026,Social Media in Spreading Mis information and Political Mobilization: A Bibliometrics Analysis 2017-2024,EXCLUDE,review/commentary: bibliometric analysis of literature,1,W7160986835
W7160991871,10.3389/fpubh.2026.1812602,2026,"Public health and cancer in Latin America: the region does not lack evidence; it lacks effective state capacity, enforceable laws, sustained prevention, and early diagnosis",EXCLUDE,review/commentary: opinion piece,1,W7160991871
W7160996710,10.53724/inspiration/v11n2.03,2026,The Role of Artificial Intelligence in Contemporary Media: Technological Advancements and Ethical Concern,EXCLUDE,review/commentary: narrative overview,1,W7160996710
W7160996778,10.23917/mier.v4i1.16484,2026,"Islamic Education and Digital Public Spheres: Democracy, Social Media, and Religious Learning",EXCLUDE,no audience denominator: qualitative interpretive study,1,W7160996778
W7161109777,10.22108/srspi.2025.145913.2135,2026,Fortune-Telling as a Cultural Mechanism: Thematic Analysis of Fortunes Based on the Interactions between Fortune-Teller and Clients,EXCLUDE,off-topic: fortune-telling discourse,1,W7161109777
W7161145017,10.22108/amf.2025.143308.1934,2026,Designing an Optimal Decision-Making Model for Investors: Integrating Artificial Intelligence and Financial Reporting Transparency,EXCLUDE,off-topic: investor decision model,1,W7161145017
W7161241940,10.24926/iip.v17i1.7045,2026,Innovating opioid research with social media data: A social network analysis of Twitter conversations,EXCLUDE,"off-topic: network structure only, no misinformation coding",1,W7161241940
W7161259651,10.3390/su18104859,2026,AI-Driven Social Media Analytics for Assessing Climate Change Perceptions and Supporting Adaptation and Sustainability Policies,MAYBE,"topic modelling of 29,576 posts; skepticism/misinformation share unclear",1,W7161259651
W7161265087,10.5281/zenodo.20210928,2026,"Φsys: A Mathematical Framework for AI Behavioral Coherence Measurement — Reference Implementation, Empirical Record, and IEEE P-2847 Standards Proposal | Dragolich Research Labs LLC | May 2026",EXCLUDE,not a study: standards proposal record,2,W7161265087;W7161282998
W7161268797,10.56726/irjmets98093,2026,Deep learning Based Image Tampering Detection,EXCLUDE,detection/classifier: image forgery detection,1,W7161268797
W7161269388,10.5281/zenodo.20201805,2026,AI-Based Fake News Detection Using Machine Learning And Explainable AI,EXCLUDE,detection/classifier: fake-news classifier,2,W7161269388;W7161277521
W7161294590,10.63601/resmpu.2025.v3.n2.e-32003,2026,Influência digital nas eleições:,EXCLUDE,review/commentary: legal-doctrinal analysis,1,W7161294590
W7161297080,10.5281/zenodo.20199710,2026,"A Multi-Branch Deepfake Detection Framework Using Spatial, Noise, And Frequency Domain Features With Attention Fusion",EXCLUDE,detection/classifier: deepfake detection framework,2,W7161297080;W7161308868
W7161299432,10.18848/2327-0004/cgp/a117,2026,Negotiating Democracy and Diversity: The Evolving Dynamics of Identity Politics in Indonesia,EXCLUDE,review/commentary: qualitative interpretive synthesis,1,W7161299432
W7161358701,,2026,"Trust in the Digital Age: Podcasts, Alternative Media, and the Reconfiguration of Institutional Legitimacy",MAYBE,"trust/alternative media essay, methods unclear",1,W7161358701
W7161384177,10.58691/man/220195,2026,"AI, organizational governance, and sustainable development: social welfare risks, challenges, and policy implications",EXCLUDE,review/commentary: scoping review of AI governance,1,W7161384177
W7161387307,10.19678/j.issn.1000-3428.0253167,2026,Decentralized News-Retrieval and Aggregation Architecture Using Blockchain Technology,EXCLUDE,tool: blockchain news retrieval architecture,1,W7161387307
W7161416313,10.21863/jcar/2026.15.2.008,2026,Impact of Social Media Influencers on Retail Investors Stock Market Decisions: A Behavioural Finance Perspective,EXCLUDE,off-topic: influencer effects on investing decisions,1,W7161416313
W7161428748,10.55041/isjem07479,2026,"The Dual Impact of Social Media on Modern Lifestyles and Societal Dynamics: Opportunities, Challenges, and Ethical Implications",MAYBE,survey of 500 may report fake-news exposure share,1,W7161428748
W7161481875,10.31662/jmaj.2026-0074,2026,"Beyond ""What Should I Eat to Get Better?"": Medical Literacy, Dietary Narratives, and Supportive Nutrition in Hematologic Diseases",EXCLUDE,review/commentary: nutrition literacy perspective,1,W7161481875
W7161495149,10.22214/ijraset.2026.82528,2026,AI Powered Truth Detection,EXCLUDE,tool: AI fact-verification system,1,W7161495149
W7161548659,10.7454/mst.v30i1.1733,2026,A Deep Learning-Based Approach for Bot Detection in Trending Hashtags on X,EXCLUDE,detection/classifier: bot detection on X,1,W7161548659
W7161576142,10.36349/fujpam.2026.v5i01.026,2026,"DIGITAL GOVERNANCE AND POLICYMAKING: EVIDENCE FROM SOCIAL MEDIA ENGAGEMENT IN KWARA STATE, NIGERIA",EXCLUDE,off-topic: social media use and policymaking,1,W7161576142
W7161625299,10.56975/jaafr.v4i5.510284,2026,Rise of Women Leaders Through Instagram and Social Media,EXCLUDE,off-topic: women leaders visibility on Instagram,1,W7161625299
W7161628091,10.1002/cphc.202500702,2026,D2VP: A Visual First Platform for Diagnosing Data Distribution Mismatch Toward Reliable Machine Learning in Materials Science,EXCLUDE,off-topic: ML data-distribution tool in materials science,1,W7161628091
W7161629667,10.1038/s41598-026-51284-6,2026,Attention-augmented hybrid framework with evolutionary optimization for robust deepfake detection,EXCLUDE,detection/classifier: deepfake detection,1,W7161629667
W7161629855,10.3389/fdgth.2026.1708806,2026,Generative AI as a de facto mental health provider: a policy brief and urgent call for regulation,EXCLUDE,review/commentary: policy brief on generative AI,1,W7161629855
W7161630438,10.1002/hkj2.70102,2026,What is artificial intelligence doing to emergency medicine? From hype to real‐world impact,EXCLUDE,review/commentary: editorial on AI in emergency medicine,1,W7161630438
W7161636120,10.66496/lcjhss.v2i1.30,2026,"Media Coverage During War: Politics, Propaganda and Public Opinion",EXCLUDE,review/commentary: historical essay on war propaganda,1,W7161636120
W7161639233,10.46647/rdems0205066,2026,Identification Of Spam Bots And Fake Followers On Social Network Via Interpretable Ai Based Ml,EXCLUDE,detection/classifier: spam bot and fake follower detection,1,W7161639233
W7161685327,10.70682/s3r.2026.05,2026,Youth Political Awareness in the Age of Instagram-Based Citizen Journalism,MAYBE,survey may report misinformation exposure share,1,W7161685327
W7161688579,10.17613/r6vhz-kj318,2026,"Complete and Authenticated Biographical Notice for Bibliographic Records, University Catalogues and Library Archives — Stefano Dorian Franco (b. Paris, 1973) / Orcid: 0009-0007-4714-1627 — Updated May 2026",EXCLUDE,not a study: biographical notice,2,W7161688579;W7161709534
W7161715725,10.51867/ajernet.7.2.64,2026,"Assessing the effectiveness of social media in crisis communication: A case study of Mopani Copper Mine, Zambia",EXCLUDE,off-topic: organisational crisis communication,1,W7161715725
W7161760412,10.3389/fhumd.2026.1841912,2026,Generative artificial intelligence as a confidant for youth: navigating mental support and cultural stigma in Bandung,EXCLUDE,off-topic: generative AI as youth confidant,1,W7161760412
W7161772796,10.56975/tijer.v13i5.162708,2026,Challenges of Maintaining Academic Integrity in the AI Era,EXCLUDE,review/commentary: academic integrity in AI era,1,W7161772796
W7161808224,10.47065/bulletincsr.v6i2.927,2026,Model Deteksi Berita Hoaks Bahasa Indonesia Menggunakan Multinomial Naïve Bayes dan AdaBoost Classifier,EXCLUDE,detection/classifier: Indonesian hoax detection model,1,W7161808224
W7161812865,10.1093/ejcts/ezag175,2026,"New Editor-in-Chief for the EJCTS: Reflecting on the Past, Turning the Page, and Looking Ahead",EXCLUDE,not a study: journal editorial,1,W7161812865
W7161853067,10.1093/heapol/czag052,2026,The Health Systems Research section: scope and future,EXCLUDE,not a study: journal section editorial,1,W7161853067
W7161942305,10.47772/ijriss.2026.100400617,2026,The Evolving Landscape: A Comprehensive Analysis of Social Media's Influence on Young Generations and Its Role in Societal Change,EXCLUDE,review/commentary: narrative review of social media effects,1,W7161942305
W7161962711,10.64388/irev9i11-1717826,2026,When Social Media Becomes a Problem: An Analysis of Communication Failures in Contemporary Nigerian Political Campaigns,INCLUDE,survey: 72.7% of respondents reported misinformation exposure,1,W7161962711
W7161980731,10.3384/cu.5537,2026,The Use of Artificial Intelligence in Visualizing Historical and Cultural Objects on Social Media:,EXCLUDE,off-topic: sentiment analysis of AI-image comments,1,W7161980731
W7162045936,,2026,APPLICATION OF AI TOOLS IN BUSINESS PLANNING FOR NEW PRODUCT DEVELOPMENT AT AN INDUSTRIAL ENTERPRISE,EXCLUDE,off-topic: AI tools in business planning,1,W7162045936
W7162114768,10.11591/ijict.v15i2.pp477-487,2026,Stacking of machine learning classifiers for bot detection using account level data,EXCLUDE,detection/classifier: stacked bot detection,1,W7162114768
W7162184709,10.1093/ntr/ntag120,2026,"Examining marketing, imagery, and health-related messaging on nicotine pouch products on YouTube Shorts: an exploratory content analysis",MAYBE,"content analysis of health claims in videos, accuracy coding unclear",1,W7162184709
W7162189788,10.2174/0118749445422178251226113056,2026,The Adolescent Learner’s Perspectives Regarding the Influence of TikTok on the Prevention of Pregnancy in Vhembe District,EXCLUDE,no audience denominator: qualitative thematic study,1,W7162189788
W7162207040,10.5281/zenodo.20353647,2026,"ARTIFICIAL INTELLIGENCE-BASED APPROACHES IN CYBERSECURITY EDUCATION: METHODS, TOOLS, AND EFFECTIVENESS",EXCLUDE,off-topic: AI in cybersecurity education,2,W7162207040;W7162212475
W7162288602,10.51317/ecjmcs.v7i1.708,2026,Media and Ethnicity: An Assessment of Media Constructions on Politics and Ethnicity in Kenya,EXCLUDE,off-topic: media constructions of ethnicity and politics,1,W7162288602
W7162315636,10.47297/wspbdswsp2752-630522.20260601,2026,"AI-powered Verification System for Medicinal and Edible Homologous Substances: Evidence-based Identification, Data Standardization and Web-based Practice",EXCLUDE,tool: AI verification system for herbal substances,1,W7162315636
W7162324368,10.5281/zenodo.20375848,2026,The Articulation Audit Algorithm: Extending the Shannonian Paradigm in the AI Era,EXCLUDE,not a study: conceptual framework working paper,2,W7162324368;W7162344211
W7162393643,10.5281/zenodo.20391108,2026,Calibration-Aware Observability for Agentic Data and Model Pipelines,EXCLUDE,off-topic: pipeline observability architecture,2,W7162393643;W7162471527
W7162395488,10.1093/eurpub/ckag085,2026,From prestige to solidarity: why WHO collaborating centres must become a political force,EXCLUDE,review/commentary: WHO collaborating centres position piece,1,W7162395488
W7162398686,10.62383/dialogika.v2i2.1011,2026,Dampak Hoaks Kenaikan Bahan Bakar Minyak di Platform X (2024-2026) terhadap Polarisasi Masyarakat,MAYBE,sentiment analysis of fuel-price hoax posts on X,1,W7162398686
W7162441031,10.1016/j.iref.2026.105408,2026,Specialization in bank lending and total factor productivity of enterprises in China,EXCLUDE,off-topic: bank lending and firm productivity,1,W7162441031
W7162463844,10.25259/csdm_32_2026,2026,Psychological impact of the glass skin ideal on young social media users: A cross-sectional study,MAYBE,survey on exposure to beauty content and skincare misinformation,1,W7162463844
W7162464017,10.1177/29768624261452529,2026,"Beyond the share button: How partisan alignment, journalistic quality, and algorithmic governance shape what millions see on Facebook",INCLUDE,"130k Facebook URLs, views by journalistic quality/credibility",1,W7162464017
W7162471506,10.23969/literasi.v16i1.25781,2026,KESALAHAN BERBAHASA DALAM PENULISAN BERITA PADA AKUN INSTAGRAM INDRAMAYU UPDATE PERIODE MARET HINGGA APRIL 2025,EXCLUDE,off-topic: language errors in Instagram news posts,1,W7162471506
W7162489599,10.7759/s44389-026-00085-z,2026,From Fear to Forecast: Machine Learning Solutions for Mass Psychosis in Crisis Scenarios,EXCLUDE,detection/classifier: ML forecasting of mass hysteria,1,W7162489599
W7162627125,10.5281/zenodo.20434657,2026,AI-BASED DETECTION AND FORENSIC ANALYSIS OF DEEPFAKE IMAGES,EXCLUDE,detection/classifier: deepfake image forensics,2,W7162627125;W7162635620
W7162631653,10.4103/njcp.njcp_235_26,2026,Book of Abstracts,EXCLUDE,not a study: conference book of abstracts,1,W7162631653
W7162643698,10.31004/joecy.v6i2.10802,2026,The Dynamics of Students’ Religious Spiritual Development in Religious Education in the Digital Age: A Case Study of MAN Sukamara,EXCLUDE,off-topic: religious understanding and digital literacy,1,W7162643698
W7162697259,10.1111/phc3.70097,2026,Teaching & Learning Guide for: Plant Cognition: A Primer,EXCLUDE,off-topic: plant cognition teaching guide,1,W7162697259
W7162699071,10.32840/cpu2219-8741/2026.2(66).2,2026,АЛГОРИТМІЗАЦІЯ ТА ЕТИКА: ТРАНСФОРМАЦІЯ PR В ЕПОХУ ШТУЧНОГО ІНТЕЛЕКТУ,EXCLUDE,review/commentary: ethics of algorithmic PR,1,W7162699071
W7162750790,10.5281/zenodo.20451172,2026,MACHINE LEARNING BASED FAKE NEWS DETECTION USING PYTHON,EXCLUDE,detection/classifier: ML fake news detection,2,W7162750790;W7162812711
W7162751299,10.31516/2410-5333.069.01,2026,Infodemic as a challenge to information resilience: the formation of the concept and its significance for library and information field,EXCLUDE,review/commentary: conceptual history of infodemic,1,W7162751299
W7162759397,10.5281/zenodo.20439103,2026,Social Media and Right to Speech in India,EXCLUDE,off-topic: free speech law and social media,2,W7162759397;W7162813786
W7162769640,10.4103/jehp.jehp_754_25,2026,Knowledge and awareness of insulin resistance among social media users: A cross-sectional study in Jordan,MAYBE,health survey may report misinformation exposure share,1,W7162769640
W7162778756,10.5281/zenodo.20444459,2026,ROLE OF SOCIAL MEDIA IN MODERN MARKETING PROMOTION,EXCLUDE,off-topic: social media marketing promotion,2,W7162778756;W7162782807
W7162781131,10.1007/s13278-026-01586-4,2026,Deep learning with optimization for social media fake profile detection,EXCLUDE,detection/classifier: fake profile detection,1,W7162781131
W7162830863,,2026,"Restoring Digital Trust: Decentralized Frameworks For Identity, Consent, And Media Provenance",EXCLUDE,tool: decentralized identity and provenance architecture,1,W7162830863
W7162846831,10.30574/ijsra.2026.19.2.1199,2026,"Fact, fake, or false: Determining millennials’ susceptibility to media effects on disaster information",MAYBE,survey of millennials on fake disaster information,1,W7162846831
W7162883408,10.59024/jipa.v4i2.1715,2026,Generasi Z dan Dakwah Moderasi Beragama di Media Sosial,EXCLUDE,review/commentary: qualitative literature study on Gen Z dakwah,1,W7162883408
W7162938155,10.69916/jkbti.v5i2.444,2026,AN ANALYSIS OF FEAR OF MISSING OUT (FOMO) AS A DRIVER OF HOAX DISSEMINATION IN THE PRABOWO ERA USING MLP,MAYBE,"TikTok comments on political hoaxes, share unclear",1,W7162938155
W7162956822,10.64290/ijsat.v1i1.13,2026,Hate Speech and Disinformation Detection Model in the Political Discourse of Hausa-Language,EXCLUDE,detection/classifier: Hausa hate speech and disinformation model,1,W7162956822
W7162991116,10.5281/zenodo.20479288,2026,Status of Effectiveness of Digital Platforms for Information Dissemination in Enhancing Strategic Communication,EXCLUDE,off-topic: effectiveness of municipal communication platforms,2,W7162991116;W7163003534
W7163004006,10.25258/ijddt.16.41s.104,2026,Regulation of Social Media Content: Challenges and Opportunities,MAYBE,"8,104 videos, moderation and misinformation dissemination",1,W7163004006
W7163014915,10.5281/zenodo.20484311,2026,Artificial Intelligence and the Future of Democracy,EXCLUDE,review/commentary: AI and democracy essay,2,W7163014915;W7163078524
W7163018264,10.5281/zenodo.20497401,2026,SENTIMENTTRENDAI: AN AI-DRIVEN FRAMEWORK FOR SENTIMENT ANALYSIS AND SOCIAL MEDIA TREND DETECTION,EXCLUDE,tool: sentiment and trend detection framework,2,W7163018264;W7163083929
W7163038748,10.48693/935,2026,Introduction to Social Media Intelligence (SOCMINT),EXCLUDE,review/commentary: SOCMINT working paper,1,W7163038748
W7163129412,10.64753/jcasc.v11i2.4881,2026,Developing an Ai News Anchors Engagement Framework: Assessing Content Quality and Continuance Behavior among News Consumers in Oman,EXCLUDE,off-topic: qualitative study of AI news anchor engagement,1,W7163129412
W7163145413,10.5281/zenodo.20317786,2026,Navigating the Analogue-Digital Divide and Evolving Operational Structure of Lagos Television,EXCLUDE,off-topic: broadcaster digitalisation case study,2,W7163145413;W7163147353
W7163193451,10.1093/anncom/wlag015,2026,Global divides in academic knowledge production: mapping social media and society research,EXCLUDE,off-topic: bibliometric mapping of the research field,1,W7163193451
W7163207428,10.1016/j.kscej.2026.100643,2026,AI-based social media analytics for disaster resilience: A unified framework for reliable information extraction,EXCLUDE,tool: disaster information extraction framework,1,W7163207428
W7163211772,10.14309/crj.0000000000002154,2026,Advancing Academic Gastroenterology: Reflections From a Social Media Ambassador for ACG Case Reports Journal,EXCLUDE,not a study: personal reflection piece,1,W7163211772
W7163216937,10.65138/ijramt.2026.v7i6.3248,2026,Digital Participation: Exploring Teacher Integration of Technology and Student Perceptions of Digital Literacy in South Sudan Primary Schools,EXCLUDE,off-topic: teacher technology integration and digital literacy,1,W7163216937
W7163324304,10.52783/rev-alap.171,2026,Iran and Israel–United States Hot War and Its Impact on the Digital Technology,EXCLUDE,review/commentary: geopolitics and cyber warfare essay,2,W7163324304;W7165290495
W7163350547,10.5281/zenodo.20519990,2026,THE ROLE OF SOCIAL PLATFORMS IN TRANSFORMING THE EDUCATIONAL LANDSCAPE,EXCLUDE,review/commentary: review of social platforms in education,2,W7163350547;W7163380048
W7163359245,10.66525/ijictt86,2026,Verifiable Misinformation Detection Using Tool-Augmented Large Language Model Agents,EXCLUDE,detection/classifier: LLM-agent misinformation detection,1,W7163359245
W7163365077,10.5281/zenodo.20518951,2026,Development of Communication Literacy Program for Public Information Officers,EXCLUDE,off-topic: communication literacy program for officials,2,W7163365077;W7163382819
W7163405683,10.3390/aieduc2020020,2026,The Ethical Landscape of Generative AI in Education: A Narrative Literature Review Through the Lens of Consequentialism (2022–2026),EXCLUDE,review/commentary: narrative review of GenAI ethics,1,W7163405683
W7163518889,10.1007/s44155-026-00434-2,2026,The role of social media in health management of mass gathering events including opportunities risks and strategic implications,EXCLUDE,review/commentary: systematic review of mass gathering events,1,W7163518889
W7163532958,10.5281/zenodo.20543639,2026,Social Media Intelligence and Digital Influence in Modern Organizations,EXCLUDE,off-topic: organisational social media intelligence essay,2,W7163532958;W7163582681
W7163539360,10.5281/zenodo.20318697,2026,Content Analysis of Daily Trust Facebook Coverage of the #EndBadGovernance Protests,EXCLUDE,"off-topic: peace vs conflict framing, no accuracy coding",2,W7163539360;W7163576616
W7163543827,10.47772/ijriss.2026.100500402,2026,Broadcast Journalism: The World’s Town Crier; Nigeria’s Gong: A Sonic Democracy and Electronic Fourth Estate (1932-2025 And Beyond),EXCLUDE,not a study: historical essay on broadcast journalism,1,W7163543827
W7163568788,10.4103/jphpc.jphpc_4_26,2026,State-level Digital Dissemination under India’s National Ayush Mission: A Cross-Sectional Web-Based Policy Content Analysis,EXCLUDE,off-topic: availability and completeness of government websites,1,W7163568788
W7163660544,10.70716/perseptif.v4i1.494,2026,Media Sintetis Berbasis AI dan Krisis Kepercayaan Publik dalam Komunikasi Politik,EXCLUDE,no audience denominator: qualitative case study of deepfakes,1,W7163660544
W7163665229,10.59415/mjacs.363,2026,INVESTIGATING THE ROLE OF SOCIAL MEDIA IN MEDIA LITERACY EDUCATION AMONG POST GRADUATION STUDENTS OF TUMKUR,MAYBE,student survey may report misinformation encounter share,1,W7163665229
W7163666005,10.5281/zenodo.20554354,2026,The 'Market Place of Ideas' in an Era of Algorithmic Amplification: Theory Vs. Reality,MAYBE,platform audits may quantify inaccurate content amplified,2,W7163666005;W7163705907
W7163668248,10.25258/ijddt.16.46s.138,2026,THE ROLE OF PATIENT MICRO-INFLUENCERS IN PHARMACEUTICAL DISEASE AWARENESS,EXCLUDE,off-topic: pharmaceutical influencer marketing effectiveness,1,W7163668248
W7163738213,10.15421/352610,2026,MEDIATING TECHNOLOGIES IN POLITICS: INFORMATION RESILIENCE CASE,EXCLUDE,review/commentary: theory of counter-disinformation mediation,1,W7163738213
W7163738744,10.28926/jdr.v10i1.527,2026,The Phenomenon of Religious Misinformation and the Challenges of Authority in the Artificial Intelligence Ecosystem,EXCLUDE,review/commentary: qualitative library research on religious misinformation,1,W7163738744
W7163751893,10.29121/granthaalayah.v14.i5.2026.6918,2026,IMPACT OF SOCIAL MEDIA ON POLITICAL NEWS CONSUMPTION AMONG YOUTH,MAYBE,youth news survey may report misinformation exposure share,1,W7163751893
W7163760305,10.55493/5003.v16i2.6018,2026,Relationship between perceived health messages and source credibility on trust during health crisis: Malaysian perspective,EXCLUDE,belief/attitude only: trust and source credibility,1,W7163760305
W7163782395,,2026,"Digital Challenges and Democratic Governance in India: A Social Science Perspective on Cybersecurity, Misinformation, and Electoral Integrity, India",EXCLUDE,review/commentary: literature synthesis on electoral integrity,1,W7163782395
W7163803908,10.63544/ijss.v5i3.300,2026,"From Search Engines to AI Engines: How Generative Artificial Intelligence Is Transforming Consumer Discovery, Decision-Making, and Digital Marketing Ecosystems",EXCLUDE,off-topic: generative AI and consumer marketing,1,W7163803908
W7163804487,10.65521/ijrdmr.v15i2.3255,2026,The Role of Social Media in Influencing Investment Decisions,MAYBE,investor survey may report misinformation exposure share,1,W7163804487
W7163817999,10.70593/deepsci.0203011,2026,Explainable multimodal deepfake detection across media platforms: A cross-modal transformer framework for trust,EXCLUDE,detection/classifier: multimodal deepfake detection,1,W7163817999
W7163821603,10.1017/s0029665126102663,2026,A study exploring the relationship between social media use and nutrition-related practices among secondary school students in London,MAYBE,adolescent survey on nutrition misinformation exposure,1,W7163821603
W7163822449,10.1108/md-11-2025-3580,2026,Prompting Wanderlust: examining artificial intelligence assisted tourist decisions,EXCLUDE,off-topic: generative AI and tourist decision-making,1,W7163822449
W7163822725,10.61753/1857-1999/2345-1963/2025.22-2.17,2026,Social media and the transformation of International Humanitarian Law in the digital era,EXCLUDE,review/commentary: international humanitarian law essay,1,W7163822725
W7163825930,10.70382/ajasr.v12i6.0124,2026,Social Media and Politics in Nigeria: A Review,EXCLUDE,review/commentary: literature review of social media and politics,1,W7163825930
W7163884843,10.58414/scientifictemper.2026.17.3.24,2026,Digital Campaigns and Behaviour Change Communication for Organ Donation,EXCLUDE,intervention/campaign focus: organ donation communication,1,W7163884843
W7163904307,10.5281/zenodo.20596815,2026,Digital Hate Speech and Electoral Violence in Nigeria: Implications for Democratic Stability,EXCLUDE,no audience denominator: qualitative secondary-data study,2,W7163904307;W7163921562
W7163912165,10.5281/zenodo.20593956,2026,TRANSFORMER-BASED MODELS FOR NEWS CLASSIFICATION AND TOPIC DETECTION,EXCLUDE,detection/classifier: transformer news classification,2,W7163912165;W7163920143
W7163924123,10.1007/s10115-026-02807-0,2026,Unified network ensemble and chunk-based feature selection for improved social bot detection,EXCLUDE,detection/classifier: social bot detection (no abstract),1,W7163924123
W7163993805,10.17615/hcz9-x714,2026,Weaponized Legitimacy: How Alternative Experts Exploit Media Attention To Claim Scientific Authority,EXCLUDE,non-empirical qualitative case study,1,W7163993805
W7164013884,10.26342/2026-76-5,2026,Detección de la desinformación y conspiración en español: Un Estudio,EXCLUDE,detection/classifier survey,1,W7164013884
W7164025097,10.67171/r4sd3q27,2026,Digital Citizenship and Political Participation: Transforming Democratic Engagement in the Social Media Era,EXCLUDE,"qualitative interviews, no misinformation share",1,W7164025097
W7164030232,10.67171/mgxxdd70,2026,The Impact of Online Health Information Seeking Behavior on Self-Medication Practices Among Young Adults,EXCLUDE,"qualitative interviews, no misinformation share",1,W7164030232
W7164046530,10.67171/wqsdq865,2026,Youth Political Participation in the Digital Era: The Role of Social Media in Shaping Civic Engagement,EXCLUDE,"qualitative interviews, no misinformation share",1,W7164046530
W7164072330,10.25258/ijddt.16.50s.148,2026,A Qualitative Study About Student’s False Perception Towards The Magnetic Resonance Imaging Equipment In Radiology Department,EXCLUDE,"off-topic; MRI misconceptions, not misinformation exposure",1,W7164072330
W7164160543,10.2196/91778,2026,"A Preventive Social Media Intervention for Perinatal Depression and Anxiety in Regional, Rural, and Remote Communities: Participatory Co-Design Study",EXCLUDE,off-topic intervention co-design study,2,W7164160543;W7164895529
W7164184897,10.46799/adv.v4i5.569,2026,Virtual Pulpit: Da'wah Innovation and Tips to Survive in the Digital Information Vortex,EXCLUDE,"qualitative da'wah study, no share",1,W7164184897
W7164221161,10.55041/isjem07868,2026,Machine Learning Approaches for Instagram Fake Profile Detection,EXCLUDE,detection/classifier,1,W7164221161
W7164235851,,2026,Percepción de estudiantes de nivel medio ante las noticias falsas,MAYBE,student survey on fake news; possible exposure share,1,W7164235851
W7164299710,10.5281/zenodo.19811460,2026,Impact of Social Media Influencers on Gen Z's Financial Decision-Making,EXCLUDE,no misinformation exposure measure,2,W7164299710;W7164343178
W7164306148,10.12688/f1000research.182166.1,2026,Artificial Intelligence and Image Manipulation in social media: A TCCM-Based Review of Privacy Implications,EXCLUDE,bibliometric review,1,W7164306148
W7164366831,10.33545/26649845.2026.v8.i2b.702,2026,Effect of Social Media on Voting Behaviour in India: Special Reference to Assembly Elections 2024,EXCLUDE,no misinformation prevalence measure,1,W7164366831
W7164483183,10.15581/003.39.1.034,2026,"Shadows and lights on fact-checking research: trends, methodologies, and empirical approaches",EXCLUDE,review of fact-checking literature,1,W7164483183
W7164497064,10.59075/2ntzf009,2026,Role and Responsibilities of Online Fact-Checking Organizations in Pakistan to Combat Fake News on Social Media,EXCLUDE,review/commentary on fact-checking organisations,1,W7164497064
W7164553173,10.5281/zenodo.20666361,2026,IMPACT OF SOCIAL MEDIA USAGE ON CAREER DECISION-MAKING OF HIGHER SECONDARY STUDENTS,MAYBE,survey reports 64% exposure to misinformation; construct unclear,2,W7164553173;W7164580346
W7164585895,10.12928/commicast.v7i1.13072,2026,Understanding paid subscription news: Audience perspectives on Readers' experiences and challenges,EXCLUDE,"three interviews, no audience denominator",1,W7164585895
W7164640254,10.36096/ijbes.v8i2.1136,2026,Student organisations as information gatekeepers at higher education institutions: an evaluation of quality information distribution to prospective students.,EXCLUDE,"qualitative information-quality study, no share",1,W7164640254
W7164642284,10.70211/ltsm.3026-7196.183,2026,Social Media as a Crisis Communication Tool During the 2021 KwaZulu-Natal and Gauteng Civil Unrest,MAYBE,survey may report perceived misinformation share,1,W7164642284
W7164643897,10.1016/j.rbmo.2026.105819,2026,"HealthTech for reproduction: promises, perils and the evidence gap",EXCLUDE,review/commentary; no abstract,1,W7164643897
W7164668126,10.64633/wissj.v10i4.06,2026,"COGNITIVE WARFARE: DEFENDING NIGERIA’S ""HUMAN DOMAIN"" AGAINST AI-DRIVEN PERCEPTION MANAGEMENT AND INDUSTRIALIZED DISINFORMATION",EXCLUDE,non-empirical policy analysis,1,W7164668126
W7164676186,10.36948/ijfmr.2026.v08i03.81069,2026,User Acceptance and Efficiency of NLP-Based News Summarization Systems,EXCLUDE,off-topic; news summarisation systems,1,W7164676186
W7164679484,10.58485/jie.v5i1.646,2026,Religious Moderation in the Digital Era: Strengthening Social Tolerance amid Digital Diversity,EXCLUDE,"library research, no share",1,W7164679484
W7164748964,10.67224/ioasdjbms.2026.v03i02.001,2026,"Payment Data, Platform Finance, and the Cross-Border Credit Gap for SMEs",EXCLUDE,off-topic; SME finance,1,W7164748964
W7164749183,10.58775/2735-3990.1548,2026,Impact of Social Media on Acne Treatment Practices in Egypt,MAYBE,health survey may report misinformation exposure share,1,W7164749183
W7164753196,10.51583/ijltemas.2026.150500197,2026,"Knowledge, Attitude, and Digital Literacy of Agriculture Students",EXCLUDE,off-topic; digital literacy levels,1,W7164753196
W7164762472,10.32628/ijsrset2613354,2026,Multi-Modal Fake Profile Detection on Social Networks,EXCLUDE,detection/classifier,3,W7164762472;W7171115474;W7171236681
W7164841740,10.1016/j.datak.2026.102622,2026,A survey of fake news detection: A comprehensive review of multimodal approaches,EXCLUDE,detection review,1,W7164841740
W7164844576,10.5281/zenodo.20699751,2026,"Impact of TikTok on Social Activism, Youth Empowerment, and Community Building in Osun State, Nigeria",MAYBE,survey of 400 youth may report misinformation exposure,2,W7164844576;W7164863950
W7164849551,10.24144/2307-3322.2026.94.4.18,2026,The evolution of diplomatic missions in the context of globalisation and digital diplomacy,EXCLUDE,non-empirical; digital diplomacy,1,W7164849551
W7164850581,10.61424/rjbe.v4i2.878,2026,"Responsible Communication on Social Media: University Students’ Perceptions of Ethical Sharing, Verification Practices, and Cultural Sensitivity in Vietnam",MAYBE,survey may report misinformation encounter share,1,W7164850581
W7164884619,10.58578/yasin.v6i4.10692,2026,Isu-Isu Kritis Historiografi di Era Digital: Analisis Narasi Sejarah pada Media Sosial,MAYBE,content analysis of 150 items may quantify disinformation,1,W7164884619
W7164900225,10.67107/jcmr.2026.647,2026,The media’s role in combating fake news: Best practices and lessons for national security in Nigeria,EXCLUDE,"media-role analysis, no exposure share",1,W7164900225
W7164901988,10.64771/ijesat.2026.v26.i5.2964,2026,ADVANCED PREDICTIVE HEALTHCARE ANALYTICS FOR EPIDEMIC PREVENTION,EXCLUDE,off-topic; outbreak prediction system,1,W7164901988
W7164921360,10.61424/jjmc.v1i1.864,2026,"Artificial Intelligence in Strategic Communication and Public Relations: A Review of Automation, Personalization, and Ethics",EXCLUDE,review/commentary,1,W7164921360
W7164962661,10.61424/jjmc.v1i1.862,2026,"Digital Ethics and Online Harassment of Journalists: A Review of Gendered Violence, Safety, and Platform Responsibility",EXCLUDE,review/commentary on online harassment,1,W7164962661
W7164991376,10.28945/5787,2026,Mapping Trends in Project-Based Learning and Scientific Literacy: Bibliometric Insights Into Digital Tools in Science Education,EXCLUDE,bibliometric review; off-topic,1,W7164991376
W7165011185,10.3390/jrfm19060438,2026,"Financial Accounting Disclosures (FAD) in the UAE: Investor Reactions to Negative Financial News, Framing Bias and AI Channel Reliance",EXCLUDE,off-topic; investor reactions to financial news,1,W7165011185
W7165013096,10.5281/zenodo.20736814,2026,Patterns of Tiktok Usage Among University of Cross River State Undergraduate Students,EXCLUDE,no misinformation measure,2,W7165013096;W7165057485
W7165015403,10.46654/kctz0f19,2026,Unriddling Contemporary Issues Through Information Communication and Technology,EXCLUDE,non-empirical essay,1,W7165015403
W7165023241,10.36948/ijfmr.2026.v08i03.80299,2026,The Attention Economy: Reviewing How Time Became a Currency in Modern Digital Systems,EXCLUDE,review/commentary,1,W7165023241
W7165044597,10.48175/ijarsct-36749,2026,Fake News Detection Using Natural Language Processing (NLP),EXCLUDE,detection/classifier,1,W7165044597
W7165056318,10.1007/s10796-026-10765-9,2026,"Decoding Deepfake Perceptions: Trustworthiness, Importance and Behavioral Intention",MAYBE,no abstract; deepfake perceptions may report exposure,1,W7165056318
W7165107579,10.53015/3034-3151_2026_7_2_123-139,2026,The evolutionary stages of the development of interaction between public authorities and citizens in Russia: from traditional forms to digital ones,EXCLUDE,off-topic; governance history,1,W7165107579
W7165116686,10.1249/fit.0000000000001177,2026,Exercise and Fitness-Related Resources,EXCLUDE,not a study; resource column,1,W7165116686
W7165139672,10.1016/j.iref.2026.105534,2026,Public data transparency and capital market stability: How open government data platforms mitigate stock price crash risk in emerging markets,EXCLUDE,off-topic; capital market stability,1,W7165139672
W7165173260,10.3923/pjbs.2026.218.227,2026,Public Perception and Acceptance of COVID-19 Vaccines in Iraq During the Pandemic,INCLUDE,survey of 1747 adults measuring exposure to misinformation,1,W7165173260
W7165206140,10.62951/prosemnasipi.v3i1.230,2026,Peran Masyarakat dalam Membentuk Kesadaran Sosial di Era Digital,EXCLUDE,"library research, no share",1,W7165206140
W7165370888,10.5281/zenodo.20760527,2026,"Constitutional Boundaries of Digital Expression: Free Speech, Social Media Governance and the Indian State",EXCLUDE,doctrinal legal analysis,2,W7165370888;W7165380317
W7165443016,10.23969/jp.v11i02.48994,2026,PEMANFAATAN BERITA VIRAL MEDIA SOSIAL SEBAGAI BAHAN PEMBERITAAN DI POPMAMA.COM,EXCLUDE,qualitative newsroom study,1,W7165443016
W7165476125,10.25264/2519-2558-2026-29(97)-44-47,2026,ENVIRONMENTAL DISCOURSE ANALYSIS: EVOLUTION AND SOCIETAL IMPACT,EXCLUDE,non-empirical discourse analysis,1,W7165476125
W7165482666,10.30574/wjarr.2026.30.3.1721,2026,"Social media, government communication, and citizen engagement: Emerging challenges for public administration and education",EXCLUDE,systematic review of governance literature,1,W7165482666
W7165567843,10.22214/ijraset.2026.83777,2026,"AI Recommendation Algorithms and Democratic Polarization: A Comprehensive Analysis of Algorithmic Influence on Public Opinion, Electoral Integrity, and Digital Constitutionalism",EXCLUDE,non-empirical; algorithmic polarisation,1,W7165567843
W7165611849,10.1633/jistap.2026.14.2.6,2026,Exploring Platform-Mediated Health Information Behavior: ADHD Self-Diagnosis Intention on Video-Based Social Media Among Korean Young Adults,EXCLUDE,"self-diagnosis intention only, no misinformation share",1,W7165611849
W7165612553,10.61132/karakter.v3i2.2222,2026,Peran Literasi Digital dalam Menangkal Penyebaran Hoaks di Platform Media Sosial,EXCLUDE,"library research, no share",1,W7165612553
W7165622430,10.47392/irjaeh.2026.0574,2026,Intelligent Medical Assistance Framework Powered by Large Language Models and Retrieval-Augmented Generation,EXCLUDE,review of AI healthcare tools,1,W7165622430
W7165626695,10.9790/0853-2503041622,2026,Impact Of Social Media Dental Trends On Periodontal Health Awareness And Practices: A Cross-Sectional Questionnaire-Based Study,MAYBE,survey on social media dental trends may quantify misleading content,1,W7165626695
W7165644057,10.54414/rqdf3774,2026,FROM TRUTH TO POST-TRUTH: TERMINOLOGICAL CHANGE AND CULTURAL TRANSFORMATION,EXCLUDE,conceptual/terminological essay,1,W7165644057
W7165644714,10.36685/jlssm.v3i1.2043,2026,The Paradox of Mental Health Literacy on Social Media: Between Information Accessibility and the Risk of Digital Misinformation,MAYBE,mixed-methods study measuring misinformation exposure,1,W7165644714
W7165673060,10.30829/contagion.v8i2.27239,2026,Adaptation of Coastal Adolescents to Digital Technology in Improving Health Behavior,EXCLUDE,"qualitative interviews, no denominator",1,W7165673060
W7165757540,10.5281/zenodo.20822938,2026,A Study on the Contribution of Social Media Platforms to the Growth of Green Consumerism,EXCLUDE,off-topic; green consumerism,2,W7165757540;W7165765996
W7165760962,10.18549/pharmpract.2026.2.3608,2026,How social media influencers shape medical and health product purchases: A Cross-sectional analysis,MAYBE,health-purchase survey may report misinformation exposure,2,W7165760962;W7169700972
W7165764051,10.46806/abdimas.v3i1.2124,2026,AI-Enhanced Screening: Analisis Swing Trade Pada Saham Indeks KOMPAS100 Menggunakan Perplexity Finance,EXCLUDE,off-topic; AI stock screening,1,W7165764051
W7165764696,10.5281/zenodo.20825542,2026,"INFLUENCE OF PROLIFERATING CITIZEN JOURNALISM ON CONVENTIONAL MEDIA IN KOGI STATE, NIGERIA",EXCLUDE,"journalists' perceptions, no audience exposure share",2,W7165764696;W7165781648
W7165765391,10.5281/zenodo.20825086,2026,FactonAI : A Ten-Stage Forensic Verification Framework for Real-Time Misinformation Detection,EXCLUDE,detection tool/platform,2,W7165765391;W7165780732
W7165779705,10.22266/ijies2026.0731.28,2026,Fuzzy-Rough-Evolutionary Conditional GAN for Adverse Drug Event Detection with Multi-platform Data Integration,EXCLUDE,detection/classifier,1,W7165779705
W7165781872,10.36948/ijfmr.2026.v08i03.82127,2026,Ayurveda Reimagined: Countering India's Social Media Nutrition Frenzy,EXCLUDE,review of diet trends,1,W7165781872
W7165782671,10.55041/ijsrem65421,2026,A Multilingual and Multimodal Framework for Real-Time Fake News Detection on Social Media,EXCLUDE,detection/classifier,1,W7165782671
W7165784843,10.5281/zenodo.20828366,2026,Cyber Law and Constitutional Framework,EXCLUDE,non-empirical legal analysis,2,W7165784843;W7165811547
W7165804733,10.24412/2712-8849-2026-699-1449-1475,2026,AN APPROACH TO IMPROVE DETECTION OF FAKE NEWS USING GRADIENT BOOSTING ALGORITHM,EXCLUDE,detection/classifier,1,W7165804733
W7165841923,10.69714/ynh55n47,2026,PENGARUH AI DI MEDIA SOSIAL TERHADAP PENYEBARAN HOAKS DAN PERSEPSI KEPERCAYAAN MAHASISWA PROGRAM STUDI KOMPUTERISASI AKUNTANSI UNIVERSITAS SRIWIJAYA,MAYBE,student survey of hoax exposure and trust perception,1,W7165841923
W7165854353,10.5281/zenodo.20840693,2026,"Algorithmic Misinformation and Youth Civic Disillusionment: Deepfakes, Echo Chambers, and the Erosion of Democratic Trust Among Nigerian Gen Z and Millennial Voters",EXCLUDE,non-empirical document-based case study,2,W7165854353;W7165897150
W7165907698,10.26697/ijsa.2026.1.5,2026,Public attitudes towards COVID-19 misinformation and institutional trust during the infodemic in Bulgaria: Results from a cross-sectional survey,INCLUDE,92% of survey respondents report fake news encountered,1,W7165907698
W7165932892,10.20998/2413-4295.2026.02.03,2026,INFORMATION SYSTEM FOR CLASSIFICATION OF NEWS RELIABILITY BASED ON BIDIRECTIONAL RECURRENT NEURAL NETWORKS,EXCLUDE,detection/classifier,1,W7165932892
W7165963126,10.55041/ijsrem65486,2026,FakeShield: An AI-Powered Multi-Signal Fake News Detection Platform,EXCLUDE,detection tool/platform,1,W7165963126
W7166018808,10.5281/zenodo.20923723,2026,"A Multivariate Analysis of Factors Influencing the Spread of Misinformation among Undergraduates of the Federal University of Technology, Akure, Nigeria",MAYBE,survey of self-reported misinformation spreading,2,W7166018808;W7166184236
W7166045248,10.60118/001c.156422,2026,Evaluating Factors Influencing Patient Reviews: Variations in Professional Credentials and Demographics of Orthopedic Oncologists,EXCLUDE,off-topic; physician rating analysis,1,W7166045248
W7166082602,10.64751/ajaccm.2026.v6.n1(1).697,2026,A Hybrid CNN-Based Approach for Detecting Machine-Generated Tweets Using Fast Text Embeddings,EXCLUDE,detection/classifier,1,W7166082602
W7166277953,,2026,Bot-Amplified Misinformation and Firm Performance: Developing a Dual-Mechanism Framework with Protective Moderators,EXCLUDE,"conceptual framework/proposal, no prevalence estimate",1,W7166277953
W7166348744,10.33752/spektra.v5i2.12170,2026,BUDAYA PARTISIPATIF GENERASI Z DALAM PENYEBARAN KONTEN DAKWAH DIGITAL DI TIKTOK: PERSPEKTIF KOMUNIKASI DAKWAH DI ERA ALGORITMA,EXCLUDE,"library research, no share",1,W7166348744
W7166357864,10.55452/1998-6688-2026-23-2-326-339,2026,A LANGUAGE MODEL INTEGRATING ONTOLOGICAL AND CORPUS-DATA,EXCLUDE,annotated corpus/detection dataset,1,W7166357864
W7166359405,10.26772/ejcms-2026-01-01-04,2026,Social Media Participation and the Decline of Democratic Trust in Nigeria,EXCLUDE,non-empirical secondary-data study,1,W7166359405
W7166447493,10.5281/zenodo.20994749,2026,Therapeutic frequencies in digital music culture: A content analysis on technical accuracy and the expectation effect,INCLUDE,92% of 150 sampled contents lacked the claimed frequencies,1,W7166447493
W7166450911,10.31004/jn.v10i2.56585,2026,Tinjauan Sistematis Evidence-Based Practice: Mengkritisi Misinformasi Penolakan Ventilasi Mekanis Melalui Peningkatan Literasi Media dan Komunikasi Keperawatan Kritis,EXCLUDE,systematic review of clinical literature,1,W7166450911
W7166473730,10.47233/jkomdis.v6i2.4818,2026,Strategi Konten Video Pendek Sosial Media ANTARATV untuk Liputan Acara Film Baru,EXCLUDE,qualitative newsroom strategy study,1,W7166473730
W7166514208,10.56639/jsar.1895980,2026,Digital Fandom and Platform Capitalism: The Politics of the Interaction Economy in the Olympic Games,EXCLUDE,conceptual review,1,W7166514208
W7166515134,10.22070/rsci.2025.20383.1805,2026,An Infodemiological and Scientometric Analysis of Gestational Diabetes: Exploring the Gap Between User Information-Seeking Patterns and Research Trends in Iran,EXCLUDE,"search-trend/bibliometric analysis, no misinformation share",1,W7166515134
W7166516466,10.4236/jis.2026.173013,2026,Cognitive Perimeter Targeting: Behavioral Intelligence and SOCMINT in Multinational Cybersecurity Operations,EXCLUDE,conceptual intelligence framework,1,W7166516466
W7166521006,10.5281/zenodo.21030072,2026,A Study on Social Media Space Influencing Stock Market Investment Decision,EXCLUDE,"investor survey, no misinformation exposure measure",2,W7166521006;W7166542307
W7166533985,10.33022/ijcs.v15i3.5129,2026,Misinformation Detection in Low-Resource Languages and Health Domains: Review and Evaluation Framework,EXCLUDE,detection review,1,W7166533985
W7166543473,10.65192/sc8zg017,2026,"13th National Election of Bangladesh: Media Coverage, Political Dynamics, and Electoral Outcomes",EXCLUDE,"election coverage analysis, no misinformation coding",1,W7166543473
W7166544226,10.4103/ijo.ijo_2607_25,2026,Understanding the disconnect: A pilot study of public perception versus reality of corneal donation in India,EXCLUDE,"donation barriers only, no exposure measure",1,W7166544226
W7166552984,10.56902/duurj.2026.7.1.4,2026,Generation Z and the AI Misinformation Paradox: Understanding a New Digital Vulnerability,EXCLUDE,comparative review of existing studies,1,W7166552984
W7166570539,10.36690/2674-5216-2026-2-4-14,2026,Governing Trust in Times of Disruption: Institutional Governance for Civic Resilience,EXCLUDE,conceptual governance framework,1,W7166570539
W7166573263,10.31389/jied.376,2026,‘Lucky’ Luciano Knew This Already: Introducing Geocriminality—Special Issue,EXCLUDE,editorial introduction,1,W7166573263
W7166578900,10.34987/2500-4026-2026-2-60-71,2026,"Media ecosystem in emergency situations: management approaches, technologies, and informing mechanisms",EXCLUDE,"managerial analysis, no misinformation share",1,W7166578900
W7166592832,10.67198/zafie.v2i1.27,2026,The Role of Literacy Through Digital Writing in Islamic Da'wah in the Era of Disruption,EXCLUDE,"library research, no share",1,W7166592832
W7166639732,10.56557/arjocs/2026/v8i1177,2026,Cluster-aware Deep Sentiment Mining Framework for Real-time Public Opinion Monitoring,EXCLUDE,sentiment-mining tool,1,W7166639732
W7166639962,10.1080/10584609.2026.2679475,2026,Platform Collective Behavior as Democratic Infrastructure: Beyond Causal Effects in the DSA Era,EXCLUDE,forum commentary,1,W7166639962
W7166648394,10.62189/ci.1827239,2026,Blockchain-enabled digital platforms for responsible business: building trust and traceability in global supply chains,EXCLUDE,off-topic; blockchain supply chains,1,W7166648394
W7166654246,10.71183/supra.2026030205,2026,Harmony in the Digital Age: Leveraging Religious Values for Sustaining Peace and Democracy through AI and Digital Transformation,EXCLUDE,off-topic; religion and AI,1,W7166654246
W7166655258,10.26714/jodi.v4i1.1182,2026,Classification of Debunking in Indonesian Fact-Checking Platforms Using NLP and Machine Learning : A Mixed-Methods Approach with Corpus Analysis and IndoBERT,EXCLUDE,classification of debunking strategies,1,W7166655258
W7166658013,10.21409/h854-zq28,2026,Digital Trust and Authority: Political Communication Practices and Participation Among Italian Citizens,EXCLUDE,"qualitative interviews, no denominator",1,W7166658013
W7166666441,10.64938/bijsi.v10i4.26.may423,2026,"Artificial Intelligence (AI) in Modern Media: Applications, Impact, and Responsibility",EXCLUDE,non-empirical overview,1,W7166666441
W7166689236,10.5281/zenodo.21065727,2026,New Frontiers in Insecurity: The Implications of AI-Driven Deepfake News on National Security,EXCLUDE,"qualitative brainstorming sessions, no denominator",2,W7166689236;W7166719709
W7166694762,10.22373/xdjjan78,2026,"Prophetic Journalism in the Context of Local Media: Formulation, Dynamics, and Response",EXCLUDE,off-topic; qualitative discourse analysis of journalism practice,1,W7166694762
W7166695364,10.23900/ra.v24i114.928,2026,"Environmental social work in the digital public sphere: climate advocacy, equity, and community resilience",EXCLUDE,review/commentary,1,W7166695364
W7166718490,10.55248/gengpi.07.0626.17b22,2026,Instagram Viral Content and Fact-Checking Techniques: An Analytical Study of Verification Practices in the Digital Media Environment,MAYBE,survey of 200 users may report misinformation encounter rates,1,W7166718490
W7166720884,10.23971/mdr.v9i2.11422,2026,"Artificial Intelligence, Social Media, and Post-Truth: An Islamic Education Perspective",EXCLUDE,non-empirical library research,1,W7166720884
W7166730585,10.33545/26648881.2026.v8.i1b.99,2026,Artificial Intelligence Literacy Among Teenagers and Its Association with Psychological Well-being: A Cross-Sectional Study Protocol,EXCLUDE,off-topic; no misinformation exposure measure,1,W7166730585
W7166763084,10.3389/fpubh.2026.1853334,2026,Co-producing a media campaign intervention to encourage Nigeria women’s engagement in early presentation to breast cancer screening: a qualitative study,EXCLUDE,intervention/experiment only; qualitative,1,W7166763084
W7166848478,10.5281/zenodo.20952935,2026,"""UnaniSafe: A Digital Herb-Drug Interaction Reference for 30 Common Unani Medicines""",EXCLUDE,tool,2,W7166848478;W7166867526
W7166861269,10.69587/sdc/2.2026.151,2026,Ethical challenges of generative artificial intelligence in global social communications: International standards and practices,EXCLUDE,review/commentary,1,W7166861269
W7166867890,10.2196/82300,2026,Characterizing Online Questions and Answers About Cannabis Use and Pregnancy on the Social Media Platform Quora: Data Mining and Qualitative Content Analysis,MAYBE,content analysis may code inaccurate cannabis claims,1,W7166867890
W7167026234,10.1007/s10844-026-01068-1,2026,Datasets for recommender systems: A survey and comparative overview,EXCLUDE,off-topic; review,1,W7167026234
W7167036952,10.1371/journal.pgph.0006742,2026,"“This is what a war does”- Trust, information ecosystems and childhood vaccination among Ukrainian parents: A qualitative study",EXCLUDE,no audience denominator; qualitative interviews,1,W7167036952
W7167058028,10.25258/ijddt.16.60s.154,2026,ATTENTION-DRIVEN TABULAR DEEP LEARNING FRAMEWORK FOR DETECTING FAKE PROFILES IN SOCIAL NETWORKING PLATFORMS,EXCLUDE,detection/classifier,1,W7167058028
W7167075246,10.62383/kajian.v3i2.1101,2026,The Role of Social Media as A Means of Collaborative Governance in Youth Education,EXCLUDE,off-topic,1,W7167075246
W7167089137,10.71097/ijtas.v17.i6.1339,2026,COMBATING MISINFORMATION IN THE DIGITAL ERA: INFORMATION LITERACY INITIATIVES AND THE ROLE OF ACADEMIC LIBRARIES,MAYBE,survey of 200 professionals may report misinformation encounters,1,W7167089137
W7167093471,10.62656/sijss.v24i3.2410,2026,Herding and Noise Trading: Unraveling Market Anomalies in The Indian Stock Market,EXCLUDE,off-topic,1,W7167093471
W7167222286,10.35668/2520-6524-2026-2-06,2026,The development of media literacy and digital immunity as an important direction of Ukraine’s state innovation policy,EXCLUDE,non-empirical policy analysis,1,W7167222286
W7167229749,10.5281/zenodo.21151136,2026,Social Media and Voter Mobilization during Nigeria's 2023 General Elections: An Analysis of Political Campaign Strategies and Citizen Engagement,EXCLUDE,no audience denominator; secondary qualitative analysis,2,W7167229749;W7167256469
W7167270954,10.5281/zenodo.21151318,2026,"Twitter, Political Communication, and Voter Behaviour in Nigeria",EXCLUDE,no audience denominator; secondary qualitative analysis,2,W7167270954;W7167281448
W7167279320,10.5935/jetia.v12i59.3539,2026,Leveraging Large Language Models for Rumours Detection in Social Media,EXCLUDE,detection/classifier,1,W7167279320
W7167283043,10.1017/s0029665126104170,2026,Bytes to bites: a scoping review of digital sources of healthy eating knowledge for young adults (18–24 years),EXCLUDE,review/commentary,1,W7167283043
W7167327385,10.5281/zenodo.21190627,2026,The Use of Digital Tools in Rewriting Indian History: Opportunities and Challenges,EXCLUDE,non-empirical,2,W7167327385;W7167341630
W7167345622,10.5281/zenodo.21189475,2026,The Features of Democracy in the Age of Artificial Intelligence: Its Merits and Challenges - A Study,EXCLUDE,non-empirical,4,W7167345622;W7167349358;W7167466304;W7167523605
W7167365399,10.1080/01605682.2026.2689428,2026,"An optimisation model for minimising fake news dissemination: the role of user demographics, content characteristics, and intervention strategies",MAYBE,models self-reported fake news sharing; share may be reported,1,W7167365399
W7167426997,10.63075/4n6y9h16,2026,"Justice in the Age of Media Power: Digital Narratives, Public Opinion, and the Transformation of Legal Consciousness",EXCLUDE,off-topic; no misinformation measure,1,W7167426997
W7167458665,10.52214/vib.v12i.14806,2026,"Artificial Intelligence (AI) at the Threshold of Personhood, Death, and Grieving",EXCLUDE,non-empirical,1,W7167458665
W7167458669,10.28925/2663-4023.2026.33.1178,2026,ANALYSIS OF DESTRUCTIVE INFORMATION NARRATIVES IN THE DIGITAL SPACE AS A COMPONENT OF CRIMINAL ANALYSIS OF INFORMATION THREATS,EXCLUDE,non-empirical theory,1,W7167458669
W7167467800,10.5281/zenodo.21223508,2026,Artificial Intelligence in Kannada Media and Communication,EXCLUDE,non-empirical,2,W7167467800;W7167486610
W7167577033,10.70102/ijares/v6s5/6-s5-1230,2026,A Scalable and Transparent Framework for Intelligent Social Media Moderation Using Blockchain and Federated Learning,EXCLUDE,detection/tool,1,W7167577033
W7167614472,10.59261/jlsp.v4i3.131,2026,The Urgency of Digital Forensics in Investigating the Criminal Offense of Disseminating False News at Cirebon City Police Resort,EXCLUDE,off-topic; legal/forensic,1,W7167614472
W7167617523,10.63328/ijcser-v3ri3p1,2026,Detecting Misinformation using Deep Learning Techniques,EXCLUDE,detection/classifier,1,W7167617523
W7167628288,10.34148/teknika.v15i2.1478,2026,Multiplatform Topic Modeling Analysis of Gender-Based Violence in Indonesia Using LDA,EXCLUDE,off-topic; no misinformation coding,1,W7167628288
W7167663160,10.5281/zenodo.21256070,2026,"AI-Driven Digital Storytelling and Sustainable Communication: Transforming Literature, Media, and Global Development in the 21st Century",EXCLUDE,non-empirical,2,W7167663160;W7167727074
W7167673898,10.28925/2663-4023.2026.33.1266,2026,METHODOLOGICAL PRINCIPLES FOR IDENTIFYING BOT ACCOUNTS ON SOCIAL MEDIA,EXCLUDE,detection/classifier review,1,W7167673898
W7167680241,10.1093/humrep/deag083.789,2026,"L26/P-455 High demand, low accessibility. Are patients being left behind? A cross-sectional analysis of the quality and readability of online contraception Information in the UK",MAYBE,webpage analysis may code misleading contraception claims,1,W7167680241
W7167695849,10.58498/eajahme.v9i1.115,2026,"Experiences of Youth and Service Providers with Internet-Based Approaches for Delivering Sexual and Reproductive Health Information in Kinondoni Municipal Council, Dar es Salaam, Tanzania",EXCLUDE,no audience denominator; qualitative,1,W7167695849
W7167708889,10.71131/0rqvry57,2026,CIVIL AND CRIMINAL LIABILITY OF DEEPFAKE AI PLATFORM PROVIDERS IN VIOLATIONS OF THE RIGHT TO REPUTATION,EXCLUDE,non-empirical legal analysis,1,W7167708889
W7167708901,10.5281/zenodo.21261551,2026,The Impact of Social Media on Political Participation and Public Opinion in Contemporary Societies,INCLUDE,survey n=397; share perceiving misleading political information,2,W7167708901;W7167730978
W7167711577,10.25139/jsk.v10i1.11259,2026,The influence of media in the digital democracy in Indonesia,EXCLUDE,review/bibliometric,1,W7167711577
W7167720280,10.5281/zenodo.21251643,2026,Unmasking The Digital Shadows: Exploring the Ethical Parallels of Cyberbullying and Deepfake Technology,EXCLUDE,non-empirical,2,W7167720280;W7167732849
W7167792400,10.14421/kjc.81.09.2026,2026,The Virtual Ummah Model as an Arena of Contestation and New Authority Formation for Muslim Gen Z,EXCLUDE,review/literature synthesis,1,W7167792400
W7167813547,10.51244/ijrsi.2026.1306000280,2026,Tik Tok and Manipulated Content: A Qualitative Analysis of Moderation Strategies to Misleading Political Campaign Messages in Kenya,EXCLUDE,no audience denominator; qualitative secondary sources,1,W7167813547
W7167815518,10.3126/njmr.v9i2.95265,2026,AI and Cybersecurity: Combating Deepfakes and Misinformation in Nepal,MAYBE,survey n=400 may report misinformation exposure items,1,W7167815518
W7167817873,10.24198/jwp.v11i2.71217,2026,TRENDS TOWARDS POLITICAL COMMUNICATION STRATEGY ON SOCIAL MEDIA: A BIBLIOMETRICS ANALYSIS,EXCLUDE,review/bibliometric,1,W7167817873
W7167831608,10.56726/irjmets101597,2026,ROLE OF SOCIAL MEDIA IN MODERN POLITICAL CAMPAIGNS,EXCLUDE,review/commentary,1,W7167831608
W7167838504,10.1016/j.puhe.2026.106412,2026,Oral nicotine pouches: Rising popularity of a new class of tobacco products among youth,EXCLUDE,off-topic; no misinformation construct in title,1,W7167838504
W7167844819,10.13138/h.vi22.5366,2026,Beyond the “personal” and the “political”. Rethinking journalism as relational work,EXCLUDE,non-empirical,1,W7167844819
W7167849443,10.1016/j.pedn.2026.06.032,2026,Online peer support and shared care experiences: A netnographic study of parents of children with cystic fibrosis,EXCLUDE,qualitative netnography; no audience denominator,1,W7167849443
W7167885230,10.2196/96664,2026,Multilayered Epistemic Disruption in AI-Driven Health Misinformation: Conceptual Framework and Viewpoint,EXCLUDE,non-empirical viewpoint,1,W7167885230
W7167886502,10.1057/s41599-026-07575-4,2026,Exploring users’ innovation behavior in the era of AIGC—a grounded theory approach,EXCLUDE,off-topic,1,W7167886502
W7167888432,10.5281/zenodo.21289068,2026,"Political Disinformation, Ideology, and Power: A PRISMA-ScR- and SWiM-Informed Scoping Review of Comparative and Latin American Evidence",EXCLUDE,review/commentary,2,W7167888432;W7167925875
W7167888968,10.65237/2336-3630-2026-7(1)-1,2026,DIGITALIZATION OF GEOGRAPHY EDUCATION AND INNOVATIVE TEACHING TECHNOLOGIES UNDER THE NEW UKRAINIAN SCHOOL REFORM,EXCLUDE,off-topic,1,W7167888968
W7167901080,10.5281/zenodo.21301355,2026,"""COMMEMORATING 200 YEARS OF UDANT MARTAND"" THE RESILIENCE PARADOX: WHY HINDI NEWSPAPERS CONTINUE TO COMMAND TRUST IN AN ERA OF DIGITAL INFORMATION EXPANSION",MAYBE,survey may report perceived misinformation on digital platforms,4,W7167901080;W7167937913;W7172116366;W7172137360
W7167902520,10.55640/ijsshd-v03i07-03,2026,Russia–Ukraine War–Implications For West Africa’s Regional Security,EXCLUDE,off-topic,1,W7167902520
W7167913952,10.59075/vijss.v1i1.18,2026,Artificial Intelligence for Detecting Fake News on Social Media,EXCLUDE,detection/classifier,1,W7167913952
W7167918467,10.33752/spektra.v5i2.11050,2026,STRATEGI PENGELOLAAN BERITA ONLINE JAWA POS RADAR LAWU DALAM MENINGKATKAN JUMLAH PEMBACA,EXCLUDE,off-topic; newsroom management,1,W7167918467
W7167919750,10.64751/ijdim.2026.v5.n2(3).1146,2026,Advanced Machine Learning Approach for Disease Outbreak Prediction,EXCLUDE,off-topic; prediction model,1,W7167919750
W7168017078,10.5281/zenodo.21308342,2026,"Benchmarking Machine Learning And Deep Learning Models For Cross-Domain Fake News Detection: Performance, Generalisation, And Computational Trade-offs",EXCLUDE,detection/classifier,2,W7168017078;W7168041168
W7168025311,10.36948/ijfmr.2026.v08i04.83273,2026,"Virtual Voices, Real Change: How Digital Communication Shapes Civic Personality and Political Participation",EXCLUDE,non-empirical,1,W7168025311
W7168027278,10.5281/zenodo.21309014,2026,DIGITAL BATTLE FOR TRUTH: MISINFORMATION ON SOCIAL MEDIA AND THE CRISIS OF YOUTH EVANGELISATION IN THE NIGERIAN CATHOLIC CHURCH,INCLUDE,survey n=500; 75% report frequent misleading religious content,2,W7168027278;W7168045568
W7168044917,10.17721/2522-1272.2026.88.11,2026,Manipulative Narratives in Socio-Political Social Media: Patterns of Dissemination and Audience Reception,EXCLUDE,review plus qualitative case study; no denominator,1,W7168044917
W7168094333,10.66886/alfaiza-jies.v4i2.322,2026,Analisis Literasi Digital Mahasiswa dalam Menyaring Informasi Keagamaan pada Era Revolusi Industri 4.0,EXCLUDE,non-empirical literature review,1,W7168094333
W7168123170,10.5281/zenodo.21338113,2026,An Explainable Transformer Based Framework For Detecting Misinformation In Social Media,EXCLUDE,detection/classifier,2,W7168123170;W7168152479
W7168126613,10.1007/s00266-026-06071-z,2026,"Social Media Use Among Plastic Surgeons in China: A National Cross-Sectional Survey of Professional Benefits, Ethical Risks, and Platform-Specific Challenges",MAYBE,no abstract; survey may report misinformation encounter items,1,W7168126613
W7168137477,10.3126/ssd.v4i01.96983,2026,People’s Multiparty Democracy: Digital Challenges and Democratic Adaptation in Nepal,EXCLUDE,non-empirical political theory,1,W7168137477
W7168139373,10.5281/zenodo.21335750,2026,"The Influence of Social Media Marketing, Content Quality, and Electronic Word of Mouth (eWOM) on Repurchasing Intention with Brand Trust as a Mediating Variable in the Okezone.Com News Portal",EXCLUDE,off-topic,3,W7168139373;W7168140091;W7168246797
W7168140695,10.5281/zenodo.21330858,2026,"Impact of Catholic Church Public Relations in Correcting Misconceptions of Pope Francis' Same-Sex Blessing Declaration: A Perceptual Study of Abakaliki Residents, Nigeria",EXCLUDE,belief/attitude only; correction-effect study,2,W7168140695;W7168144212
W7168141838,10.12688/f1000research.185707.1,2026,"The Influence of Digital Democracy, Political Literacy, and Post-Truth Politics on Gen Z Political Participation in the 2024 Elections in Indonesia",MAYBE,post-truth survey scale may include exposure items,1,W7168141838
W7168142775,10.62383/komunikasi.v3i3.1143,2026,Manajemen Reputasi Digital PT Pertamina pada Krisis Kepercayaan Publik Akibat Isu Dugaan BBM Oplosan Tahun 2025,EXCLUDE,off-topic; qualitative case study,1,W7168142775
W7168150318,10.3389/fpsyg.2026.1785107,2026,Mobilizing the bystanders: How social capital drives user reporting on social media harmful content,EXCLUDE,no audience denominator; reporting-behaviour predictors,1,W7168150318
W7168151126,10.71335/ev40n127,2026,The Strategic Impact of Digital Media Strategies on Enhancing Organizational Crisis Response and Building Public Trust in the Kingdom of Saudi Arabia,EXCLUDE,off-topic; organizational communication,1,W7168151126
W7168151348,10.5281/zenodo.21345787,2026,REGULATING DEEPFAKE TECHNOLOGY UNDER INDIAN CYBER LAWS,EXCLUDE,non-empirical legal analysis,2,W7168151348;W7168155837
W7168158382,10.25358/openscience-15833,2026,CanberraInbox: building a new data infrastructure for political communication,EXCLUDE,not a study; data infrastructure paper,1,W7168158382
W7168167038,10.25358/openscience-15830,2026,Open sesame? : Hopes and limits of European platform data access cegulation,EXCLUDE,review/commentary,1,W7168167038
W7168171484,10.21474/jncs01/123,2026,"GRAPH NEURAL NETWORKS FOR SOCIAL NETWORK ANALYSIS: RECENT ADVANCES, APPLICATIONS, AND RESEARCH CHALLENGES",EXCLUDE,detection/classifier review,1,W7168171484
W7168241369,10.17721/2520-2626/2026.38.8,2026,ALGORITHMIC CURATION AS A HERMENEUTIC FILTER AND A SOURCE OF EPISTEMIC VULNERABILITY OF THE SUBJECT IN THE POST-TRUTH DIS-COURSE,EXCLUDE,non-empirical theory,1,W7168241369
W7168243017,10.5281/zenodo.21358670,2026,L'ARCHITETTURA ALGORITMICA DEL CONFLITTO: DISINFORMAZIONE GUIDATA DALL'INTELLIGENZA ARTIFICIALE NEGLI ECOSISTEMI DEI SOCIAL MEDIA IN ITALIA E IN GEORGIA,MAYBE,may report platform-level shares of disinformation content,2,W7168243017;W7168250353
W7168251296,10.55206/htnq4230,2026,Manufactured Identities: Algorithmic Amplification and Foreign Information Manipulation in Post-Communist Democracies,EXCLUDE,no audience denominator; explicitly not cataloguing content,1,W7168251296
W7168256758,10.1542/peds.2025-075007,2026,Pediatric Oncology Progress and Challenges in Southeast Asia: Strengthening Cancer Care Systems,EXCLUDE,off-topic,1,W7168256758
W7168259998,10.54361/ajmas.269733,2026,Dentists’ Perspectives on the Influence of Social Media on Patients’ Decisions to Seek Aesthetic Dental Treatments: A Cross-Sectional Online Survey,EXCLUDE,off-topic; no misinformation measure,1,W7168259998
W7168261248,10.5281/zenodo.21298626,2026,Fake Accounts and Political Manipulation: Topic and Sentiment Analysis in Indonesia,MAYBE,share of divisive/manipulative posts within 8102-post sample,2,W7168261248;W7168269752
W7168272146,10.55206/ioep7106,2026,Post-truth and the Crisis of Public Reason: the Role of Public Media,EXCLUDE,non-empirical philosophy,1,W7168272146
W7168275282,10.1002/jad.70231,2026,Adolescents' Experiences of Social Media Content Types and Wellbeing: A Photo‐Elicitation Interview Study,EXCLUDE,qualitative interviews; no audience denominator,1,W7168275282
W7168284219,10.2196/78262,2026,Online Discussions About Alopecia Areata in 5 Arabian Gulf Countries: Social Media Listening Study,MAYBE,8500 mentions coded; may include inaccurate-content share,1,W7168284219
W7168295213,10.15531/ksccr.2026.17.3.597,2026,Comparative analysis of quality factors in public R&D data platforms: A multi-case study from the perspective of climate technology data utilization,EXCLUDE,off-topic,1,W7168295213
W7168341235,10.5281/zenodo.21378799,2026,The Open Access–AI Conundrum: does free to read mean free to train?,EXCLUDE,non-empirical commentary/talk,2,W7168341235;W7168380292
W7168356574,10.1080/23311983.2026.2696098,2026,"Voice attribution, verification gaps, and political synthetic audio: an evidence audit of the Starmer and Khan fake-audio incidents in the United Kingdom",EXCLUDE,no audience denominator; two-case evidence audit,1,W7168356574
W7168358815,10.3389/fnut.2026.1886906,2026,From labels to influencers: evaluating the alignment of nitrate and beetroot juice claims on sports supplement marketing with scientific consensus,INCLUDE,share of 18 marketed products with claims misaligned with evidence,1,W7168358815
W7168358895,10.1002/rev3.70198,2026,The adoption of AI technologies and data to support workplace learning in the corporate sector: A scoping review,EXCLUDE,off-topic; review,1,W7168358895
W7168391826,10.82403/6k3r-sx78,2026,CONTENT ANALYSIS OF YOUTUBE VIDEOS ON OIL PALM PRODUCTION AND PROCESSING IN NIGERIA,MAYBE,content analysis of 152 videos may code information quality,1,W7168391826
W7168400989,10.63424/ahsanitaqwim.v3i1.513,2026,PERAN RUANG DIGITAL SEBAGAI MEDIUM PEMBELAJARAN DALAM MENINGKATKAN LITERASI AGAMA GENERASI Z,EXCLUDE,qualitative; no audience denominator,1,W7168400989
W7168405234,10.36948/ijfmr.2026.v08i04.83311,2026,"Techno-Capitalism and Social Movement Mobilization in the Age of Artificial Intelligence: A Comparative Analysis of India, the United States, and Brazil",EXCLUDE,non-empirical,1,W7168405234
W7168406114,10.47772/ijriss.2026.100601060,2026,Social Media as a Tool of Disaster Governance: An Analysis of Facebook-Based Government Communication in Sri Lanka,EXCLUDE,qualitative content analysis; no denominator,1,W7168406114
W7168508052,10.66851/dnjel.v1i2.87,2026,Assessing Media Literacy and Digital Information Verification Among Boarding House Students Around Universitas Negeri Medan,MAYBE,student survey may report misinformation encounter share,1,W7168508052
W7168722119,10.5281/zenodo.21392527,2026,DIGITAL SOCIAL MEDIA AND NEWS: A NEW AGE JOURNALISM,MAYBE,questionnaire may report perceived misinformation among news users,3,W7168722119;W7168725818;W7169062140
W7168777343,10.5281/zenodo.21392712,2026,ASSESMENT ON POLITICAL CAMPAIGN AMONG YOUTH THROUGH ONLINE MEDIA CONTENT,MAYBE,youth survey may report misinformation exposure share,2,W7168777343;W7168900269
W7168778038,10.5281/zenodo.21392165,2026,"Public Policy Communication in the Digital Era: Building Trust, Transparency, And Citizen Engagement",EXCLUDE,review/commentary; integrative review of digital governance,3,W7168778038;W7168894859;W7169169251
W7168803284,10.1371/journal.pone.0351963,2026,A survey of UK and Irish veterinary and veterinary nursing Students’ engagement with small animal nutrition information,EXCLUDE,"off-topic; nutrition information sources, no misinformation measure",1,W7168803284
W7168945709,10.1186/s12958-026-01583-4,2026,"Methods to assess trustworthiness of data from peer-reviewed, published randomised controlled trials",EXCLUDE,review/commentary on research-integrity detection methods,1,W7168945709
W7169036394,10.5281/zenodo.21389589,2026,DEVELOPING ADOLESCENTS' CULTURE OF WORKING WITH INFORMATION: A STRUCTURED INTEGRATIVE REVIEW AND PEDAGOGICAL FRAMEWORK,EXCLUDE,review/commentary; integrative review and pedagogical framework,2,W7169036394;W7169203719
W7169124620,10.1080/21670811.2026.2700585,2026,"Is Misinformation All Around Us? Citizens’ Perceptions of Misinformation Nearness Regarding Its Span, Availability, and Accessibility",INCLUDE,"survey of perceived misinformation exposure/nearness, N=1396",1,W7169124620
W7169513020,10.18848/2327-0144/cgp/a228,2026,Scrolling Through Risk,MAYBE,student survey of misinformation exposure and awareness,1,W7169513020
W7169513053,10.51698/tripodos.2026.60.02,2026,Fake News and Football. The Qatar World Cup as a Showcase for Disinformation,MAYBE,content analysis of World Cup hoaxes; denominator unclear,1,W7169513053
W7169540056,10.25353/ubtr-4e1f-0e35-a994,2026,"Dialect, voice quality and perceived speaker identity in AI voice conversion",EXCLUDE,off-topic; voice conversion and speaker identity,1,W7169540056
W7169543948,10.5281/zenodo.21400441,2026,A Study of impact of social media on the saving and investing pattern of individuals in Jabalpur city,EXCLUDE,off-topic; social media and investing behaviour,2,W7169543948;W7169581797
W7169551293,10.62726/tlj.v6.147,2026,Public Involvement in Law-Making in the Digital Age: Evaluating Public Participation in the Eastern Cape during the Basic Education Laws Amendment (BELA) Bill Consultations,EXCLUDE,review/commentary; legal analysis of public participation,1,W7169551293
W7169559675,10.29115/sp-2026-0029,2026,Changing modes or changing pollsters? U.S. Presidential Election Polls from 2016 to 2024,EXCLUDE,off-topic; election polling modes and accuracy,1,W7169559675
W7169575428,10.25257/kb.2026.2.108-119,2026,Features of integrating traditional and digital media in information provision for EMERCOM of Russia,EXCLUDE,"off-topic; agency communication strategy, no prevalence",1,W7169575428
W7169584487,10.36108/njsa/6202.42.0101,2026,Digital Platforms and Public Confidence in Police-Citizen Relations in the Context of Security Crises in Nigeria,MAYBE,mixed-methods survey may quantify misinformation spread,1,W7169584487
W7169586193,10.1007/s10389-026-02853-6,2026,The role of social media platforms in shaping menstrual health literacy among adolescent girls: a scoping review,MAYBE,no abstract; scoping review of social media health content,1,W7169586193
W7169609608,10.47909/awari.1383,2026,The role of anti-science attitude on social media users’ health information-seeking behavior,EXCLUDE,no audience denominator; qualitative expert interviews,1,W7169609608
W7169612315,10.67073/qyze1315,2026,THE ROLE OF NEW MEDIA ADVERTISING IN PROMOTING TOURISM IN INDIA,EXCLUDE,off-topic; tourism advertising,1,W7169612315
W7169627193,10.1386/ajms_00204_1,2026,"Exploring digital transformation of journalism in Bangladesh: Trends, opportunities and challenges",EXCLUDE,no audience denominator; qualitative journalist interviews,1,W7169627193
W7169661050,10.25139/jsk.v10i2.11653,2026,Transforming investigative journalism through OSINT: A trace-based approach to reconstructing cold cases,EXCLUDE,off-topic; OSINT investigative journalism case study,1,W7169661050
W7169665450,10.62951/switch.v4i4.947,2026,Analisis dan Prototype Website Akademik untuk Meningkatkan Sarana Media Informasi Sekolah,EXCLUDE,off-topic; school website prototype,1,W7169665450
W7169682065,10.64388/irev10i1-1719852,2026,Ethics and Professional Responsibility in The Indian Legal Profession: Challenges in The Digital Age,EXCLUDE,review/commentary; legal ethics analysis,1,W7169682065
W7169700813,,2026,The Proliferation of Misinformation Is Unprecedented: How Do Concerns About Misinformation Affect Travelers’ Trust in Online Reviews?,MAYBE,survey measures misinformation concern; may report perceived amount,1,W7169700813
W7169714974,10.60101/jarst.2026.266903,2026,Effective detection of Thai fake news using machine learning method,EXCLUDE,detection/classifier; Thai fake news machine learning,1,W7169714974
W7169723572,10.1177/15248399261465408,2026,Building Digital Health Communication Capacity: A Process Evaluation of the Infodemiology Training Program,EXCLUDE,intervention/training programme evaluation,1,W7169723572
W7169728063,10.6209/jories.202606_71(2).0003,2026,COVID-19大流行期間勵志文學閱讀行為對自我實現的正向相關效果：自我效能作為中介變項 The Positive Correlation Between Reading Inspirational Literature During the COVID-19 Pandemic and Self-actualization: Self-efficacy as a Mediating Variable,EXCLUDE,off-topic; reading and self-actualization,1,W7169728063
W7169752670,10.5281/zenodo.21454645,2026,TrueSource: A Community-Driven AI-Based Fact-Checking and Verification Platform,EXCLUDE,tool; fact-checking platform,2,W7169752670;W7169782508
W7169774997,10.1111/pde.70318,2026,"Delayed Newborn Bathing: Exploring Social Media Trends, Cultural Perspectives, and Dermatologic Implications",MAYBE,narrative review plus assessment of TikTok claims,1,W7169774997
W7169786137,10.3389/fmed.2026.1842755,2026,"The hidden cost of health misinformation: distrust, treatment refusal, and the burden on healthcare professionals",EXCLUDE,no audience denominator; qualitative interviews with clinicians,1,W7169786137
W7169800177,10.24198/inf.v6i2.69804,2026,Digital financial literacy within the Telegram platform at the @sarjanacrypto community,MAYBE,qualitative Telegram case study; message coding may yield shares,1,W7169800177
W7169800343,10.24198/inf.v6i1.69305,2026,The role of social media as information infrastructure for the integration and information practices of migrant communities,MAYBE,migrant survey reports shares; misinformation exposure a barrier,1,W7169800343
W7169810138,10.1016/j.ajem.2026.07.033,2026,Erotic asphyxia: Dangerous misinformation and poor-quality content on YouTube,INCLUDE,YouTube content analysis of misinformation and quality,1,W7169810138
W7169817916,10.25045/jpit.v17.i2.04,2026,AZFAKENEWS: A BENCHMARK DATASET FOR FAKE NEWS DETECTION IN THE AZERBAIJANI LANGUAGE,EXCLUDE,detection/classifier; benchmark dataset paper,1,W7169817916
W7169826355,10.22174/jcr.2026.63.1.199,2026,Literacy trend analysis using BIG KINDS: Focusing on keywords from 1995 to 2024,EXCLUDE,off-topic; literacy keyword trend analysis in news,1,W7169826355
W7169826847,10.47233/jkomdis.v6i2.4667,2026,Strategi Penyajian Berita oleh Jurnalis detikSumut di Media Detikcom,EXCLUDE,no audience denominator; qualitative journalist interviews,1,W7169826847
W7169873230,10.54254/2753-7064/2026.ht35436,2026,A Comparative Analysis of AI Translation Tools for Chinese University Students' English Writing Assistance,EXCLUDE,off-topic; AI translation tools,1,W7169873230
W7170037233,10.36778/jesya.v9i2.2725,2026,Pengaruh Podcast Edukatif dan Brand Awareness terhadap Customer Engagement Mahasiswa Telkom University,EXCLUDE,off-topic; podcast brand awareness and engagement,1,W7170037233
W7170042923,10.5604/01.3001.0055.8496,2026,The association of social media use on diabetes self-management in ındividuals with type 2 diabetes: descriptive study,EXCLUDE,belief/attitude only; trust in social media diabetes information,1,W7170042923
W7170047430,10.1007/s10796-026-10755-x,2026,An LLM-based Fact-Checking Approach for Multilingual Fake News Detection in Short-Form Video News,EXCLUDE,detection/classifier; LLM fake news detection,1,W7170047430
W7170050858,10.36676/jmk.v6.i1.183,2026,A Deciphering of Digital Democracy: How Social Media Influences Election Results,MAYBE,voter surveys plus social media analytics; may quantify misinformation,1,W7170050858
W7170061920,10.1177/13567667261457641,2026,Cybersecurity and privacy in tourism social media: Prioritizing ethical risks with SWARA,EXCLUDE,no audience denominator; expert risk prioritisation,1,W7170061920
W7170062586,10.67371/ajsss.v1i1.5,2026,Use and Misuse of Social Media and National Security in Africa : A Delicate Balance between Order and Liberty in Kenya,MAYBE,survey of 384 users; may quantify misinformation spread,1,W7170062586
W7170066345,10.23900/ra.v24i116.1439,2026,Structural temporal flexible deep CNN for anomaly detection in large-scale social networks,EXCLUDE,detection/classifier; anomaly detection CNN,1,W7170066345
W7170070086,10.65393/ijlrv6i1014,2026,DIGITAL CONSTITUTIONALISM AND JUDICIAL REVIEW IN INDIA: EXAMINING ACCOUNTABILITY IN THE AGE OF ALGORITHMIC GOVERNANCE,EXCLUDE,review/commentary; constitutional law analysis,1,W7170070086
W7170103610,10.1007/s41748-026-01305-1,2026,Automated Natural Disaster Monitoring from Online News & Social Media Posts Using Sentiment Analysis & GIS,EXCLUDE,tool; automated disaster monitoring system,1,W7170103610
W7170151931,10.1038/s41405-026-00457-6,2026,Online oral health misinformation and information quality: a scoping review,MAYBE,scoping review mapping oral-health misinformation prevalence measures,1,W7170151931
W7170179534,10.5281/zenodo.21501411,2026,Assessing the impact of Fake News on Educational Outcomes in Nigeria,EXCLUDE,no audience denominator; qualitative archival study,2,W7170179534;W7170188230
W7170181457,10.2196/90088,2026,Assessing Alopecia Areata Misinformation: Social Media Analysis,INCLUDE,"content analysis of 320 YouTube/TikTok videos, share misinformed",1,W7170181457
W7170183773,10.1016/j.wsif.2026.103384,2026,Hijab as credibility work and the actionability of digital traces among queer Muslim women in Indonesia,EXCLUDE,off-topic; qualitative study of credibility work,1,W7170183773
W7170186140,10.56345/ijrdv13n233,2026,The Impact of Digital Information Disorder on Voting Rights in Albania: A Constitutional and Electoral Law Analysis,EXCLUDE,review/commentary; doctrinal electoral law analysis,1,W7170186140
W7170186479,10.71085/sss.05.03.586,2026,Artificial Intelligence-driven disinformation campaigns and their influence on political violence and extremism,MAYBE,mixed-methods secondary data; may report descriptive exposure stats,1,W7170186479
W7170251634,10.36713/epra28749,2026,DEEPFAKE FORENSIC SUITE- IDENTITY MAPPING & MEDIA INTEGRITY VERIFICATION SYSTEM,EXCLUDE,detection/classifier; deepfake forensic system,1,W7170251634
W7170475523,10.62568/jocs.v4i3.817,2026,Strengthening Digital Legal Literacy among Social Media Users through International Online Community Education,EXCLUDE,intervention; digital legal literacy education programme,1,W7170475523
W7171035615,10.5281/zenodo.21548629,2026,Pedagogical Innovation in Digital Age: Exploring Teacher Strategies and Student Perceptions of Social Media Integration in Social Science Education,EXCLUDE,"off-topic; social media in teaching, no misinformation measure",3,W7171035615;W7171155246;W7171776537
W7171044156,10.1002/ijgo.71257,2026,Assessing the quality of contraception‐related content on TikTok : A scoping review,MAYBE,scoping review of TikTok contraception content quality,1,W7171044156
W7171198762,10.67228/3071561x/ijirht-v9i1p103,2026,The Role of Social Media Algorithms in Shaping Public Opinion,EXCLUDE,review/commentary; literature review on algorithms,1,W7171198762
W7171317892,10.5281/zenodo.21603459,2026,Enhancing Fake Profile Detection in the Age of LLM's,EXCLUDE,detection/classifier; fake profile detection,2,W7171317892;W7171322078
W7171319625,10.36574/jpp.v10i2.787,2026,Counter-Information Warfare and Policy Strategy of Digital Propaganda: A Review of Scientific Literature,EXCLUDE,review/commentary; literature review on counter-disinformation,1,W7171319625
W7171327272,10.1111/spol.70096,2026,Confidently Wrong: Benefit Overuse Beliefs and Deservingness Among Adolescents,EXCLUDE,belief/attitude only; benefit-overuse misperceptions,1,W7171327272
W7171397235,10.53894/ijirss.v9i7.11838,2026,Emotion-aware fake news detection via BERT and NRC emotion lexicon,EXCLUDE,detection/classifier; BERT fake news detection,1,W7171397235
W7171400360,10.33094/ijssp.v18i1.2469,2026,Endangered democracies: A comparative study of the 2023 Nigerian presidential election and the rise of Nazism in 1930s Germany,MAYBE,scraped election posts analysed for misinformation; share unclear,1,W7171400360
W7171422441,10.13998/j.cnki.issn1002-1248.25-0495,2026,Risk Assessment and Early Warning of Generative Artificial Intelligence Impact on Network Public Opinion Based on Optimized BP Neural Network,EXCLUDE,detection/classifier; neural network risk early warning,1,W7171422441
W7171438108,10.22214/ijraset.2026.84404,2026,An Effective Machine Learning-Based Garbage Data Filtering Algorithm for Social Networking Services (SNS) Big Data Processing,EXCLUDE,detection/classifier; garbage data filtering algorithm,1,W7171438108
W7171440879,10.22214/ijraset.2026.84078,2026,Fake News Identification Using Hybrid Transformer Ensemble Approach,EXCLUDE,detection/classifier; transformer ensemble fake news,1,W7171440879
W7171461309,10.1016/j.rtbm.2026.101821,2026,Maintenance-related service failures and airline reputational risk: A mixed-method document analysis and risk index approach,EXCLUDE,off-topic; airline reputational risk,1,W7171461309
W7171468024,10.13998/j.cnki.issn1002-1248.25-0663,2026,Identification of Product Innovation Opportunity Based on Problem and Suggestions Using Dual-Source Data,EXCLUDE,off-topic; product innovation opportunity mining,1,W7171468024
W7171491987,10.6084/m9.figshare.33102213,2026,Austrian adolescents’ sources of political information and trust in them: The reconfiguration of information authority on social media,MAYBE,data-donation study of adolescents' political information exposure,2,W7171491987;W7171568931
W7171495773,10.67723/rj.v7i.90,2026,Form or Function? Early Dynamics of the Moltbook AI Social Media Network,EXCLUDE,off-topic; AI social network structure dynamics,1,W7171495773
W7171504798,10.5281/zenodo.21637228,2026,"IIIF Interoperability in Practice: Metadata Profiles and Cross-Platform Reuse for Images, AV, and 3D",EXCLUDE,not a study; IIIF standards talk,2,W7171504798;W7171521181
W7171507254,10.33130/ajct.2026v1201.024,2026,Fake News Detection Using Web Scraping,EXCLUDE,detection/classifier; fake news detection via web scraping,1,W7171507254
W7171511719,10.5281/zenodo.21638448,2026,The Role and Potential of Artificial Intelligence (AI) In Connecting Youth (Aged 10–25 Years) With Indian Cultural Values – A Secondary Data-Based Analytical Study,EXCLUDE,off-topic; AI and Indian cultural values,2,W7171511719;W7171541098
W7171523609,10.5281/zenodo.21642763,2026,Opportunities and Challenges in the Communication and Dissemination of Political Theory in Cyberspace in Vietnam Today,EXCLUDE,review/commentary; political theory communication in cyberspace,4,W7171523609;W7171549828;W7171724971;W7202149456
W7171524435,10.5209/poso.99518,2026,The Portuguese paradox: high trust in the news and the perils of social media disinformation in elections,MAYBE,Digital News Report data; may report disinformation exposure/concern,1,W7171524435
W7171534022,10.25045/jpis.v17.i2.10,2026,"THE APPLICATION OF ARTIFICIAL INTELLIGENCE IN SOCIAL MEDIA: OPPORTUNITIES, CHALLENGES, AND FUTURE PERSPECTIVES",EXCLUDE,review/commentary; AI in social media literature analysis,1,W7171534022
W7171617153,10.1126/sciadv.adz6502,2026,Untrustworthy sources on Facebook and Instagram in 2020: Concentrated exposure but no attitudinal effects,INCLUDE,platform-wide exposure to untrustworthy sources and its concentration,1,W7171617153
W7171618687,10.59075/h9xv0t62,2026,"Chasing the Truth: How Four Democracies Legalized the Fight against Fake News: The comparative study of legislative frameworks in the Islamic Republic of Pakistan, India, the United States and the United Kingdom to counter “Fake News”",EXCLUDE,review/commentary; comparative legal frameworks,1,W7171618687
W7171625167,10.62335/cendekia.v3i7.2826,2026,The Transformation of Islamic Law in Response to the Development of Digital Society in Indonesia,EXCLUDE,off-topic; normative analysis of Islamic law,1,W7171625167
W7171631153,10.32523/2616-7174-2026-155-2-146-170,2026,The Spread of Fake News on Social Media: A Comparative Study of Kazakhstani and Chinese Content,EXCLUDE,no audience denominator; qualitative analysis of seven incidents,1,W7171631153
W7171683622,10.1080/08874417.2026.2700519,2026,AI-Driven Threat Intelligence for Social Media Security,EXCLUDE,detection/classifier; AI threat intelligence framework,1,W7171683622
W7171696810,10.3126/iimrjbc.v4i1.97844,2026,Algorithmic Governance: Democratic Opportunity or Threat,EXCLUDE,review/commentary; algorithmic governance and democracy,1,W7171696810
W7171766100,10.51483/ijaiml.6.5s.2026.222-230,2026,Measuring The Impact Of End To End Data Validation On Trust And Adoption In Large Scale Analytics Platforms,EXCLUDE,off-topic; data validation in analytics platforms,1,W7171766100
W7171798670,10.1371/journal.pdig.0001590,2026,"Internet use for pregnancy-related information and its correlates among women attending antenatal care in Mogadishu, Somalia",MAYBE,antenatal survey of online information use; exposure share unclear,1,W7171798670
W7171800532,10.5281/zenodo.21700942,2026,Anti-Phish Guard: Intelligent Browser Extension for Real-Time Phishing Detection and Prevention,EXCLUDE,tool; phishing detection browser extension,2,W7171800532;W7171803022
W7171800634,10.51483/ijaiml.6.5s.2026.456-465,2026,A Hybrid Data Mining And Deep Learning Framework For Automated Fake News Detection On Social Media Platforms,EXCLUDE,detection/classifier; deep learning fake news detection,1,W7171800634
W7171820470,10.48175/ijarsct-37779,2026,AI Based Fake Images and Videos Detection Using Deep Learning Model,EXCLUDE,detection/classifier; deepfake image and video detection,1,W7171820470
W7171843315,10.22271/27084450.2026.v7.i6a.187,2026,Vernacular health misinformation and its negotiation by frontline community health workers,INCLUDE,misinformation encountered in 41.3% of 480 observed interactions,1,W7171843315
W7171856536,10.55248/gengpi.07.0726.2112,2026,The Rise of Finfluencers in India’s Capital Market,EXCLUDE,review/commentary; exploratory secondary-source synthesis,1,W7171856536
W7171954308,10.69714/tj9rzq79,2026,KETIKA AI MENJADI MESIN HOAKS: SIAPA YANG BERTANGGUNG JAWAB?,MAYBE,"content analysis of 5,000 hoax posts; shares reported",1,W7171954308
W7171963404,10.62159/dawuh.v7i2.2013,2026,Dynamics and Trends of Political Communication Research in the Information Technology Landscape: Bibliometric Analysis with VOSviewer,EXCLUDE,not a study; bibliometric mapping,1,W7171963404
W7171979756,10.58812/wsiss.v4i03.2983,2026,The Influence of Religiosity and Digital Literacy on Anti-Religious Misinformation Behavior Among Social Media Users in Indonesia,MAYBE,survey of self-reported disinformation-sharing behaviour,1,W7171979756
W7171990495,10.51244/ijrsi.2026.1307000117,2026,Blockchain-Based Multimodal Misinformation Detection System,EXCLUDE,detection/classifier; multimodal misinformation detection,1,W7171990495
W7171997627,10.3389/fpubh.2026.1910815,2026,Beyond chatbots: generative AI as public health infrastructure and a new Digital Social Determinant of Health,EXCLUDE,review/commentary; perspective on generative AI in public health,1,W7171997627
W7171998306,10.62643/ijerst.2026.v22.n3.4174,2026,Hybrid Lexicon-Driven News Threat Detection Using Random Forest and XGBoost Models,EXCLUDE,detection/classifier; news threat detection models,1,W7171998306
W7172002962,10.1186/s12913-026-15272-w,2026,"Frontline experiences in responding to health misinformation: perspectives of health educators in Lagos State, Nigeria",EXCLUDE,no audience denominator; qualitative interviews with health educators,1,W7172002962
W7172009504,10.53348/jsst2st8,2026,AI Deep Trace RealAI Deep Trace Real-Time Video Deepfake Detection in War Zones: Case Study – Sudan War(Khart oum),EXCLUDE,detection/classifier; real-time deepfake detection,1,W7172009504
W7172032510,10.1007/s11135-026-03018-z,2026,Adaptive networked control of misinformation epidemics: safety and usability trade-offs with resilient estimation,EXCLUDE,off-topic; control-theoretic modelling of misinformation spread,1,W7172032510
W7172108310,10.5281/zenodo.21735066,2026,"Digital Media, Society, and Democratic Accountability: Opportunities and Challenges in the Digital Age""",EXCLUDE,review/commentary; digital media and democratic accountability,2,W7172108310;W7172124486
W7172136239,10.67295/jis.v6i3.360,2026,HYBRID DEEP LEARNING FRAMEWORK FOR ACCURATE DETECTION OF BIASED NEWS TO PROMOTE TRUSTWORTHY INFORMATION CONSUMPTION,EXCLUDE,detection/classifier,1,W7172136239
W7172171654,10.70716/justin.v2i2.385,2026,Deepfake Technology and Electoral Integrity: A Socio-Legal Analysis of Digital Manipulation and Democratic Rights in Indonesia,EXCLUDE,review/commentary; qualitative socio-legal analysis,1,W7172171654
W7172201378,10.24818/ea/2026/73/958,2026,The Impact of Fake News on Consumer Trust in Fast-Food Restaurants: Perceptions of Young People in Bucharest,MAYBE,"survey of perceived fake news influence, share unclear",1,W7172201378
W7172212542,10.47467/dawatuna.v6i4.12782,2026,Media Digital sebagai Ruang Partisipasi Politik: Analisis Gerakan #IndonesiaGelap 2025 dan Diskursus Program Makan Bergizi Gratis (MBG) pada Era Pemerintahan Prabowo–Gibran,EXCLUDE,off-topic; qualitative political participation study,1,W7172212542
W7172263534,10.1080/03601277.2026.2709671,2026,The effect of digital literacy training for women in menopause on health literacy and quality of life: A randomized controlled trial,EXCLUDE,intervention/experiment only,1,W7172263534
W7172267906,10.1016/j.eswa.2026.133847,2026,Turkish and English disinformation detection using deep learning and large language models: Introducing the Dogrulamac dataset,EXCLUDE,detection/classifier,1,W7172267906
W7172294287,10.51878/social.v6i3.13647,2026,PENGARUH PENGGUNAAN MEDIA SOSIAL BERMUATAN INTOLERAN TERHADAP SIKAP TOLERANSI MAHASISWA PPKn UNIVERSITAS TANJUNGPURA,MAYBE,may report share of students encountering intolerant/false content,1,W7172294287
W7172315805,10.5281/zenodo.21766144,2026,Technological Innovations and Religious Proselytization: A Study of Selected Denominations in Port Harcourt,EXCLUDE,off-topic; religious proselytization survey,2,W7172315805;W7172317505
W7172338269,10.47772/ijriss.2026.100700353,2026,The Role of Social Media as a Platform for Citizen Journalism in Sri Lanka,MAYBE,citizen journalism survey may report misinformation encounter share,1,W7172338269
W7172397351,10.25303/199da1090116,2026,Combating Misinformation through Local Capacity Building in Community-based Disaster Risk Management (CBDRM),EXCLUDE,review/commentary; qualitative evidence synthesis,1,W7172397351
W7172407093,10.55041/ijsrem66495,2026,Social Media and Financial Influencers: Their Impact on Investment Decision-Making Among Young Investors,EXCLUDE,"off-topic; investment decision-making, no misinformation measure",1,W7172407093
W7172411772,10.5281/zenodo.21786547,2026,Gold Signals: The Ultimate Guide to Profitable Gold Trading in 2026,EXCLUDE,not a study; trading guide,2,W7172411772;W7172443871
W7172412031,10.38124/ijisrt/26jul1352,2026,Fake News Detection Using Machine Learning and LLM Embeddings: A Comparative Study of TF-IDF and BERT Representations on the Welfake Dataset,EXCLUDE,detection/classifier,1,W7172412031
W7172414051,10.24198/jkj.v10i1.68229,2026,"Digital Media, Public Pressure, and Corruption Exposure: An Investigative Journalism Perspective",EXCLUDE,off-topic; qualitative case study of corruption journalism,1,W7172414051
W7172418897,10.1038/s41558-026-02680-3,2026,Social media and the changing landscape of climate change communication,MAYBE,no abstract; climate communication piece may report misinformation prevalence,1,W7172418897
W7172421332,10.5281/zenodo.21798411,2026,Adapting to the Digital Tide: New Media Proliferation and the Future Sustainability of Traditional Media in Nigeria,EXCLUDE,review/commentary; literature review,2,W7172421332;W7172471958
W7172423823,10.32604/cmc.2026.086118,2026,Sparse Structural Knowledge Enhanced Graph Neural Networks for Anomaly Detection in Social Networks,EXCLUDE,detection/classifier,1,W7172423823
W7172426320,10.1007/s11416-026-00658-5,2026,A multi-branch hierarchical framework for counterfeit image manipulation localization using noise and frequency features,EXCLUDE,detection/classifier,1,W7172426320
W7172490659,10.24818/ea/2026/73/880,2026,Between Social Media Misinformation and AI Assistance: Mechanisms Shaping Purchase Intention for Sustainable Food Products,MAYBE,perceived social media misinformation measured in consumer survey,1,W7172490659
W7172524440,10.24818/ea/2026/73/940,2026,Informational Sustainability – An Analysis Regarding the Impact of Fake News Phenomenon on Decision-Making and Consumer Behavior,INCLUDE,survey n=1064 measuring self-reported exposure to fake news,1,W7172524440
W7172527398,10.1007/s43545-026-01610-6,2026,Cyber social relationships under threat: a case study of cyberbullying adversities in Indian education and family environment,EXCLUDE,off-topic; cyberbullying,1,W7172527398
W7172531083,10.3390/philosophies11040137,2026,Ethics of Responsibility in the Contemporary World,EXCLUDE,review/commentary; philosophy essay,1,W7172531083
W7172534227,10.24818/ea/2026/73/901,2026,Impact of Fake News on Sustainable Apparel Consumption through Social Media,MAYBE,consumer survey n=539 on fake news exposure via social media,1,W7172534227
W7172541068,10.1177/16094069261464498,2026,Assessing Local Experiences of Health Phenomena: A Methodology for Social Media Surveillance in Public Health,MAYBE,social media surveillance projects may report misinformation content share,1,W7172541068
W7196928659,10.1016/j.cmi.2026.07.052,2026,"Practical applications of artificial intelligence in infectious disease surveillance and control: opportunities, challenges, and ethical considerations",EXCLUDE,review/commentary,1,W7196928659
W7196940724,10.4238/wytd7389,2026,"FROM TABOO TO TRENDING: THE TRANSFORMATION OF MENSTRUATION DISCOURSE IN INDIA’S DIGITAL MEDIA LANDSCAPE, 2000–2026",EXCLUDE,review/commentary,1,W7196940724
W7196943447,10.1007/s13178-026-01404-8,2026,"Data Protection, Privacy and Reproductive Rights in Femtech: Evidence from Play Store User Reviews",EXCLUDE,off-topic; privacy in femtech apps,1,W7196943447
W7196954847,10.1016/j.pedn.2026.07.065,2026,Patterns and factors associated with social media use among parents of children with cancer: A cross-sectional study,MAYBE,no abstract; parental social media use survey may measure misinformation encounter,1,W7196954847
W7196956359,10.5281/zenodo.21822174,2026,An Intelligent Framework For Real-Time Disaster Detection Using Geo-Spatial Social Media Analytics,EXCLUDE,detection/classifier,2,W7196956359;W7196986348
W7196995944,10.3389/fcomm.2026.1894103,2026,Artificial intelligence in news analysis: social and ethical implications for media practice,EXCLUDE,no audience denominator; expert interviews,1,W7196995944
W7197012240,10.56201/jhsp.vol.12.no7.2026.pg58.69,2026,Social Media Misinformation and Electoral Violence in Nigeria,EXCLUDE,no audience denominator; qualitative secondary-source study,1,W7197012240
W7197018590,10.55544/ijrah.6.4.36,2026,"Democratic Transformation in 21st Century India: Trends, Challenges and Emerging Dimensions",EXCLUDE,off-topic; Indian democracy overview,1,W7197018590
W7197041162,10.69554/axrm4958,2026,Decision integrity under attack: Artificial intelligence and the future of business continuity planning,EXCLUDE,off-topic; business continuity planning,1,W7197041162
W7200470570,,2026,Cyber resilience of military communication and command systems under hybrid attacks,EXCLUDE,off-topic; military cyber resilience,1,W7200470570
W7201832152,10.5281/zenodo.21831627,2026,Digital Storytelling in Indian Tourism: Challenges and Opportunities for Viksit Bharat 2047,EXCLUDE,off-topic; tourism storytelling,4,W7201832152;W7201835186;W7202128441;W7202131991
W7201873767,10.24271/psr.2026.572198.2565,2026,Real-Time Bot Detection on XCorp: Enhanced Feature Engineering with Apache Spark,EXCLUDE,detection/classifier; bot detection,1,W7201873767
W7201881328,10.3390/math14162862,2026,"A Stochastic Duplex SEIR Model on Heterogeneous Networks: Threshold Dynamics, Stationary Distribution, and Wasserstein Robust Control",EXCLUDE,no audience denominator; epidemic-style simulation model,1,W7201881328
W7201887790,10.51889/2959-6270.2026.94.2.008,2026,MEDIA EDUCATION AND DIGITAL MEDIA SECURITY OF KAZAKHSTANI YOUTH,EXCLUDE,review/commentary; conceptual media education paper,1,W7201887790
W7201920245,,2026,Cuentas falsas y manipulación política: análisis temático y de sentimientos en Indonesia,MAYBE,"content analysis of 8,102 fake-account posts, share of divisive content",1,W7201920245
W7201956871,10.5281/zenodo.21851682,2026,"DEEPFAKE TECHNOLOGY AND CYBER LAW: PROTECTING PRIVACY, DEMOCRACY, AND DIGITAL TRUST",EXCLUDE,review/commentary; legal analysis,2,W7201956871;W7201982546
W7201958593,10.1177/27523543261474890,2026,A Study of User-Focused Design Interventions to Counter Misinformation on Social Media,EXCLUDE,intervention/experiment only; interface nudges,1,W7201958593
W7202034026,10.36312/educatoria.v6i3.1491,2026,Analisis Penggunaan TikTok terhadap Pola Pencarian Informasi Digital pada Mahasiswa Sekolah Vokasi,EXCLUDE,no audience denominator; qualitative interviews,1,W7202034026
W7202034667,10.36948/ijfmr.2026.v08i04.85438,2026,The Role Of Social Media In Shaping Voting Behaviour In India: Opportunities And Challenges,EXCLUDE,review/commentary; argumentative paper,1,W7202034667
W7202038067,10.47521/selodangmayang.v12i2.606,2026,PENGUATAN TATA KELOLA KELEMBAGAAN DATA SPASIAL DAERAH: STRATEGI OPTIMALISASI PEMANFAATAN PLATFORM INHIL SATU PETA (INSAP) DALAM PERENCANAAN PEMBANGUNAN KABUPATEN INDRAGIRI HILIR,EXCLUDE,off-topic; spatial data governance,1,W7202038067
W7202039231,10.3389/frsus.2026.1854273,2026,Data platform openness and corporate greenwashing: empirical evidence from listed companies in China,EXCLUDE,off-topic; corporate greenwashing,1,W7202039231
W7202045050,10.61445/tofedu.v5i3.2186,2026,The Influence of Social Media on Students’ Vocabulary Mastery,EXCLUDE,off-topic; vocabulary learning,1,W7202045050
W7202085522,10.3389/fpubh.2026.1915580,2026,"When institutions, technologies, and platforms co-evolve: a triadic co-evolutionary framework for public health governance in regulated digital service industries",EXCLUDE,review/commentary; theory-building case analysis,1,W7202085522
W7202114185,10.5281/zenodo.21873924,2026,"SOCIAL MEDIA AND CRIME PREVENTION IN DEKINA LOCAL GOVERNMENT AREA OF KOGI STATE, NIGERIA",EXCLUDE,off-topic; crime prevention survey,2,W7202114185;W7202147259
W7202133331,10.66490/jajolls.2026.v10.i2.014,2026,Sociolinguistic implications of Multilingualism on Artificial intelligence and Insecurity Issues in Nigeria,EXCLUDE,off-topic; multilingualism and AI security,1,W7202133331
W7202157236,10.1186/s12889-026-28721-2,2026,"Online health information seeking, verification behaviour, and misinformation perceptions among adults with chronic disease in Saudi Arabia: a structural equation modelling study",INCLUDE,survey n=740 measuring misinformation exposure/perception,1,W7202157236
W7202160969,10.56201/ijemt.vol.12.no7.2026.pg116.126,2026,Evaluation of the Use of Social Media for the Dissemination of Safety Information in the Oil and Gas Industry in Port Harcourt,EXCLUDE,off-topic; workplace safety messaging,1,W7202160969
W7202170128,10.58216/kjri.v2025i1.631,2026,"The Role of Artificial Intelligence in News Gathering and Dissemination: Opportunities, Challenges, and Ethical Imperatives",EXCLUDE,review/commentary; AI in journalism,1,W7202170128
W7202201769,10.63996/njte.v25i2.94,2026,AI in TVET Education: Opinions of Various Stakeholders in Nigerian Education System,EXCLUDE,off-topic; stakeholder opinions on AI in education,1,W7202201769
W7202204416,10.70917/ijcisim-2026-4090,2026,Cyberpolitics in the Transformation of Political Communication and Digital Democracy in Indonesia,EXCLUDE,review/commentary; thematic literature analysis,1,W7202204416
W7202204614,10.23900/artefactum.v25i6.3586,2026,"GENERATIVE ARTIFICIAL INTELLIGENCE IN SOCIETY: POTENTIALS, RISKS AND RESPONSIBLE GOVERNANCE",EXCLUDE,review/commentary; integrative review,1,W7202204614
W7202244735,10.5281/zenodo.21907736,2026,"Mapping Kremlin Propaganda Narratives, Operational Mechanics, and Counter-Intelligence Matrices",MAYBE,OSINT assessment cites share of Canadians exposed to propaganda,2,W7202244735;W7202298450
W7202252998,10.5281/zenodo.21907265,2026,CANADIAN PROPAGANDA VECTORS INTELLIGENCE MAP & TACTICAL ASSESSMENT,EXCLUDE,review/commentary; synthesis of threat assessments,2,W7202252998;W7202299653
W7202254937,10.36948/ijfmr.2026.v08i04.85210,2026,Digital Democracy and Electoral Integrity: Regulating Social Media Influence in Developed and Developing Societies,MAYBE,mixed-methods incl. survey and social media content analysis,1,W7202254937
W7202256422,10.70917/ijcisim-2026-4565,2026,"Unified Multimodal Misinformation Detection Model Based on EfficientNet-B0, BERT and Stack Ensemble",EXCLUDE,detection/classifier,1,W7202256422
W7202262417,10.70917/ijcisim-2026-4570,2026,DIGITAL POLITICAL ENGAGEMENT AMONG FIRST-TIME AND EXPERIENCED VOTERS: EVIDENCE FROM TAMIL NADU,EXCLUDE,"off-topic; political engagement, no misinformation measure",1,W7202262417
W7202265085,10.3389/fpubh.2026.1847906,2026,Medical statistics education in the big data era: focusing on critical thinking and ethical competence,EXCLUDE,off-topic; statistics education,1,W7202265085
W7202278760,10.64726/ttg52521,2026,"Repositioning library and information science education in Africa for moral development, peace building, entrepreneurial growth, and digital transformation: A scoping review (2016–2026)",EXCLUDE,review/commentary; scoping review of LIS education,1,W7202278760
W7202287905,10.1140/epjds/s13688-026-00686-7,2026,The Schwurbelarchiv: a German-language dataset derived from multimodal Telegram content for the study of conspiracy theories,EXCLUDE,not a study; dataset paper,1,W7202287905
W7202343442,10.1080/1683478x.2026.2713909,2026,Political subjectivity and everyday citizenship in Medan coffee shops: a phenomenological ethnography of Generation Z,EXCLUDE,no audience denominator; ethnography,1,W7202343442
W7202379435,10.24198/inf.v6i3.71629,2026,Information-seeking behaviour of students at the Medan Polytechnic of Health Sciences,EXCLUDE,no audience denominator; qualitative case study of 7 students,1,W7202379435
W7202391351,10.17645/mac.12018,2026,Twi-XL: An Infrastructure for Cross-Media Research in the Netherlands,EXCLUDE,tool; research infrastructure paper,1,W7202391351
W7202392377,10.36349/djhs.2026.v04i01.005,2026,The Role of Indigenous Communication in Preventing Ethno-religious Conflict in Hausa Society,EXCLUDE,no audience denominator; qualitative peace-building study,1,W7202392377
W7203444883,10.58216/kjri.v2025i1.659,2026,"Deepfake in Kenyan Media Landscape: Assessing Awareness, Detection Capacity, and Training Needs among Communication Practitioners",MAYBE,practitioner survey may report deepfake encounter/identification share,1,W7203444883
W7203447167,10.70917/ijcisim-2026-4618,2026,Social Media Fake news detection Utilizing a variety of datasets with probabilistic latent semantic analysis & k-means algorithms,EXCLUDE,detection/classifier,1,W7203447167
W7203463934,10.2196/93910,2026,Development and Preliminary Evaluation of the OCODES Digital Strategy in Response to Health Misinformation: Nominal Group Technique and Retrospective Usability Evaluation Study,EXCLUDE,intervention/tool; literacy platform development,1,W7203463934
W7203484780,10.56975/ijedr.v14i3.309070,2026,Explainable AI-Based Multilingual Fake Job Detection Using Transformer Models for Indian Recruitment Platform,EXCLUDE,detection/classifier; fake job ads,1,W7203484780
W7203534536,10.5281/zenodo.21941168,2026,The Effect of Political Communication on Voters' Behaviour in the 2023 Presidential Election in Nigeria,EXCLUDE,"off-topic; voter behaviour survey, no misinformation measure",2,W7203534536;W7203549817
W7203541998,10.1016/j.agsy.2026.104933,2026,When the advisor is an algorithm: governing agri-food knowledge in the age of AI and misinformation,EXCLUDE,review/commentary; conceptual perspective,1,W7203541998
W7203548458,10.5281/zenodo.21944365,2026,The Influence of Social Media on Youth Voting Behaviour in Ilorin West Local Government Area during the 2023 Kwara State Gubernatorial Election,MAYBE,voter survey reporting misinformation among findings,2,W7203548458;W7203558454
W7203574707,10.11594/ijmaber.07.07.21,2026,Navigating the Infodemic: A Bibliometric Analysis of Media Literacy Research in the Social Media Landscape,EXCLUDE,review/commentary; bibliometric analysis,1,W7203574707
W7203575225,10.5281/zenodo.21963628,2026,E-Governance and Digital Transformation of Politics,EXCLUDE,review/commentary; conceptual e-governance paper,2,W7203575225;W7203580674
W7203578707,10.25726/j2589-9037-6347-b,2026,Стилистические девиации как маркер человеческого письма: сопоставительный анализ текстов на материале корпуса CoAT,EXCLUDE,off-topic; stylistic human-vs-machine text analysis,1,W7203578707
W7203596379,10.5281/zenodo.21985299,2026,Policy Institutionalization in Governance and Citizens Acceptance Perception: Examining the Trust Signals in Government Policy Communication and Institutional Credibility,EXCLUDE,off-topic; secondary-data governance analysis,2,W7203596379;W7203650378
W7203608025,10.47297/wspciwsp2516-252734.20261003,2026,Information Cocoons and Rumor Propagation Detection Using Graph Neural Networks,EXCLUDE,detection/classifier; rumour detection,1,W7203608025
W7203610352,10.59573/emsj.10(3).2026.38,2026,The Impact of Social Media on Identity Formation and Cultural Practices in Cameroon: A Qualitative Anthropological Study in Urban and Semi-Urban Cameroon,EXCLUDE,no audience denominator; qualitative ethnography,1,W7203610352
W7203617841,10.1111/hex.70826,2026,"Public‐Facing Short Videos on Paediatric General Anaesthesia and Child Neurodevelopment: Quality, Misinformation and Implications for Parent‐Centred Risk Communication",INCLUDE,"95 short videos coded, misinformation in 53.7%",1,W7203617841
W7203624026,10.70610/ja.1305,2026,Utilization of Artificial Intelligence in Islamic Religious Education Learning,EXCLUDE,off-topic; AI in religious education,1,W7203624026
W7203628660,10.64540/deva2152,2026,"Islam, Science, and Technology: Muhammadiyah’s Progressive Islamic Perspective on Digital Transformation",EXCLUDE,review/commentary; conceptual Islamic epistemology paper,1,W7203628660
W7203636978,10.1080/15205436.2026.2714434,2026,“A Necessary Evil”: The Appeal of TikTok and the Emergence of the Conflicted User,EXCLUDE,"off-topic; TikTok use motivations, no exposure measure",1,W7203636978
W7203664307,10.55737/trt/v-v.300,2026,The Role of Artificial Intelligence in Combating Climate Change Misinformation Across Digital Media Platforms,MAYBE,survey n=300 with self-reported weekly climate misinformation exposure,1,W7203664307
W7203666829,10.9717/kmms.2026.29.7.1046,2026,A Blockchain-Based Data Integrity Verification Model for Multi-Edge AI Agent,EXCLUDE,off-topic; blockchain data integrity,1,W7203666829
W7203675697,10.5281/zenodo.21988762,2026,Digital Crisis Communication and Organisational Resilience in Nigeria: Analysis of Stakeholder Engagement and Reputation Recovery,EXCLUDE,review/commentary; secondary-data crisis communication analysis,2,W7203675697;W7203722228
W7203698091,10.3389/fdgth.2026.1883306,2026,Social Media engagement and perceived social isolation among older adults in a changing digital environment: evidence from HINTS 2022–2024,EXCLUDE,"off-topic; social isolation outcome, no misinformation measure",1,W7203698091
W7203705795,10.33545/26646021.2026.v8.i8b.1237,2026,Impact of Social Media on Electoral Politics in India,EXCLUDE,review/commentary; systematic literature review,1,W7203705795
W7203711254,10.56201/ijrcp.vol.11.no5.2026.pg1.17,2026,"Christian Preaching Across Ages: Transformation, Challenges, and Prospects",EXCLUDE,off-topic; history of Christian preaching,1,W7203711254
W7203732398,10.34778/a48xn206,2026,Dialect Gloss,EXCLUDE,tool; methods variable definition entry,1,W7203732398
W7203756749,10.1080/03772063.2026.2716839,2026,Leveraging AI to Detect Facial and Vocal Manipulations in Deepfake and Propaganda Media,EXCLUDE,detection/classifier; deepfake detection,1,W7203756749
W7203781392,10.51584/ijrias.2026.11070193,2026,Reclaiming the Timeline: Redirecting Benue Youths' Social Media Engagement from Political Antagonism Toward Constructive Economic Empowerment,EXCLUDE,"off-topic; youth social media engagement, no misinformation measure",1,W7203781392
W7203793517,10.55041/ijcope.v2i8.147,2026,"A Modular Multimodal Framework for Automated Misinformation Investigation: Integrating OCR, NLP, Vision-Language Captioning, and Speech Analysis for Evidence-Based Trust Scoring",EXCLUDE,tool; automated misinformation investigation platform,1,W7203793517
W7203821666,10.33411/ijist/1945,2026,MUETHUB: A Web App for University Communication and Collaboration,EXCLUDE,tool; university communication web app,1,W7203821666
W7203824328,10.11648/j.pbs.20261504.14,2026,"WhatsApp, TikTok, and Anonymous Advice: Online Support Ecologies for Youth Wellbeing in Kenya",MAYBE,mixed-methods youth survey plus content analysis of online advice,1,W7203824328
W7203830152,10.69693/ijim.v4i3.2107,2026,Democracy under Algorithmic Power: Governmentality and Control in The Digital Public Sphere,EXCLUDE,review/commentary; qualitative literature analysis,1,W7203830152
W7203835590,10.31620/jccc.06.26/16,2026,Misinformation and the Erosion of Media Credibility: Analyzing the Rise of Social Media as a News Source,INCLUDE,survey n=100 reporting frequency of exposure to fake news,1,W7203835590
W7203836436,10.56293/ijasr.2026.7210,2026,Impact of Social Media on Political Mobilization in Somalia: Opportunities and Challenges,MAYBE,survey n=216 may report share citing misinformation exposure,1,W7203836436
W7203838884,10.31620/jccc.06.26/07,2026,Platform Affordances and Political Polarisation: Understanding Disinformation Exposure on Instagram in the Indian Context,INCLUDE,survey n=572 measuring perceived disinformation exposure on Instagram,1,W7203838884
W7203841048,10.1093/ajhp/zxag229,2026,2026 Joint Address from the ASHP President and the Chief Executive Officer,EXCLUDE,not a study; association address,1,W7203841048
W7203866196,10.1016/j.teler.2026.100362,2026,Explaining information verification behavior among Generation Z on social media: integrating the comprehensive action determination model and social identity theory,EXCLUDE,verification-behaviour predictors; no exposure or sharing share,1,W7203866196
W7203892961,10.1186/s12889-026-29057-7,2026,"Post-introduction evaluation of COVID-19 vaccine deployment in Ghana: lessons learnt to inform future new vaccine introductions and strengthen public health readiness, 2023",EXCLUDE,off-topic: vaccine deployment evaluation,1,W7203892961
W7203897742,10.1139/apnm-2025-0414,2026,Body Image in the Digital Age: Social Media's Double-Edged Impact on Self-Perception and Dietary Behavior,EXCLUDE,review/commentary on body image and diet,1,W7203897742
W7203926949,10.63371/ic.v5.n3.a1510,2026,"El Corazón Operativo de la Democracia: Las tres Soluciones Informáticas de la Jornada Electoral, del Cierre de Urnas al Resultado, en América Latina (2015–2026)",EXCLUDE,off-topic: electoral IT systems,1,W7203926949
W7203929779,10.18420/muc2026-mci-src-274,2026,"Kritisches Lesen im digitalen Raum: Unterstützung von Erstwähler*innen beim Umgang mit Desinformation durch die KI-Browsererweiterung ""KonCheck-School""",EXCLUDE,"tool: AI browser extension, qualitative",1,W7203929779
W7203940569,10.64388/irev9i12-1722451,2026,Influence of Mass Media Health Messages On Healthy Lifestyle Practices Among Youths in Enugu State,EXCLUDE,"exposure to health messages, not misinformation",1,W7203940569
W7203954284,10.1080/1369118x.2026.2713663,2026,Influence operations 2.0: the evolution of social media manipulation in Southeast Asia,EXCLUDE,no audience denominator; interviews with IO operatives,1,W7203954284
W7203967305,10.47191/ijsshr/v9-i8-54,2026,"Globalisation, Social Media Ecosystem and Cyber-Delinquency: A Sociological Inquiry of Delinquency in Lucknow, India",EXCLUDE,"off-topic: cyber-delinquency, qualitative",2,W7203967305;W7204006766
W7203985621,10.23900/artefactum.v25i7.3683,2026,"A CASE STUDY OF THE CHALLENGES FACED BY THE IMPERIAL BAPTIST CHURCH IN PREACHING THE GOSPEL AND RETAINING ITS MEMBERS DURING THE PANDEMIC, USING FACEBOOK",EXCLUDE,off-topic: church Facebook case study,1,W7203985621
W7204001488,10.63371/ic.v5.n3.a1518,2026,Después del Último Voto: Las dos Soluciones Informáticas Post-Electorales como Guardianas del Resultado Oficial en América Latina (2015–2026),EXCLUDE,off-topic: post-electoral IT systems,1,W7204001488
W7204001752,10.59543/jidmis.v3.2117,2026,4HAN: An Enhanced Neural Network for Fake News Detection using Hypergraph,EXCLUDE,detection/classifier,1,W7204001752
W7204023230,10.56808/2586-940x.1214,2026,Mobile Health (mHealth) Interventions to Promote Exclusive Breastfeeding in Low-Income Communities: A Scoping Review,EXCLUDE,"intervention scoping review, breastfeeding",1,W7204023230
W7204031045,10.47524/jicmr.v2i2.15,2026,"Digital paradox: How social media communication enables and undermines entrepreneurial intentions among tertiary institution students in Lagos State, Nigeria",EXCLUDE,off-topic: entrepreneurial intentions,1,W7204031045
W7204093207,10.59944/amorti.v5i1.773,2026,Transformation of Political Campaigns in the Digital Era: Case Studies of Indonesia and Spain,EXCLUDE,no audience denominator; comparative campaign essay,1,W7204093207
W7204098285,10.5406/26428652.94.3.04,2026,Robert G. Sanderson: Utah's Deaf Community Advocate,EXCLUDE,off-topic: biography,1,W7204098285
W7204099571,10.1016/j.cosust.2026.101723,2026,Ethical and governance frontiers in big data for climate resilience,EXCLUDE,non-empirical conceptual framework,1,W7204099571
W7204108311,10.4103/ijciis.ijciis_43_26,2026,"Adoption, perceived value, and barriers to generative artificial intelligence in emergency medicine: A cross-sectional survey of Latin American clinicians",EXCLUDE,"perceived AI risks only, no misinformation exposure share",1,W7204108311
W7204116399,10.1177/23779608261478991,2026,Social Media Utilization and Its Influence on Maternity Care Decision-Making and Childbirth Experiences among Omani Women,EXCLUDE,"social media use for maternity info, no misinformation measure",1,W7204116399
W7204124763,10.59944/amorti.v5i1.782,2026,Rationality in Digital Da‘wah: Reconstructing Islamic Religious Education Through Social Media,EXCLUDE,off-topic: religious education netnography,1,W7204124763
W7204136707,10.71085/rjhsa.04.02.81,2026,Impact of Social Media on Voting Behavior in Pakistan: A Case Study of 2024 Elections,MAYBE,student survey may report misinformation encounter share,1,W7204136707
W7204153783,10.2298/zmsdn2698183d,2026,"Institutionalizing liquid democracy: Scope, limits and application of the liquid assembly model",EXCLUDE,non-empirical democratic theory,1,W7204153783
W7204160883,10.38124/ijisrt/26jul356,2026,"Barriers and Enablers to COVID-19 Prevention Behaviours and Vaccine Uptake in Five Districts of Southern Province, Zambia: A Barrier Analysis Study in Sinazongwe, Pemba, Monze and Kalomo",EXCLUDE,"belief in vaccine myths only, no exposure measure",1,W7204160883
W7204160964,10.32628/cseit26124231,2026,Deepguardnet: A Resnet-Based Hybrid Framework for Intelligent Deepfake Image and Video Authentication,EXCLUDE,detection/classifier: deepfake authentication,3,W7204160964;W7204192843;W7204214515
W7204169053,10.5281/zenodo.22101118,2026,Digital Masculinity and Scientific Authority: Computational Analysis of Health Misinformation in Turkish and Macedonian Online Forums,MAYBE,computational analysis of health misinformation in forums; prevalence unclear,2,W7204169053;W7204209630
W7204175727,10.5281/zenodo.22097118,2026,REGULATING THE DIGITAL FRONTIER: LEGAL FRAMEWORKS FOR ADDRESSING MODERN CHALLENGES IN POLITICAL MARKETING AND INFORMATION INTEGRITY,EXCLUDE,non-empirical legal analysis,2,W7204175727;W7204191665
W7204180776,10.55737/qjss.vii-iv.26597,2026,"A Study of Social Media and its Impact on Fourth Wave Feminism in Punjab, Pakistan",EXCLUDE,"off-topic: feminism, qualitative interviews",1,W7204180776
W7204197426,10.66104/zm4sw580,2026,"PROTEÇÃO DA CONFIANÇA NO CONSTITUCIONALISMO DIGITAL ELEITORAL: coerência institucional, inteligência artificial e plataformas digitais",EXCLUDE,non-empirical legal analysis,1,W7204197426
W7204221588,10.5377/rlpc.v7i14.23300,2026,Crisis institucional y disputa por el relato en Guatemala: análisis triangulado del discurso digital y la dieta mediática en la elección de la Corte de Constitucionalidad,MAYBE,135 posts analysed; disinformation share possible,1,W7204221588
W7204224132,10.67914/jaacs/rsa/2.1/1-11,2026,"Impact of Internet on Nigerian Student Transformation: A Case Study of Ladoke Akintola University of Technology, Ogbomoso, Nigeria",EXCLUDE,off-topic: internet use by students,1,W7204224132
W7204225240,10.63380/esj.v4n2.2026.409,2026,De la tinta al algoritmo: la transición hacia el periodismo hipermedia en Ecuador (2023-2026),EXCLUDE,no audience denominator; documentary journalism study,2,W7204225240;W7209150586
W7204231863,10.56975/tijer.v13i8.163816,2026,DIGITAL CLASSROOMS: TRANSFORMING THE FUTURE OF MEDIA EDUCATION IN INDIA,EXCLUDE,off-topic: digital classrooms,1,W7204231863
W7204243733,10.56315/pscf9-26ocallaghan,2026,AI Shepherds and Electric Sheep: Leading and Teaching in the Age of Artificial Intelligence,EXCLUDE,not a study: book review,1,W7204243733
W7204253215,10.1016/j.jfscie.2026.100081,2026,The reliability of answers about root canal retreatment provided by artificial intelligence chatbots,MAYBE,100 chatbot answers scored incl. lack-of-misinformation dimension,1,W7204253215
W7204264465,10.36719/2663-4619/129/7-17,2026,The Legal Dimensions of International Media Campaigns: A Case Analysis on Broadcasting Policies,EXCLUDE,non-empirical legal case analysis,1,W7204264465
W7204274232,10.3389/fpsyg.2026.1900098,2026,"Political identity, algorithmic news exposure, and trust in digital media: the sequential mediating associations of motivated reasoning and misinformation susceptibility",EXCLUDE,"misinformation susceptibility/belief only, no exposure share",1,W7204274232
W7204437628,10.1007/s10791-026-10509-y,2026,System level governance of generative AI risks in cross border e-commerce supply chains,EXCLUDE,review/commentary: GenAI risk taxonomy,1,W7204437628
W7204444466,10.1007/s43538-026-00885-w,2026,Patent trends in automated fact-checking systems and their relevance to India’s digital information ecosystem,EXCLUDE,tool: patent-trend analysis of fact-checking systems,1,W7204444466
W7204452824,10.63380/irj.v4n2.2026.410,2026,"El nuevo periodismo en Ecuador: redes sociales, influenciadores y lenguaje digital (2020-2025)",MAYBE,documentary study citing secondary misinformation incidence data,2,W7204452824;W7209662531
W7204456402,10.53088/librarium.v3i2.3647,2026,Kesiapan Literasi Digital Mahasiswa dalam Menghadapi Disinformasi Digital,EXCLUDE,"digital literacy scores only, no exposure share",1,W7204456402
W7204497208,10.30574/ijsra.2026.20.2.1681,2026,"DIGITAL STORYTELLING AS A STRATEGIC TOOL FOR COUNTERING MISINFORMATION, HATE SPEECH, AND CONFLICT ESCALATION ONLINE",EXCLUDE,intervention: digital storytelling counter-messaging,1,W7204497208
W7204559185,10.36713/epra28932,2026,A STUDY OF DIGITAL MARKETING IN INDIA- OPPORTUNITIES AND CHALLENGES,EXCLUDE,off-topic: digital marketing,1,W7204559185
W7204568363,10.11648/j.ijpbs.20261103.11,2026,Trust and Misinformation in Youth Digital Mental Health Information-Seeking in Kenya: Implications for Diagnosis Accuracy and Treatment-Seeking Behavior,INCLUDE,survey of 412 youth; misinformation exposure prevalence patterns,1,W7204568363
W7204583300,10.1177/17506352261477688,2026,Truth under fire: A functional narrative typology of wartime fake news in digital media,EXCLUDE,no denominator: typology of already-verified fake posts,1,W7204583300
W7204601903,10.70470/medaad/2026/004,2026,The Erasure of Truth? Public Trust in News Media Amid the Proliferation of AI-Generated Video and Deepfakes,EXCLUDE,review/commentary: discourse analysis of deepfake trust,1,W7204601903
W7204608296,,2026,Evaluating the Clinical Utility of Large Language Models in Otolaryngology Patient Education,MAYBE,LLM answers scored for accuracy; scoring incomplete,1,W7204608296
W7204636270,10.5281/zenodo.22156747,2026,"OSINT Specialist: Technical Specifications, Instructions, and Operational Workflows",EXCLUDE,not a study: OSINT technical specification,2,W7204636270;W7204655935
W7204653594,10.70528/ijlrp.v7.i8.2367,2026,Digital Democracy and the Transformation of Political Participation in India: Emerging Trends and Democratic Challenges,EXCLUDE,no misinformation denominator; secondary-data essay,1,W7204653594
W7204661101,10.20901/ms.17.33.8,2026,Enhancing fact-checking with RAG and knowledge graphs,EXCLUDE,tool: RAG fact-checking system,1,W7204661101
W7204663630,10.32983/2222-4459-2026-6-86-95,2026,OSINT in Digital Analytical Infrastructure: From Open Data to Managerial Decision-Making,EXCLUDE,non-empirical: OSINT conceptual model,1,W7204663630
W7204664008,10.58578/alsys.v6i5.11910,2026,Media Sosial dan Minat Belajar Pendidikan Agama Islam Pelajar di Era Digital,EXCLUDE,off-topic: literature review on religious education,1,W7204664008
W7204693581,10.36948/ijfmr.2026.v08i04.86779,2026,Media Literacy in the Age of Misinformation: Challenges and Responsibilities of Journalism Education,EXCLUDE,non-empirical: conceptual review of journalism education,1,W7204693581
W7204716293,10.36948/ijfmr.2026.v08i04.86760,2026,"Social Media, Political Communication and Electoral Democracy in India: A Secondary-Source Analysis",EXCLUDE,no misinformation denominator; secondary-source analysis,1,W7204716293
W7204773383,10.46783/smart-scm/2026-38-8,2026,International information security in the context of the emergence of a global information society,EXCLUDE,non-empirical: information security theory,1,W7204773383
W7204775798,10.5281/zenodo.22190030,2026,Strengthening Digital Nutrition Literacy through Balanced Diet Education for Indonesian Women Migrant Workers in Malaysia,EXCLUDE,intervention: nutrition literacy training,2,W7204775798;W7204789713
W7204796552,10.59075/1kt7z257,2026,Whispers behind the Seal: Diplomatic Espionage and the Architecture of Narrative Influence,EXCLUDE,non-empirical: diplomacy and narrative influence essay,1,W7204796552
W7204831837,10.1177/2325967126s00290,2026,"Paper 32. Performance & Promises: A Social Media Review of Alleged Indications, Risks and Usage of “Peptides” in Musculoskeletal Health",MAYBE,content analysis of peptide posts; accuracy coding unclear,1,W7204831837
W7204843456,10.68086/nmsk9520,2026,"Integrating Volunteered Geographic Information into National Spatial Data Infrastructures: Opportunities, Data Quality Challenges, and Governance Implications in Nigeria",EXCLUDE,off-topic: geospatial data infrastructure,1,W7204843456
W7204847105,10.1007/s44354-026-00047-w,2026,Context-aware multimodal reasoning for explainable Bengali fake news detection using vision-language models,EXCLUDE,detection/classifier: Bengali fake news,1,W7204847105
W7204856675,10.3389/fpubh.2026.1931903,2026,"Health misinformation, digital health literacy, and attitudes toward science among university students: an exploratory cross-sectional survey",MAYBE,student survey on health misinformation; exposure share unclear,1,W7204856675
W7204858273,10.47772/ijriss.2026.1026edu0535,2026,Utilization of Artificial Intelligence on the Learning and Performance of Students: Implications for Teaching Strategy,EXCLUDE,off-topic: AI use and student performance,1,W7204858273
W7204858753,10.70917/ijcisim-2026-5336,2026,News Classification Using Hybrid Natural Language Processing Based Content Modelling with Machine Learning Methods,EXCLUDE,detection/classifier: news classification,1,W7204858753
W7204862665,10.1016/j.ssmhs.2026.100300,2026,"Awareness, knowledge, perception, and barriers to R21 malaria vaccine introduction in Northern Nigeria: A mixed-methods assessment among nurses in tertiary hospitals.",EXCLUDE,off-topic: vaccine awareness among nurses,1,W7204862665
W7204874726,10.1002/hpja.70243,2026,Navigating Social Media: Balancing Connectivity With Media Literacy to Combat Misinformation and Protect Mental Well‐Being,EXCLUDE,review/commentary: systematic review on literacy and well-being,1,W7204874726
W7204885443,10.66572/ejaamss.2026.v6.i2.37069,2026,Child Rights Protection in Cyberspace: Legal and Policy Perspectives,EXCLUDE,non-empirical: child rights legal analysis,1,W7204885443
W7204920001,10.31652/2411-2143-2026-57-192-201,2026,"Cognitive counteraction by the West to Russian information influence: mechanisms, policies, and instruments (2022–2025)",EXCLUDE,non-empirical: policy analysis of counter-disinformation,1,W7204920001
W7204932996,10.5281/zenodo.22226714,2026,"UTILIZATION OF DIGITAL COMMUNICATION PLATFORMS IN COMMUNITY POLICING FORUMS AND SECURITY MANAGEMENT IN NAIROBI CITY COUNTY, KENYA",EXCLUDE,off-topic: community policing communication,2,W7204932996;W7204959145
W7204933337,10.66572/gjocai.2026.v6.i6.24163,2026,Legal Implications of Deepfakes and Synthetic Media in the Digital Society,EXCLUDE,non-empirical: deepfake legal analysis,1,W7204933337
W7204936956,10.5281/zenodo.22231644,2026,EXPOSURE TO ONLINE NEWS PLATFORMS AND POLITICAL AWARENESS AMONG AUCHI POLYTECHNIC STUDENTS,MAYBE,student news-exposure survey; fake-news encounter share possible,2,W7204936956;W7204966291
W7204941126,10.3390/healthcare14172771,2026,"Social Media Use and Health: What We Have Known So Far, and What We Need to Investigate in the Future",EXCLUDE,review/commentary: social media and health,1,W7204941126
W7204948723,10.51967/tepian.v7i3.3929,2026,Analysis of Hoax News Propagation Patterns on Threads Using GCN-Based Structural Node Embedding,MAYBE,hoax propagation network; concentration of spreaders possible,1,W7204948723
W7204956473,10.1177/21582440261483277,2026,A Two-Phase Study on Restoring Trust After Deception: The Role of Apology Sincerity in Livestream Social Commerce,EXCLUDE,off-topic: livestream commerce trust repair,1,W7204956473
W7204960880,10.1016/j.nexres.2026.102379,2026,Cognitive Warfare Through Misinformation in 2025 Hybrid Conflicts: Psychological and Economic Impacts and the Model-Projected Effects of Layered AI–Human Interventions,MAYBE,no abstract; cognitive-warfare misinformation impacts may include exposure,1,W7204960880
W7204987982,10.64823/ijlpg.2601010,2026,"Deepfakes, Electoral Integrity, and Constitutional Democracy: Rethinking Freedom of Expression in the Digital Era",EXCLUDE,non-empirical: deepfake and electoral law analysis,1,W7204987982
W7206154508,10.47233/jkomdis.v6i2.2799,2026,Dampak Program Tular Nalar 3.0 Terhadap Ketanggapan Gen Z di Karawang dalam Menyikapi Hoaks,EXCLUDE,intervention: digital literacy program evaluation,1,W7206154508
W7206171350,10.1371/journal.pone.0355294,2026,"Understanding interpretations of credibility, health literacy and health information seeking in Black and South Asian ethnic communities in the United Kingdom: A qualitative study",EXCLUDE,"qualitative credibility study, no denominator",1,W7206171350
W7207555727,10.22161/ijels.v2.n3.12,2026,Evaluating the Convergence of Digital Information Literacy and Artificial Intelligence Competencies among Postgraduate Students: A Case Study of Uttar Banga Krishi Vishwavidyalaya,EXCLUDE,"digital/AI literacy competencies, no exposure share",1,W7207555727
W7207607455,10.5281/zenodo.22280367,2026,"A Study on Citizen Expectations and State Responses to Curb Spreading of Misinformation in India: Evidence from Public Opinion, Parliamentary Discourse and Policy Analysis",MAYBE,public opinion survey on misinformation; encounter item possible,2,W7207607455;W7207773913
W7207690060,10.5281/zenodo.22278508,2026,IMPACT OF SOCIAL MEDIA IN TOURISM PROMOTION: A STUDY IN MADHYA PRADESH,EXCLUDE,off-topic: tourism promotion,2,W7207690060;W7207807090
W7207698678,10.29329/jsomer.104,2026,"Conspiracy beliefs: the impact of social media, critical thinking, political beliefs, and paranoid ideation",EXCLUDE,"conspiracy belief endorsement only, no exposure share",1,W7207698678
W7207759136,10.1007/s00778-026-01003-4,2026,Efficient and cost-effective influence and blocker minimization,EXCLUDE,method/algorithm: influence minimisation,1,W7207759136
W7207781721,10.20370/2nn3-jm47,2026,Cybersecurity and Data Privacy Challenges in Nigeria’s Digital Media Ecosystem,EXCLUDE,review/commentary: cybersecurity and privacy synthesis,1,W7207781721
W7207920799,,2026,Voters Education and Electoral Fraud in the 2023 Presidential Election in Oyo State,INCLUDE,voter survey reports share encountering misinformation on social media,1,W7207920799
W7208715671,10.1002/hsr2.73192,2026,"Medication‐Related Information on Social Media: Exploring Public Trust, Perceptions of Credibility, and Influence on Behavior",INCLUDE,61.7% of 501 adults encountered false medication information,1,W7208715671
W7208722976,10.1016/j.ijmedinf.2026.106708,2026,"Health information seeking and digital tool engagement among diabetes patients: post-COVID-19 perspectives on trust, misinformation, and AI-Based MOH services",MAYBE,no abstract; diabetes patients survey on misinformation and trust,1,W7208722976
W7208729371,10.1016/j.jnc.2026.127436,2026,Crowdsourcing citizen science as a data source for the conservation of threatened species,EXCLUDE,off-topic: citizen science conservation data quality,1,W7208729371
W7208739764,10.5281/zenodo.22308147,2026,Rural Youth and Digital Democratic Engagement in India,EXCLUDE,"off-topic: rural youth civic engagement, secondary data",2,W7208739764;W7208787284
W7208761086,10.1007/s44163-026-01696-0,2026,Stop the spark detecting violence instigating Bangla text using ViolenceBanglaBERT,EXCLUDE,detection/classifier: violence-instigating Bangla text,1,W7208761086
W7208793414,10.36887/2415-8453-2026-3-47,2026,State information policy on internally displaced persons (idps): current challenges and directions for improvement,EXCLUDE,non-empirical: state information policy analysis,1,W7208793414
