eid,year,label,reason,title
2-s2.0-84938856871,2015,EXCLUDE,Network-structure analysis of diffusion dynamics; no prevalence/exposure denominator,Why Did False Rumors Diffuse after the 2011 Earthquake off the Pacific Coast of Tohoku? Impact Analysis of the Network Structure
2-s2.0-85192081358,2024,INCLUDE,Content prevalence: 14.8% of 54 YouTube videos misleading,Misinformation Persists in Complementary Health: Evaluating the Reliability and Quality of YouTube-Based Information on the Use of Acupuncture for Chronic Pain
2-s2.0-105014873250,2026,EXCLUDE,Theoretical diffusion-framework paper; no quantitative prevalence estimate,Cascading falsehoods: mapping the diffusion of misinformation in algorithmic environments
2-s2.0-85162034181,2020,MAYBE,"Reach of Russian trolls mentioned but abstract truncated, ambiguous",Russian Twitter disinformation campaigns reach across the American political spectrum
2-s2.0-85185460622,2024,EXCLUDE,"Survival analysis of rumor duration, not exposure/consumption prevalence",Survival analysis of the duration of rumors during the COVID-19 pandemic
2-s2.0-85119091975,2022,EXCLUDE,Graphlet classification method to detect misinfo communities; CS detection,Understanding the characteristics of COVID-19 misinformation communities through graphlet analysis
2-s2.0-105001918804,2024,EXCLUDE,"Lab experiment on astroturf message impact, not real-world prevalence",Astroturfing Exposed: Uncovering the Role of Astroturfing in Shaping Trust and Engagement Online
2-s2.0-105038018939,2026,EXCLUDE,Case study of flood narratives; no quantitative exposure estimate,"From Rainfall to Rumors: Interpreting the 2024 Bangladesh Floods Through Numbers, Narratives, and Information Gaps"
2-s2.0-85033585308,2017,EXCLUDE,Qualitative content analysis of 224 articles; no prevalence denominator,Fake news portrayals of stem cells and stem cell research
2-s2.0-105026682823,2025,INCLUDE,"Content prevalence: 22% of 86 YouTube videos anti-fluoride, with viewership",Pro- and Antifluoride Use Messages on YouTube in Japan: Content Analysis
2-s2.0-85171308933,2023,EXCLUDE,Machine-learning propagation-characterization method; CS detection focus,Capturing the characteristics of mis/disinformation propagation over the Internet
2-s2.0-85211188738,2024,EXCLUDE,Survey of health info-seeking behaviour; no misinfo prevalence estimate,Investigating the Dynamics of Women's Health Information on Social Media: Nursing Perspective
2-s2.0-85102172237,2021,MAYBE,Counts predatory journals engaging COVID; actor-level prevalence ambiguous,When peril responds to plague: predatory journal engagement with COVID-19
2-s2.0-85086028853,2019,EXCLUDE,Qualitative content analysis of disinformation texts; no prevalence estimate,"Fake Elections? Cyber Propaganda, Disinformation and the 2017 General Elections in Kenya"
2-s2.0-85216043848,2025,EXCLUDE,Edited book exploring disinformation challenges; non-empirical,Decoding Digital (Dis)Information Operations
2-s2.0-85084369983,2020,INCLUDE,Content prevalence: 34.8% of 233 tweets endorsed 5G conspiracy,COVID-19 and the 5G conspiracy theory: Social network analysis of twitter data
2-s2.0-85025454882,2017,EXCLUDE,Influential-user impact modelling method; no prevalence estimate,Who is spreading rumours about vaccines? Influential user impact modelling in social networks
2-s2.0-85204065459,2024,EXCLUDE,Computational framing analysis of disinfo articles; no exposure prevalence,Narratives at Conflict: Computational Analysis of News Framing in Multilingual Disinformation Campaigns
2-s2.0-85158876698,2022,EXCLUDE,Trust-network topology analysis; no exposure/consumption prevalence estimate,Characterizing the nature of trust & misinformation on Twitter
2-s2.0-105005440645,2025,MAYBE,Content analysis of 200 TikTok videos; misinfo frequent but unquantified,"Assessing Gastrointestinal Awareness on TikTok: A Content Analysis of Colorectal Cancer, IBS, and IBD Narratives"
2-s2.0-105034835068,2026,EXCLUDE,Engagement-pattern analysis of 118 videos; no misinfo prevalence,Engagement Patterns With #NaturalRemedies on TikTok: Formative Analysis
2-s2.0-85086791451,2020,EXCLUDE,Analysis of linked media in party tweets; no misinfo prevalence,Digital Ecosystems of Ideology: Linked Media as Rhetoric in Spanish Political Tweets
2-s2.0-105019603181,2025,INCLUDE,Web-browsing panel; 91K misinfo webpages consumed among 21M URL visits,Contextualizing Misinformation: A User-Centric Approach to Linguistic and Topical Patterns in News Consumption
2-s2.0-85174926019,2024,EXCLUDE,Critical qualitative analysis of visual gatekeeping; no prevalence estimate,Visual audience gatekeeping on social media platforms: A critical investigation on visual information diffusion before and during the Russo-Ukrainian War
2-s2.0-85090073586,2020,MAYBE,Search/hashtag volumes of infodemic monikers; prevalence relevance ambiguous,Global infodemiology of COVID-19: Analysis of Google web searches and Instagram hashtags
2-s2.0-105031695645,2026,INCLUDE,"Survey: 89.6% pharmacists encountered misinformation, 51.6% weekly/daily",Digital health misinformation in pharmacy practice: A foundational cross-sectional survey of Saudi pharmacists' experiences
2-s2.0-84974622364,2016,EXCLUDE,Predicts viral spread from emotional language; no misinfo prevalence estimate,Emotional feedback and the viral spread of social media messages about autism spectrum disorders
2-s2.0-85089310028,2020,EXCLUDE,"Quantifies newspaper bias/censorship in death counts, not misinformation prevalence",Large scale analysis of violent death count in daily newspapers to quantify bias and censorship
2-s2.0-105035056055,2026,EXCLUDE,Emotional/toxicity analysis of comments by misinfo users; not exposure prevalence,Emotional drivers of misinformation consumption and toxicity on YouTube
2-s2.0-105003307861,2025,EXCLUDE,"Analysis of 244 retractions, reasons; not misinfo exposure/consumption prevalence",Retractions of COVID-19-Related Research Publications during and after the Pandemic
2-s2.0-85101109506,2021,EXCLUDE,Describes 1943 rumors and official responses; no exposure/consumption denominator,Dissemination and refutation of rumors during the COVID-19 outbreak in China: Infodemiology study
2-s2.0-85134347861,2021,EXCLUDE,Predicts retweeting from linguistic cues in 4923 tweets; not prevalence,Linguistic drivers of misinformation diffusion on social media during the COVID-19 pandemic
2-s2.0-85144802740,2022,INCLUDE,Observed Twitter sharing/favoriting of low-quality news linked to hesitancy,Social media behavior is associated with vaccine hesitancy
2-s2.0-85130610490,2022,INCLUDE,"Content prevalence: quality of 319 gut-microbiome videos, 62M views",Misinformation about the Human Gut Microbiome in YouTube Videos: Cross-sectional Study
2-s2.0-85137967485,2020,INCLUDE,States millions exposed to dubious political news online; likely reports estimate,Fake news may have limited effects beyond increasing beliefs in false claims
2-s2.0-105024869204,2025,EXCLUDE,Scoping review of children/misinfo; non-empirical secondary literature,Children and digital misinformation: A scoping review
2-s2.0-85212829603,2024,EXCLUDE,Field experiment on disinfo production acceptance; not exposure/consumption prevalence,Disinformation for hire: A field experiment on unethical jobs in online labor markets
2-s2.0-85194180062,2024,EXCLUDE,Qualitative analysis of two photographic disinfo pieces; no prevalence,Misinformation in the Spotlight: The Role of Photography in the Dissemination of Fake News on Politics
2-s2.0-85179481261,2024,INCLUDE,Geo-referenced tweets quantifying spread of anti-Muslim fake news,Spatial and historical drivers of fake news diffusion: Evidence from anti-Muslim discrimination in India
2-s2.0-85078537596,2019,EXCLUDE,Qualitative analysis of 50 most-shared manipulated posts; no prevalence denominator,Viral content on Facebook: A case study on the run-up to the Brazilian 2018 presidential elections
2-s2.0-85206960578,2024,INCLUDE,Content/sharing: fact-checked vs disinfo videos 21.8:1 sharing ratio,Is disinformation more likely to spread? A fuzzy-set qualitative comparative analysis of emerging infectious diseases on China's short video platform
2-s2.0-85055420180,2019,EXCLUDE,Methodological overview of NodeXL tool for journalists; non-empirical,Social media analytics: analysis and visualisation of news diffusion using NodeXL
2-s2.0-85094216535,2020,EXCLUDE,Linguistic/network analysis of vaccine discourse; no misinfo prevalence estimate,Shouting at each other into the void: A linguistic network analysis of vaccine hesitance and support in online discourse regarding California law SB277
2-s2.0-85171396678,2023,EXCLUDE,Evaluates Facebook policy efficacy on engagement; intervention-effect study,The efficacy of Facebook's vaccine misinformation policies and architecture during the COVID-19 pandemic
2-s2.0-105035898949,2025,EXCLUDE,Qualitative analysis of 202 conspiracy TikToks; no prevalence denominator,"Shapeshifters and Starseeds: Populist Knowledge Production, Generous Epistemology, and Disinformation on U.S. Conspiracy TikTok"
2-s2.0-105020578144,2025,INCLUDE,Content prevalence: 36% of 264 Arabic Instagram claims non-factual,Quality and accuracy of clear aligner Arabic information on Instagram: A content-based analysis
2-s2.0-85046742972,2018,INCLUDE,"Quantitative analysis of 560 YouTube vaccine videos, mostly negative tone",Misinformation on vaccination: A quantitative analysis of YouTube videos
2-s2.0-85169295199,2023,EXCLUDE,Echo-chamber simulation model; no empirical prevalence estimate,Echo Chambers as Gravity Wells
2-s2.0-85118949358,2021,EXCLUDE,Quality evaluation of 5 health websites; no misinfo prevalence denominator,"Quality Evaluation of Consumer Health Information Websites Found on Google Using DISCERN, CRAAP, and HONcode"
2-s2.0-85205783299,2024,INCLUDE,Content prevalence: 29.5% of 400 fluoride Instagram posts anti-fluoride,Content analysis of fluoride-related posts on Instagram
2-s2.0-85056802427,2018,INCLUDE,"Analyzes 14M messages spreading 400K low-credibility articles, bot share",The spread of low-credibility content by social bots
2-s2.0-105022780148,2025,EXCLUDE,"Belief prevalence in denialism (who agrees), not exposure/consumption estimate",The Prevalence and Correlates of Residential School Denialism in Canada
2-s2.0-85198962046,2024,EXCLUDE,Recommender-algorithm simulation of misinfo spread; not real-world prevalence,Analyzing the Interplay between Diversity of News Recommendations and Misinformation Spread in Social Media
2-s2.0-105030578216,2025,EXCLUDE,"Digital ethnography of antivax narratives; qualitative, no prevalence estimate",Information disorder about COVID-19 vaccines: Multimodal narratives spread on social media by skeptics in Colombia
2-s2.0-85086788968,2020,EXCLUDE,Network/content analysis of 21837 GMO rumor posts; no exposure denominator,Viral misinformation and echo chambers: the diffusion of rumors about genetically modified organisms on social media
2-s2.0-85166545309,2023,INCLUDE,Survey measures self-reported exposure to HPV vaccine misinformation,"Relationships Between Social Media Use, Exposure to Vaccine Misinformation and Online Health Information Seeking Behaviour"
2-s2.0-105035036279,2026,INCLUDE,Reliability/quality of 300 weight-loss videos; low-quality prevalence with views,Reliability and quality assessment of internet videos as guidance for dietary weight loss intervention
2-s2.0-85171389183,2023,INCLUDE,Antivaccine share below 6% across 27074 YouTube recommendations,Exploring YouTube's Recommendation System in the Context of COVID-19 Vaccines
2-s2.0-85083370488,2020,EXCLUDE,Qualitative textual analysis of 50 fake-news sites' self-presentations; no prevalence,Faking Alternative Journalism? An Analysis of Self-Presentations of Fake News Sites
2-s2.0-85139528156,2022,EXCLUDE,Content/process-tracing analysis of newspaper headlines; no prevalence denominator,Headlines and misinformation in the Nigerian newspapers: Evidence from herder-farmer crisis and ENDSARS protests
2-s2.0-85069004243,2019,EXCLUDE,"Frame analysis of Zika conspiracy circulation; qualitative, no prevalence estimate","Population control, deadly vaccines, and mutant mosquitoes: The construction and circulation of Zika virus conspiracy theories online"
2-s2.0-105022617434,2026,EXCLUDE,Mixed-methods analysis of algorithmic amplification; no prevalence denominator,Algorithms at your service: Understanding how X's systems of recommendation likely fuelled the far-right riots
2-s2.0-105008544403,2025,EXCLUDE,Bayesian computational analysis of opinion communities; no misinfo prevalence,Redefining the Configuration of Public Opinion in the Digital Era: A Computational Analysis of Media and Social Dynamics
2-s2.0-85122239756,2021,EXCLUDE,"Models falsehood-correction dynamics; correction-effect study, not prevalence",Dynamic Effects of Falsehoods and Corrections on Social Media: A Theoretical Modeling and Empirical Evidence
2-s2.0-85106240847,2021,EXCLUDE,Thematic content analysis of 300 conspiracy Instagram posts; no prevalence denominator,"The Instagram Infodemic: Cobranding of Conspiracy Theories, Coronavirus Disease 2019 and Authority-Questioning Beliefs"
2-s2.0-85096438130,2021,INCLUDE,Survey-based characterization of disinformation-website consumers in Czech Republic,Nobody Tells us what to Write about: The Disinformation Media Ecosystem and its Consumers in the Czech Republic
2-s2.0-85095877925,2020,EXCLUDE,Network analysis of one disinfo story diffusion; no prevalence denominator,"Disinformation in social networks: Closed or dialectical spaces? The case of Luther King, Quim Torra and El Confidencial"
2-s2.0-85212421930,2024,EXCLUDE,Qualitative interviews with health creators; no prevalence estimate,Helpful or harmful? Navigating the impact of social media influencers' health advice
2-s2.0-85101166140,2021,EXCLUDE,Qualitative interviews with 35 alternative-media users; no prevalence estimate,Communities of darkness? Users and uses of anti-system alternative media between audience and community
2-s2.0-105022615608,2025,MAYBE,Identifies likely misinfo sharers via metrics; sharing-prevalence relevance ambiguous,Easy-access online social media metrics are associated with misinformation sharing activity
2-s2.0-85131873827,2022,INCLUDE,Longitudinal sentinel-node tracking of misinformation consumption breadth across communities,Sentinel node approach to monitoring online COVID-19 misinformation
2-s2.0-85055743868,2019,INCLUDE,Mines massive web-traffic to quantify popularity/homogeneity exposure bias to sources,Quantifying Biases in Online Information Exposure
2-s2.0-86000670842,2025,INCLUDE,"Content prevalence: 24% mostly inaccurate, 18% completely inaccurate TikTok posts","#WhatIEatinaDay: The Quality, Accuracy, and Engagement of Nutrition Content on TikTok"
2-s2.0-85102201433,2021,EXCLUDE,Topic modelling of 74306 COVID tweets; no misinfo prevalence estimate,Non-pharmaceutical Interventions and the Infodemic on Twitter: Lessons Learned from Italy during the Covid-19 Pandemic
2-s2.0-105002511600,2024,EXCLUDE,"Book guide on AI/misinfo; non-empirical, no prevalence estimate",Artificial misinformation: Exploring human-algorithm interaction online
2-s2.0-85209206311,2024,INCLUDE,Web-engagement data; news-desert residents' low-quality-site consumption compared,An evaluation of online information acquisition in US news deserts
2-s2.0-105027340901,2025,INCLUDE,Content prevalence: analyzes 466 fact-checked political disinformation messages,Comparative Mapping of Political Disinformation in Ibero-America: The Cases of Argentina and Spain
2-s2.0-85026760600,2017,EXCLUDE,Diffusion/correction analysis of 330538 rumor tweets; no exposure denominator,Political rumoring on Twitter during the 2012 US presidential election: Rumor diffusion and correction
2-s2.0-85215302942,2024,EXCLUDE,Proposes AI-generation/detection framework for war imagery; CS method,Evaluating the role of generative AI and color patterns in the dissemination of war imagery and disinformation on social media
2-s2.0-85145702361,2022,INCLUDE,Content prevalence: quantifies 4500 hoaxes by theme/platform from factcheckers,Misinformation and Factchecking on the disturbances of the Proces of Catalonia
2-s2.0-85170486820,2023,EXCLUDE,Sentiment/theme analysis of 85872 PCOS comments; no misinfo prevalence denominator,"Appraising Unmet Needs and Misinformation Spread About Polycystic Ovary Syndrome in 85,872 YouTube Comments Over 12 Years"
2-s2.0-85092497520,2020,EXCLUDE,Network-structure comparison of mis vs real info; no exposure prevalence,Contrasting misinformation and real-information dissemination network structures on social media during a health emergency
2-s2.0-85122186919,2021,EXCLUDE,Corpus keyword/topic analysis of Russian fakes; no prevalence estimate,The Language of Russian Fake Stories: A Corpus-Based Study of the Topical Change in the Viral Disinformation
2-s2.0-85175236050,2023,EXCLUDE,Qualitative discourse coding of 2542 interactions; no prevalence denominator,"Doctors for the Truth: Echo Chambers of Disinformation, Hate Speech, and Authority Bias on Social Media"
2-s2.0-85122793272,2022,EXCLUDE,Qualitative theory of fakery negotiation among elderly; no prevalence estimate,Fakery as a process of negotiation: understanding the information assessment and sharing behaviours of the marginalized elderly on social media
2-s2.0-105017599346,2025,INCLUDE,Facebook URL dataset; quality of news consumption by partisan audiences,Analyzing news engagement on Facebook: tracking ideological segregation and news quality in the Facebook URL dataset
2-s2.0-85136734499,2022,EXCLUDE,"Bot classification and topic modelling; CS detection, no exposure prevalence","Assessing the Role of Social Bots During the COVID-19 Pandemic: Infodemic, Disagreement, and Criticism"
2-s2.0-85084031148,2020,INCLUDE,Content prevalence: 48% of 100 eczema YouTube videos misleading,"Fiction, Falsehoods, and Few Facts: Cross-Sectional Study on the Content-Related Quality of Atopic Eczema-Related Videos on YouTube"
2-s2.0-85127015843,2021,EXCLUDE,Multi-modal social-signal dashboard; no misinfo prevalence estimate,Pandemic Pulse: Unraveling and Modeling Social Signals during the COVID-19 Pandemic
2-s2.0-105039619015,2026,INCLUDE,"Web-browsing: 3.7% of US adults visited pink-slime outlets, 2020","The Consumption of Pink Slime Journalism: Who, What, When, Where, and Why?"
2-s2.0-85207236730,2024,INCLUDE,Content prevalence: misinformation levels across 32 abortion YouTube videos,"Accuracy, Quality, and Misinformation of YouTube Abortion Procedural Videos: Cross-Sectional Study"
2-s2.0-85111547179,2021,INCLUDE,Content prevalence: quantifies 1679 debunked COVID hoaxes by channel/format,Disinformation and Covid-19: Quantitative analysis through the hoaxes debunked in Latin America and Spain
2-s2.0-85147811544,2023,INCLUDE,Content prevalence: quality of 106 TMJD YouTube videos generally poor,Are YouTube Videos a Useful and Reliable Source of Information for Patients with Temporomandibular Joint Disorders?
2-s2.0-85122931786,2022,EXCLUDE,Belief/support prevalence for QAnon (who supports); not exposure/consumption,Who Supports QAnon? A Case Study in Political Extremism
2-s2.0-84964681157,2016,EXCLUDE,Proposes veracity-estimation measures for tweets; CS method,Veracity of information in twitter data: A case study
2-s2.0-105006769846,2024,INCLUDE,Actor-level prevalence: 24.8% of false political statements repeated,Combating Repeated Lies: The Impact of Fact-Checking on Persistent Falsehoods by Politicians
2-s2.0-86000119920,2025,INCLUDE,Content prevalence: 99% of 138 psoriasis-diet Instagram posts poor quality,Diet and Psoriasis-Related Information on Instagram: A Quality and Content Analysis
2-s2.0-85064494667,2020,EXCLUDE,Lab experiment on source evaluation given misinfo prevalence; not real-world exposure,They Might Be a Liar But They're My Liar: Source Evaluation and the Prevalence of Misinformation
2-s2.0-85115802443,2021,EXCLUDE,Reliability checklist of vaccination websites; no prevalence denominator,Reliability of information available on popular websites about vaccination of pregnant women
2-s2.0-85115060846,2021,EXCLUDE,Relates media-bias exposure to COVID incidence; not misinfo prevalence estimate,Media bias exposure and the incidence of COVID-19 in the USA
2-s2.0-85197369320,2024,INCLUDE,"Content analysis of N=812 fact-checked hoaxes; share by format/platform, content-level prevalence",Disinformation on the COVID-19 pandemic and the Russia-Ukraine War: Two sides of the same coin?
2-s2.0-84938197196,2015,EXCLUDE,Longitudinal survey of misinfo-exposure effects on beliefs/behaviors; no prevalence estimate,Exposure to Health (Mis)Information: Lagged Effects on Young Adults' Health Behaviors and Potential Pathways
2-s2.0-85199398341,2024,MAYBE,YouTube video quality study; reports views per video but unclear misinfo share,YouTube videos on lymphedema as an information source for Spanish speaking breast cancer survivors
2-s2.0-105001591540,2025,INCLUDE,Reports chatter is 20% bots/80% humans across 200M users; actor prevalence,A global comparison of social media bot and human characteristics
2-s2.0-85110362081,2021,EXCLUDE,Media content analysis finds media largely does NOT introduce misinformation; off-topic,Risk messages relating to fertility and pregnancy: A media content analysis
2-s2.0-85118184387,2022,EXCLUDE,Qualitative study of how misinfo drives panic buying; no prevalence estimate,Understanding misinformation and rumors that generated panic buying as a social practice during COVID-19 pandemic
2-s2.0-85040546317,2017,EXCLUDE,"Unsupervised clustering comparing GTD vs Twitter trends; method, no prevalence",Are Recent Terrorism Trends Reflected in Social Media?
2-s2.0-85078529673,2019,EXCLUDE,Descriptive/ethnographic account of WhatsApp campaign; no quantitative prevalence estimate,Whatsapp and political instability in brazil: Targeted messages and political radicalisation
2-s2.0-85090200414,2020,INCLUDE,110 websites scored; share with quality seals (e.g. 1.8% HONcode); content-level prevalence,Misinformation of COVID-19 on the internet: Infodemiology study
2-s2.0-85174307800,2023,MAYBE,Tool/observatory tracking misinfo+factcheck spread; unclear if quantitative estimate reported,The Fact-Checking Observatory: Reporting the Co-Spread of Misinformation and Fact-checks on Social Media
2-s2.0-85186950328,2024,MAYBE,Analyzes pro/anti-vax Twitter content; reports bots produce more content but share unclear,Mechanisms Driving Online Vaccine Debate During the COVID-19 Pandemic
2-s2.0-85063645501,2018,EXCLUDE,Descriptive essay listing fake-news examples and reactions; non-empirical,Fake news on online social media: Propagation and reactions to misinformation in search of clicks
2-s2.0-105022768023,2025,EXCLUDE,"Literature review/typology of fake news; non-empirical, no prevalence estimate",Fake News for Whom? Discussing Types
2-s2.0-105017037738,2025,EXCLUDE,"Systematic review of online HS info quality; qualitative synthesis, no prevalence denominator",Evaluating the quality and readability of online information about hidradenitis suppurativa: a systematic review
2-s2.0-105008442631,2025,INCLUDE,"117 TikTok videos: 54.7% accurate, 18.8% inaccurate, plus reach metrics; content prevalence",Accuracy
2-s2.0-85097120668,2020,INCLUDE,580 coded Instagram posts: 44.1% antivaccine; content-level prevalence with engagement,Dimensions of misinformation about the HPV vaccine on instagram: Content and network analysis of social media characteristics
2-s2.0-85146405276,2023,EXCLUDE,"Experimental seeding in artificial networks; lab propagation, not real-world prevalence",Network segregation and the propagation of misinformation
2-s2.0-105021775752,2023,INCLUDE,Reports share of problematic/hyperpartisan sources (~half) in engaged political Twitter content,Fringe players on political Twitter: Source-sharing dynamics
2-s2.0-85077880001,2020,EXCLUDE,"Panel survey on believing disinfo and vote choice; belief, not exposure prevalence",Mistrust
2-s2.0-85151852197,2022,EXCLUDE,Qualitative analysis of antisemitic conspiracy elements; no quantitative prevalence estimate,From #HoloCough to #GreatReset. Antisemitic conspiracy theories around the coronavirus
2-s2.0-85139109762,2022,EXCLUDE,"Preregistered experiments on misinfo-exposure effects on intentions; lab, not prevalence",Measuring the effects of misinformation exposure and beliefs on behavioural intentions: a COVID-19 vaccination study
2-s2.0-85169535271,2024,EXCLUDE,"Three qualitative case studies on affordance activation; theory, no prevalence estimate",'Do your own research': affordance activation and disinformation spread
2-s2.0-85207236974,2024,EXCLUDE,Student-survey of cost examples for cost modeling; no exposure/prevalence estimate,Fake images - How much do they matter? Towards building quantitative modeling of misinformative images
2-s2.0-105031793008,2026,MAYBE,Normative analysis of 33 clinic websites; inconsistencies noted but misinfo share unclear,Information and misinformation on assisted human reproduction techniques in Europe
2-s2.0-33645965882,2006,INCLUDE,"39 sites coded: 94% correct, 5% mostly correct, 1% incorrect; content-level prevalence",Prostate Cancer on the Internet-Information or Misinformation?
2-s2.0-105005345394,2025,EXCLUDE,"Scoping review of info quality in peer-support groups; narrative synthesis, no prevalence",Quality and Misinformation About Health Conditions in Online Peer Support Groups: Scoping Review
2-s2.0-85147207927,2020,EXCLUDE,Interview with expert about disinformation concept; non-empirical commentary,Misinformation in the context of Coronavirus pandemic (COVID-19)
2-s2.0-85102493378,2015,INCLUDE,200 articles coded for tone (23.5% negative) and topics; content-level prevalence,The digital distribution of public health news surrounding the human papillomavirus vaccination
2-s2.0-85059686579,2019,INCLUDE,"77% of 150 videos misinformative, reach >6 million viewers; content prevalence with reach",Dissemination of Misinformative and Biased Information about Prostate Cancer on YouTube
2-s2.0-85173723666,2024,EXCLUDE,Argumentative essay on media literacy and motivation; non-empirical,Psychosocial processes and human desire: an inconvenient truth about online misinformation
2-s2.0-105019619436,2025,EXCLUDE,Qualitative content analysis of 12 viral videos; no quantitative prevalence denominator,Viral News About Vulnerable People: Issues in Nepal's YouTube-Based Alternative Media
2-s2.0-85132106688,2022,EXCLUDE,Qualitative ethnographic study of misinfo across media ecosystem; no prevalence estimate,Misinformation Across Digital Divides: Theory And Evidence From Northern Ghana
2-s2.0-85173014849,2023,MAYBE,"Scoping review of vaccine misinfo; states no-vax not prevalent vs neutral/pro, ambiguous estimate",Spreading of misinformation on mass media and digital platforms regarding vaccines. A systematic scoping review
2-s2.0-105026176004,2025,EXCLUDE,Survey of contraceptive misconceptions (belief prevalence); not exposure to misinformation,Prevalence and Impact of Contraceptive Misconceptions Among Married Women in Al-Ahsa
2-s2.0-84944278306,2015,EXCLUDE,Theoretical economic model of misleading advertising; non-empirical,Who Benefits from Misleading Advertising?
2-s2.0-85098008358,2022,EXCLUDE,Conceptual essay on tourism misinfodemic; non-empirical commentary,Tourism and the COVID-(Mis)infodemic
2-s2.0-85112112494,2021,EXCLUDE,"Discourse analysis of politicians' tweets; rhetorical, no quantitative prevalence",Infodemic in Germany and Brazil: How the AfD and Jair Bolsonaro are Sowing Distrust During the Corona Pandemic
2-s2.0-85107406140,2023,EXCLUDE,Qualitative study of factors in misinfo dissemination; no prevalence estimate,Dissemination and Acceptance of COVID-19 Misinformation in Iran: A Qualitative Study
2-s2.0-85193415736,2024,EXCLUDE,"Interviews with 12 factcheck orgs on reach challenges; qualitative, no prevalence estimate","""Fact-checks are for the Top 0.1%"": Examining Reach, Awareness, and Relevance of Fact-Checking in Rural India"
2-s2.0-85218270066,2025,EXCLUDE,"Survey on media exposure and mammography; misinfo as barrier, no misinfo-prevalence estimate",Women's Exposure to Breast Cancer Media Messages and Adherence to Mammogram Screening
2-s2.0-85143307278,2022,EXCLUDE,Systematic survey of opinion-manipulation detection techniques; CS method review,A Systematic Review of Internet Public Opinion Manipulation
2-s2.0-85138526885,2022,INCLUDE,"40,000 tweets analyzed; 77.8% bot use, 83.3% partisan sources; actor/content prevalence",From algorithmic personalization to informational wars: The dynamics of (dis)information bubbles
2-s2.0-105031922350,2026,MAYBE,600 YouTube videos scored; reports views and quality but misinfo share unclear,Quality
2-s2.0-85132285149,2022,INCLUDE,Content analysis of 4500 Telegram messages; prevalence of conspiracy narratives over time,Far-right conspiracy groups on fringe platforms: a longitudinal analysis of radicalization dynamics on Telegram
2-s2.0-105019238401,2025,MAYBE,71 YouTube videos scored on misinformation scale; share inaccurate not clearly quantified,Is YouTube a Reliable Source of Information for the Current Use of HIPEC in the Treatment of Ovarian Cancer?
2-s2.0-85107396751,2021,INCLUDE,"50 videos: 8% misleading info, reliability/quality shares reported; content prevalence",Youtube as a source of information on epidural steroid injection
2-s2.0-85200952814,2025,INCLUDE,"144 TikTok videos: 43.8% partially accurate, 34.7% uninformative; content prevalence",TikTok as a platform for hysteroscopy information: cross-sectional study to assess quality
2-s2.0-85191293693,2024,EXCLUDE,"CS pipeline to identify misinfo themes from 19.9M posts; detection method, not prevalence",Identification of Myths and Misinformation About Treatment for Opioid Use Disorder on Social Media
2-s2.0-57749158754,2007,EXCLUDE,"Semiotic analysis of The Daily Show narrative; off-topic, no misinfo measurement",The narrative semiotics of The Daily Show
2-s2.0-85196660617,2024,MAYBE,Analyzes 9313 search results for harmful content; misinfo prevalence not clearly isolated,I Searched for a Religious Song in Amharic and Got Sexual Content Instead: Investigating Online Harm
2-s2.0-85159591417,2023,EXCLUDE,Builds dataset/model to detect propaganda emotions; CS detection method,Socio-Emotional Computational Analysis of Propaganda Campaigns on Social Media Users in the Middle East
2-s2.0-85113596430,2022,INCLUDE,"9657 misinfo pieces across 138 countries; country shares (India 15.94%), source prevalence",Prevalence and source analysis of COVID-19 misinformation in 138 countries
2-s2.0-85104141161,2022,MAYBE,100 websites scored for quality; share with misinformation not explicitly quantified,Assessing the quality of online information on glaucoma procedures
2-s2.0-85211190273,2024,EXCLUDE,Search-volume/Wikipedia trends for anxiety; not misinfo exposure prevalence,Global Utilization of Online Information for Anxiety Disorders From 2004 to 2022
2-s2.0-85171472780,2023,EXCLUDE,Survey modeling diffusion of product-harm misinfo via credibility; no prevalence estimate,The diffusion process of product-harm misinformation on social media
2-s2.0-105000371980,2025,EXCLUDE,Lab experiment on selective exposure to disinfo; not real-world prevalence,The influence of threat and right-wing authoritarianism on the selection of online (dis)information
2-s2.0-85170522441,2023,INCLUDE,Content analysis of 409 misinfo pieces; share by source/format/theme; content prevalence,Crude
2-s2.0-85163210025,2023,EXCLUDE,Survey of 113 users on reasons/motives for spreading misinfo; no exposure prevalence,Age Differences in the Spread of Misinformation Online
2-s2.0-85139957474,2024,EXCLUDE,"Eurobarometer perceptions of fake-news presence; perception, not actual exposure",Cultural Dimensions of Fake News Exposure: A Cross-National Analysis among European Union Countries
2-s2.0-105009218353,2025,INCLUDE,Content analysis of N=278 verified false items; share by topic/platform/country; content prevalence,Spreading False Content in Political Campaigns: Disinformation in the 2024 European Parliament Elections
2-s2.0-85183913419,2024,INCLUDE,Reports 126 million Americans exposed to Russian content on Facebook; exposure reach,Cyber-enabled influence operations as a 'center of gravity' in cyberconflict
2-s2.0-85187874919,2024,EXCLUDE,Topic modeling of election-fraud Twitter discourse; no prevalence estimate,Political Discourse on Twitter: The Case of Election Fraud in South Korea
2-s2.0-85069472185,2019,INCLUDE,"1.7M messages, 120 groups; false-info cascades deeper/reach more users; spread metrics",Characterizing attention cascades in whatsapp groups
2-s2.0-85138458987,2022,EXCLUDE,"Survey on social-media news use and misinfo sharing intentions; intentions, not observed",Social Media News Use and COVID-19 Misinformation Engagement: Survey Study
2-s2.0-105024060165,2023,EXCLUDE,"Methods chapter demonstrating NodeXL for QAnon analysis; tool tutorial, no prevalence",Social Network Analysis Techniques Using NodeXL for Analyzing Disinformation Related to QAnon
2-s2.0-85121267888,2022,INCLUDE,"40,359 tweets; misinfo topics detected, engagement (replies/retweets) compared; content prevalence",Analyzing sentiments and diffusion characteristics of COVID-19 vaccine misinformation topics in social media
2-s2.0-85125265367,2021,MAYBE,~1M hydroxychloroquine tweets analyzed; bots/conspiracy present but misinfo share unclear,The Hydroxychloroquine Twitter War: A case study examining polarization in science communication
2-s2.0-105035473584,2026,EXCLUDE,"146 websites scored for EBHI quality compliance; quality scores, not misinfo prevalence",Mapping the quality of information on osteoporosis: a cross-sectional analysis of online health information
2-s2.0-85078323150,2020,MAYBE,523 YouTube videos scored for quality (mean 13.1/27); misinfo share not explicitly quantified,Can You Trust What You Watch? An Assessment of the Quality of Information in Aesthetic Surgery Videos on YouTube
2-s2.0-85046956316,2018,EXCLUDE,Survey on news consumption and verification; one-third encountered fake news (self-report perception),Falling for fake news: Investigating the consumption of news via social media
2-s2.0-85203087848,2024,EXCLUDE,"Scoping review of mpox infodemiology studies; narrative synthesis, no prevalence estimate",Characteristics
2-s2.0-85029143850,2017,INCLUDE,187 ExxonMobil communications coded; 81% of advertorials express doubt; actor content prevalence,Assessing ExxonMobil's climate change communications (1977-2014)
2-s2.0-85028074687,2017,EXCLUDE,Theoretical analysis of filter bubbles and fake news; non-empirical,Fake news and ideological polarization: Filter bubbles and selective exposure on social media
2-s2.0-85207525286,2025,INCLUDE,Top 50 TikTok videos: 92% (46) misleading; content-level prevalence with engagement,How evidence-based is the hashtag ADHD test. A cross-sectional content analysis of TikTok videos
2-s2.0-85183930378,2024,EXCLUDE,"Mixed-methods study of engagement-market disinformation; methodological, no prevalence estimate",Authenticity Governance and the Market for Social Media Engagements
2-s2.0-105018780938,2025,EXCLUDE,"Qualitative analysis of Kremlin deception narratives; theory, no quantitative prevalence",Reconstructing Kremlin strategic deception: the logic of disinformation narratives
2-s2.0-85060587260,2019,INCLUDE,"722,974 tweets; 194 popular coded (none anti-vax); misinfo-term prevalence over time, content prevalence",Content and source analysis of popular tweets following a recent case of diphtheria in Spain
2-s2.0-105034972150,2026,EXCLUDE,"Semantic-graph framing comparison conspiracy vs mainstream; framing, not prevalence",Framing of health-related narratives in conspiracy versus mainstream media
2-s2.0-85111045152,2020,INCLUDE,Revisits Facebook fake-news engagement scale; share depends on classification; engagement prevalence,Research note: The scale of Facebook's problem depends upon how 'fake news' is classified
2-s2.0-85179779094,2023,INCLUDE,92% of analyzed political influencer accounts generate disinformation; actor-level prevalence,New agents of mass disinformation. Analysis of the publications produced by Spanish political influencers on Instagram
2-s2.0-85170530355,2020,INCLUDE,240M election tweets; bot prevalence and distortion characterized; actor/content prevalence,Characterizing social media manipulation in the 2020 U.S. presidential election
2-s2.0-85138155222,2022,MAYBE,"Characterizes cross-platform mis/disinfo spread; similarity metrics, misinfo share unclear",Cross-platform information spread during the January 6th capitol riots
2-s2.0-84871270697,2012,INCLUDE,Content analysis of 247 ads; 75% contained greenwashing/deceptive claims; content prevalence,It's not easy being green...or is it? a content analysis of environmental claims in magazine advertisements
2-s2.0-85170534964,2020,MAYBE,Cross-platform QAnon diffusion analysis; migration patterns but no clear prevalence estimate,Tracing normiefication: A cross-platform analysis of the QAnon conspiracy theory
2-s2.0-105036404041,2026,EXCLUDE,Qualitative focus groups on how Nigerians experience disinfo; no prevalence estimate,Dynamics and contours of online disinformation based on perspectives from Nigerian internet users
2-s2.0-85177507427,2023,EXCLUDE,Corpus-based critical discourse analysis of anti-LGBTIQ+ rhetoric; no prevalence estimate,THE RAINBOW CONSPIRACY: A corpus-based social media analysis of anti-LGBTIQ+ rhetoric
2-s2.0-85142876618,2024,EXCLUDE,"Experimental model of polarization/truth-bias on disinfo engagement; lab, not prevalence",Integrating truth bias and elaboration likelihood to understand how political polarisation impacts disinformation engagement
2-s2.0-85150439177,2024,EXCLUDE,"Survey on selective exposure/sharing predictors; belief-predictors, not real-world prevalence",Crisis alert: (Dis)information selection and sharing in the COVID-19 pandemic
2-s2.0-105002578811,2025,INCLUDE,65% of 139 YouTube videos reinforce misconceptions; content-level prevalence with metrics,Potential Reinforcement of Health Misconceptions in YouTube Videos: Example of Elbow Enthesopathy (Tennis Elbow)
2-s2.0-85178301568,2023,INCLUDE,"Content analysis of health fact-checks; share by topic/format, most manufactured; content prevalence",Fake News in the Post-COVID-19 Era? The Health Disinformation Agenda in Spain
2-s2.0-84995751505,2016,INCLUDE,859 errors identified across 7 opioid compendia; content-level prevalence of misinformation,Caveat emptor: Erroneous safety information about opioids in online drug-information compendia
2-s2.0-105007760590,2025,INCLUDE,Twitter/voter data; co-shared misleading narratives quantified vs source-level; spread prevalence,Using co-sharing to identify use of mainstream news for promoting potentially misleading narratives
2-s2.0-85057314879,2018,INCLUDE,Bots responsible for 9-15% of reactions to news sources; actor prevalence,How humans versus bots react to deceptive and trusted news sources: A case study of active users
2-s2.0-85129632573,2022,INCLUDE,"791,183 news items; fake-news percentage per media source (some >39.3%); content prevalence",The Prevalence and Impact of Fake News on COVID-19 Vaccination in Taiwan: Retrospective Study of Digital Media
2-s2.0-105009756135,2025,EXCLUDE,"Quantifies adtech/brands funding pseudo-media; advertising structure, not misinfo exposure prevalence",Programmatic Advertising and Disinformation in Spain: The Role of Brands and AdTech Platforms in Pseudo-Media
2-s2.0-85120520047,2021,EXCLUDE,"Semantic network analysis of Reddit vaccine misinfo; method, no prevalence denominator",Network Analysis of COVID-19 Vaccine Misinformation on Social Media
2-s2.0-105002620495,2025,INCLUDE,~one-third of Facebook OHC content inconsistent with evidence; content-level prevalence,Assessing the Accuracy of COVID-19 Information Circulating in a Facebook Online Community
2-s2.0-105025448115,2025,EXCLUDE,"Survey on citizen-journalism credibility perceptions; perception, not misinfo prevalence",Effectiveness of citizen journalism: evaluating the credibility
2-s2.0-105009881997,2022,INCLUDE,500 most-shared posts coded for disinfo and poster; actor/content prevalence among top content,#VACHINA: HOW POLITICIANS HELP TO SPREAD DISINFORMATION ABOUT COVID-19 VACCINES
2-s2.0-105030392165,2026,EXCLUDE,"685k tweets; coordination/diffusion network metrics, not misinfo prevalence estimate",Unmasking Coordination: How Inauthentic Behavior Emerged and Diffusion During the Russia-Ukraine War on Twitter
2-s2.0-85182238006,2023,EXCLUDE,"Philosophical argument on deepfake harms; non-empirical, no prevalence estimate.",Deepfakes and Political Misinformation in U.S. Elections
2-s2.0-85195012832,2024,MAYBE,NLP/topic-modeling of disorder distribution across platforms; unclear if quantitative prevalence reported.,Mapping automatic social media information disorder. The role of bots and AI in spreading misleading information in society
2-s2.0-85112789876,2021,EXCLUDE,Sentiment of vaccine opinions on Twitter; no misinformation prevalence/exposure estimate.,Citizen participation in Twitter: Anti-vaccine controversies in times of COVID-19
2-s2.0-85114381630,2021,EXCLUDE,"BERT classifier for conspiracy tweets; CS detection method, not human prevalence.",Hunting Conspiracy Theories During the COVID-19 Pandemic
2-s2.0-85168915271,2023,EXCLUDE,Qualitative study of factors in teen sharing decisions; no quantitative prevalence estimate.,Understanding teenagers’ real and fake news sharing on social media
2-s2.0-105041276064,2026,INCLUDE,Content analysis of 458 IUD TikToks; reports misinformation prevalence share (content-level).,Viral but Not Verified: Analyzing Accuracy and Engagement in TikTok Discussions of IUDs
2-s2.0-105037364528,2026,INCLUDE,800 posts coded accurate/non-accurate; reports prevalence of alarmist/inaccurate content (content-level).,Framing Fluoride Information on Social Media: A Cross-Language and Cross-Platform Analysis
2-s2.0-85015279655,2018,MAYBE,30 websites assessed; reports share noncompliant but misinformation framing weak; ambiguous.,Information quality and health risks in Spanish-language retail websites for Chinese herbal medicine
2-s2.0-105015063957,2025,EXCLUDE,Video quality/reliability scoring (DISCERN/GQS); no misinformation prevalence share reported.,Quality and Reliability of Adolescent Sexuality Education on Chinese Video Platforms
2-s2.0-85217197547,2025,INCLUDE,"71 posts scored; only 11.3% misinformation-free, reports misinformation prevalence (content-level).",Misinformation and Readability of Social Media Content on Pediatric Ankyloglossia and Other Oral Ties
2-s2.0-105026805747,2025,EXCLUDE,"Systematic review of manipulation campaigns; non-empirical synthesis, no audience prevalence estimate.",Just the tip of the iceberg? State of the art of coordinated social media manipulation research
2-s2.0-105011501726,2025,MAYBE,47 YouTube Shorts coded for stance/claims; misinformation share not clearly quantified.,A Cross-Sectional Analysis of Oil Pulling on YouTube Shorts
2-s2.0-85215259458,2025,MAYBE,DISCERN quality of semaglutide TikToks; risk-omission shares reported but misinformation prevalence unclear.,Quality of information and social norms in Spanish-speaking TikTok videos: semaglutide
2-s2.0-85192709060,2023,EXCLUDE,Qualitative analysis of reader comments; no quantitative prevalence/exposure estimate.,Conspiracy theories and fake news in reader comments from Maroela Media during COVID-19
2-s2.0-85197085883,2024,INCLUDE,"1,334 unreliable sites scraped; identifies/tracks 52,036 narratives, quantifies influential amplifier sites.",Specious Sites: Tracking the Spread and Sway of Spurious News Stories at Scale
2-s2.0-85153750983,2023,EXCLUDE,Normative-juridical legal analysis of hoax law; no empirical prevalence estimate.,The spread of hoax through digital platforms in the perspective of Indonesian cyberlaw
2-s2.0-85159132676,2023,INCLUDE,1M+ tweets; quantifies share/amplification of climate misinformation and bot-spread frames.,Automated Framing of Climate Change? Role of Social Bots in 2019/2020 Australia Bushfires
2-s2.0-85060210194,2018,MAYBE,"Methodological review of 13,493 bot accounts in Brexit; exposure metrics discussed, ambiguous estimate.",The public accountability of social platforms: bots and trolls in the Brexit campaign
2-s2.0-85071787925,2019,EXCLUDE,DISCERN quality of 41 facial-rejuvenation sites; no misinformation prevalence share.,All i Have Learned from Google: facial rejuvenation patients prone to misinformation
2-s2.0-85065015834,2019,INCLUDE,"102 YouTube IPF videos; 17% promoted nonrecommended therapies, reports content prevalence + engagement.",YouTube videos as a source of misinformation on idiopathic pulmonary fibrosis
2-s2.0-85089180114,2020,EXCLUDE,Public-sphere/polarization analysis of referendum tweets; no misinformation prevalence estimate.,"The End of the Habermassian Ideal? Political Communication on Twitter, Turkish Referendum"
2-s2.0-105024114316,2025,EXCLUDE,Video quality (GQS/DISCERN) of cervical cancer screening; no misinformation prevalence share.,Short videos platforms as sources of health information about cervical cancer screening
2-s2.0-85208677557,2024,INCLUDE,"Graph mining of COVID misinfo spreaders; reports >3% dominate, concentration of disseminators.",A graph mining-based approach to analyze Twitter community of COVID-19 misinformation disseminators
2-s2.0-85086772538,2020,MAYBE,"Top-ten rumors agenda-setting analysis; qualitative, prevalence share not clearly quantified.",China’s “Fake News” Problem: Online Rumors in Government-Controlled News Media
2-s2.0-85101962294,2022,EXCLUDE,"Topic modeling of COVID coverage; misinformation only noted as examples, no prevalence estimate.",Topic Analysis of Traditional and Social Media News Coverage of Early COVID-19 Pandemic
2-s2.0-85114467662,2021,INCLUDE,Bulgarian tweets coded factuality; reports share factually true/harmful/propaganda (content prevalence).,"COVID-19 in Bulgarian Social Media: Factuality, Harmfulness, Propaganda, and Framing"
2-s2.0-85107123516,2022,EXCLUDE,Focus-group qualitative study of news/misinfo experiences; no quantitative prevalence estimate.,Everyday News Use and Misinformation in Kenya
2-s2.0-85045704465,2018,EXCLUDE,Qualitative study of click meanings; no misinformation prevalence/exposure estimate.,What clicks actually mean: Exploring digital news user practices
2-s2.0-85125145702,2022,EXCLUDE,"Survey of self-reported disinformation sharing; stated/recalled, not observed prevalence behavior.",The disinformation warfare: how users use every means in the political battlefield
2-s2.0-105008547319,2024,EXCLUDE,Qualitative content analysis of 48 news articles on disinfo cases; no audience prevalence.,Analysis of Sources and Channels of Disinformation Reported by Electronic Newspapers in Malaysia
2-s2.0-85071470997,2019,EXCLUDE,Editorial introduction to special issue on right-wing media; non-empirical.,The ‘other’ alternatives: Political right-wing alternative media
2-s2.0-85168133844,2023,MAYBE,"Sentiment/topic modeling of global-warming tweets; ""social noise"" prevalence not clearly quantified.",Social Noise on Social Media and Users Perception of Global Warming
2-s2.0-85105477849,2021,INCLUDE,"200 YouTube vaccine videos, 55M views; quantifies cumulative views of fear/concern content.",Youtube videos and informed decision-making about covid-19 vaccination
2-s2.0-105040104285,2026,INCLUDE,500 Instagram toothache posts; reports misinformation share (56.3% of financial posts) and engagement.,Infodemiology Analysis of Toothache-Related Posts on Instagram
2-s2.0-85091477515,2020,EXCLUDE,"Commentary analyzing one misinformation case; non-empirical, no prevalence estimate.",Fake news travels fast: misinformation around Wu Lei's coronavirus case
2-s2.0-85105199450,2021,EXCLUDE,"Thematic/text analysis of 400 Parler posts; themes of vaccine refusal, no misinfo prevalence.","#Scamdemic, #plandemic, or #scaredemic: Parler and covid-19 vaccine"
2-s2.0-85199110625,2024,INCLUDE,Italian news ecosystem; quantifies disinformation supply/diffusion share and real-time prevalence assessment.,"Online news ecosystem dynamics: supply, demand, diffusion, and disinformation"
2-s2.0-85187889353,2024,INCLUDE,450 Swiss YouTube videos; quantifies prevalence of completely/partially false content + view counts.,Unveiling misinformation on YouTube: COVID-19 vaccination videos in Switzerland
2-s2.0-85194819372,2024,MAYBE,Engagement with misleading COVID visualizations; reach quantified but prevalence share ambiguous.,Analysis of Online Engagement with Misleading Data Visualizations
2-s2.0-105020269825,2025,EXCLUDE,"300 fibroid posts DISCERN quality; low quality reported, no misinformation prevalence share.",Following Fibroids: An Analysis of Social Media Narratives
2-s2.0-105034340815,2026,EXCLUDE,"300 IVF videos quality/dissemination; quality scores, no misinformation prevalence share.","Quality, Reliability, and Dissemination of In Vitro Fertilization–Related Videos"
2-s2.0-85186874194,2024,INCLUDE,"221 sinusitis TikToks, 300M views; <50% influencer educational content factual (content prevalence).",A Social Media Quality Review of Popular Sinusitis Videos on TikTok
2-s2.0-85056606092,2018,EXCLUDE,"Lab study of 108 students' trust ratings; perception only, no exposure prevalence.",Trust in news on social media
2-s2.0-85196791142,2024,EXCLUDE,"61 dermarolling TikToks DISCERN quality; low quality reported, no misinformation prevalence share.",Content quality analysis of TikTok videos on Dermarolling
2-s2.0-105014807194,2025,INCLUDE,239 scoliosis TikToks; quantifies misinformation prevalence by content type and creator.,Fake News? Quantifying the Prevalence of Misinformation Related to Scoliosis on TikTok
2-s2.0-85202658760,2021,EXCLUDE,Survey of media-source use by region; no misinformation exposure prevalence estimate.,U.S. Geographic Differences in Media Source Use During COVID-19 Shelter in Place
2-s2.0-85203354546,2024,INCLUDE,"1,891 fact-check articles coded; reports proportions of misinformation categories US vs Japan.",A quantitative content analysis of online COVID-19 infodemic in US and Japan
2-s2.0-84983509049,2016,INCLUDE,141 websites assessed; reports prevalence of incorrect hydration recommendations (content-level).,Are we being drowned by overhydration advice on the Internet?
2-s2.0-105041409769,2026,INCLUDE,"1,240 Americans, 21M visits; estimates social-media misinformation exposure/referral effects, concentration.","Multi-Platform Referrers of Misinformation: Facebook, Twitter, Instagram, Reddit, YouTube, etc."
2-s2.0-85127324529,2022,EXCLUDE,"Book chapter on disinformation factors in Chile protests; non-empirical/descriptive, no prevalence.","Aliens, spies, and staged vandalism: Disinformation in 2019 Chile protests"
2-s2.0-85122533574,2021,MAYBE,Deep-learning content/emotion analysis of Weibo misinfo diffusion; prevalence share not clearly reported.,Spread of Misinformation in Social Networks: Analysis Based on Weibo Tweets
2-s2.0-85190850262,2024,INCLUDE,Corporate fake-news database; quantifies share spread by foreign vs domestic accounts.,The geography of corporate fake news
2-s2.0-105036542035,2026,EXCLUDE,Survey of self-reported misinformation sharing predictors; recalled not observed behavior.,Investigating misinformation sharing practices in the Italian context
2-s2.0-85133898545,2022,INCLUDE,"1,537 Weibo rumors categorized with risk levels; quantifies rumor counts/distribution over time.",New Insights Into Social Rumor Characteristics During COVID-19 Pandemic in China
2-s2.0-85101027324,2021,EXCLUDE,Topic modeling/sentiment of COVID tweets; misinformation noted but no prevalence estimate.,Tracking COVID-19 discourse on twitter in north america
2-s2.0-85172021062,2022,EXCLUDE,Topic modeling of Reddit climate discussions; no misinformation prevalence estimate.,Analyzing Climate Change Discussions on Reddit
2-s2.0-85127355260,2023,EXCLUDE,"Selective-exposure lab experiment of engagement; controlled setting, not real-world prevalence.","Reading, Commenting and Sharing of Fake News: Online Bandwagons and Bots"
2-s2.0-105017351681,2025,EXCLUDE,"Interpretive mixed-method case study of Big Lie; qualitative, no quantitative prevalence estimate.",Unraveling the Big Lie: Participatory Disinformation and the 2020 Election
2-s2.0-85083965254,2020,INCLUDE,"6.5M interactions, 500 posts; 28% are health misinformation, quantifies content prevalence + engagement.",Internet users engage more with phatic posts than with health misinformation on Facebook
2-s2.0-86000425864,2025,MAYBE,300 anti-mask Instagram posts thematic analysis; misinformation prevalence share not clearly quantified.,Anti-masking Posts on Instagram: Content Analysis During COVID-19
2-s2.0-85215829722,2025,MAYBE,"13,319 avian-flu tweets, topic modeling; misinformation ""substantial"" but share not clearly quantified.",Birds of a feather? Mis- and dis-information on X related to avian influenza
2-s2.0-85216401056,2025,MAYBE,TikTok filler-influencer follower/engagement metrics; misinformation not quantified as prevalence.,The Rise of TikTok Facial Filler Influencers: Implications for Demand and Practice
2-s2.0-85132455715,2022,INCLUDE,"11,450 misinfo posts; medical misinfo 46.8%, quantifies who spreads and diffusion depth.",Understanding How and by Whom COVID-19 Misinformation is Spread on Social Media
2-s2.0-105017383088,2025,EXCLUDE,"SSRI TikTok creator/engagement analysis; quality/tone, no misinformation prevalence share.",Dissemination of Information on SSRIs on TikTok
2-s2.0-85149035408,2022,EXCLUDE,Qualitative analysis of six propaganda maps; non-quantitative case study.,Cartographic Propaganda in the Age of Social Media: Ethiopia
2-s2.0-84977272679,2016,MAYBE,"13 WhatsApp rumors, survey of 419; reports receipt rates but misinformation prevalence ambiguous.",Kidnapping WhatsApp – Rumors during search and rescue of kidnapped youth
2-s2.0-85128963007,2022,INCLUDE,708 debunked COVID hoaxes coded by frame; reports distribution of misinformation frames.,Analysis of Hoaxes about COVID-19 Debunked by Maldita and Colombiacheck
2-s2.0-105004696689,2025,EXCLUDE,"Media-bias quantification in cybersecurity news; bias metrics, not misinformation prevalence.",A New Computational Method for Quantification of Media Bias in Cybersecurity Reporting
2-s2.0-105029111188,2025,EXCLUDE,"Network/actor analysis of disinfo campaign structure; mechanisms, no audience prevalence estimate.",Networked manipulation: multi-actor coordinated communities in disinformation campaigns
2-s2.0-86000681756,2025,EXCLUDE,"Theoretical socio-ecological framework proposal; non-empirical, no prevalence estimate.",A SOCIO-TECHNICAL INTERACTION NETWORK PERSPECTIVE ON TIKTOK FAKE NEWS
2-s2.0-85166785982,2023,INCLUDE,"75M tweets; provax (37M) vs antivax (10M), quantifies antivax share and falsehood prevalence.",Topics in Antivax and Provax Discourse: COVID-19 Vaccine Tweets
2-s2.0-85201723461,2024,EXCLUDE,"152 TikTok videos quality analysis; variance noted, no misinformation prevalence share.",Evaluating Quality and Impact of TikTok Videos on Autologous Breast Reconstruction
2-s2.0-105001082790,2025,EXCLUDE,Google Trends/Wikipedia infodemiology of schizophrenia interest; no misinformation prevalence estimate.,Utilization of online information about schizophrenia 2004 to 2022
2-s2.0-85074596916,2020,INCLUDE,Twitter political sources typology; reports 1:1 junk-to-professional news ratio shared by users.,"Sourcing and Automation of Political News over Social Media in the US, 2016-2018"
2-s2.0-85081663588,2021,EXCLUDE,Mixed-method case study of vaccine information crisis; no quantitative misinfo prevalence estimate.,Blurred Shots: Investigating the Information Crisis Around Vaccination in Italy
2-s2.0-85142396682,2022,INCLUDE,Quantifies share of untrustworthy links shared by US Congress members (actor-level prevalence).,Social media sharing of low-quality news sources by political elites
2-s2.0-85087810713,2021,EXCLUDE,Survey of perceived news-literacy/sharing by demographics; no misinformation prevalence estimate.,Demographic differences in perceived news literacy skills and sharing behavior
2-s2.0-85153941712,2023,EXCLUDE,"Interview study of YouTube policy impacts on creators; qualitative, no prevalence estimate.",Investigating Impacts of YouTube's Content Policies on Journalism
2-s2.0-85055756722,2018,INCLUDE,"1.5M tweets, 17,989 domains; quantifies tabloid/misinformation sharing behavior on social media.",Do tabloids poison the well of social media? Democratically dysfunctional news sharing
2-s2.0-85103486879,2021,EXCLUDE,"Survey of youth media behavior; qualitative trends, no misinformation prevalence estimate.",Media behavior of youth in the COVID-19 pandemic in Ukraine
2-s2.0-105010476116,2025,EXCLUDE,"200 weight-loss videos DISCERN quality; low quality reported, no misinformation prevalence share.",Evaluation of social media videos on weight-loss surgery and GLP-1 agonists
2-s2.0-85161495667,2022,MAYBE,"35,000 COVID tweets sentiment/network; misinfo sub-categories noted, prevalence share not clearly quantified.",Covid-19 misinformation and polarization on twitter
2-s2.0-85218753561,2023,EXCLUDE,"Descriptive narrative on TikTok dental influencer risks; non-empirical, no prevalence estimate.",Risk analysis of oral health products promotion through influencers on Tiktok
2-s2.0-105022104203,2024,EXCLUDE,"Sentiment/topic modeling of 10,254 fake-news headlines; CS method, no audience prevalence.",Identifying hidden patterns of fake COVID-19 news
2-s2.0-85134636853,2024,EXCLUDE,"Survey of belief/sharing of misinfo about congresswomen; predictors of belief, not prevalence.",Engaging With Vilifying Stereotypes: YouTube Algorithmic Use and Misinformation About Muslim Congresswomen
2-s2.0-85081978660,2020,MAYBE,476 MOOC forum posts; reports source-type shares but misinformation prevalence not framed.,Using the internet: Nutrition information-seeking behaviours of lay people
2-s2.0-105027959122,2024,INCLUDE,"1,200 Bangladeshi users; 7.4% spread myths/misinformation about COVID (self-reported prevalence share).","COVID-19's myths, facts posts on social network and mental health in Bangladesh"
2-s2.0-105018036474,2025,EXCLUDE,"Normative review of Telegram media roles; non-empirical, no prevalence estimate.",The Role of Telegram Channels in the News Media Ecosystem
2-s2.0-85092898806,2020,EXCLUDE,"Google Trends interest in disinfectant misuse; search interest, not misinformation prevalence.",Evaluating interest in off-label use of disinfectants for COVID-19
2-s2.0-85213167999,2025,EXCLUDE,"Book chapter reviewing crisis-misinformation features; non-empirical, no prevalence estimate.",Characteristics of crisis misinformation messages on social media
2-s2.0-85073166245,2019,INCLUDE,23 industry vs 19 public websites; quantifies share omitting/misrepresenting alcohol-pregnancy evidence.,"Pregnancy, fertility, breastfeeding, alcohol: framing by alcohol industry-funded organizations"
2-s2.0-85212190566,2024,EXCLUDE,"Autocomplete audit of COVID searches; search predictions, not misinformation prevalence.",Language disparities in pandemic information: Autocomplete analysis
2-s2.0-85175585206,2023,EXCLUDE,"Work-in-progress sentiment analysis of abortion misinfo; methods preview, no prevalence estimate.",Evaluating Effects of Misinformation on Public Sentiments Surrounding Abortion
2-s2.0-85181470066,2024,EXCLUDE,Qualitative analysis of alt-health influencer deplatforming strategies; no quantitative prevalence estimate.,Alt-health influencers and the threat of social media deplatforming
2-s2.0-85171430786,2023,EXCLUDE,"Computational methodology paper for identifying fake-news vectors; method demonstration, not prevalence estimate.",Computational Communication Methods for Examining Problematic News-Sharing on Facebook
2-s2.0-86000080679,2025,INCLUDE,"71 threads, 1,281 Mumsnet comments fact-checked; majority of information inaccurate (content prevalence).",Prenatal alcohol exposure before pregnancy awareness: forum comments and misinformation
2-s2.0-85133705089,2022,EXCLUDE,"Network analysis of fake vs reliable news sites' structure; characteristics, not audience prevalence.",Investigating Fake and Reliable News Sources Using Complex Networks Analysis
2-s2.0-85159571838,2023,EXCLUDE,"Transformer classifiers for tweet feature correlations; CS detection method, not prevalence.","Analyzing COVID-Related Social Discourse on Twitter using Emotion, Veracity, Conspiracy"
2-s2.0-105021932084,2025,EXCLUDE,"Fuzzy-logic model of fake-review effect on intentions; modeling, not observed prevalence.",Fake reviews and consumer decision dynamics in Indonesian e-Commerce
2-s2.0-85190086124,2024,EXCLUDE,"BuzzSumo telemedicine article quality/engagement; PEMAT scores, no misinformation prevalence share.",Telemedicine and social media: most shared content by internet users
2-s2.0-105019956997,2025,EXCLUDE,Survey of motivations/satisfaction predicting fake-news sharing; no prevalence/exposure estimate,Social Media User Satisfaction and the Spread of Fake News: Insightful Perspectives of Users
2-s2.0-105022108218,2022,MAYBE,"Reports misinformation rate in YouTube HoLEP videos but content-level, denominator unclear",Are HoLEP Surgical Videos on YouTube Biased and Misleading or Are They Leading the Industry?
2-s2.0-85159095885,2025,EXCLUDE,Survey on willingness/trust to spread disinformation; no observed real-world prevalence estimate,The Role of Trust and Attitudes toward Democracy in the Dissemination of Disinformation—a Comparative Analysis of Six Democracies
2-s2.0-85192732462,2025,INCLUDE,Browser telemetry quantifies referrals/retention to unreliable domains across large sample,Using website referrals to identify unreliable content rabbit holes
2-s2.0-85114336487,2021,EXCLUDE,Perception survey of resharing practices; no quantitative exposure/sharing prevalence reported,Prevalence and perception among saudi arabian population about resharing of information on social media regarding natural remedies as protective measures against covid-19
2-s2.0-85140821777,2022,EXCLUDE,Framing thematic analysis of 216 newspaper stories; no misinformation prevalence estimate,A retrospective study exploring how South African newspapers framed Schizophrenia and other psychotic disorders over an 11-year period (2004–2014)
2-s2.0-85124369899,2022,EXCLUDE,Fact-checking content features and audience engagement; not misinformation prevalence,Fact-Checking and Audience Engagement: A Study of Content Analysis and Audience Behavioral Data of Fact-Checking Coverage from News Media
2-s2.0-85048033888,2020,EXCLUDE,Intermedia agenda-setting analysis; no quantitative misinformation exposure/prevalence estimate,“Fake News” and Emerging Online Media Ecosystem: An Integrated Intermedia Agenda-Setting Analysis of the 2016 U.S. Presidential Election
2-s2.0-85152543560,2023,EXCLUDE,Sentiment/network analysis of HPV tweets; no misinformation prevalence estimate,HPV vaccine narratives on Twitter during the COVID-19 pandemic: a social network
2-s2.0-85168957583,2023,EXCLUDE,"Conceptual essay on local public sphere and disinformation; non-empirical, no estimate",Public sphere and disinformation in a local context
2-s2.0-84936755035,2015,INCLUDE,"Measures exposure: 25.13% of tweets negative, 29.54% users exposed to majority negative",Associations between exposure to and expression of negative opinions about human papillomavirus vaccines on social media: An observational study
2-s2.0-85088387197,2020,MAYBE,"Russian troll operations on Twitter; abstract truncated, unclear if quantitative prevalence",Russian trolls speaking Russian: Regional Twitter operations and MH17
2-s2.0-85145390598,2022,INCLUDE,Content accuracy of 2886 tweets: 92.5% dietitians vs 65.5% public accurate,The Information Sharing Behaviors of Dietitians and Twitter Users in the Nutrition and COVID-19 Infodemic: Content Analysis Study of Tweets
2-s2.0-105026372453,2026,EXCLUDE,Narrative review of health misinformation in Ethiopia; non-empirical synthesis,Health Misinformation in Ethiopia: Myths
2-s2.0-105002409150,2025,EXCLUDE,Qualitative content analysis of fake quotes; no prevalence/exposure estimate,Quoting to deceive: Fake quotes and political delegitimization in Spanish far right grassroots disinformation campaigns
2-s2.0-85065550941,2019,INCLUDE,"Content prevalence: 63% of 300 Instagram fluoride posts anti-fluoride, 37.3% conspiracy",An assessment of fluoride related posts on instagram
2-s2.0-85083963365,2020,EXCLUDE,Content/frame analysis of populist leaders' tweets; no misinformation prevalence estimate,Trend towards extreme right-wing populism on twitter. An analysis of the influence on leaders
2-s2.0-85111074821,2021,MAYBE,Cross-platform analysis of top political content; extent of fringe/fake unclear quantitatively,Marginalizing the Mainstream: How Social Media Privilege Political Information
2-s2.0-85074572033,2020,EXCLUDE,VAR/Granger analysis of IRA cross-platform coordination timing; no exposure prevalence,Coordinating a Multi-Platform Disinformation Campaign: Internet Research Agency Activity on Three U.S. Social Media Platforms
2-s2.0-85106910128,2021,INCLUDE,"Descriptive analysis of 547 misinformation samples, typology and most-mentioned types",Characteristics of misinformation spreading on social media during the covid-19 outbreak in china: A descriptive analysis
2-s2.0-85210472682,2024,EXCLUDE,"Theoretical 'polarization loop' mechanism with illustrative cases; non-empirical, no estimate",The Polarization Loop: How Emotions Drive Propagation of Disinformation in Online Media—The Case of Conspiracy Theories and Extreme Right Movements in Southern Europe
2-s2.0-85133684935,2022,INCLUDE,"Analyzes 240k tweets, relationship between misinformation mutation and spread outcome",Are Mutated Misinformation More Contagious? A Case Study of COVID-19 Misinformation on Twitter
2-s2.0-85096213939,2022,EXCLUDE,Survey on young people's perception/use of YouTube political videos; no misinformation prevalence,Influencers on YouTube: a quantitative study on young people’s use and perception of videos about political and societal topics
2-s2.0-85137779722,2022,INCLUDE,"1 billion tweets, 12.7M misinformation subset from questionable domains; quantifies spread/network",Charting the Information and Misinformation Landscape to Characterize Misinfodemics on Social Media: COVID-19 Infodemiology Study at a Planetary Scale
2-s2.0-85212052138,2024,INCLUDE,Content prevalence: misinformation 44% of 500 dental caries Instagram posts,Unraveling dental caries misinformation: Identifying predictive factors for engagement on Instagram
2-s2.0-85043355303,2018,INCLUDE,Content prevalence: 47.6% of 84 Italian web pages negative/ambiguous on adjuvants,A comprehensive analysis of Italian web pages mentioning squalene-based influenza vaccine adjuvants reveals a high prevalence of misinformation
2-s2.0-84919906574,2014,MAYBE,"Quantitative analysis of Ebola tweets spread of rumors; one-line abstract, design unclear",Misinformation propagation in the age of Twitter
2-s2.0-105003500056,2025,EXCLUDE,"Survey on podcast use, misinfo belief/sharing; self-reported, no observed prevalence",From Podcasts to Protests: Examining the Influence of Podcasts and Misinformation on Contentious Political Participation
2-s2.0-85122779696,2022,EXCLUDE,Survey of gratifications/personality on fake-news sharing intentions; not observed prevalence,Fake or real news? Understanding the gratifications and personality traits of individuals sharing fake news on social media platforms
2-s2.0-85103611103,2021,MAYBE,"One week of Infowars content shared on Twitter; sharing analysis, prevalence estimate unclear",Shareworthiness and Motivated Reasoning in Hyper-Partisan News Sharing Behavior on Twitter
2-s2.0-85185268013,2024,MAYBE,Estimates 14.8% Americans deny climate change; belief not misinformation exposure prevalence,The social anatomy of climate change denial in the United States
2-s2.0-105029521599,2026,INCLUDE,"Actor-level: <1% of ~500,000 legislators' Facebook posts low-factual; concentration by party/state",Elected officials’ Online Sharing of Misinformation: Institutional and Ideological Checks
2-s2.0-85130659149,2021,EXCLUDE,"Conceptual chapter on anti-immigrant disinformation process; non-empirical, no estimate",How online disinformation and far-right activism is shaping public debates on immigration
2-s2.0-85159851342,2023,EXCLUDE,Corpus resource of 600k untrustworthy articles for detection methods; not human prevalence,IRMA: the 335-million-word Italian coRpus for studying MisinformAtion
2-s2.0-85083323285,2020,INCLUDE,Fake news 0.15% of Americans' daily media diet; news 14.2% of diet,Evaluating the fake news problem at the scale of the information ecosystem
2-s2.0-85041175995,2018,INCLUDE,Content prevalence: 11.67% of 4969 Weibo posts contained suicide misinformation,An analysis of stigma and suicide literacy in responses to suicides broadcast on social media
2-s2.0-85163873520,2023,EXCLUDE,"Topic modeling of 21k fluoride-free tweets; themes/frequency, no misinformation prevalence",Analysis of Fluoride-Free Content on Twitter: Topic Modeling Study
2-s2.0-85121368259,2022,EXCLUDE,Journal editorial/commentary on cancer misinformation; non-empirical,The social media cancer misinformation conundrum
2-s2.0-85159040522,2023,EXCLUDE,"Monitoring program lessons learned; 109 flagged items, no population denominator/prevalence",Lessons Learned From Monitoring Spanish-Language Vaccine Misinformation During the COVID-19 Pandemic
2-s2.0-85159194429,2023,MAYBE,"Telegram information-disorder network analysis; engagement focus, prevalence estimate unclear",Politics and disinformation: Analyzing the use of Telegram’s information disorder network in Brazil for political mobilization
2-s2.0-85100465405,2021,INCLUDE,Content analysis of 2745 misinformation posts: sources and theme proportions quantified,Characterizing the COVID-19 infodemic on chinese social media: Exploratory study
2-s2.0-85119899161,2021,MAYBE,"Survey+Twitter on cross-national misinfo flow; majority Canadian misinfo from US accounts, denominator unclear",Infodemic Pathways: Evaluating the Role That Traditional and Social Media Play in Cross-National Information Transfer
2-s2.0-85173730940,2023,EXCLUDE,Typology of 307 war hoaxes from fact-checkers; no population denominator/prevalence,Fact-checking in war: Types of hoaxes and trends from a year of disinformation in the Russo-Ukrainian war
2-s2.0-85136702336,2025,EXCLUDE,"Perceived exposure self-assessment across countries; perception only, not actual exposure",Perceived Exposure and Concern for Misinformation in Different Political Contexts: Evidence From 27 European Countries
2-s2.0-84963854363,2016,INCLUDE,"Content prevalence: misinformation across 270 drug summaries in 5 compendia, error counts",A Collaborative Assessment Among 11 Pharmaceutical Companies of Misinformation in Commonly Used Online Drug Information Compendia
2-s2.0-85097304164,2020,MAYBE,"Content analysis of tweets, news, 200 hoaxes; prevalence denominator/estimate ambiguous",Impact of political discourse on the dissemination of hoaxes about covid-19. Influence of misinformation in public and media
2-s2.0-85106599690,2021,INCLUDE,"Content analysis of 446 vaccine-hesitant tweets: 79% right-wing, theme proportions",Covid-19 vaccine hesitancy on English-language Twitter
2-s2.0-105029654080,2026,EXCLUDE,"Hawkes-process model of fake-news dissemination mechanisms; modeling method, not prevalence",Quantifying the influence of user behaviors on the dissemination of fake news on Twitter (X) with Multivariate Hawkes Processes
2-s2.0-85123227540,2022,EXCLUDE,Survey on willingness for social corrections; not observed misinformation prevalence,Dynamics of social corrections to peers sharing COVID-19 misinformation on WhatsApp in Brazil
2-s2.0-105035494370,2026,EXCLUDE,Thematic/sentiment analysis of YouTube comments on docudrama; no misinformation prevalence,Entertaining or Mis/Disinforming? Social Data Analysis of Audience Reception of Historical Accuracy and Creative License in the Netflix Series ‘Queen Cleopatra’ on YouTube. A Case Study
2-s2.0-85168828634,2023,EXCLUDE,Audience behavior typology during COVID news consumption; not misinformation prevalence,Let the TV on! Audience Behaviour Patterns during ‘First Wave’ of Covid-19 in the Czech Republic
2-s2.0-85140381972,2022,INCLUDE,"Content prevalence: analyzes 393 WhatsApp items with disinformation levels, categorizes types",WhatsApp as a disinformation platform: case study of the Brazilian presidential elections
2-s2.0-105040072891,2026,EXCLUDE,"Survey/focus-group on recognizing information distortion; recognition ability, not prevalence",Recognition and evaluation of information distortion among young people
2-s2.0-85059740089,2018,MAYBE,Bot effect on sentiment in 705k tweets; misinformation prevalence/exposure estimate unclear,The impact of malicious accounts on political tweet sentiment
2-s2.0-85075175063,2019,EXCLUDE,Survey of 300 students' perception/consumption habits; no misinformation prevalence estimate,Consumption of news and perception of fake news among Communication students from Brazil
2-s2.0-85107462353,2021,EXCLUDE,"Rhetorical case study of right-wing media trolling; qualitative, no prevalence estimate",Troll Tracking: Examining Rhetorical Circulation of Anti-Intellectual Ideologies in Right-Wing Media Attacks
2-s2.0-85125766871,2022,EXCLUDE,Mixed-methods on white-nationalist vaccine arguments; no quantitative prevalence estimate,Vaccine discourse in white nationalist online communication: A mixed-methods computational approach
2-s2.0-85180239525,2023,EXCLUDE,Topic modeling of conspiratorial tweets case; no misinformation prevalence denominator,Conspiracy Thinking
2-s2.0-85057304142,2018,INCLUDE,"43M election tweets, Russian troll reshares; conservatives 36x more, exposure/amplification quantified",Analyzing the digital traces of political manipulation: The 2016 Russian interference Twitter campaign
2-s2.0-85078824055,2019,EXCLUDE,"Presents YouTube analysis tool; methods/tool description, not prevalence estimate",Understanding information operations using YouTubeTracker
2-s2.0-85205825483,2024,EXCLUDE,"Hawkes-process modeling of Parler hashtag cascades; modeling method, not prevalence",Unveiling Fringe Social Network Dynamics via Parameter Estimation with Hawkes Processes
2-s2.0-85151055175,2021,INCLUDE,One misinformation mention per five candidate articles; cross-media spread quantified,Research note: Lies and presidential debates: How political misinformation spread across media streams during the 2020 election
2-s2.0-85213052991,2024,EXCLUDE,"Conceptual/hypothetical scenario on fake reviews; cites others' stats, no own estimate",Impacts of Fake Reviews on Dietary Supplements and Healthcare Products in Social Media
2-s2.0-85104396160,2021,EXCLUDE,Analysis of health ministries' COVID dissemination; no misinformation prevalence estimate,Exploring Sub-Saharan Africa's Communication of COVID-19-Related Health Information on Social Media
2-s2.0-85165113639,2023,INCLUDE,"Empirical analysis of ~24,000 posts on one viral false narrative spread across groups",When fake news infects political networks: case study of the Tallano gold myth in the Philippines
2-s2.0-85103756333,2021,EXCLUDE,"Traces history of a miscited fishing-gear estimate; commentary, not misinformation prevalence",Challenges and misperceptions around global fishing gear loss estimates
2-s2.0-105031628513,2026,EXCLUDE,Qualitative diary study of everyday misinformation encounters; no quantitative prevalence,Everyday encounters with misinformation online: examining sources
2-s2.0-85153322972,2023,INCLUDE,Quantifies misinformation prevalence in epilepsy TikTok videos; content-level,The devil is in the details: Understanding how misinformation regarding epilepsy manifests in TikTok videos
2-s2.0-85169922225,2024,INCLUDE,Quantifies Google misinformation search volume change during Facebook outage; consumption proxy,What Goes Down Must Come Up? Pandemic-Related Misinformation Search Behavior During an Unplanned Facebook Outage
2-s2.0-85163629989,2023,MAYBE,Patterns of consumption/dissemination in Chinese diaspora; quantitative estimate unclear,Understanding the Flow of Online Information and Misinformation in the Australian Chinese Diaspora
2-s2.0-85072584107,2019,MAYBE,Misinformation tweets with significant exposure labelled; prevalence denominator unclear,Not All Lies Are Equal. A Study into the Engineering of Political Misinformation in the 2016 US Presidential Election
2-s2.0-85217533876,2025,EXCLUDE,Linguistic comparison of alternative vs mainstream news features; no prevalence estimate,This is how to recognize conspiracy theory-based alternative news media: a comparative analysis of style
2-s2.0-85168375044,2023,EXCLUDE,"Humanities essay on Mexican infodemic rumors; qualitative, no prevalence estimate",Pandemic
2-s2.0-85071114573,2019,EXCLUDE,"Mismatched abstract about flip-flop circuits; off-topic, no misinformation content",Impact of fake news on readers’ usage behaviour for news items on facebook and twitter
2-s2.0-85099150264,2020,INCLUDE,"Survey: 64% Spaniards receive weekly political news via WhatsApp, 24% five-plus weekly",Whatsapp as a political information channel in Spain: Credibility
2-s2.0-85127212326,2021,EXCLUDE,Analysis of Amazon shingles product listings/reviews; not misinformation prevalence,Nonprescription Products of Internet Retailers for the Prevention and Management of Herpes Zoster and Postherpetic Neuralgia: Analysis of Consumer Reviews on Amazon
2-s2.0-85124409267,2021,MAYBE,"Twitter account suspension factors after election; abstract truncated, prevalence unclear",Examining factors associated with Twitter account suspension following the 2020 U.S. presidential election
2-s2.0-85197571714,2024,EXCLUDE,Content analysis of contraceptive tweets themes; no misinformation prevalence estimate,Contraceptive content shared on social media: an analysis of Twitter
2-s2.0-105035247825,2026,INCLUDE,Quantifies sharing of political fake news on Reddit linked to wait times,Voting Wait Times and Political Misinformation on Social Media
2-s2.0-85209863116,2024,MAYBE,Manual coding of 5616 Facebook posts negativity/disinfo categories; prevalence share unclear,Disinformation
2-s2.0-85142229013,2022,EXCLUDE,"Survey of 108 students on fake-news consumption/literacy; self-reported, no prevalence estimate",Social media literacy: fake news consumption and perception of COVID-19 in Nigeria
2-s2.0-85192977628,2024,EXCLUDE,"Systematic review of health misinformation literature; meta-level, not a prevalence estimate",Have we found a solution for health misinformation? A ten-year systematic review of health misinformation literature 2013–2022
2-s2.0-105022112843,2025,INCLUDE,"Analyzes 22,384 WhatsApp messages; disinformation appeal-type shares (41%/32%/27%)",AI-Driven Disinformation and Political Influence on WhatsApp in South Africa’s 2024 Elections
2-s2.0-85115618076,2021,EXCLUDE,"Audit of YouTube recommendations via agents (filter bubbles); algorithmic behavior, not human prevalence",An audit of misinformation filter bubbles on YouTube: Bubble bursting and recent behavior changes
2-s2.0-85081368965,2021,EXCLUDE,"25 in-depth interviews on awareness; qualitative essay, no prevalence/exposure estimate",Online disinformation in the run-up to the Indian 2019 election
2-s2.0-85133302916,2022,EXCLUDE,"Content analysis of 988 audio files; typology, not audience exposure/prevalence share",WhatsApp and audio misinformation during the Covid-19 pandemic
2-s2.0-85087654024,2020,EXCLUDE,Discourse analysis of two memes; no quantitative prevalence/exposure estimate,Memes of Gandhi and mercury in anti-vaccination discourse
2-s2.0-85114826436,2022,MAYBE,"100 YouTube videos, view counts and misinformation score; content-level prevalence ambiguous",YouTube as a source of information on penile prosthesis
2-s2.0-85121395177,2023,EXCLUDE,"Belief and dissemination predicted by narcissism; susceptibility study, no exposure prevalence",National Narcissism predicts Belief in and Dissemination of Conspiracy Theories
2-s2.0-85102849802,2021,INCLUDE,"14,684 Facebook ads coded; disinformation share of party output (actor-level content prevalence)",Disinformation in facebook ads in the 2019 spanish general election campaigns
2-s2.0-85105650589,2021,MAYBE,"10,000 popular vaccine posts analyzed; engagement focus, misinfo share not clearly quantified",Social media users' engagement with COVID-19 vaccine-related content
2-s2.0-84953587308,1993,EXCLUDE,"Field note on email list confusion; anecdotal, no measurement",Dear mr. president: A story of misinformation distribution in cyberspace
2-s2.0-84886882138,2013,EXCLUDE,Focus groups and discourse analysis of nutrition articles; no prevalence estimate,What is being conveyed through web and print nutrition information?
2-s2.0-85104035111,2021,EXCLUDE,"Systematic review of infodemic determinants; non-empirical synthesis, no prevalence estimate",Determinants of Infodemics During Disease Outbreaks: A Systematic Review
2-s2.0-85088964005,2020,EXCLUDE,Commentary on Italian COVID misinfo and government response; no measurement,Spreading (Dis)trust: Covid-19 misinformation and government intervention in Italy
2-s2.0-85151855879,2023,EXCLUDE,"118,971 tweets; content/inductive analysis of discourse, only 2% anti-vax, no exposure prevalence",Public Figure Vaccination Rhetoric and Vaccine Hesitancy: Twitter Analysis
2-s2.0-105008435345,2025,INCLUDE,1000 TikTok videos coded; disinformation predominant in topics (content-level prevalence),Social Media Disinformation on Psychiatric Illness: TikTok Videos
2-s2.0-85122752247,2022,INCLUDE,"325M posts; 0.37x likely to link not-credible sources, content-level misinfo prevalence",Twitter/Facebook posts about COVID-19 less likely to spread misinformation
2-s2.0-85215064740,2026,EXCLUDE,"Influence operations scope/cost; 1425 influencer accounts, campaigning not misinfo exposure prevalence",Covert political campaigning: cross-platform election influence operations
2-s2.0-85219405950,2025,EXCLUDE,Fact-check intervention on misinformation discernment; intervention/correction effect study,Sustaining Exposure to Fact-Checks: Misinformation Discernment
2-s2.0-85166268998,2023,EXCLUDE,"Survey of info-source consumption during COVID; sources, not misinformation exposure estimate",Consumption of information and citizen's perception of sources during COVID-19
2-s2.0-85092001271,2020,MAYBE,"App-notification fake news on social networks; channel shares reported, denominator unclear",Fact or fake? Disinformation regarding covid-19 pandemic in Brazil
2-s2.0-85121947105,2021,INCLUDE,"2,538 users; 29.6% anti-vax, 12.1% pro-vax tweet volumes (actor/content prevalence)",Mis-tweeting communication: Vaccine Hesitancy among twitter users in Italy
2-s2.0-85150507519,2023,EXCLUDE,"Discourse analysis of 84 WIEIAD videos; qualitative, no prevalence estimate",One day of eating: Tracing misinformation in WIEIAD videos
2-s2.0-85082790811,2020,EXCLUDE,"Timeline analysis of China's COVID response; descriptive, no misinfo prevalence estimate",Corona virus infodemic and emerging issues: case of china
2-s2.0-85195140882,2024,EXCLUDE,"Framework to assess publisher trustworthiness via interactions; CS method, not human prevalence",Unveiling News Publishers Trustworthiness Through Social Interactions
2-s2.0-105028369208,2025,EXCLUDE,"Google Trends search interest in terms; query interest, not misinfo exposure/prevalence",Interests of Google users in information pollution terminologies
2-s2.0-105013036834,2026,INCLUDE,Investigates prevalence of misinformation on IRCC/Home Office X accounts (actor-level prevalence),Government social media users' role in disseminating misinformation: Canada/UK
2-s2.0-85159871316,2023,INCLUDE,"166 TikTok videos; 22% moderate, 7% high misinfo with view counts (content prevalence + reach)",#Coronavirus on TikTok: User engagement with misinformation
2-s2.0-105012593177,2026,EXCLUDE,"Quality of lymphedema websites via EQIP; quality scores, not misinfo prevalence estimate",Online Information on Lymphedema: Systematic Review of Quality
2-s2.0-105034196596,2025,EXCLUDE,"Quantify prevalence via BERT/ML detection; CS classification method, not human exposure",Thematic Analysis of Foreign State-Led Disinformation Narratives
2-s2.0-105026622818,2025,EXCLUDE,"Supplement ingredient reliability via DISCERN/BuzzSumo; reliability scores, not misinfo prevalence",Online Information Landscape of Antilithogenic Ingredients
2-s2.0-105007978279,2025,MAYBE,"85 TikTok videos; 91.8% no scientific evidence, engagement metrics, content prevalence ambiguous",Popular Videos Promoting Breast Enhancement Products on TikTok
2-s2.0-85138499327,2022,EXCLUDE,"Ethnographic study of hyperlocal Facebook trust; qualitative, no prevalence estimate",Where's the fake news in hyperlocal media?
2-s2.0-85054400923,2018,MAYBE,"YouTube SCB videos; one-third promote use, 7.5M views, content prevalence partly quantified",Examination of YouTube videos related to synthetic cannabinoids
2-s2.0-105032164604,2026,EXCLUDE,"482-survey SEM on exposure and false beliefs; mechanism/belief study, no exposure prevalence",Predatory marketing and false health promotion on social media
2-s2.0-105023216959,2025,INCLUDE,"930 households; 93.2% misinformed about HIV (prevalence of misinformation belief, survey)","HIV-related misinformation, testing, and non-disclosure in Uganda"
2-s2.0-85100851602,2021,EXCLUDE,"Survey of vulnerability to WhatsApp misinfo; susceptibility scoring, not exposure prevalence",Demographic factors influencing coronavirus misinformation on whatsapp
2-s2.0-105030650890,2025,EXCLUDE,"Epidemic-threshold meme competition model; theoretical/modeling, no real-world prevalence",Co-diffusion of Competing Memes in Social Networks
2-s2.0-85210230000,2024,EXCLUDE,"Conversational leadership of Spanish media on X; media metrics, not misinfo prevalence",Politics Vs. Entertainment. Conversational Leadership of Media
2-s2.0-105010963779,2025,MAYBE,"23,000-person survey; knowledge of fake statements by network fragmentation, exposure prevalence unclear",Modularity of Online Social Networks and COVID-19 Misinformation in Russia
2-s2.0-85184803709,2023,EXCLUDE,"14,053 propaganda articles dataset; NLP dataset/linguistic study, not audience prevalence",Analysing State-Backed Propaganda Websites: New Dataset
2-s2.0-85201934055,2024,EXCLUDE,"Bot-driven Russian disinfo topic modeling; CS analysis, no audience exposure prevalence",Analyzing digital propaganda: Russia's bot-driven campaigns
2-s2.0-85163606090,2023,EXCLUDE,"133,747 messages; topic/sentiment textual features of ivermectin misinfo, not prevalence share",Nature of Misinformation on Messaging Platforms: Ivermectin Singapore
2-s2.0-84909942721,2014,EXCLUDE,"184 supplement websites claims vs evidence; descriptive claims, no misinfo prevalence estimate",Internet claims on dietary supplements in advanced nephropathy
2-s2.0-85098171126,2022,MAYBE,Panel measures knowledge change from Twitter exposure; misinfo exposure measured but belief-focused,Political Knowledge and Misinformation: 2015 UK Election
2-s2.0-105029543628,2026,EXCLUDE,"Survey N=520 exposure to disinfo and polarization; belief/polarization mechanism, no prevalence share",Exposure to Disinformation and Ethnic Polarization in Afghanistan
2-s2.0-105023057983,2024,EXCLUDE,"Methodological re-analysis of fake-news sharing studies; conscientiousness moderation, not prevalence",Resolving conflicting findings in misinformation research
2-s2.0-85173224200,2022,INCLUDE,100 tweets each from 2 leaders coded; share containing disinformation (actor-level prevalence),Role of emotions in disinformation on Twitter: Brazil vs Spain
2-s2.0-85136066795,2023,INCLUDE,"Survey N=967; alternative-news users recalled more fake news, exposure/recall measured",Alternative Counter-News Use and Fake News Recall During COVID-19
2-s2.0-85134489939,2022,MAYBE,"167 YouTube CRPS videos; quality scores and views, misinfo prevalence not clearly quantified",Evaluation of YouTube videos about complex regional pain syndrome
2-s2.0-85075076652,2019,INCLUDE,Black Panther tweets; false-info tweets small part of conversation (content prevalence/share),Spread and curtailment of false information in Black Panther Twitter
2-s2.0-85193207394,2024,MAYBE,"Rumor dissemination before/after policy change; content coding of rumors, prevalence share unclear",Rumor Dissemination and Debunking Before/After COVID-19 Measures China
2-s2.0-105019801012,2025,EXCLUDE,"Qualitative content analysis of one mining climate report; greenwashing case, no prevalence",Unearthing Corporate Greenwashing: Sustainability Reporting in Mining
2-s2.0-85084449415,2020,EXCLUDE,"Survey on disbelief in mainstream media and attitudes; perception/belief study, no exposure prevalence",Fake News Is Real: Disbelief in Mainstream Media in Trump's America
2-s2.0-85168757674,2022,EXCLUDE,"User behaviors and tweet popularity correlations; engagement prediction, not misinfo prevalence",Impact of User Behaviors on Popularity of Tweets: Masking Conversations
2-s2.0-105034206987,2026,EXCLUDE,"Disinfo on Lausanne treaty via 2 hashtags; reach/engagement, no misinfo prevalence share",Polarization in Türkiye: Disinformation on X about Treaty of Lausanne
2-s2.0-85210161252,2025,INCLUDE,"105 influencer supplement posts; two-thirds exceed limits, disinform share (content/actor prevalence)",Disinformation on dietary supplements by German influencers on Instagram
2-s2.0-85096090608,2022,INCLUDE,"1197 posts; fake news reach vs real news, sharing/engagement compared (reach/spread estimate)",Online disinformation on Facebook: fake news during Portuguese 2019 election
2-s2.0-85145956726,2023,EXCLUDE,Correction notice for another article; no content,Correction: Content and dynamics of websites shared over vaccine tweets
2-s2.0-85192806272,2024,INCLUDE,"863-person population survey; infodemic prevalence 22.1%, info sources (prevalence estimate)",Infodemic and sources of information about COVID-19 in Brazilian population
2-s2.0-85101037485,2020,EXCLUDE,"Survey on COVID news habits and feelings; media consumption, not misinfo exposure prevalence",Habits and feelings regarding COVID-19 news coverage in Spain
2-s2.0-85117475825,2021,INCLUDE,"Facebook URL Social Science One data; mis/disinfo URLs drew substantial engagement, exposure by demographics",Interactions with Potential Mis/Disinformation URLs on Facebook 2017-2019
2-s2.0-85178174450,2023,EXCLUDE,"Comparative infodemic word/topic/sentiment analysis; textual analysis, no prevalence estimate",COVID-19 Infodemic in English and Chinese: textual data insights
2-s2.0-85154040351,2022,EXCLUDE,"SIR model of fake news diffusion by age; mathematical modeling, no real-world prevalence",Influence of age group in spreading of fake news: contact matrices
2-s2.0-85106955095,2021,INCLUDE,"356,594 anti-vax messages; top authors responsible for 59.5% (concentration/actor prevalence)",Content themes and influential voices within vaccine opposition Twitter 2019
2-s2.0-85137476213,2022,EXCLUDE,"Methodology to compare Twitter reaction trends; method paper, no misinfo prevalence estimate",Methodology to Compare Twitter Reaction Trends between Disinformation Communities
2-s2.0-48249141442,2008,EXCLUDE,"Review of mental illness stigma media studies; non-empirical review, no prevalence",Mental disorders stigma in the media: Review of studies
2-s2.0-85168003167,2023,INCLUDE,"Survey N=603; 23.5% received cancer-cure advice, 55.9% saw misinfo on social media (exposure prevalence)",Exposure and Reactions to Cancer Treatment Misinformation: Survey
2-s2.0-85021701404,2017,INCLUDE,52 YouTube implant videos; 26% reported misinformation (content-level prevalence share),YouTube and the single-rod contraceptive implant: content analysis
2-s2.0-105014418273,2025,EXCLUDE,"Agent-based model of misinfo diffusion and markets; simulation, no real-world prevalence",(Mis)information diffusion and the financial market
2-s2.0-85150424701,2025,EXCLUDE,"Longitudinal mixed-methods women's social media experiences; qualitative themes, no prevalence",Women's longitudinal social media behaviors during a global pandemic
2-s2.0-85096815775,2020,EXCLUDE,"200 Google searches/websites on COVID; source categorization, not misinfo prevalence",COVID-19-related internet search patterns in United States
2-s2.0-85211763379,2024,EXCLUDE,"Proposes sustainability meta-indicator on synthetic data; method/tool, no prevalence",A Meta-Indicator for Assessment of Misleading Sustainability Claims
2-s2.0-105021338067,2025,EXCLUDE,"PRP patient questions and website quality via JAMA; quality scores, not misinfo prevalence",State of online information about Platelet-rich plasma (PRP)
2-s2.0-84960932098,2015,EXCLUDE,"Survey of methods to detect clickbait; CS detection method, not prevalence",Misleading online content: Recognizing clickbait as false news
2-s2.0-85144644186,2022,EXCLUDE,"Space-time topic analysis of vaccine tweets; topic/polarity distribution, not misinfo prevalence share",COVID-19 Infodemic on Twitter: Brazilian Immunization Program
2-s2.0-85125847686,2022,EXCLUDE,Ethnography of fact-checking organizations in Southern Africa; intervention/response study,Guardians of truth? Fact-checking the disinfodemic in Southern Africa
2-s2.0-85184824168,2023,INCLUDE,19M tweets; misinformation rates over time in Brazil/Indonesia/Nigeria (content prevalence),COVID-19 Vaccine Misinformation in Middle Income Countries
2-s2.0-85113263498,2021,EXCLUDE,"Content analysis of fact-checked COVID items plus interviews; intents study, no prevalence share",Disinformation on covid-19: content analysis on fact-checking sites india
2-s2.0-85138674402,2022,INCLUDE,"Nationally representative survey N=1,820; who is exposed to misinformation by media channel (exposure)",Who Gets Exposed to Political Misinformation? 2019 Indonesian Election
2-s2.0-85105426107,2021,EXCLUDE,"Book chapter summarizing literature on consumption of misinfo; review, no primary estimate",Consumption of misinformation and disinformation
2-s2.0-85096102360,2020,INCLUDE,Survey N=1049; 67.78% exposed to at least one COVID misinformation item (exposure prevalence),COVID-19 misinformation exposure and belief with knowledge and behaviors
2-s2.0-85129620668,2022,MAYBE,"127 fact-checked false items thematic analysis; subtheme prevalence over time, denominator unclear",Identifying Frames of COVID-19 Infodemic: Misinformation Stories
2-s2.0-85205828889,2024,INCLUDE,"15 alcohol-industry tools; 33% accurate feedback, misinfo prevalence quantified across tools (content)","Dark patterns, sludge and misinformation: Alcohol industry apps"
2-s2.0-105002232590,2025,MAYBE,Online survey on dengue misinfo prevalence/sources; convenience sample belief prevalence ambiguous,Dissemination of misinformation during dengue outbreak in Bangladesh
2-s2.0-85187688869,2024,INCLUDE,Telegram messages; Disinformation Dozen role in dissemination quantified (actor concentration),COVID bot vs human disinformation from Disinformation Dozen on Telegram
2-s2.0-105028851691,2026,INCLUDE,98 TikTok videos; 89% classified misleading (content-level prevalence share),"Quirky, relatable, misleading: ADHD's viral Identity on TikTok"
2-s2.0-85081723807,2020,EXCLUDE,"Coordinated link-sharing networks detection; method for inauthentic behavior, not misinfo prevalence",It takes a village to manipulate the media: coordinated link sharing Italy
2-s2.0-105029029456,2026,EXCLUDE,"Survey on student social media health use; perceptions, no misinfo exposure prevalence",Social media usage for health information among undergraduate students
2-s2.0-85185958498,2024,EXCLUDE,"Topic/sentiment/language analysis of YouTube misinfo videos; textual analysis, no prevalence share",Misinformation about COVID-19 on YouTube: Topic Modeling
2-s2.0-105010579469,2025,MAYBE,"152 TED videos quality scores; content integrity assessed, misinfo prevalence share ambiguous",Quality of thyroid eye disease treatment information on TikTok/Bilibili
2-s2.0-85043768736,2017,EXCLUDE,"Argumentation analysis of Fillon rumor tweets; qualitative discourse, no prevalence",Penelopegate: Fake news over 2017 French presidential campaign
2-s2.0-85119233792,2020,INCLUDE,Australian news stories fact-checked then diffusion on Twitter measured (veracity and spread),Truth and the dynamics of news diffusion on twitter
2-s2.0-85134353402,2022,EXCLUDE,"Content analysis plus 2 experiments on legitimizing vaccine misinfo; experimental sharing, not prevalence",Marketplaces of Misinformation: How Vaccine Misinformation Is Legitimized
2-s2.0-85130832360,2021,EXCLUDE,"Content analysis of COVID memes for reach/engagement; humor memes, not misinfo prevalence",Memes distribution during COVID-19 third wave
2-s2.0-85116533500,2021,MAYBE,"Telegram Brazil political groups data analysis; message dynamics, misinfo prevalence not quantified",Understanding Use of Telegram by Political Groups in Brazil
2-s2.0-85182929718,2024,EXCLUDE,"Survey N=338 on journalism-student credibility; perception/competence, no exposure prevalence",Information consumption and credibility among Chilean Journalism students
2-s2.0-85119442133,2021,EXCLUDE,"Column on Facebook's scale and misinfo; commentary, no measurement",The scale of Facebook part 1: misinformation
2-s2.0-85086008636,2020,EXCLUDE,"Commentary on rumors/misinfo impact on COVID; opinion piece, no prevalence estimate",Impact of rumors and misinformation on COVID-19 in Social Media
2-s2.0-85097328724,2020,MAYBE,"236k Facebook ads collected; found misinfo ads in Brazil, prevalence share not quantified",Analyzing the Use of COVID-19 Ads on Facebook
2-s2.0-85208224311,2024,EXCLUDE,"Network/impact algorithm on annotated tweets; spread-prediction method, not prevalence estimate",Impact Dynamics of Misinformation Spread on X With COVID-19 Dataset
2-s2.0-105002030929,2025,EXCLUDE,"Semiotic analysis of AI-generated flood/fire images; qualitative, no prevalence estimate",Climate Crisis and Disinformation on Instagram: AI-Generated Images Brazil
2-s2.0-85079163669,2020,EXCLUDE,"Discourse analysis of 50 letters-to-editor; qualitative case study, no prevalence",Mimicking News: credibility of tabloid used when disseminating racism
2-s2.0-105021570046,2025,INCLUDE,Content prevalence: 98 TikTok TMD videos scored low quality/reliability (DISCERN=33),TikTok as a Source of Information on Temporomandibular Disorders: Reliable Health Education or Misinformation?
2-s2.0-85156163021,2023,EXCLUDE,"CS detection model (ARIMA/LSTM) for fake news, 97.5% accuracy; no human prevalence",A Novel Characterization of the Fake News in Twitter Networks
2-s2.0-105001927750,2025,MAYBE,Evaluates Copilot misinformation prevalence/source attribution; unclear quantitative denominator,Sourcing behavior and the role of news media in AI-powered search engines in the digital media ecosystem: Comparing political news retrieval across five languages
2-s2.0-85195339204,2024,INCLUDE,Measures pervasiveness of advertising on misinformation websites across industries,Companies inadvertently fund online misinformation despite consumer backlash
2-s2.0-85198720715,2024,EXCLUDE,"Semantic network analysis of 3842 tweets; themes/influencers, no exposure prevalence estimate",mRNA Vaccine Hesitancy: Spreading Misinformation Through Online Narratives
2-s2.0-85198507211,2024,INCLUDE,Content prevalence: 574 TikTok contraceptive videos scored low quality; engagement metrics,An analysis of oral contraceptive related videos on TikTok
2-s2.0-85135754743,2022,MAYBE,Examines prevalence/consequences of consuming alternative health media; exposure measure unclear,The Great and Powerful Dr. Oz? Alternative Health Media Consumption and Vaccine Views in the United States
2-s2.0-85132838982,2022,EXCLUDE,Qualitative case study of digital attacks/media freedom Indonesia; no prevalence estimate,Cyber-troops
2-s2.0-85138264705,2024,INCLUDE,Observed sharing: >96% of fake-news domains shared by conservatives; rumor spread rates,Rumors in Retweet: Ideological Asymmetry in the Failure to Correct Misinformation
2-s2.0-105027856675,2026,INCLUDE,"Actor-level: 3277 politicians' misinfo-sharing rates, 400K tweets, engagement 2.5x",Crisis
2-s2.0-85143511628,2022,INCLUDE,Content prevalence: ~50% of varicocoele YouTube videos unreliable; views compared,Reliability and accuracy of varicocoele videos in YouTube
2-s2.0-85087848582,2019,EXCLUDE,Survey of perceptions/attitudes about fake news; no exposure/consumption prevalence estimate,Perceptions about fake news in Portuguese higher education students: An analysis of consumption and attitudes
2-s2.0-105033928691,2026,MAYBE,Myth prevalence in newspapers/student survey familiarity 16-52%; belief not exposure to misinfo,Are Baby Rattlesnakes More Dangerous than Adults? Origin
2-s2.0-105010913703,2025,INCLUDE,Survey: 37.4% of investors reported exposure to economic conspiracy theories,Digital disinformation and financial decision-making: understanding the spread of economic conspiracy theories in Indonesia
2-s2.0-85178609130,2023,EXCLUDE,Belief in repeated false claims survey; misperception not exposure/sharing prevalence,All the President's Lies: Repeated False Claims and Public Opinion
2-s2.0-85147303661,2023,MAYBE,Models potential exposure pathway to anti-vax videos; quantitative exposure estimate unclear,From Facebook to YouTube: The Potential Exposure to COVID-19 Anti-Vaccine Videos on Social Media
2-s2.0-0040629456,1999,EXCLUDE,Survey links talk-radio exposure to misinformation belief; belief not misinfo exposure prevalence,Information
2-s2.0-85170055352,2023,EXCLUDE,Bibliometric study of Scopus production on fake news; no exposure prevalence,Examining the Widespread Dissemination of Fake News on Facebook: Political Instability and Health Panic
2-s2.0-85147907280,2022,EXCLUDE,Social network analysis of one disinformation campaign's propagation; no population prevalence,Investigating the Spread of Russian Disinformation about Biolabs in Ukraine on Twitter Using Social Network Analysis
2-s2.0-105012367851,2025,INCLUDE,"Content prevalence: 629 podcast excerpts, misinfo claim rate 7.5/day during COP27",Unravelling climate misinformation: fact-checking of climate disinformation in spanish-speaking podcasts
2-s2.0-105031178059,2026,EXCLUDE,"Book on journalists' practices exposing extreme-right; qualitative, no prevalence estimate",Digital Exposés of Extreme-Right Shock Channels
2-s2.0-85124891836,2021,EXCLUDE,Survey on vaccination decisions amid misinfo; no quantitative exposure prevalence estimate,Vaccination infodemic among citizens of magallanes
2-s2.0-85088113452,2020,MAYBE,Method to detect problematic sources via coordinated link sharing; prevalence estimate unclear,Coordinated Link Sharing Behavior as a Signal to Surface Sources of Problematic Information on Facebook
2-s2.0-84910048383,2014,EXCLUDE,"Visual analytics system for anomaly detection; CS method, not human prevalence",#FluxFlow: Visual analysis of anomalous information spreading on social media
2-s2.0-105027532780,2026,EXCLUDE,Sharing intentions/accuracy judgments by age; hypothetical not observed sharing,The age of misinformation: Older people exhibit greater partisan bias in sharing and evaluating (mis)information accuracy.
2-s2.0-105035719516,2026,EXCLUDE,Experiment on disinformation effect on Euroskeptic attitudes; effect not prevalence,Disinformation on Bulgaria and Romania's Schengen accession fuels Euroskepticism
2-s2.0-105017882804,2025,MAYBE,"Abstract garbled/truncated (DISCERN scores); likely content-quality analysis, ambiguous",Scientific validity and reliability analysis of YouTube videos on hand hygiene in the COVID-19 pandemic
2-s2.0-85123451680,2022,MAYBE,685 webpages characterized; top sites returned true info but no false-content share,Online Information of COVID-19: Visibility and Characterization of Highest Positioned Websites by Google between March and April 2020—A Cross-Country Analysis
2-s2.0-105034781937,2026,EXCLUDE,Survey on perceptions of mis/disinfo and news outlet selection; perception not exposure,When Distrust Shapes News Choice: Perceptions of Mis- and Disinformation and News Consumption Across Traditional and Social Media Outlets
2-s2.0-85109102045,2021,MAYBE,"Characterizes vaccine Twitter conversation, 62K tuits; anti-vax cluster activity, prevalence share unclear",Disinformation
2-s2.0-85105278981,2021,MAYBE,Cites 131 billion hashtag views but commentary; quantitative misinfo exposure estimate unclear,Dissemination of Mask Effectiveness Misinformation Using TikTok as a Medium
2-s2.0-85114226550,2022,EXCLUDE,"Fact-checking study, TV content analysis on scrutiny; not misinfo prevalence/exposure",Why Media Systems Matter: A Fact-Checking Study of UK Television News during the Coronavirus Pandemic
2-s2.0-85164694763,2023,INCLUDE,316M tweets; quantifies low-credibility misinfo flows and no-vax community exposure across countries,Global Misinformation Spillovers in the Vaccination Debate Before and During the COVID-19 Pandemic: Multilingual Twitter Study
2-s2.0-85054136393,2018,MAYBE,"950K tweets MH17; citizens 4x more retweeted, but disinfo share not quantified",State
2-s2.0-85214866849,2024,EXCLUDE,Qualitative journalist interviews on COVID disinfo Global South; no prevalence estimate,COVID-19 disinformation and fake news circulation—from the perspective of Global South Countries
2-s2.0-85129781787,2022,INCLUDE,Content analysis: 40% of treatment-coverage articles misleading in Indian media,Media coverage of COVID-19 health information in India: a content analysis
2-s2.0-85215785622,2024,INCLUDE,Content: 86.4% of 419 fact-checks false/misleading; social media 52.5% source share,Fuelling climate change disinformation: Global narratives distorting environmental risks in North America
2-s2.0-85108094039,2021,EXCLUDE,Maps online hate network spread across platforms; spread dynamics not population prevalence,Online hate network spreads malicious COVID-19 content outside the control of individual social media platforms
2-s2.0-85064046220,2018,MAYBE,"400 bot accounts' retweet strategies; humans disseminate bot content, share not quantified","\""Life never matters in the DEMOCRATS MIND\"": Examining strategies of retweeted social bots during a mass shooting event"
2-s2.0-85163753338,2023,EXCLUDE,"Survey on factors associated with sharing fake news; SEM, not observed prevalence",Understanding the Spread of Fake News: An Approach from the Perspective of Young People
2-s2.0-105009245125,2025,EXCLUDE,"User archetype clustering on Telegram; classification model, no misinfo prevalence estimate",User Archetypes and Information Dynamics on Telegram: COVID-19 and Climate Change Discourse in Singapore
2-s2.0-85135532568,2022,EXCLUDE,Rapid review of 45 studies on vaccine misinfo themes/effects; not a prevalence estimate,Misinformation About COVID-19 Vaccines on Social Media: Rapid Review
2-s2.0-85056355953,2017,EXCLUDE,"Relates collective attention dynamics to credibility; 47M tweets, no misinfo prevalence share",Credibility and the dynamics of collective attention
2-s2.0-85093962844,2020,INCLUDE,534 COVID misinfo items identified/typed in Indonesia; content prevalence count,Can the damage be undone? analyzing misinformation during COVID-19 outbreak in Indonesia
2-s2.0-85086129735,2020,EXCLUDE,"Theoretical MAD model of moral contagion; non-empirical review, no prevalence",The MAD Model of Moral Contagion: The Role of Motivation
2-s2.0-85148963619,2023,INCLUDE,"~300M tweets; low-credibility prevalence trend, 800 superspreaders=35% reshares (concentration)",One Year of COVID-19 Vaccine Misinformation on Twitter: Longitudinal Study
2-s2.0-85168143515,2023,INCLUDE,Spread: misleading posts get 36.62% fewer retweets; virality of community-fact-checked misinfo,Diffusion of Community Fact-Checked Misinformation on Twitter
2-s2.0-105023048849,2025,EXCLUDE,Emotion-reaction analysis of Facebook campaign posts; not misinfo prevalence/exposure,Underlying Emotions in Political Messages: An Analysis of Their Influence on Interactions and Sharing/Commenting Actions on Facebook
2-s2.0-85118561338,2021,MAYBE,Dissertation proposal to audit/measure algorithmically curated misinfo; estimates not yet reported,Identifying
2-s2.0-85147312344,2024,EXCLUDE,"Critical discourse analysis of far-right news sharing; qualitative, no prevalence estimate",News to me: far-right news sharing on social media
2-s2.0-86000183980,2025,INCLUDE,"2M tweets, 123 fact-checked stories; reappearance/spread of false vs ambiguous info",Large-scale analysis of fact-checked stories on Twitter reveals graded effects of ambiguity and falsehood on information reappearance
2-s2.0-105029395670,2026,EXCLUDE,"Survey dataset of 338 self-reported fake-news sharers; self-report, not observed prevalence",Survey data on COVID-19-related fake news sharing on Facebook
2-s2.0-85161049349,2023,EXCLUDE,"Describes a research toolkit design to measure exposure; methods paper, no estimate",Measuring the burden of infodemics with a research toolkit for connecting information exposure
2-s2.0-105014753885,2025,EXCLUDE,"Media-literacy intervention on migrants' sharing intentions; intervention+intentions, not prevalence",Misinformation Among Migrants: Evidence from Mexico and Colombia
2-s2.0-85099691654,2020,EXCLUDE,"Pilot bot-network detection on VKontakte; detection method, no prevalence estimate",Social bots in computational propaganda: Surfing the corona-virus information wave
2-s2.0-85100410852,2020,INCLUDE,"Content: 952 tweets cross-checked, discrepancy between belligerents and mainstream media quantified",Social media and disinformation in war propaganda: how Afghan government and the Taliban use Twitter
2-s2.0-105035724919,2026,EXCLUDE,"Systematic review of 140 TikTok studies; narrative synthesis, not a prevalence estimate",The Impact of TikTok on Elections: (Mis)information and Regulatory Challenges
2-s2.0-85051467996,2018,INCLUDE,Content analysis of 2501 IRA tweets; coded share by task/topic (actor output),IRA propaganda on Twitter: Stoking antagonism and tweeting local news
2-s2.0-85130786472,2022,INCLUDE,Actor-level: 14% of 2307 parliamentarians' tweets on disinfo-susceptible issues,Rhetoric of parliamentary disinformation on Twitter
2-s2.0-85133668349,2022,INCLUDE,Prevalence of YouTube/BitChute fraud content in election-fraud Twitter discussion quantified,Characterizing YouTube and BitChute Content and Mobilizers During U.S. Election Fraud Discussions on Twitter
2-s2.0-85137393348,2022,INCLUDE,"Prevalence: bots=14.31% pro-vax, 16.19% anti-vax users; share of network output",Bots' Activity on COVID-19 Pro and Anti-Vaccination Networks: Analysis of Spanish-Written Messages on Twitter
2-s2.0-85191009116,2024,EXCLUDE,"Non-linear dynamical spreading model; mean-field theory, not empirical prevalence estimate",Nonlinear spreading behavior across multi-platform social media universe
2-s2.0-85050484045,2017,EXCLUDE,"Likert survey on student fake-news awareness/spread; self-report, no observed prevalence",Higher education student behaviors in spreading fake news on social media: A case of LINE group
2-s2.0-105029662286,2026,INCLUDE,Content: 115 WeChat H. pylori articles scored low reliability/quality; risk of misinfo exposure,The reliability and quality analysis of health information about Helicobacter pylori on WeChat official accounts
2-s2.0-85146352693,2021,INCLUDE,Source breakdown: 67.4% of disinfo spread via social networks in 2020 election,Sources
2-s2.0-85130933687,2022,MAYBE,Analyzes belief frequency of misinfo in three languages on Twitter; estimate unclear,Deep Negative Effects of Misleading Information about COVID-19 on Populations Through Twitter
2-s2.0-85105806708,2020,INCLUDE,Content analysis: 53 Facebook fake-news posts typed (Wardle categories) during COVID,The fake news pandemic on Facebook during the covid-19
2-s2.0-105028205558,2025,INCLUDE,Content: 50.4% of 125 ADHD TikTok videos misleading; viewer self-identification measured,Quality and Perception of Attention-Deficit/Hyperactivity Disorder Content on TikTok: Cross-Sectional Study
2-s2.0-85204117613,2023,INCLUDE,Panel measures exposure to actual fake-news stories and effect on trust,Antecedents and consequences of fake news exposure: a two-panel study on how news use and different indicators of fake news exposure affect media trust
2-s2.0-85167859754,2023,EXCLUDE,"Book chapter on forms/techniques of hate and disinfo spreading; non-empirical, no estimate",Spreading organised hate content
2-s2.0-85183978822,2024,EXCLUDE,"Review of 13 studies on extreme-weather misinfo; literature review, not prevalence estimate",Online misinformation during extreme weather emergencies: short-term information hazard or long-term influence on climate change perceptions?
2-s2.0-105009542421,2026,INCLUDE,Content: 54.6% of 97 YouTube retrograde-ejaculation videos reliable; quality/views compared,YouTube as a source of information on retrograde ejaculation: insights into content reliability
2-s2.0-105034517560,2026,EXCLUDE,Time-series of govt disclosure effect on UFO subreddit conspiracy; effect not prevalence,Between disclosure and conspiracy: the transparency effect on r/UFO and r/UAP subreddits
2-s2.0-105030827603,2026,INCLUDE,Content: 71.4% of tooth-bleaching YouTube videos low reliability; non-pro 3.5x engagement,The Dental Misinformation Epidemic: An Evaluation of Quality
2-s2.0-85097228757,2020,EXCLUDE,"Prediction framework for malicious URL behavior; CS method, no human prevalence",Quantifiable interactivity of malicious URLs and the social media ecosystem
2-s2.0-85181233295,2024,EXCLUDE,"Deep-learning fake-news detection + stock correlation; CS method, no human prevalence",The Dissemination of Politically-Motivated False Information and Its Influence on the Stock Market
2-s2.0-85128869312,2022,EXCLUDE,"Qualitative study of how citizens mock misinfo spreaders; engagement style, no prevalence","Ridiculing the \""tinfoil hats:\"" Citizen responses to COVID-19 misinformation in the Danish facemask debate on Twitter"
2-s2.0-85176905270,2023,EXCLUDE,"Survey of eye-disease misconceptions/knowledge; belief, not misinfo exposure/sharing prevalence",An Assessment of the State of Misinformation Regarding Eye Diseases and their Treatment in the General Public
2-s2.0-105037202967,2024,INCLUDE,"Content: 60.4% radical, 69.3% users believe misinfo; topic/reaction prevalence shares",Social Media Users' Engagement with Religious Misinformation: An Exploratory Sequential Mixed-Methods Analysis
2-s2.0-105028244610,2026,EXCLUDE,"Scoping review of 41 studies on data and misinfo; review, no prevalence estimate",Data in the Context of Misinformation: A Scoping Review
2-s2.0-85196971477,2024,EXCLUDE,"Individual differences predicting sharing of false info; survey/intentions, not observed prevalence",Individual differences in sharing false political information on social media: Deliberate and accidental sharing
2-s2.0-85076237931,2020,INCLUDE,"94,993 GMO articles; pro-conspiracy sites got more engagement than media outlets",Monetizing disinformation in the attention economy: The case of genetically modified organisms (GMOs)
2-s2.0-85194837588,2024,EXCLUDE,"AI framework to trace disinfo sources/URLs; detection method, no human prevalence",Tracking of Disinformation Sources: Examining Pages and URLs
2-s2.0-85142905214,2023,EXCLUDE,"Review/conceptual essay on health misinfo exposure and disparities; non-empirical, no estimate",Health Misinformation Exposure and Health Disparities: Observations and Opportunities
2-s2.0-85159486270,2023,INCLUDE,Content: 70 of 100 YouTube produce-washing videos nonfactual; during>before pandemic,Evaluating Misinformation on YouTube about Washing Produce Before and During the COVID-19 Pandemic
2-s2.0-85153766483,2023,INCLUDE,"Content: 2813 QAnon pages/groups, internal-source posts got more shares (engagement)",The Information Ecosystem of Conspiracy Theory: Examining the QAnon Narrative on Facebook
2-s2.0-85189974015,2024,INCLUDE,Survey 5307 users: actual fake-news sharing rates by determinants in sub-Saharan Africa,Who shares fake news on social media? Evidence from vaccines and infertility claims in sub-Saharan Africa
2-s2.0-85198246689,2024,EXCLUDE,Survey on worldviews/news use predicting disinfo-narrative adoption; belief not exposure prevalence,The Geopolitics of Disinformation: Worldviews
2-s2.0-85216762696,2025,EXCLUDE,"Grounded-theory analysis of medical authority in anti-vax WhatsApp; qualitative, no prevalence",Medical authority on anti-vaccine WhatsApp groups in Brazil
2-s2.0-105007030507,2026,EXCLUDE,"Analysis of police X posts during riots; communication tactics, not misinfo prevalence",Police use of X (Twitter) during the 2024 UK riots
2-s2.0-85109637895,2021,EXCLUDE,"Research note linking WhatsApp COVID disinfo to far-right discourse; qualitative, no prevalence",Research note: Bolsonaro's firehose: How Covid-19 disinformation on WhatsApp was used to fight a government political crisis in Brazil
2-s2.0-85217671589,2025,EXCLUDE,"Content analysis of four health influencers' Instagram; trust/engagement, not misinfo prevalence",The divulgation of health content on Instagram: analysis of specialized influencers
2-s2.0-85102718162,2021,EXCLUDE,"Commentary on polio misinfo impact in Pakistan; non-empirical, no prevalence estimate",Polio vaccine misinformation on social media: turning point in the fight against polio eradication in Pakistan
2-s2.0-85129158693,2022,MAYBE,"Reddit climate discourse: topic modeling, sources shared; misinfo prevalence share not quantified",Discussion of Climate Change on Reddit: Polarized Discourse or Deliberative Debate?
2-s2.0-85066894147,2019,INCLUDE,Prevalence of fake-news publisher content in 2016 election tweets; tracked over campaign,What happened? The spread of fake news publisher content during the 2016 U.S. Presidential election
2-s2.0-85048644381,2018,EXCLUDE,"Conceptual essay on sources of social-media career-info invalidity; non-empirical, no estimate",The Validity of Social Media-Based Career Information
2-s2.0-85114457852,2021,INCLUDE,Content: 16 of 99 youth-pitching websites discordant/misleading vs medical advice,Medical Advisability of Youth Pitching Recommendations on the Internet
2-s2.0-85144509793,2022,EXCLUDE,"Google Trends vaccine search-volume analysis; search interest, not misinfo prevalence",Online Search Patterns about Vaccination: A National Study
2-s2.0-85194733750,2024,INCLUDE,"Supersharers: 2107 voters=80% of fake news; concentration, reach 5.2% of voters",Supersharers of fake news on Twitter
2-s2.0-105008269704,2025,EXCLUDE,"Multilingual model detecting toxicity in Telegram channels; CS method, not misinfo prevalence",Toxic Discourse in the Digital Battlefield: Analysing Telegram Channels During the Russia-Ukraine 'Conflict'
2-s2.0-85190799455,2024,EXCLUDE,"Coordinated-behavior network detection on Twitter; characterizes communities, no prevalence/exposure estimate",Multifaceted online coordinated behavior in the 2020 US presidential election
2-s2.0-105014662831,2022,EXCLUDE,Survey of social media use in Kenya; no misinformation exposure quantification,Social Media Consumption Among Kenyans: Trends and Practices
2-s2.0-105019225029,2026,INCLUDE,"Content prevalence: 74 YouTube videos, 24% high quality; content-level estimate",Misinformation in spinal cord rehabilitation on YouTube: Enhancing standards for patient safety
2-s2.0-85108732753,2021,EXCLUDE,Qualitative memetic analysis of 35 local hoaxes; no denominator/prevalence estimate,Memetics of deception: Spreading local meme hoaxes during COVID-19 1st year
2-s2.0-105001116590,2025,INCLUDE,"Content prevalence: 100 videos, 39% referenced science; content-level quality estimate",YouTube and Schizophrenia: The Quality and Reliability of Information in the Age of Infodemics
2-s2.0-84985993999,2016,INCLUDE,"Content prevalence: 208 articles, 72% described 'alive', 4% defined brain death",Public education and misinformation on brain death in mainstream media
2-s2.0-105034962345,2026,INCLUDE,"Content prevalence: 163 videos, quality scores, epidemiology in 11.7%; content-level",Content quality and reliability of gout-related videos on TikTok and Bilibili
2-s2.0-85083574248,2019,EXCLUDE,Two surveys of user reactions/personality toward memes; no real-world prevalence estimate,The spread of disinformation on the web: An examination of memes on social networking
2-s2.0-85188687142,2024,INCLUDE,News-diet entropy of disinformation spreaders; quantifies sharing patterns by user group,Decoding the News Media Diet of Disinformation Spreaders
2-s2.0-85187864672,2025,EXCLUDE,"Content-moderation effectiveness on 18 pages; engagement decline, not prevalence/exposure estimate",Labelling shadow bans and community resistance: Meta's COVID misinformation strategy
2-s2.0-105028259724,2026,MAYBE,"Reports perceived disinformation exposure 'significantly high' in Taiwan/South Africa; self-reported, magnitude unclear",Democracy in the Digital Age: Fake News Polarization Media in Taiwan and South Africa
2-s2.0-85194112418,2024,INCLUDE,"Content prevalence: 119 TikTok videos, 18.4% contained misinformation",Third-Line Overactive Bladder Therapies on TikTok: What Does the Public Learn?
2-s2.0-85090319305,2020,EXCLUDE,"Theoretical argument on left/right activism asymmetry; calls for research, no estimate",False equivalencies: Online activism from left to right
2-s2.0-85054165307,2018,EXCLUDE,Content analysis of candidate tweets/engagement; no misinformation prevalence estimate,Influence politics and fake trend on twitter. 21D Catalonia
2-s2.0-85088997259,2020,EXCLUDE,Commentary on Chinese state info campaign; no empirical prevalence measurement,How China's state actors create a Us vs US world during covid-19
2-s2.0-85010219819,2017,INCLUDE,"Content prevalence: 87 videos, 65.5% discouraged vaccines, view counts reported",What do popular YouTube videos say about vaccines?
2-s2.0-85105126834,2021,EXCLUDE,"Descriptive book chapter on India's false-information ecosystem; recommendations, no quantitative estimate",India: A false information ecosystem
2-s2.0-85114317455,2021,INCLUDE,Agent-based test of Twitter algorithm; quantifies junk-news proportion in link exposures,Curating Quality? How Twitter's Timeline Algorithm Treats Different Types of News
2-s2.0-85151415098,2023,EXCLUDE,"Sentiment analysis for fake-news detection; method, not human prevalence/exposure",COVID-19 fake news on Twitter: A statistical and sentimental analysis
2-s2.0-105025106588,2026,INCLUDE,Cross-national: integrates online misinformation exposure indicators across 31 countries; engagement measure,The infodemic-pandemic nexus: Cross-national analysis of online misinformation's impact
2-s2.0-105033103558,2026,EXCLUDE,"Conceptual framework for profiling actors; 7550 messages annotated, no prevalence estimate",Malicious creativity in Telegram's anti-vaccination ecosystem
2-s2.0-105023065879,2026,EXCLUDE,"Fake-news detection pipeline on Threads; classifier accuracy, not human prevalence",FakeThreads: Investigating Fake News Dissemination Patterns in Threads
2-s2.0-85130316440,2022,INCLUDE,"Content prevalence: 500 Instagram posts characterized as misinformation, engagement metrics",Characterization of False or Misleading Fluoride Content on Instagram
2-s2.0-85128118104,2022,INCLUDE,Survey N=3090: 83.6% heard food rumors; exposure prevalence estimate reported,Media Source Characteristics Regarding Food Fraud Misinformation HINTS China
2-s2.0-105029135644,2026,INCLUDE,"Content prevalence: 622 false-info cases, 65.5% emotional; content-level actor analysis",Disinformation and emotions in the 2024 European Parliament and US presidential elections
2-s2.0-85215817889,2023,INCLUDE,"Survey N=400: 54.8% republish without validation, sharing behavior quantified",The Interaction of University Youth with Fake News and its Circulation
2-s2.0-105012514845,2025,EXCLUDE,"Content analysis of fact-checkers' output (479 items); fact-check coverage, not misinfo prevalence",Fact-checking and disinformation in Spain related to the climate issue
2-s2.0-85192635397,2024,INCLUDE,"Cross-country news diet: unreliable-source consumption share, concentration among few users",News and misinformation consumption: A temporal comparison across European countries
2-s2.0-85108216800,2021,MAYBE,Survey N=408 on Gen Z media/fake-news relationship; unclear exposure quantification,Fake news reaching young people on social networks: Distrust challenging media literacy
2-s2.0-85146480094,2023,INCLUDE,Content prevalence: 379 press articles on CAM analyzed for disinformation presence,The suggestive nature of words. Media coverage of homeopathy acupuncture reiki
2-s2.0-85169998829,2023,EXCLUDE,"Cross-lingual themes/influential-users analysis; exploratory, no prevalence/exposure estimate",A cross-lingual analysis on the spread of misinformation Ivermectin Covid-19
2-s2.0-85091698994,2020,INCLUDE,Quantifies disinformation vs mainstream engagement/shares on Twitter Italy/France; diffusion estimate,The Diffusion of Mainstream and Disinformation News on Twitter: Italy and France
2-s2.0-85144978737,2023,INCLUDE,Systematic review reporting misinformation prevalence ranges 0.1-96.7% across studies,The Prevalence Features Influencing Factors COVID-19 Vaccine Misinformation: Systematic Review
2-s2.0-85160644203,2023,INCLUDE,Content prevalence: 318 misinformation pieces categorized; share on Facebook 62.9%,Exploring online oral health misinformation: a content analysis
2-s2.0-85121749320,2022,EXCLUDE,"News-cascade sentiment analysis post-endorsement; amplification, no prevalence/exposure estimate",Hype News Diffusion and Risk of Misinformation: The Oz Effect
2-s2.0-85122127983,2021,EXCLUDE,"LDA topic modeling of rumor dynamics; topics over time, no prevalence estimate",Internet Rumors During the COVID-19 Pandemic: Dynamics of Topics
2-s2.0-85183227116,2024,EXCLUDE,Theoretical book chapter on rumor as contention; non-empirical,Rumoring as Contention in the Chinese Digital Sphere
2-s2.0-85216735028,2025,INCLUDE,"Content prevalence: 270 TikTok videos, 23.1% alarmist/contradict WHO recommendations",Breast cancer at the TikTok bazaar. Testimonials versus quackery
2-s2.0-85115631663,2021,INCLUDE,"690,004 misinformation tweets identified; 'only minor part' of dataset, content prevalence",Different types of COVID-19 misinformation have different emotional valence on Twitter
2-s2.0-85104164793,2021,EXCLUDE,"Research-agenda proposal citing low prevalence; non-empirical, no new estimate",Measuring the news and its impact on democracy
2-s2.0-85125357882,2022,EXCLUDE,Survey on belief/susceptibility to COVID misinformation; no exposure/sharing prevalence estimate,Unpacking Misinformation Amid the COVID-19 Pandemic: A Mixed Methods Study
2-s2.0-85140920033,2022,INCLUDE,Concentration: ~14% creators produce 82% of fake content; supersharer estimate,The voice of few the opinions of many: Social biases in Twitter COVID-19 fake news
2-s2.0-85150021066,2022,EXCLUDE,"Detection pipeline; 43.4% tweets not factual is filter metric, classifier-focused",Seeing Should Probably Not Be Believing: Deceptive Support COVID-19 Twitter
2-s2.0-85197732818,2024,EXCLUDE,"Content analysis of 584 YouTube comments' source-use; argumentation, not prevalence estimate",What sources do individuals use to validate arguments in scientific discourses
2-s2.0-85088252994,2020,EXCLUDE,"Clickbait/propaganda visibility analysis (197K posts); propaganda reach, not misinformation prevalence",Capturing Clicks: How the Chinese Government Uses Clickbait
2-s2.0-85143439392,2023,INCLUDE,"Content prevalence: 1734 misinfo pieces, 85.12% false, 53% Facebook; content-level",COVID-19 Infodemic: A study on the Fragile Five countries
2-s2.0-85101747540,2020,INCLUDE,Online behavior records + survey of fake-news exposure linked to trust; exposure measured,Misinformation in action: Fake news exposure linked to lower trust in media
2-s2.0-105038709715,2026,EXCLUDE,Causal effect of community notes on spread; intervention/correction-effect study,Community-based fact-checking reduces the spread of misleading posts on X
2-s2.0-85100087939,2020,EXCLUDE,"Fake-news detection/aggregation system from Facebook data; CS method, not prevalence",Towards Evaluating the COVID19 related Fake News Problem: Case of Morocco
2-s2.0-85141939349,2022,EXCLUDE,Network analysis of YouTube misinfo spread structure for intervention strategy; no prevalence estimate,Understanding the Social Mechanism of Cancer Misinformation Spread on YouTube
2-s2.0-105034745484,2026,INCLUDE,"Content prevalence: 9% Facebook comments misleading, ~15% in actionable advice",Evaluating online health information: COPD Facebook forums versus ChatGPT
2-s2.0-105007041639,2025,EXCLUDE,"Discourse/polarization analysis of 10000 posts; coordinated networks noted, no prevalence estimate",Between hashtags and hegemonies: the use of the term Terrorism on X
2-s2.0-105012942893,2025,EXCLUDE,"Preregistered vignette experiment on misinformation effects on attitudes; effects-only, no exposure prevalence",Misinformation Narratives and Intergroup Attitudes: Evidence from India
2-s2.0-85201248510,2024,EXCLUDE,"BERTopic discourse analysis of mpox tweets; topic sizes, no misinformation prevalence estimate",Mpox Discourse on Twitter by Sexual Minority Men: Infodemiological Study
2-s2.0-85208681084,2025,INCLUDE,"Content prevalence: 100 TikTok videos, 46% contained misinformation",TikTok as a Source of Education and Misinformation in Lichen Sclerosus
2-s2.0-85154550041,2022,EXCLUDE,"Quali-quanti typology of 215 Telegram channels; discourse mapping, no prevalence estimate",Disinformation networks: antagonistic Dutch-speaking Telegram channels
2-s2.0-84954349783,2016,EXCLUDE,"Questionnaire-testing study on retweet factors (N=57); intentions/factors, not observed prevalence",Questionnaire testing: Identifying Twitter user's information sharing during disasters
2-s2.0-85073152810,2019,MAYBE,"Abstract truncated; fact-check/sharing behavior among UAE youth, quantification unclear",Fact-checking & social media sharing behavior among UAE youth
2-s2.0-85126869931,2022,EXCLUDE,"Bot-behavior characterization during UK election; bot incidence, not misinformation prevalence/exposure",Brexit and bots: characterizing automated accounts on Twitter
2-s2.0-105012962323,2025,EXCLUDE,"Ethnographic study (n=200) of metaphor in cancer misinfo; qualitative, no prevalence estimate",Conspiracy Theory as Metaphor: Cancer Misinformation on TikTok
2-s2.0-85082420417,2020,EXCLUDE,Qualitative examination of fake-news nature/implications in Kenya elections; no prevalence estimate,Fake News and the 2017 Kenyan Elections
2-s2.0-85123434312,2022,INCLUDE,"Content prevalence: 2097 videos, 15/20 top opposed vaccination/conspiracy; share metrics",Cross-platform spread: vaccine content sources conspiracy in YouTube videos
2-s2.0-105010061687,2025,MAYBE,Protocol for future sentiment analysis of mis/disinformation among Latinos; no results yet,Mis- and disinformation and perceptions of healthcare policy among Latinos: Protocol
2-s2.0-85123303608,2022,EXCLUDE,"Explainable COVID misinformation detection framework; CS method, not human prevalence",HC-COVID
2-s2.0-85125507154,2022,INCLUDE,"Content prevalence: 100 TikTok videos, 52% misleading about ADHD",TikTok and ADHD: A Cross-Sectional Study of Social Media Content Quality
2-s2.0-85071555132,2020,EXCLUDE,"Survey/PLS model of trust, conspiracy, engagement; mechanisms, no exposure prevalence estimate",Citizen engagement in the post-truth era: knowledge management inquiry
2-s2.0-105018253751,2025,EXCLUDE,"Descriptive study of parenting TikTok content; 53.9% by experts, not misinformation prevalence",#Parentingtips: A Descriptive Study of Information for Parents on TikTok
2-s2.0-85164339474,2024,INCLUDE,Content prevalence: misinformation/correction prevalence across six TV news sources,COVID-19 coverage from six network and cable news sources in the US
2-s2.0-85166442191,2023,INCLUDE,"Content prevalence: 1M tweets, sentiment shares, four misinfo/conspiracy clusters identified",GMO discussion on Twitter
2-s2.0-85136545530,2025,EXCLUDE,"Survey N=2005 on amplification factors; self-reported regular amplification, intentions/correlates not observed prevalence",The Amplification of Exaggerated and False News on Social Media
2-s2.0-84884824190,2013,EXCLUDE,"Network-structure analysis of rumor diffusion post-earthquake; structural, no prevalence estimate",After the 2011 Tohoku earthquake why did false rumor diffuse
2-s2.0-85216935416,2024,EXCLUDE,"Bot/echo-chamber diffusion analysis Japan; mechanism, no misinformation prevalence/exposure estimate",An Analysis of Relationship Between Social Bots and Echo Chambers on X Japan
2-s2.0-105014185875,2025,INCLUDE,"Content prevalence: OCD videos, 29% misleading vs 18% accurate; engagement",#OCD: Content Analysis of OCD Stereotype Amplification and Misinformation on TikTok
2-s2.0-70349234627,2009,INCLUDE,"Content prevalence: 391 magazine pictures, 36.4% safe sleep environments",Infant sleep environments depicted in magazines targeted to women of childbearing age
2-s2.0-85209547248,2024,INCLUDE,"21M website visits, nationally representative N=1238; QAnon exposure prevalence estimate",The Private Life of QAnon: Americans' Exposure to QAnon Content on the Web
2-s2.0-105024088758,2025,EXCLUDE,Legal/doctrinal analysis of electoral annulment over disinformation; non-empirical commentary,Disinformation fraud and electoral repetition
2-s2.0-85179692192,2021,EXCLUDE,"Lab experiment on fake-news framing & sharing intention (N=90); hypothetical, not observed",Analyzing Readers' Responses to Fake News on Facebook
2-s2.0-85121752754,2021,MAYBE,Survey N=225 on Gen Z media/fake-news detection; exposure quantification unclear,Mapping media consumption among youngest: Social networks fake news pandemic
2-s2.0-85146384927,2023,INCLUDE,"Content prevalence: 168 videos, 10.1% misinformation, source breakdown, engagement",TikTok and adolescent vision health: top short videos related to myopia
2-s2.0-105013108330,2025,INCLUDE,"Content prevalence: 313 videos, quality/reliability scores, source breakdown",Quality and Reliability of Online Videos for Stroke Prevention Mainland China
2-s2.0-85086245198,2020,EXCLUDE,"Fact-check spread behavior profile for bot design; TRL prototype, no prevalence estimate",Fact-Check spreading behavior in twitter: qualitative profile for false-claim news
2-s2.0-85084363001,2020,MAYBE,"Abstract truncated; right-leaning media facilitated COVID misinfo spread, quantification unclear",How right-leaning media coverage of Covid-19 facilitated misinformation spread
2-s2.0-85048127619,2018,INCLUDE,Content analysis: rumors had 3x more shares than verified Zika stories; share volume,Spreading the (Fake) News: Health Messages on Social Media Zika case study
2-s2.0-85187117251,2024,INCLUDE,"Observational: 2.7M posts, low-credibility tweets' impressions/amplification vs high-credibility quantified",Evaluating Twitter's algorithmic amplification of low-credibility content
2-s2.0-85187708365,2024,EXCLUDE,"Controlled experiments on belief-consistency and sharing; lab, not observed real-world prevalence",Belief-consistent information is most shared despite being the least surprising
2-s2.0-85175033145,2023,EXCLUDE,"Structured literature review (41 articles) of African infodemic factors; non-empirical synthesis, no estimate",A structured literature review of the health infodemic on social media in Africa
2-s2.0-105013072708,2025,EXCLUDE,"226K misinfo instances used for bias analysis/ML classification; CS method, no prevalence denominator",Unraveling Misinformation: Insights from Large-scale Data Analysis
2-s2.0-85081349713,2020,EXCLUDE,"Trace-ethnography case study of disinformation tactics; qualitative, no prevalence estimate",Disinformation by Design: Evidence Collages and Platform Filtering
2-s2.0-105005322445,2025,MAYBE,"Reanalyzes survey on misinformation belief prevalence for mortality model; belief-prevalence, not exposure",Impact of COVID-19 vaccination by timing and coverage re misinformation prevalence Japan
2-s2.0-85216493729,2024,EXCLUDE,Qualitative content analysis of pro-Russian narratives on 5 sites; no prevalence estimate,Unveiling Pro-Russian Narratives: Slovak Context Ukraine Conflict
2-s2.0-85172813494,2023,INCLUDE,Survey N=1003: disinformation narratives reached majority of respondents; reach/exposure estimate,Disinformation narratives in Spain: reach impact and spreading patterns
2-s2.0-85086031086,2021,INCLUDE,Survey: nearly a quarter reported sharing misinformation on Facebook/WhatsApp; self-reported sharing prevalence,Dysfunctional information sharing on WhatsApp and Facebook
2-s2.0-105024557609,2025,EXCLUDE,Analysis of 20 viral deepfakes' sentiment/reach; no population denominator/prevalence estimate,Deepfakes as a strategy to spread misinformation in Ecuador's election campaigns
2-s2.0-85116608685,2021,INCLUDE,"Quantifies rumor sources: WhatsApp 46%, Twitter 41% of online rumor transmission",A retrospective analysis of the covid-19 infodemic in Saudi Arabia
2-s2.0-85147763511,2023,INCLUDE,Content analysis of Spanish political hoaxes; characterizes fabrication/source/platform shares; content-level,Disinformation on the rise: An analysis of fake news on Spanish politics
2-s2.0-85213223975,2025,INCLUDE,"Content prevalence: 115 videos, misinformation 8.5-42.9% across platforms",Hysteroscopic metroplasty reproductive impact across social networks
2-s2.0-105034793014,2026,EXCLUDE,"Content analysis of 533 political TikTok posts; communication patterns, not misinformation prevalence",TikTok and Political Communication in Peru: Content Trends and Themes
2-s2.0-105016101289,2025,EXCLUDE,Analysis of fact-checkers' ideological bias in content selected; not misinformation prevalence,Watching the watchers: ideological biases in fact-checking agencies Spain Portugal
2-s2.0-85139570168,2022,EXCLUDE,"What-if simulation of recommender effect on misinfo spreaders' influence; mechanism, no prevalence",Do Recommender Systems Make Social Media More Susceptible to Misinformation Spreaders?
2-s2.0-85128203589,2022,EXCLUDE,"Survey data on labels' impact on news-consumption decisions; intervention/decision study, no prevalence",Deceptive Content Labeling Survey Data from Two U.S. Midwestern Universities
2-s2.0-85148724269,2025,EXCLUDE,"Self-report survey on who spreads misinfo (belief/literacy predictors), no prevalence/exposure estimate",Relationship between misinformation spreading behaviour and true/false judgments and literacy: an empirical analysis of COVID-19 vaccine and political misinformation in Japan
2-s2.0-85135267817,2022,MAYBE,"NATO online conversation; network/content analysis of 9705 mentions, unclear quantitative misinfo share","War of the Words. The Online Conversation about NATO in Romania: Communicators, Content, Communities1"
2-s2.0-105020202610,2025,MAYBE,Small-scale analysis of LLM chatbot references to Kremlin disinfo sites; possible content prevalence,"LLMs grooming or data voids? LLM-powered chatbot references to Kremlin disinformation reflect information gaps, not manipulation"
2-s2.0-85092354064,2020,INCLUDE,"Content-level: 18,347 news items analyzed for rumor diffusion across Weibo/WeChat/news websites","Information Flow Within and Across Online Media Platforms: An Agenda-setting Analysis of Rumor Diffusion on News Websites, Weibo, and WeChat in China"
2-s2.0-85174440884,2024,EXCLUDE,Survey on trust and reasons for sharing unverified info; no observed prevalence estimate,Trust but verify? Examining the role of trust in institutions in the spread of unverified information on social media
2-s2.0-85185658956,2023,EXCLUDE,"Theoretical economic model of GenAI and deceptive news consumption, no empirical estimate",Generative AI and deceptive news consumption
2-s2.0-64149129372,2009,MAYBE,Strategic communication assessment mentions measuring prevalence of misinfo in media; vague on quantitative estimate,Operation Iraqi Freedom strategic communication analysis and assessment
2-s2.0-85139741412,2025,EXCLUDE,Survey on media literacy and partisan SNS use; no misinfo exposure prevalence estimate,Media literacy and partisan convergence across social network sites
2-s2.0-85134048047,2021,EXCLUDE,"Qualitative comparative media coverage analysis of SARS/COVID infodemic, no quantitative prevalence",Causes of the Infodemic Outbreak: Media Coverage of the SARS Epidemic and the COVID-19 Pandemic Comparative Analysis
2-s2.0-105032159703,2026,INCLUDE,Content prevalence: misinformation in 46.2% of content-creator scar-management TikTok videos,Quality evaluation of scar management information on TikTok: a cross-sectional study
2-s2.0-85134197797,2022,MAYBE,YouTube vaccine content analysis; reports engagement/removal rates but misinfo share unclear,Characterizing Vaccination Movements on YouTube in the United States and Brazil
2-s2.0-105005221260,2025,EXCLUDE,"Systematic review of infodemic dynamics; thematic synthesis, not a primary prevalence estimate",Unravelling the infodemic: a systematic review of misinformation dynamics during the COVID-19 pandemic
2-s2.0-85146749866,2022,EXCLUDE,"Typology/patterns of hoaxes (95 documents, 95 ingredients); descriptive, no exposure/prevalence denominator",TYPOLOGY AND PATTERNS OF HEALTH-AND NUTRITION-RELATED HOAXES SPREAD DURING THE COVID-19 PANDEMIC
2-s2.0-85199752456,2024,MAYBE,TikTok Mediterranean diet content analysis (202 posts); identifies misinfo areas but no clear prevalence %,Mediterranean Diet Information on TikTok and Implications for Digital Health Promotion Research: Social Media Content Analysis
2-s2.0-85140319155,2022,INCLUDE,Reports visibility/share of unreliable sources in social media news sharing during protests,The advantage of the right in social media news sharing
2-s2.0-85169351447,2023,MAYBE,"Weibo COVID misinfo diffusion; topology/super-spreaders described, quantitative prevalence share unclear",Diffusion of misinformation: Topological characteristics and user vulnerability
2-s2.0-105009294049,2025,EXCLUDE,"ML framework development to detect climate misinfo; preliminary, method-focused, no prevalence estimate",MediaWatchers4Climate: Assessing the Accuracy of Climate Change Narratives in Greek Media Through Machine Learning
2-s2.0-85124460646,2021,EXCLUDE,"Dataset creation for training disinfo detection; method/dataset paper, no prevalence estimate",An Analysis of the Australian Political Discourse in Sponsored Social Media Content
2-s2.0-85130215336,2021,EXCLUDE,Analyzes user behavior change after IRA contact; no misinfo prevalence/exposure estimate,Analyzing Twitter Users' Behavior before and after Contact by the Russia's Internet Research Agency
2-s2.0-85124177469,2022,EXCLUDE,"Vaccine tweet sentiment/5C analysis (1794 tweets); confidence classification, not misinfo prevalence",Analysis of vaccine messages on social media (Twitter) in Scandinavia
2-s2.0-85104154603,2021,EXCLUDE,Anti-mask tweet topic mining and correlation with cases; not misinfo prevalence estimate,Public discourse against masks in the COVID-19 Era: Infodemiology study of twitter data
2-s2.0-105001963947,2025,MAYBE,"600M posts on networked election publics; right-leaning activity changes, misinfo prevalence not central",On measuring change in networked publics: a case study of United States election publics on Twitter from 2020 to 2022
2-s2.0-85145308535,2022,EXCLUDE,"Vaccine discourse network/influencer analysis; identifies actors, no misinfo prevalence estimate",The Role of Influential Actors in Fostering the Polarized COVID-19 Vaccine Discourse on Twitter: Mixed Methods of Machine Learning and Inductive Coding
2-s2.0-85107390682,2021,INCLUDE,Content prevalence: 5% of 523 IPF Facebook posts contained potentially harmful information,Social media content of idiopathic pulmonary fibrosis groups and pages on facebook: Cross-sectional analysis
2-s2.0-85218448454,2025,INCLUDE,Content prevalence: misinformation in 39.6% of 500 dental caries Facebook posts,Facebook users' engagement with dental caries misinformation in Brazilian Portuguese
2-s2.0-85130261318,2022,INCLUDE,Content prevalence: reports % of disaster-journalism articles with inconsistent/misinfo reporting (n=80),"Misinformation and Instant Access: Inconsistent Reporting during Extreme Climatic Events, Reflecting on Tropical Cyclone Idai"
2-s2.0-85160617057,2023,EXCLUDE,Qualitative interviews/focus groups on disinfo in Nigerian elections; no quantitative prevalence,Dissemination of disinformation on political and electoral processes in Nigeria: An exploratory study
2-s2.0-105019625689,2025,INCLUDE,Quantifies voter-fraud misinfo videos by account/party and engagement on YouTube,Understanding Voter Fraud Misinformation Videos during the 2024 Taiwan Election on YouTube
2-s2.0-105017934404,2025,MAYBE,"Atherosclerosis short-video quality scores (764 videos); quality assessed, explicit misinfo % unclear",Short-video platforms as sources of atherosclerosis information: A cross-sectional content analysis
2-s2.0-85219060899,2025,EXCLUDE,Survey on Latino health-info engagement and perceived misinfo; no actual exposure prevalence estimate,Engagement With and Use of Health Information on Social Media Among US Latino Individuals: National Cross-Sectional Survey Study
2-s2.0-105023494063,2025,EXCLUDE,"Structured literature review on hybrid influence on rescue services; non-empirical, no prevalence",Hybrid Influence on Rescue Services
2-s2.0-85133711848,2022,INCLUDE,Cites Disinfo12 responsible for 65% of COVID misinfo; analyzes their sharing/spread,The Disinformation Dozen: An Exploratory Analysis of Covid-19 Disinformation Proliferation on Twitter
2-s2.0-85153931706,2023,INCLUDE,"Quantifies image-based COVID misinfo on Twitter, sharing/interaction patterns measured",Understanding the Use of Images to Spread COVID-19 Misinformation on Twitter
2-s2.0-105000532381,2024,EXCLUDE,Abstract mismatched (AI facade design); no misinfo prevalence content present,"The Role of Social Media in Maternal Health: Balancing Awareness, Misinformation, and Commercial Interests"
2-s2.0-85162057910,2022,MAYBE,Identifies pro-government disinfo campaign scale in Twitter discussion; share of posts partly quantified,A pro-government disinformation campaign on Indonesian Papua
2-s2.0-85092483799,2020,INCLUDE,Content prevalence: 11.4% of 797 Pinterest pins contained breast cancer misinformation,"Breast cancer prevention and treatment: Misinformation on pinterest, 2018"
2-s2.0-85092681088,2020,EXCLUDE,Social network analysis of conspiracy hashtag drivers/bots; no misinfo prevalence/exposure estimate,"COVID-19 and the \Film Your Hospital\"" conspiracy theory: Social network analysis of Twitter data"""
2-s2.0-85086037795,2020,EXCLUDE,"Survey+trace on who shares countermedia; predictors of sharing, no prevalence estimate","Why do people share ideologically extreme, false, and misleading content on social media? A self-report and trace data-based analysis of countermedia content dissemination on facebook and twitter"
2-s2.0-105007048814,2025,MAYBE,"Network analysis of fake-news gatekeepers (10,001 posts); identifies actors, prevalence share unclear",Mapping misinformation gatekeepers in non-western contexts: A computational network analysis of fake news on X (Twitter) using Gephi
2-s2.0-85090181268,2020,INCLUDE,Content prevalence: fake news in 13.5% of heaviest-traffic vaccine links,The debate on vaccines in social networks: An exploratory analysis of links with the heaviest traffic
2-s2.0-85144592516,2022,MAYBE,3.8M vaccine posts analyzed for attention/actors; misinfo prevalence share not clearly reported,Vaccines and social media: a debate around vaccines on Instagram and Facebook during the COVID-19 pandemic (2020-2021)
2-s2.0-85147330317,2023,MAYBE,"Algorithm effect on quality/diversity of political news supply; concentration indices reported, misinfo-specific unclear",Algorithmic selection and supply of political news on Facebook
2-s2.0-85135458831,2024,INCLUDE,"Survey reports 16% knowingly, 30% unknowingly shared misinformation among 833 Malaysians",Socio-demographic Predictors for Misinformation Sharing and Authenticating amidst the COVID-19 Pandemic among Malaysian Young Adults
2-s2.0-105036232690,2026,INCLUDE,"Content prevalence: 13% of 97 COPD YouTube videos misleading, 62% nutrition misinfo",YouTube as a source of information on the non-pharmacological treatment of COPD
2-s2.0-105029346542,2026,MAYBE,"Kawasaki disease video quality scores; misinfo themes identified, explicit prevalence % not stated",Evaluating the quality and reliability of Kawasaki disease-related content on TikTok and Bilibili: a cross-sectional study
2-s2.0-85103782309,2021,EXCLUDE,Ethnomethodological qualitative case study of conspiracy argumentation; no quantitative prevalence,"Ergoic framing in new right online groups: Q, the MAGA kid, and the Deep State theory"
2-s2.0-85121971415,2021,INCLUDE,Content prevalence: 0.4%-0.9% of platform posts contained MOUD misinformation,Characterizing and Identifying the Prevalence of Web-Based Misinformation Relating to Medication for Opioid Use Disorder: Machine Learning Approach
2-s2.0-85141502362,2023,EXCLUDE,Infodemiology of substance-use search/Wikipedia volumes; not misinfo prevalence estimate,Global utilization of online information for substance use disorder: An infodemiological study of Google and Wikipedia from 2004 to 2022
2-s2.0-85168709808,2020,EXCLUDE,"Survey on media dependence and misinfo adherence (n=244); association, not exposure prevalence",Media and Misinformation in Times of COVID-19: How People Informed Themselves in the Days Following the Portuguese Declaration of the State of Emergency
2-s2.0-85113748250,2023,EXCLUDE,Qualitative study of 83 inauthentic accounts in #Edchat; no prevalence estimate,"\You can tell a lot about a person by reading their bio\"": lessons from inauthentic Twitter accounts' activity in #Edchat\"""""
2-s2.0-105019140298,2025,EXCLUDE,Survey on perceptions/motivations re fake news in UAE; no exposure prevalence estimate,News and Misinformation in Social Media in the United Arab Emirates during the COVID-19 Pandemic
2-s2.0-85159726451,2023,EXCLUDE,"Commentary on Twitter verification and health misinfo; opinion piece, no measurement","Twitter, public health, and misinformation"
2-s2.0-85215100183,2026,INCLUDE,"Actor-level: 32M tweets from MPs in 26 countries, misinfo propensity by party",When Do Parties Lie? Misinformation and Radical-Right Populism Across 26 Countries
2-s2.0-85142017192,2022,MAYBE,"UK far-right Telegram network structure/dynamics; disinfo spread mapped, prevalence share unclear",Organization and evolution of the UK far-right network on Telegram
2-s2.0-85174615177,2024,INCLUDE,"Content prevalence: misinfo in 5.4% of 723 ophthalmology TikTok videos, engagement quantified",Education and Misinformation: Exploring Ophthalmology Content on TikTok
2-s2.0-85177869056,2023,EXCLUDE,"Conceptual article on defining/measuring misinformation; non-empirical, no prevalence estimate",Misinformation
2-s2.0-85214383937,2024,EXCLUDE,Qualitative analysis of women influencers' disinfo techniques; no quantitative prevalence,In the Service of the Hindu Nation: Online Disinformation Campaigns by Far-Right Women Political Influencers in India
2-s2.0-85205078871,2024,INCLUDE,Content analysis of 239 racial hoaxes across three countries; descriptive content prevalence,"Racial Disinformation, Populism and Associated Stereotypes across Three European Countries during the COVID-19 Pandemic"
2-s2.0-0030005334,1996,INCLUDE,Content prevalence: CPR depiction accuracy in 60 occurrences across 97 TV episodes,Cardiopulmonary resuscitation on television: Miracles and misinformation
2-s2.0-85115868048,2021,EXCLUDE,"Historical/critical analysis of Reddit content manipulation; non-empirical, no prevalence estimate",Bad actors never sleep: content manipulation on Reddit
2-s2.0-85104955955,2020,EXCLUDE,"Survey on media consumption correlated with misinfo beliefs; belief-focused, no exposure prevalence",The Relation between Media Consumption and Misinformation at the Outset of the SARS-CoV-2 Pandemic in the US
2-s2.0-105006846547,2025,INCLUDE,20M posts; relative engagement with unreliable climate sources vs reliable across platforms,Relative engagement with sources of climate misinformation is growing across social media platforms
2-s2.0-105002146130,2025,EXCLUDE,"Panel survey on news literacy and misinfo acceptance; acceptance/belief, not exposure prevalence","The higher the news literacy, the wider the partisan gap on misinformation acceptance? The three-way interaction effects of news literacy, partisanship, and exposure to partisan YouTube channels on misinformation acceptance"
2-s2.0-85183473800,2023,EXCLUDE,"SEM on factors influencing false-info spread (n=176 students); predictors, no prevalence estimate",Uncovering the Share Fake News on Social Media During Crisis
2-s2.0-105038091134,2025,INCLUDE,27.5% of 5818 vaccine threads contained misinformation; diffusion analyzed on Taiwanese forum,The Role of Influencers and Echo Chambers in the Diffusion of Vaccine Misinformation: Opinion Mining in a Taiwanese Online Community
2-s2.0-85142574213,2022,EXCLUDE,"Qualitative chapter on WeChat misinfo and polarization; descriptive, no quantitative prevalence",WeChatting American politics: Misinformation and political polarisation in the immigrant Chinese media ecosystem
2-s2.0-85168270535,2023,INCLUDE,"82,129 tweets classified; reports misinfo vs not-misinfo proportions on earthquake predictions",Dynamics and characteristics of misinformation related to earthquake predictions on Twitter
2-s2.0-85119656139,2022,EXCLUDE,"800k tweets keyword/theme analysis of infodemic; topic mining, no misinfo prevalence share","Politics, Power and a Pandemic: Searching for Information and Accountability During a Twitter Infodemic"
2-s2.0-85088376119,2020,EXCLUDE,Case study of single conspiracy tweet propagation; no prevalence/exposure estimate,Going viral: How a single tweet spawned a COVID-19 conspiracy theory on Twitter
2-s2.0-85192567032,2024,INCLUDE,"Content prevalence: quality very poor in 68.8% of ~300 diabetes Instagram posts, misinfo categorized",Diabetes and Instagram: Analysis of Information in Brazilian Publications
2-s2.0-85131296393,2022,EXCLUDE,Qualitative multi-method on polarization and misinfo perception in Turkey; no prevalence estimate,Skeptical Inertia in the Face of Polarization: News Consumption and Misinformation in Turkey
2-s2.0-105017960510,2025,INCLUDE,"Reports bot prevalence (2.22%) and engagement in 50,191 election tweets",Analyzing Bot Activity and Political Discourse in the 2024 U.S. Presidential Election: A Machine Learning Approach to Misinformation and Manipulation
2-s2.0-85130037888,2022,MAYBE,Russian disinfo network analysis (RT/Sputnik); salience in French-politics network partly quantified,Foreign Interference and Social Media Networks: A Relational Approach to Studying Contemporary Russian Disinformation
2-s2.0-85208456802,2024,EXCLUDE,"Commentary on cardiovascular treatment scams/misinfo; opinion piece, no measurement",The cardiovascular scamdemic: The epidemic spread of cardiovascular treatment scams and misinformation
2-s2.0-85150396800,2023,EXCLUDE,"Editorial/commentary on disinfo consumption as health crisis; non-empirical, no estimate",The consumption of disinformation as a health crisis
2-s2.0-85207022230,2024,INCLUDE,"Actor-level: analyzes climate-obstructionist think-tank tweets (803 of 96,607), themes and reach",Digital disinformation strategies of European climate change obstructionist think tanks
2-s2.0-85145956359,2023,INCLUDE,Reports 1% of users got 70% of Russian disinfo exposures; concentration estimate,Exposure to the Russian Internet Research Agency foreign influence campaign on Twitter in the 2016 US election and its relationship to attitudes and voting behavior
2-s2.0-85049891082,2018,MAYBE,"Corpus analysis of Trump's fake-news tweets; rhetoric-focused, quantitative misinfo share unclear","Discursive Deflection: Accusation of \Fake News\"" and the Spread of Mis- and Disinformation in the Tweets of President Trump"""
2-s2.0-105024904352,2025,EXCLUDE,"Content analysis of 1389 YouTube comments for vaccine-hesitant tone; sentiment, not misinfo prevalence",Vaccine hesitancy in Southeast Asia: evidence from COVID-related discourses on YouTube
2-s2.0-85099807131,2021,INCLUDE,84.4% of 1.24M reviewed tweets contained hydroxychloroquine misinformation; large-scale prevalence,Application of unsupervised machine learning to identify and characterise hydroxychloroquine misinformation on Twitter
2-s2.0-105001738552,2025,EXCLUDE,"Analysis of political-ad budgets/targeting in Romania; ad spend, not misinfo prevalence",The price of (un)regulation: Tracing the flow of political advertising budgets and voter targeting across online platforms in Romanian elections
2-s2.0-85124728071,2022,MAYBE,"Estimates 8-18% of Twitter users are bots; bot population, tangential to misinfo prevalence",Estimating the Bot Population on Twitter via Random Walk Based Sampling
2-s2.0-85182524798,2023,EXCLUDE,Characterizes healthcare-expert vaccine communication behavior; no misinfo prevalence estimate,Characterizing the Behavior of Healthcare Experts Towards COVID-19 Vaccine on Twitter
2-s2.0-85054363956,2018,INCLUDE,Content prevalence: 16.2%/6.3% of forum advice refuted by evidence (misinfo share),Accuracy of online discussion forums on common childhood ailments
2-s2.0-85137124553,2022,EXCLUDE,LDA topic/sentiment comparison of news vs misinfo; no misinfo prevalence share,Health as Battlefield: News and Misinformation in the Early Stage of COVID-19 Outbreak
2-s2.0-85217138459,2025,MAYBE,"TikTok dermatology content (22,411 videos) quality scored; misinfo % not explicitly reported",Information Regarding Dermatology as Seen on the Social Media Platform TikTok
2-s2.0-105003430620,2025,MAYBE,Time-series/content analysis of migration-crime hoaxes from Maldita; counts but prevalence share unclear,Disinformation Linking Migration and Crime in Spain: Classic Moral Panics in a New Digital Ecosystem
2-s2.0-86000203821,2025,EXCLUDE,Descriptive chapter on types/causes of COVID mis/disinfo in India; no quantitative prevalence,"Fake News in India: Superstitions, Myths, and Xenophobia"
2-s2.0-85093940530,2021,INCLUDE,Network analysis quantifies differential dissemination (reposts/relay) of GMO misinfo vs true info,Are you passing along something true or false? Dissemination of social media messages about genetically modified organisms
2-s2.0-85137309214,2020,EXCLUDE,"Cryptocurrency tweet sentiment analysis; off-topic, no misinformation prevalence",Analyzing global social media consumption
2-s2.0-85194077046,2024,INCLUDE,Tracks 900K followers' ties to 5K misinfo spreaders; persistence/unfollow rates quantified,The Dynamics of (Not) Unfollowing Misinformation Spreaders
2-s2.0-85139389922,2022,EXCLUDE,"Behavioral/legal essay on fake news in elections; non-empirical, no prevalence estimate","Fake news, elections and behavior"
2-s2.0-85151508608,2023,EXCLUDE,"Survey on perceived misinfo exposure and vaccine hesitancy; perception/belief, no exposure prevalence","Not All Conservatives Are Vaccine Hesitant: Examining the Influence of Misinformation Exposure, Political Ideology, and Flu Vaccine Acceptance on COVID-19 Vaccine Hesitancy"
2-s2.0-85110341147,2021,EXCLUDE,"Describes rumor-tracking system/process in Cote d'Ivoire; methods, no prevalence estimate",Real-time tracking of COVID-19 rumors using community-based methods in Cote d'ivoire
2-s2.0-85139734070,2022,EXCLUDE,"Website quality evaluation of 19 depression sites (DISCERN); quality scores, no misinfo prevalence",Quality of Late-Life Depression Information on the Internet: Website Evaluation Study
2-s2.0-85132665364,2022,MAYBE,"50 YouTube vaccine-pregnancy videos content analyzed; anti-vax/sentiment %, misinfo prevalence unclear",Understanding the content of COVID-19 vaccination and pregnancy videos on YouTube: An analysis of videos published at the start of the vaccine rollout
2-s2.0-85194147423,2024,MAYBE,"250 scientific papers shared on HPV Twitter; dissemination compared, misinfo prevalence share unclear",The Role of Scientific Research in Human Papillomavirus Vaccine Discussions on Twitter: Social Network Analysis
2-s2.0-85215303159,2025,INCLUDE,"6 years vaccine news; questionable-source engagement up to 11x reliable, agenda-driving quantified",Dynamics and triggers of misinformation on vaccines
2-s2.0-105009241502,2025,EXCLUDE,"Epidemiological model (SEIAIDZ) for misinfo contagion; modeling method, not prevalence estimate",Developing a Stance-induced Epidemiological Model to Examine Polarized Information Contagion
2-s2.0-85124307830,2022,INCLUDE,"Survey of 18,400 across 40 countries; 6-37% found rumors believable, exposure quantified","Misinformation, believability, and vaccine acceptance over 40 countries: Takeaways from the initial phase of the COVID-19 infodemic"
2-s2.0-85216833508,2024,EXCLUDE,Discourse/content analysis of propaganda narratives; no prevalence/exposure estimate,SHAPING MINDS THROUGH DISCOURSE: PROPAGANDA NARRATIVES IN MOLDOVA'S 2024 ELECTIONS
2-s2.0-85159554330,2023,MAYBE,"Content analysis of 106 WhatsApp messages with topic percentages; convenience sample, unclear denominator",Misinformation messages shared via WhatsApp in Mexico during the COVID-19 pandemic: an exploratory study
2-s2.0-85193900414,2024,EXCLUDE,"CS classifier predicting spreader reactions, 93% accuracy; detection method",\Pinocchio had a Nose
2-s2.0-85092461265,2020,EXCLUDE,Qualitative account of press freedom; no quantitative prevalence estimate,"8. West papuan control: How red tape, disinformation and bogus online media disrupts legitimate news sources"
2-s2.0-85203160463,2024,EXCLUDE,Fake-review consumer-behavior study; no misinformation prevalence/exposure estimate,(Counter)marketing and misinformation: a cross-platform study
2-s2.0-105016715928,2025,MAYBE,"Reports nutrition info quality (61%) on social media; content-level, misinformation share unclear",Examination of social media nutrition information related to multiple sclerosis: a cross-sectional social network analysis
2-s2.0-84926513054,2015,MAYBE,Rumor diffusion sizes during earthquake; estimates infection rate but mainly correction-tweet dynamics,Rumor diffusion and convergence during the 3.11 Earthquake: A twitter case study
2-s2.0-85049788242,2018,MAYBE,5M divisive ads to 9519 individuals; tracks volume but ads not clearly misinformation,The Stealth Media? Groups and Targets behind Divisive Issue Campaigns on Facebook
2-s2.0-105000246261,2026,EXCLUDE,Qualitative focus groups on perceived exposure/digital inequality; no quantitative exposure estimate,Misinformation and Digital Inequalities: Comparing How Different Demographic Groups Get Exposed to and Engage with False Information
2-s2.0-85123475265,2022,INCLUDE,41.7% of ENDS nicotine/addiction tweets contained potential misinformation; content prevalence,E-Cigarette-Related Nicotine Misinformation on Social Media
2-s2.0-85097922709,2020,EXCLUDE,Survey of social-media usage/perceptions among Myanmar youth; no misinformation prevalence estimate,Social Media Use by Young People Living in Conflict-Affected Regions of Myanmar
2-s2.0-105006949137,2024,EXCLUDE,Topic modeling of long-hauler YouTube content/sentiment; no misinformation prevalence estimate,Understanding the Long Haulers of COVID-19: Mixed Methods Analysis of YouTube Content
2-s2.0-85191873949,2024,EXCLUDE,Evaluates Community Notes accuracy/credibility; not human exposure/prevalence of misinformation,Characteristics of X (Formerly Twitter) Community Notes Addressing COVID-19 Vaccine Misinformation
2-s2.0-85208403016,2024,EXCLUDE,"Scoping review protocol; non-empirical, no prevalence estimate yet",Misinformation About Climate Change and Related Environmental Events on Social Media: Protocol for a Scoping Review
2-s2.0-85139981135,2023,MAYBE,36k tweets analyzed for account-behavior typologies; predominance of disinformation types unclear as prevalence,Disinformation and vaccines on social networks: Behavior of hoaxes on Twitter
2-s2.0-85179178415,2023,EXCLUDE,Introduces dataset and classification tasks; CS detection method,Categorising Fine-to-Coarse Grained Misinformation: An Empirical Study of the COVID-19 Infodemic
2-s2.0-85098417585,2020,EXCLUDE,Qualitative ethnography of meme factories; no quantitative prevalence estimate,Meme factory cultures and content pivoting in Singapore and Malaysia during COVID-19
2-s2.0-85046934766,2018,EXCLUDE,"Journalist vs non-journalist engagement in rumors; about correction behavior, not prevalence","Engage early, correct more: How Journalists participate in false rumors online during crisis events"
2-s2.0-85122289436,2023,INCLUDE,Analyzes 1959 troll vaccine tweets; misinformation share by partisan/nonpartisan trolls (actor-level),Russian Troll Vaccine Misinformation Dissemination on Twitter: The Role of Political Partisanship
2-s2.0-85177203020,2024,EXCLUDE,Network/sentiment analysis of disaster rumor spread/correction; no prevalence denominator,"Disaster Misinformation and Its Corrections on Social Media: Spatiotemporal Proximity, Social Network, and Sentiment Contagion"
2-s2.0-85198298001,2024,MAYBE,Cross-platform misinformation-claim propagation; overlap analysis but unclear prevalence/share estimate,"Analyzing Misinformation Claims During the 2022 Brazilian General Election on WhatsApp, Twitter, and Kwai"
2-s2.0-85195927860,2026,MAYBE,"437,832 news articles from reliable vs misinformation sources; communication dynamics, share unclear",Unmasking the Info War: The Communication Dynamics of Reliable and Misinformation Sources During the COVID-19 Pandemic
2-s2.0-85117917051,2020,MAYBE,Found 52 videos with vaccine M&D; descriptive but denominator/share unclear,Natural Stings: Selling Distrust about Vaccines on Brazilian YouTube
2-s2.0-85106706729,2021,EXCLUDE,"Predicts demographic profile of disinformation susceptibility (test scores); belief, not exposure",The demographic profile most at risk of being disinformed
2-s2.0-85137182177,2020,EXCLUDE,Survey of social-media consumption patterns; fake-news experience mentioned but no prevalence estimate,Social media consumption among Kenyans: Trends and practices
2-s2.0-85193709161,2024,EXCLUDE,Qualitative review of disinformation in armed conflicts; no quantitative prevalence estimate,Modern Armed Conflicts: Disinformation Campaigns Shaping the Digital Information Landscape
2-s2.0-85160208598,2022,EXCLUDE,"Develops content-moderation models on Reddit; CS method, not prevalence","Content Moderation in Social Media: The Characteristics, Degree, and Efficiency of User Engagement"
2-s2.0-85211117352,2024,EXCLUDE,Sentiment analysis quantifying media bias (gender/religion/political); not misinformation prevalence,Media Bias Monitor: Quantifying Biases of Indian Print Media
2-s2.0-85046071518,2018,INCLUDE,"Two million retweets; analyzes structure/purveyors of misinformation diffusion network, concentration via k-core",Anatomy of an online misinformation network
2-s2.0-84968862688,2015,EXCLUDE,"Qualitative/quantitative signatures of four rumors; methodological signature, not prevalence",Characterizing online rumoring behavior using multi-dimensional signatures
2-s2.0-85083197046,2020,EXCLUDE,"Commentary proposing rumor-tracking dashboard; non-empirical, no prevalence estimate",The pandemic of social media panic travels faster than the COVID-19 outbreak
2-s2.0-105018016020,2025,INCLUDE,"Meta-analysis: 27.15% of cancer-info posts contained misinformation across 297,519 posts; content prevalence",Quality of Cancer-Related Information on New Media (2014-2023): Systematic Review and Meta-Analysis
2-s2.0-105039958131,2026,EXCLUDE,Evaluates video quality/reliability scores (DISCERN/GQS); no misinformation prevalence share,"Analysis of content, quality, and reliability of acute cholecystitis-related Chinese videos on TikTok and Bilibili: A cross-sectional study"
2-s2.0-105003246657,2025,EXCLUDE,Google Trends drug-search correlations; no misinformation prevalence/exposure estimate,Internet Search for Illicit Drugs in Italy: Infodemiological Analysis of Six Years of Research
2-s2.0-85181442459,2023,EXCLUDE,Case study of fake-news impact on public opinion; no quantitative prevalence estimate,IMPACT OF POLITICALLY MOTIVATED FAKE NEWS ON PUBLIC OPINION: A CASE STUDY OF DELIBERATE DISSEMINATION OF DISINFORMATION
2-s2.0-105022765361,2025,INCLUDE,"Quantifies junk-news circulation, follower ecologies, fake-follower amplification on Dutch political Instagram","Dutch political Instagram: Junk news, follower ecologies and artificial amplification"
2-s2.0-85094940761,2020,EXCLUDE,Observational/preliminary essay on fake-news politics in HK protests; no quantitative prevalence,Social media and the spread of fake news during a social movement: The 2019 Anti-ELAB protests in Hong Kong
2-s2.0-85142383397,2022,INCLUDE,Measures users' exposure to elite misinformation via follow network; falsity scores for 816 elites,Measuring exposure to misinformation from political elites on Twitter
2-s2.0-85076877757,2019,INCLUDE,60% of 472 WhatsApp family-group publications contained false/partially-false info; content prevalence,Disinformation in the 2018 brazilian presidential election: An analysis of whatsapp family groups
2-s2.0-105008350827,2025,EXCLUDE,"Only 2.9% of 70 videos reliable (DISCERN); reliability scoring, not misinformation prevalence",Misdiagnosed on Demand: Unpacking the Unreliable Landscape of Lumbar Pain Information on Spanish YouTube
2-s2.0-85203876935,2024,EXCLUDE,"Bot-assisted fake-engagement effect on public attention; effect study, not misinformation prevalence",DISINFORMATION SPILLOVER: UNCOVERING THE RIPPLE EFFECT OF BOT-ASSISTED FAKE SOCIAL ENGAGEMENT ON PUBLIC ATTENTION
2-s2.0-105009911740,2023,EXCLUDE,Qualitative analysis of public-health influencers' memetic tactics; no prevalence estimate,"MEME-IFYING DATA: THE RISE OF PUBLIC HEALTH INFLUENCERS ON INSTAGRAM, TIKTOK, AND TWITTER DURING COVID-19"
2-s2.0-85211853241,2024,EXCLUDE,Book chapter overview of health misinformation; non-empirical review,"Misinformation About Health In Popular Culture The Prevalence, Influence, and Mitigation of Health Misinformation"
2-s2.0-85092033301,2020,INCLUDE,"Massive cross-platform analysis; estimates volumes of misinformation per platform, rumor amplification",The COVID-19 social media infodemic
2-s2.0-105040829740,2026,EXCLUDE,"Classifies narrative types in fringe Telegram channels; narrative analysis, not misinformation prevalence",Framing the Fringe: Dynamics of Ingroup and Outgroup Narratives in Fringe Telegram Channels
2-s2.0-105035463968,2026,EXCLUDE,Video quality scoring (GQS/DISCERN) for hyperlipidemia videos; no misinformation prevalence share,Quality and reliability of hyperlipidemia-related short videos on mainstream social media platforms: a cross-sectional study
2-s2.0-105017693822,2025,EXCLUDE,"Emotional-contagion/bot analysis of 700k tweets; about emotions/actors, not misinformation prevalence",Unveiling emotional contagion in COVID-19 misinformation: Computational analysis for public health crisis surveillance
2-s2.0-85182978205,2024,EXCLUDE,Experimental study of celebrity-endorsement effect on belief/sharing intent; not observed prevalence,From Fringe to Mainstream: How Celebrity Endorsement on Social Media Contributes to the Spread of Conspiracy Theories
2-s2.0-85020191750,2017,EXCLUDE,Survey/review of credibility-assessment approaches; CS methods review,"Credibility in social media: opinions, news, and health information—a survey"
2-s2.0-85200250976,2025,EXCLUDE,Qualitative interpretation of Facebook/Rohingya genocide; no quantitative prevalence estimate,Beyond Hate Speech and Misinformation: Facebook and the Rohingya Genocide in Myanmar
2-s2.0-85141702826,2022,EXCLUDE,"Survey of attitudes/awareness toward COVID fake news; awareness percentages, not exposure prevalence","Social Media Messaging, Fake News, and COVID-19 outbreak in Lagos, Nigeria"
2-s2.0-85120898300,2021,MAYBE,"185,994 vaccine tweets with links; top-20 websites share quantified, misinformation share unclear",Content and Dynamics of Websites Shared over Vaccine-Related Tweets in COVID-19 Conversations: Computational Analysis
2-s2.0-85152330196,2023,EXCLUDE,Book chapter on news-quality and social-media metrics; non-empirical discussion,SOCIAL MEDIA METRICS AND NEWS QUALITY
2-s2.0-85113210923,2020,EXCLUDE,"Single fake-news verification case study; coverage analysis, no prevalence estimate",The verification of news and the immediacy's problem: Coverage analysis in chilean digital media of a fake news
2-s2.0-105026630069,2025,EXCLUDE,"6% of sunscreen videos inaccurate; accuracy scoring, primarily quality/promotional, narrow content","Perception, Quality, and Accuracy of Sunscreen Content on TikTok: SkinMedia Cross-Sectional Content Analysis"
2-s2.0-85181846675,2024,EXCLUDE,"Survey of misinformation endorsement (belief) and information sources; belief, not exposure/sharing",Endorsement of COVID-19 misinformation among criminal legal involved individuals in the United States: Prevalence and relationship with information sources
2-s2.0-85134340260,2022,EXCLUDE,"Content analysis of 140 antivaccine posts' themes and virality; curated misinfo, no denominator",Impact of COVID-19 Vaccine Misinformation on Social Media Virality: Content Analysis of Message Themes and Writing Strategies
2-s2.0-105026114407,2022,EXCLUDE,Encyclopedia entry defining health misinformation; non-empirical,Health Misinformation and Rumors
2-s2.0-85142212638,2025,EXCLUDE,"Framing/attribution analysis of fine-dust news; about framing stages, not misinformation prevalence share",Production and Correction of Misinformation About Fine Dust in the Korean News Media: A Big Data Analysis of News From 2009 to 2019
2-s2.0-105007027777,2025,INCLUDE,"~9000 earthquake tweets coded; sensationalist 60% of misinformation, share of misinfo vs not estimated",Al-Haouz Earthquake Misinformation Crisis in Morocco: A Content Analysis of Tweets on X
2-s2.0-85089000453,2020,EXCLUDE,"Social network analysis of vaccine-image dissemination communities; structure, not prevalence share",The visual vaccine debate on twitter: A social network analysis
2-s2.0-85053521048,2019,INCLUDE,Compares Twitter-reported thrombectomy outcomes vs gold-standard; quantifies publication-bias misinformation rates,#Fake news: A systematic review of mechanical thrombectomy results among neurointerventional stroke surgeons on Twitter
2-s2.0-85166773158,2024,EXCLUDE,"Predicts future volume of fake news with AI; forecasting method, not human prevalence",On the Feasibility of Predicting Volumes of Fake News - The Spanish Case
2-s2.0-85142641286,2022,MAYBE,"Reports fake news traveled 5.29x faster; virality/speed metric, prevalence share unclear",Fake News Goes Viral! Determination and Analysis of Virality of Socially Relevant Events in Digital Governance
2-s2.0-85120682442,2023,EXCLUDE,YouTube liposuction video quality/reliability scoring; no misinformation prevalence share,Entering the Misinformation Age: Quality and Reliability of YouTube for Patient Information on Liposuction
2-s2.0-105008525623,2025,MAYBE,Survey (N=1003) on disinformation exposure/impact plus 163 fact-checks; exposure measured but ambiguous,"Disinformation narratives: Impact, exposure and role of ideology"
2-s2.0-85195191260,2024,EXCLUDE,"Content analysis of fact-checker environmental news output; about verifiers, not misinformation prevalence",Environmental news in Spanish media verified by the International Fact-Checking Network
2-s2.0-85028692827,2017,EXCLUDE,Qualitative case study of pseudo-knowledge construction; no quantitative prevalence,The Collaborative Construction and Evolution of Pseudo-knowledge in Online Conversations
2-s2.0-85091428919,2020,EXCLUDE,"Narrative/circulation analysis of fake-news cases; qualitative, no prevalence estimate","Fake news on Facebook: Narratives, circulation and verification. The cases of Argentina and Mexico"
2-s2.0-85206919681,2025,INCLUDE,"Content analysis of political/alt-media Facebook posts; disinformation shared more than accurate, actor-level shares",Examining the spread of disinformation on Facebook during the first wave of the Covid-19 pandemic: A case study in Switzerland
2-s2.0-85083103558,2020,INCLUDE,"~87% of BPH videos contained misinformation, 84% commercial bias; content prevalence",Fake news about benign prostatic hyperplasia on YouTube
2-s2.0-105029129971,2026,EXCLUDE,TikTok spondylolisthesis video quality/reliability scoring; no misinformation prevalence share,"Swipe, watch, learn? An analysis of TikTok as a source of patient education on spondylolisthesis"
2-s2.0-105008063892,2026,EXCLUDE,"Survey on disinformation reception/effects (attitudes); belief/effect, not exposure/sharing prevalence","The incidence of COVID-19 disinformation among citizens in the U.S., India, Brazil, and Spain"
2-s2.0-85195908941,2024,EXCLUDE,"Network/NLP analysis of Russian propaganda narratives; narrative identification, not prevalence share",Analyzing Russia's propaganda tactics on Twitter using mixed methods network analysis and natural language processing: a case study of the 2022 invasion of Ukraine
2-s2.0-85107825520,2021,MAYBE,Cross-sectional study of mask-misinformation spread on Facebook; abstract too thin to confirm prevalence,Spread of Misinformation about Face Masks and COVID-19 by Automated Software on Facebook
2-s2.0-85195211490,2025,EXCLUDE,Introduces Digital Society Project dataset (censorship/info ops indicators); not misinformation prevalence,Measuring online political activity: introducing the digital society project dataset
2-s2.0-85162977814,2025,EXCLUDE,"Examines vaccine-uptake vs public-health Facebook reach/moderation; outcome study, not misinformation prevalence","Localizing COVID-19 Public Health Department Outreach on Digital Platforms: The Role of Discoverability, Reach, and Moderation for Illinois' COVID-19 Vaccination Rates"
2-s2.0-85205141299,2024,INCLUDE,"Content analysis of 4245 fact-checked debunks; thematic shares of Spanish disinformation, actor/content prevalence","Pandemic, politization and hatred: features of disinformation in Spain"
2-s2.0-85148085654,2022,EXCLUDE,Literature review of QAnon/conspiracy drivers; non-empirical review,Lost in the Information Maze: Understanding the Multiple Drivers of QAnon Online Conspiracy Theories
2-s2.0-85086931774,2020,INCLUDE,Vaccine-hesitant books outnumbered supportive two-to-one on Amazon; content prevalence of misinformation,Algorithms and Health Misinformation: A Case Study of Vaccine Books on Amazon
2-s2.0-85196358234,2024,INCLUDE,Examines prevalence/characteristics of synthetic media on X via crowdsourced annotations; content prevalence,The spread of synthetic media on X
2-s2.0-85184568825,2024,INCLUDE,"Coengagement network 7720 accounts; perceived experts 9.8% of antivaccine community, misinformation-sharing rates",Perceived experts are prevalent and influential within an antivaccine community on Twitter
2-s2.0-85206523173,2024,INCLUDE,Estimates users exposed-and-receptive to false news across 139 viral articles; exposure measurement,Measuring receptivity to misinformation at scale on a social media platform
2-s2.0-85205355466,2024,EXCLUDE,"Topic modeling of 25,561 alt-health posts; describes themes, misleading-content share not quantified",Exploring Alternative Health Facebook Groups in the COVID-19 Pandemic: An Automated Content Analysis Through Structural Topic Modeling
2-s2.0-85114329074,2021,EXCLUDE,"Case study of digital newspapers spreading one hoax; qualitative, no prevalence estimate",Media crisis and disinformation: The participation of digital newspapers in the dissemination of a denialist hoax
2-s2.0-85185333619,2024,EXCLUDE,Erratum/correction notice only; no content,Erratum: Twitter and Facebook posts about COVID-19 are less likely to spread misinformation compared to other health topics
2-s2.0-105006604097,2025,EXCLUDE,Narrative overview of HPV-vaccine internet info; non-empirical review,The Role of Internet Information on Anti-HPV Vaccines: A Comprehensive Overview of a Double-Edged Sword
2-s2.0-85192553031,2024,EXCLUDE,OSINT tool for detecting disinformation websites; CS detection method,A Digital Forensic Analysis of Profiling and Avoidance of Websites Disseminating Disinformation
2-s2.0-85133607423,2023,EXCLUDE,"Survey on perceived exposure to misinformation and political engagement; perceived/self-report, not measured exposure","Social media, misinformation, and age inequality in online political engagement"
2-s2.0-85129811488,2022,EXCLUDE,"Survey of students' social-media use and fake-news sharing role; self-report, no prevalence estimate",Social Media Use and the Spread of COVID-19-Related Fake News Among University Students in Bangladesh
2-s2.0-85077296908,2020,INCLUDE,Identifies and quantifies misinformation in online stem-cell-therapy advertising websites; content prevalence,Online Direct-to-Consumer Advertising of Stem Cell Therapy for Musculoskeletal Injury and Disease: Misinformation and Violation of Ethical and Legal Advertising Parameters
2-s2.0-85109490970,2021,EXCLUDE,"Infodemiology of ivermectin demand/online availability; search-trends, not misinformation prevalence share",Effect of infodemic regarding the illegal sale of medications on the internet: Evaluation of demand and online availability of ivermectin during the covid-19 pandemic
2-s2.0-85161622606,2023,EXCLUDE,"Analysis of emotional tone of fake news; about appeal/emotion, not prevalence",Emotionally driven fake news in South Africa
2-s2.0-85131073869,2023,INCLUDE,"200,000 Telegram posts; misinformation links shared more than news but confined to small active community (concentration)",Misinformation and professional news on largely unmoderated platforms: the case of telegram
2-s2.0-105008929274,2025,MAYBE,"Quantitative analysis of fact-checked articles' topics/actors/platforms; characteristics, prevalence share unclear",COVID-19 vaccine information disorder in Chile: a quantitative analysis of fact-checked articles
2-s2.0-85165944608,2023,EXCLUDE,"Dataset description of 7350 comments on religious misinformation; data resource, no prevalence estimate",A dataset on social media users' engagement with religious misinformation
2-s2.0-85204897253,2025,MAYBE,Investigates social media role in COVID disinformation spread in Italy; abstract thin on prevalence estimate,Pandemic and Infodemic: The Role of Social Media in Disinformation Relating to COVID-19 in Italy
2-s2.0-85100334459,2021,EXCLUDE,"Survey on young adults identifying/spreading fake news; self-report literacy, not measured prevalence",Young spanish adults and disinformation: Do they identify and spread fake news and are they literate in it?
2-s2.0-85126200994,2022,EXCLUDE,"Website quality assessment for CAM/hypertension info; quality scoring, not misinformation prevalence share",Evaluation of the quality of online patient information at the intersection of complementary and alternative medicine and hypertension
2-s2.0-105004995986,2025,EXCLUDE,"Experiment on maps influencing trustworthiness perceptions; perception experiment, not observed prevalence",Maps as a double-edged trustworthiness elevator for climate (mis)information on social media
2-s2.0-85097085646,2020,EXCLUDE,"Credibility-scoring of 9 influencer blogs; quality assessment, not audience exposure prevalence",Analysing credibility of uk social media influencers’ weight-management blogs: A pilot study
2-s2.0-85128122045,2022,MAYBE,Content analysis of 533 fact-checked hoaxes; characterizes types but unclear prevalence denominator,Health and science-related disinformation on COVID-19: A content analysis of hoaxes identified by fact-checkers in Spain
2-s2.0-105001423706,2025,MAYBE,Cross-sectional TikTok analysis; vague abstract reports 'alarming amount' but no clear quantitative share,A cross-sectional analysis of TikTok content relating to sunscreen conspiracy theories and correlation with published evidence on sunscreen risks
2-s2.0-85092075652,2020,MAYBE,"Quantifies disinformation volume by country/channel/type but content-level, denominator unclear","\Infodemic\"" in the coronavirus crisis: Disinformation analysis in Spain and Latin America"""
2-s2.0-105033821737,2025,EXCLUDE,"Encyclopedia entry on news aggregation; non-empirical conceptual piece, no measurement",News aggregation
2-s2.0-85107454094,2021,EXCLUDE,"Systematic review of antivaccine message characteristics; narrative synthesis, no prevalence estimate",Characteristics of antivaccine messages on social media: Systematic review
2-s2.0-85038372134,2018,EXCLUDE,"Qualitative interviews on how Ukrainians judge news credibility; perception, no exposure prevalence","Nothing Is True? The Credibility of News and Conflicting Narratives during \Information War\"" in Ukraine"""
2-s2.0-85142126340,2022,MAYBE,Classifies misinformation types across 3318 videos from 50 channels; actor-level share unclear,"It-which-must-not-be-named: COVID-19 misinformation, tactics to profit from it and to evade content moderation on YouTube"
2-s2.0-85145380036,2022,EXCLUDE,"Vaccine coverage sentiment text-mining; about polarization/volume, not misinformation prevalence",Quantifying Changes in Vaccine Coverage in Mainstream Media as a Result of the COVID-19 Outbreak: Text Mining Study
2-s2.0-85090209342,2020,MAYBE,Content analysis of 582 fake news items; characterizes format/timing but denominator unclear,"Global infodemic: Information disorders, false narratives, and fact checking during the covid-19 crisis"
2-s2.0-85159889148,2023,INCLUDE,"88% of YouTube, 100% TikTok videos had moderate-to-high misinformation; content prevalence",Accuracy of prostate cancer screening recommendations for high-risk populations on YouTube and TikTok
2-s2.0-85114788121,2021,EXCLUDE,"Quality/DISCERN scoring of 80 YouTube videos; quality assessment, no misinformation prevalence share","Radiotherapy or surgery? Comparative, qualitative assessment of online patient education materials on prostate cancer"
2-s2.0-85219702673,2025,EXCLUDE,"Qualitative analysis of how conspiracy creators position themselves; framing, no prevalence estimate","True believers, entertainers, and skeptical scholars: claims and frames on conspiracy TikTok"
2-s2.0-84938095348,2015,EXCLUDE,"Misperception prevalence (who believes) about ACA; belief-only, no exposure/sharing estimate",Misinformed About the Affordable Care Act? Leveraging Certainty to Assess the Prevalence of Misperceptions
2-s2.0-85050410117,2017,EXCLUDE,"Survey of 25 students on smartphone fake-news dissemination; self-reported, tiny non-representative sample",The smartphone for disseminating of fake news by the university students game player
2-s2.0-85065625545,2019,EXCLUDE,"Hypothesis-testing toward detection models; CS detection focus, not human prevalence","On the Origin, Proliferation and Tone of Fake News"
2-s2.0-85212250883,2024,EXCLUDE,"Communication-quality scoring of 242 dentist Facebook cases; quality assessment, not exposure prevalence",French dentists' communication quality on clinical oral dermatology cases in Facebook groups: a cross-sectional study
2-s2.0-85173661830,2023,INCLUDE,Network exposure model quantifies likelihood of exposure to anti-vaccine YouTube content in Arabic,The spread of COVID-19 vaccine information in Arabic on YouTube: A network exposure study
2-s2.0-0032329219,1998,EXCLUDE,"Survey on citizens' misperceptions about welfare; belief/misperception-only, no exposure estimate",\Just the Facts
2-s2.0-105027424042,2025,EXCLUDE,"Qualitative review identifying misleading journalistic practices; typology, no quantitative prevalence",The architecture of misleading: How journalists spread inaccurate information on digital platforms
2-s2.0-85116433087,2021,MAYBE,Mixed-methods case study of most-shared Lula fake news; reach analyzed but quantitative share unclear,"Disinformation in the Brazilian pre-election context: probing the content, spread and implications of fake news about Lula da Silva"
2-s2.0-85123905239,2022,EXCLUDE,"Perspective reviewing gray literature on misinformation among Asian Americans; non-empirical, no estimate",Social Media Use and Misinformation Among Asian Americans During COVID-19
2-s2.0-84938214608,2015,EXCLUDE,"Experiment on corrective drug-ad effects; correction/intervention study, not prevalence",Correction of Overstatement and Omission in Direct-to-Consumer Prescription Drug Advertising
2-s2.0-105003689813,2025,EXCLUDE,"Quality/reliability scoring of 109 YouTube videos; quality assessment, no misinformation prevalence share",Evaluation of the quality and reliability of Turkish and English YouTube video contents on gingival recession treatment
2-s2.0-105041646279,2026,EXCLUDE,"Reliability (DISCERN) comparison of 150 videos; quality/engagement, no misinformation prevalence share","Social Media Content, Engagement, and Reliability for Infantile Hemangiomas: A Comparison Across YouTube, Instagram, and TikTok"
2-s2.0-105040040029,2026,MAYBE,"Content/thematic analysis of 46 climate YouTube videos; mis/disinfo described, prevalence share unclear","Gaining trust, sowing doubt: the dual use of scientific rhetoric in climate communication on YouTube in South Africa"
2-s2.0-85167737872,2023,EXCLUDE,"Conceptual discussion of news pollution in Nigeria; non-empirical commentary, no measurement",The rise of news misinformation in the digital era: An endless struggle between credible information and news pollutants in Nigeria
2-s2.0-85122314806,2022,MAYBE,Network analysis of parenting/conspiracy community bonding plus math model; prevalence share unclear,How Social Media Machinery Pulled Mainstream Parenting Communities Closer to Extremes and Their Misinformation during Covid-19
2-s2.0-105009125227,2025,EXCLUDE,"80% of 741 comments vaccine-hesitant; comment-attitude analysis, not misinformation exposure prevalence",Exploring Vaccine Hesitancy in the Philippines: A Content Analysis of Comments on National TV Channel YouTube Videos
2-s2.0-85142077289,2023,EXCLUDE,"Legal/human-rights analysis of Mauritian misinformation laws; non-empirical, no prevalence estimate",Spread of misinformation during COVID-19: The case of Mauritius
2-s2.0-105036038683,2026,EXCLUDE,"Commentary on social media discourse about vending machines; non-empirical, no quantitative estimate","Harm reduction vending machines in the digital sphere: Social media discourse, misinformation, and health promotion implications"
2-s2.0-85070239449,2019,INCLUDE,Quantifies junk news reach: 5M of 10M Dutch users interacted with junk news on Facebook,The reach of commercially motivated junk news on Facebook
2-s2.0-105018282022,2025,EXCLUDE,"Edited book of young-scientist reflections on COVID; non-empirical, no prevalence estimate",Social media and misinformation during the COVID-19 pandemic in Africa
2-s2.0-85205475697,2023,EXCLUDE,"Content/infrastructure network analysis of 59 misinformation groups; political economy, no exposure prevalence",The political economy of digital profiteering: communication resource mobilization by anti-vaccination actors
2-s2.0-105012951951,2024,INCLUDE,"Tracks spread of 200 anti-vax memes across 15,000 Facebook accounts; observed dissemination/reach",Correction to: The Spread of Anti-vaccination Memes on Facebook
2-s2.0-85092553845,2021,INCLUDE,Misinformation engagement quantified: discouraging posts got mean 124 comments vs 31; engagement share,Understanding sunscreen and photoprotection misinformation on parenting blogs: A mixed-method study
2-s2.0-85107277809,2020,EXCLUDE,"Conceptual note on domain-authenticity security loophole; non-empirical, no prevalence measurement",Ambiguity in authenticity of top-level Coronavirus-related domains
2-s2.0-85195375481,2024,INCLUDE,"Content analysis of 138 HPV Facebook articles; 36% negative, misinformation dropped 50% to 24%",HPV vaccine-related articles shared on Facebook from 2019 to 2021: Did COVID make a difference?
2-s2.0-85130635023,2022,INCLUDE,"Quantifies user engagement with low-credibility sources, concentration in clusters, Twitter immigration debate",Measuring user engagement with low credibility media sources in a controversial online debate
2-s2.0-85163856242,2023,EXCLUDE,"Survey experiments on discerning/sharing; reported intentions in lab, not observed real-world sharing",Facts are hard to come by: discerning and sharing factual information on social media
2-s2.0-0033287165,1999,INCLUDE,~50% of OTC drug print advertisements lacked accurate statements; content prevalence of misinformation,Accuracy of information on printed over-the-counter drug advertisements
2-s2.0-85153747236,2023,EXCLUDE,"Qualitative case studies and coding scheme for participatory disinformation; framework, no prevalence estimate",Mobilizing Manufactured Reality: How Participatory Disinformation Shaped Deep Stories to Catalyze Action during the 2020 U.S. Presidential Election
2-s2.0-85152769232,2023,EXCLUDE,"Network-structure comparison of fake vs real news communities; detection feature, not human prevalence",More nodes in fake news participate in multiple networks
2-s2.0-85042209380,2018,INCLUDE,"Online visitation data: fake news audience is small, disloyal subset of heavy internet users","The small, disloyal fake news audience: The role of audience availability in fake news consumption"
2-s2.0-85209813530,2024,INCLUDE,"66 YouTube videos classified; 22.7% useful, content-level misinformation/quality prevalence quantified",Medical Misinformation and Quality of Public Video Content on Cannabis for Chronic Pain Management: A Cross-Sectional Analysis of the YouTube Platform
2-s2.0-85209895341,2025,EXCLUDE,"CRAP-test quality scoring of 200 Instagram posts; quality assessment, no misinformation prevalence share",Social media and amblyopia: evaluating content and intent on Instagram
2-s2.0-85140054880,2022,EXCLUDE,Qualitative case study of one wiki's antifeminist disinformation; no quantitative prevalence estimate,"Wikiality within the Manosphere: Namuwiki, Gender Equalism, and Antifeminist Disinformation in the Post-Truth Era"
2-s2.0-85161964197,2023,EXCLUDE,"Analysis of 655 fact-checker Instagram posts; about fact-checkers' engagement, not misinformation prevalence",Analysis of content verified by Spanish fact-checkers on Instagram
2-s2.0-85174302299,2024,EXCLUDE,"Experimental study of predictors of willingness to share news; hypothetical sharing, not observed",Stories worth sharing – why do people spread news online?
2-s2.0-85073061780,2019,INCLUDE,31.2% of 109 health tweets classified untrustworthy; content prevalence of inaccurate tweets,Trustworthy health-related tweets on social media in Saudi Arabia: Tweet metadata analysis
2-s2.0-85191403735,2024,MAYBE,Instagram pseudoscience analysis; mentions facticity/engagement but abstract too thin on prevalence numbers,Uncovering a pseudoscience: an analysis of ‘biological dentistry’ Instagram posts
2-s2.0-85202131173,2024,EXCLUDE,"Examines acceptance/belief drivers of misinformation; belief/self-report, no exposure/content prevalence","Social Media Platforms and COVID-19-Related Misinformation in India: Acceptance, Spread, and Implications"
2-s2.0-85215815338,2024,MAYBE,Content analysis of WhatsApp/Telegram messages reports magnitude/types of misinformation; denominator unclear,Misleading content on encrypted platforms in chile: Whatsapp vs. telegram during constitutional elections
2-s2.0-85129887136,2022,EXCLUDE,"Studies effect of Twitter warning labels on spread/engagement; moderation-effect study, not prevalence",The Impact of Twitter Labels on Misinformation Spread and User Engagement: Lessons from Trump's Election Tweets
2-s2.0-85112249462,2021,EXCLUDE,"Survey: 24% of fact-check subscribers shared possible misinformation; self-reported, non-representative sample",No one is immune to misinformation: An investigation of misinformation sharing by subscribers to a fact-checking newsletter
2-s2.0-85196841622,2024,INCLUDE,"Analyzes 89,148 tweets/3,184 articles; quantifies rumor spread/engagement after Manchester bombing",Persistence of misinformation and hate speech over the years: The Manchester Arena bombing
2-s2.0-85186607228,2024,INCLUDE,"255 Instagram posts; 85.9% accurate, content prevalence of mpox misinformation quantified",A qualitative review of social media sharing and the 2022 monkeypox outbreak: did early labelling help to curb misinformation or fuel the fire?
2-s2.0-78649725192,2010,INCLUDE,4.5% of 2009 H1N1 tweets identified as misinformation; content prevalence among coded sample,Pandemics in the age of Twitter: Content analysis of tweets during the 2009 H1N1 outbreak
2-s2.0-105033848043,2023,MAYBE,Content analysis of 549 false-news items reports 87.4% circulated on social media; denominator unclear,Quantitative and Qualitative Analysis of False News about COVID 19 in Colombia
2-s2.0-85139185036,2022,EXCLUDE,"Content analysis of 548 debunks characterizing intent/emotion; about disinfo features, not prevalence",Scare to destabilise: disinformation about COVID-19 in Argentina and Spain
2-s2.0-84903975957,2013,EXCLUDE,"Survey of 171 students on misinformation-sharing motivations; self-reported motivation, not observed prevalence",Misinformation what of it motivations and individual differences in misinformation sharing on social media
2-s2.0-105014443516,2025,EXCLUDE,"Systematic literature review of fake news in tourism; review of studies, no prevalence estimate",Fake News in Tourism: A Systematic Literature Review
2-s2.0-85177552384,2024,MAYBE,"Abstract is only a supplementary-table note; content missing, cannot judge",Quality of erectile dysfunction information from ChatGPT and other artificial intelligence chatbots
2-s2.0-85147384000,2023,MAYBE,"Frames/discourse analysis of 2,782 SputnikTR tweets identifies disinformation; quantitative share unclear","\As Reliable as a Kalashnikov Rifle\"": How Sputnik News Promotes Russian Vaccine Technologies in the Turkish Twittersphere"""
2-s2.0-85091275255,2020,INCLUDE,Mixed-methods finds large number of Cameroon Facebook stories lack verifiability/reliability; content prevalence,"Facebook and Fake News in the \Anglophone Crisis\"" in Cameroon"""
2-s2.0-105034674670,2026,INCLUDE,1108 posts analyzed for accuracy/misinformation; content prevalence by tone/sentiment quantified,Social media analysis of Meniere's disease: Insights and challenges for otolaryngologists
2-s2.0-85162636420,2023,EXCLUDE,"General discussion of disinformation during COVID; non-empirical overview, no prevalence estimate",Disinformation during COVID-19 pandemic
2-s2.0-85145196122,2022,INCLUDE,Misinformation 1.1% of Twitter vs 0.3% of Sina Weibo content; content prevalence comparison,(Mis)Information on Digital Platforms: Quantitative and Qualitative Analysis of Content From Twitter and Sina Weibo in the COVID-19 Pandemic
2-s2.0-85215621311,2025,EXCLUDE,"Qualitative content/discourse analysis of pro-Kremlin narratives in Moldova; thematic, no prevalence estimate","DISMISS, DISTORT, DISTRACT, DISMAY: THE CIVIL SOCIETY IN MOLDOVA IN THE FACE OF DISINFORMATION"
2-s2.0-85187560020,2023,EXCLUDE,Conceptual exploration of user behavior and fake news propagation; no empirical prevalence measurement,Effects of User Behavior in the Propagation of Fake News on Social Media
2-s2.0-85173913530,2023,INCLUDE,22% of evaluated varenicline YouTube videos classified misleading; content prevalence quantified,EVALUATION OF YOUTUBE CONTENT REGARDING VARENICLINE AND SMOKING CESSATION
2-s2.0-105012504380,2025,EXCLUDE,"Quali-quanti analysis of far-right Facebook narratives; thematic framing, no quantitative prevalence share",Populist Narratives on Facebook: How the Far-Right Hijacks the Romanian Discourse on the Russo-Ukrainian War
2-s2.0-85107816326,2021,INCLUDE,36.4% of rotator-cuff systematic-review abstracts contained spin; content prevalence in a corpus,Over 30% of Systematic Reviews and Meta-analyses Focused on Rotator Cuff Tear Treatments Contained Spin in the Abstract
2-s2.0-85131726850,2024,INCLUDE,"Analyzes click-logs of 1389 fake accounts vs 45,769 users; quantifies disinformation amplification",Fake thumbs in play: A large-scale exploration of false amplification and false diminution in online news comment spaces
2-s2.0-85194774500,2024,INCLUDE,Quantifies exposure: unflagged content 46x impact; Facebook users (N~233M) exposure to flagged content limited,Quantifying the impact of misinformation and vaccine-skeptical content on Facebook
2-s2.0-85194059431,2024,INCLUDE,Analyzes exposure-to-adoption of unreliable sources on Twitter; quantifies exposures needed for adoption,Susceptibility to Unreliable Information Sources: Swift Adoption with Minimal Exposure
2-s2.0-85141708618,2020,EXCLUDE,Conceptual/bibliographic exploratory study of infodemia on Twitter; no quantitative prevalence estimate,Pandemic and infodemic on media: an analysis of the information disorder on Twitter
2-s2.0-85074511992,2019,INCLUDE,Analyzes 4M tweets across 3 elections; quantifies junk news sourcing/consumption share by users,Sourcing and Automation of Political News and Information During Three European Elections
2-s2.0-84962920747,2015,EXCLUDE,"Information-diffusion modeling (multi-campaign cascade); theoretical model, not empirical prevalence",Dynamics of multi-campaign propagation in online social networks
2-s2.0-85085201199,2020,INCLUDE,"27.5% of 69 most-viewed COVID YouTube videos non-factual, reaching 62M views; content prevalence",YouTube as a source of information on COVID-19: A pandemic of misinformation?
2-s2.0-85127367740,2022,EXCLUDE,"Survey of 2030 on stem-cell knowledge/willingness; belief/awareness-only, no exposure prevalence",An Infodemic of Misinformation on Stem Cell Therapy Among the Population of Saudi Arabia: A Cross-Sectional Study
2-s2.0-85066601717,2019,EXCLUDE,"Content analysis of 202 scholarly articles on rumors; literature review, no misinformation prevalence",Analysis of Research on Online Rumors
2-s2.0-105034041517,2026,EXCLUDE,"Machine-learning spambot detection on Cresci datasets; CS detection performance, not human prevalence",Identification of Spambots and Fake Followers on Social Network via Interpretable AI-Based Machine Learning
2-s2.0-85179995299,2023,EXCLUDE,"Regression on situational motivation driving fake-news sharing; self-reported behavior, not observed prevalence",Fake News Sharing Among Weibo Users in China
2-s2.0-85043256051,2018,INCLUDE,"~126,000 stories, 4.5M tweets; quantifies differential diffusion of false vs true news",The spread of true and false news online
2-s2.0-85055990871,2018,EXCLUDE,"Tests schoolchildren's ability to detect a hoax website; detection/susceptibility, not exposure prevalence","\Save the Pacific Northwest tree octopus\"": a hoax revisited. Or: How vulnerable are school children to fake news?"""
2-s2.0-85088523068,2020,EXCLUDE,"Survey of 300 on perspectives controlling fake-news spread; perception/policy-opinion, no prevalence estimate",Is fake news spreading more rapidly than COVID-19 in India? A representative study of people's perspective on controlling the spread of fake news on social media
2-s2.0-105011142946,2025,EXCLUDE,"Commentary on celebrity endorsement of non-evidence cancer interventions; non-empirical, no prevalence estimate","False premises, false promises: celebrity endorsement of non-evidence-based anticancer interventions on social media"
2-s2.0-85048792688,2018,MAYBE,"Abstract is only a journal boilerplate note; actual content missing, cannot judge",Medical misinformation in the era of Google: Computational approaches to a pervasive problem
2-s2.0-85164749333,2023,EXCLUDE,"Proposes scoring algorithm to find conspiracy posts; CS detection method, not human prevalence",A Study on the Conspiracy Theory Propagation Network on Twitter
2-s2.0-84889570052,2013,EXCLUDE,"Method for seeking information provenance on social media; CS algorithm, not prevalence estimate",Seeking provenance of information using social media
2-s2.0-85048766317,2018,INCLUDE,78 pro-tanning websites; 86% health and 90% safety misleading claims; content prevalence quantified,Understanding Misinformation in the Pro-tanning Communication Environment: A Content Analysis
2-s2.0-85098086330,2020,MAYBE,"Content analysis of 371 fake news; quarter repeated across countries, but denominator/prevalence unclear",Fake news about Covid-19: A comparative analysis of six iberoamerican countries
2-s2.0-85192781704,2024,EXCLUDE,"Proposes online detection algorithm classifying news fake/genuine; CS detection method, not prevalence",Online Auditing of Information Flow
2-s2.0-85171477190,2023,INCLUDE,Quantifies production volume of questionable vs reliable sources across 5 countries; source prevalence,Analyzing the changing landscape of the Covid-19 vaccine debate on Twitter
2-s2.0-85191445032,2024,EXCLUDE,"Analyzes fact-checking agency verification capacity; about fact-checkers' handling, not misinformation prevalence",Disinformation and Fact-Checking in the Face of Natural Disasters: A Case Study on Turkey–Syria Earthquakes
2-s2.0-85031412332,2018,EXCLUDE,"Online ethnographic case study of cloaked Facebook pages; qualitative, no prevalence estimate",Cloaked Facebook pages: Exploring fake Islamist propaganda in social media
2-s2.0-85148600371,2023,INCLUDE,"232,975 of 9.35M tweets (2.49%) anti-vaccination; content prevalence by country quantified",Anti-vaccination attitude trends during the COVID-19 pandemic: A machine learning-based analysis of tweets
2-s2.0-105000242013,2025,INCLUDE,"Analyzes 264,487 fact-checks across 95 languages; quantifies multilingual misinformation prevalence/spread","Lost in translation: using global fact-checks to measure multilingual misinformation prevalence, spread, and evolution"
2-s2.0-85172455637,2025,EXCLUDE,"Analysis of incremental news updates; about update practices/transparency, not misinformation prevalence",News in Motion: A Quantitative Analysis of Incremental News Updates by Flemish Online News Outlets
2-s2.0-105016716843,2025,EXCLUDE,Content analysis of 200 TikTok campaign videos; no misinfo prevalence/exposure estimate,"TikTok: politics for young people. What are Trump and Milei talking about? Polarization, hate and misinformation in election campaigns"
2-s2.0-85149439816,2022,EXCLUDE,Clusters/categorizes vaccine conspiracy misconceptions; no quantitative prevalence/exposure estimate,Role and Usage of Social Media in COVID-19: An Analysis of Vaccination-Related Conspiracy Theories
2-s2.0-85163769915,2023,EXCLUDE,Tool/method paper assessing accounts' misinformation sharing; no prevalence estimate reported,MisinfoMe: A Tool for Longitudinal Assessment of Twitter Accounts' Sharing of Misinformation
2-s2.0-85210490944,2024,MAYBE,"Survey of 1294 respondents reporting fake-news encounters; perception-based exposure, ambiguous quantitative estimate",Fake news and Nigeria's 2019 presidential election
2-s2.0-85075622951,2019,EXCLUDE,Analyzes emotion/network drivers of misinfo propagation; no prevalence-share estimate of population,Experience: Managing misinformation in social media-insights for policymakers from Twitter analytics
2-s2.0-85159598935,2023,INCLUDE,Non-trustworthy news links shared far more in swing-state Twitter traffic; quantifies share,Swinging in the States: Does disinformation on Twitter mirror the US presidential election system?
2-s2.0-85188301459,2024,EXCLUDE,Qualitative cross-platform bridges analysis of nuclear debate; no quantitative prevalence estimate,"Affective, defective, and infective narratives on social media about nuclear energy and atomic conflict during the 2022 Italian electoral campaign"
2-s2.0-85134426953,2022,INCLUDE,32.5% of 200 popular cancer articles contained misinformation; content-level prevalence,Cancer Misinformation and Harmful Information on Facebook and Other Social Media: A Brief Report
2-s2.0-105019151469,2025,EXCLUDE,Qualitative analysis of YouTube comment reactions; no quantitative prevalence/exposure estimate,Infodemic and Misinformation on YouTube about COVID-19
2-s2.0-85212940895,2024,EXCLUDE,"Legal-theoretical essay on disinformation and hate speech; non-empirical, no measurement",The Impact of Disinformation on the Spread of Racist and Xenophobic Hate Speech
2-s2.0-85211860791,2024,EXCLUDE,Ethnographic case study of antisemitic laundering on VKontakte; no quantitative prevalence,"Distort, post, repeat: Laundering antisemitism on 'cliquey networks' during COVID-19"
2-s2.0-105038544149,2026,MAYBE,Dataset of 50000 Facebook climate posts with sentiment/topic; unclear misinfo prevalence measure,Longitudinal Trends in Global Climate Change Discourse on Facebook
2-s2.0-85132797380,2022,INCLUDE,Content analysis of 402 debunked hoaxes characterizing misinformation features; content-level,CHARACTERISTICS OF MISINFORMATION IN SOCIAL NETWORKS. COMPARATIVE STUDY OF NEWS DENOUNCED AS HOAXES IN ARGENTINA AND SPAIN DURING 2020
2-s2.0-85101295011,2021,EXCLUDE,"Belief in four false statements; belief/susceptibility only, no exposure/sharing estimate",Misinformation about COVID-19 in sub-saharan africa: Evidence from a cross-sectional survey
2-s2.0-85145411066,2022,EXCLUDE,Library-science essay on acquiring unreliable nonfiction; no audience misinfo prevalence estimate,IN THE RIFT BETWEEN CRITERIA: PROCUREMENT OF UNRELIABLE NONFICTION MATERIALS IN PUBLIC LIBRARIES
2-s2.0-85132050196,2022,INCLUDE,Quantifies online attention to 3851 retracted papers across platforms vs controls; spread,Dynamics of cross-platform attention to retracted papers
2-s2.0-85137860773,2022,EXCLUDE,Analyzes how users respond to IRA troll accounts; no misinfo prevalence/exposure estimate,Talking to Trolls - How Users Respond to a Coordinated Information Operation and Why They're So Supportive
2-s2.0-85097990963,2020,MAYBE,"Stated aim to analyze social-media effect on public; abstract truncated, no clear estimate",Awareness on spread of misinformation and its effect on public with regard to covid-19
2-s2.0-85126999816,2021,EXCLUDE,Theoretical analysis of digital propaganda campaign success; no quantitative prevalence estimate,Digital propaganda as symbolic convergence: The case of Russian ads during the 2016 US presidential election
2-s2.0-85098161724,2020,INCLUDE,"1M+ WhatsApp messages, 98000 audios analyzed; quantifies disinformation circulation (3622 appearances)",WhatsApp audios and the remediation of radio: Disinformation in Brazilian 2018 presidential election
2-s2.0-85182457327,2024,EXCLUDE,"Two lab experiments on meme retransmission/hesitancy; hypothetical sharing, not observed real-world",Those 'funny' internet memes: a study of misinformation retransmission and vaccine hesitancy
2-s2.0-85137890194,2022,INCLUDE,Quantifies fake-news virality vs real news on Twitter/Weibo; observed spread/retweets,Anger can make fake news viral online
2-s2.0-85199605402,2025,EXCLUDE,Literature review plus emotional-tone analysis of politician tweets; no misinfo prevalence share,Analysis of political disinformation in the Spanish government leaders' speeches via X
2-s2.0-85105511315,2021,INCLUDE,Analyzes prevalence/diffusion of low-credibility links on Twitter and Facebook; superspreaders quantified,The COVID-19 Infodemic: Twitter versus Facebook
2-s2.0-85163027940,2023,MAYBE,Network analysis of info-pollution vs debunking on Facebook Thailand; share/proportion unclear,COVID-19 infodemic on Facebook: a social network analysis in Thai context
2-s2.0-105041471187,2026,INCLUDE,Content analysis of 114 debunked DANA hoaxes; content-level prevalence of disinformation features,Disinformation during the DANA in Valencia (Spain): analysis of the structural and emotional composition of hoaxes
2-s2.0-85165815218,2023,INCLUDE,208M Facebook users; most misinformation in conservative corner; exposure/engagement quantified,Asymmetric ideological segregation in exposure to political news on Facebook
2-s2.0-105003263851,2025,INCLUDE,Content analysis of German fact-checks; quantifies topic/actor/platform distribution of misinformation,Fact-checks as Data Source? Content Analysis of Fact-checking Articles in Germany between 2019 and 2023
2-s2.0-85075158656,2020,EXCLUDE,Measures hyperpartisan actors' Facebook engagement success; no misinfo content/exposure prevalence share,Right-wingers on the rise online: Insights from the 2018 Swedish elections
2-s2.0-85106335639,2021,INCLUDE,Fact-checked 1400+ tweets/top arguments of four UK leaders; actor-level fake-news prevalence,The human component in social media and fake news: the performance of UK opinion leaders on Twitter during the Brexit campaign
2-s2.0-105017506015,2025,EXCLUDE,"Geolocation/topic-modeling method; reports regional misinfo-comment prevalence loosely, mainly methods focus",Mapping the Infodemic: Geolocating Reddit Users and Unsupervised Topic Modeling of COVID-19-Related Misinformation
2-s2.0-85184873133,2024,INCLUDE,300000+ Congress Facebook links; quantifies share to low-quality sites by party,Partisan Differences in the Sharing of Low-Quality News Sources by U.S Political Elites
2-s2.0-105002473473,2025,INCLUDE,About one-third of Facebook community COVID content totally/partially incorrect; content-level prevalence,Accuracy assessment of information about COVID-19 circulated in an online community on Facebook
2-s2.0-105024566749,2023,EXCLUDE,"Quality-scoring (LAP-VEGaS) of 43 surgery videos; quality assessment, not misinfo prevalence share",Is YouTube a source of misinformation for pediatric surgeons? Post pandemic cross-sectional study
2-s2.0-85086013022,2019,EXCLUDE,Social network centrality analysis identifying key hoax actors; no prevalence/exposure estimate,Network Centralization Analysis Approach in the Spread of Hoax News on Social Media
2-s2.0-85105434403,2021,MAYBE,"Topic-models hydroxychloroquine misinfo; higher volume of medical-endorsement tweets, share quantification ambiguous",Identifying and characterizing scientific authority-related misinformation discourse about hydroxychloroquine on twitter using unsupervised machine learning
2-s2.0-85132454020,2022,EXCLUDE,"Essay analyzing India COVID misinfo narratives; non-empirical, no quantitative prevalence estimate",Narrative-based misinformation in India about protection against Covid-19: Not just another 'moo-point'
2-s2.0-85016088761,2017,INCLUDE,Characterizes news consumption of 376M Facebook users over 6 years; consumption concentration,Anatomy of news consumption on Facebook
2-s2.0-85174810384,2023,INCLUDE,"12581 labeled misinformation posts; quantifies topic volume, engagement, bot prevalence",Characterizing Discourse and Engagement Across Topics of Misinformation on Twitter
2-s2.0-85056756094,2018,INCLUDE,Estimates real-vs-fake content distribution on Facebook across 68 countries; content prevalence,Are pervasive systems of fake news provision sowing confusion? The role of digital media platforms in the production and consumption of factually dubious content
2-s2.0-85200504500,2024,EXCLUDE,Method to quantify social influence ranking via crowdsourcing; no misinfo prevalence estimate,Empirically measuring online social influence
2-s2.0-85085551012,2020,EXCLUDE,"ML quantifies anti-vax topic diversity; classifier method, no audience exposure/prevalence estimate",Quantifying COVID-19 Content in the Online Health Opinion War Using Machine Learning
2-s2.0-85200712084,2024,EXCLUDE,"Develops/validates social-media reality evaluation measure; perception scales, no exposure/prevalence estimate",A Multidimensional Approach for Evaluating Reality in Social Media: Mixed Methods Study
2-s2.0-85213941586,2024,INCLUDE,Analyzes 1415 fact-checks; quantifies climate disinformation by source/topic/party; actor-level prevalence,Anti- and pro-environmental disinformation. Fact-checking Spanish political parties' discourse.
2-s2.0-85203845655,2024,INCLUDE,78 ChatGPT news pieces; counts erroneous(10)/incorrect(6)/false(4); content-level prevalence of disorders,Informative disorders in initial digital circulation news articles on ChatGPT
2-s2.0-86000727449,2025,INCLUDE,253 TikTok GI videos quality-scored; 61% very poor; content-level misinfo prevalence with views,Medical misinformation in social media: Representations of gastrointestinal disorders on a short video platform
2-s2.0-85146676436,2023,MAYBE,Thematic analysis of PIB-verified fake news with frequencies; prevalence-share denominator unclear,A Thematic Analysis of Fake News in India During the Pandemic
2-s2.0-85182831975,2023,EXCLUDE,"Tracks vaccine attitudes/message processing over pandemic; attitude/belief focus, no exposure prevalence estimate",It's complicated . . .: Exploring vaccination attitudes and the vaccination infodemic in the uk throughout the covid-19 pandemic
2-s2.0-105037570378,2026,EXCLUDE,"Discourse/value analysis of Ukraine-war fake news narratives; qualitative, no quantitative prevalence",Values in the Crossfire An Analysis of Fake News Narratives: About the War in Ukraine
2-s2.0-85181200454,2025,INCLUDE,91061 respondents across 46 countries; quantifies perceived misinformation exposure and predictors,Distributed Discovery of News and Perceived Misinformation Exposure: A Cross-Continent Application of the Resilience to Online Disinformation Framework
2-s2.0-105001920569,2024,EXCLUDE,"ML/blockchain fake-news detection system; computer-science method, no human prevalence estimate",A Comparative Estimation of Media Manipulation Disclosure using Machine Learning Algorithms
2-s2.0-85206626557,2024,EXCLUDE,"Analyzes non-textual content of 6087 tweets; sharing practices, no misinfo prevalence share","Look at this! Radical right-wing populist information sharing practices on Twitter in Portugal, Spain, and Brazil"
2-s2.0-105020894042,2025,INCLUDE,74% of 100 Douyin stuttering videos misleading; content-level misinfo prevalence with engagement,Analysis of the Quality of Stuttering Content on Douyin in China
2-s2.0-85121973418,2021,INCLUDE,13.9% of participants super-spreaders forwarding high COVID content; exposure/sharing concentration,Tracking Private WhatsApp Discourse about COVID-19 in Singapore: Longitudinal Infodemiology Study
2-s2.0-105002820700,2025,MAYBE,"Thematic analysis of 838 fact-checked assertions; topic incidence, prevalence-share denominator ambiguous",Thematic trends in fact-checking in Brazil's COVID-19 infodemic: the first year in focus
2-s2.0-85144591064,2022,INCLUDE,~15% (1114) of removed YouTube misinfo videos migrated; quantifies spread to fringe platforms,COVID-Related Misinformation Migration to BitChute and Odysee
2-s2.0-85109464429,2021,INCLUDE,242 YouTube videos; one-third contained inaccuracies; content-level misinfo prevalence with views,Acute myocardial infarction on YouTube - Is it all fake news?
2-s2.0-85207494268,2025,EXCLUDE,"Qualitative/quant analysis of health-department comments; engagement focus, no misinfo prevalence share",Don't Read the Comments: Discourse About COVID-19 Vaccines in a State Health Department's Social Media Comments
2-s2.0-85086906408,2020,INCLUDE,28% of 100 YouTube ED videos contained direct misinformation; content-level prevalence with views,Quality of Information in YouTube Videos on Erectile Dysfunction
2-s2.0-105019650745,2025,EXCLUDE,"Influencer reach/engagement on conflicts; misinfo mentioned as risk, no prevalence measure",Violence As a Content Creation Strategy on Instagram: Reach and Interaction with International Conflicts in the Profiles of Political Influencers in Spain
2-s2.0-105034409763,2026,MAYBE,"Stated plan to assess TikTok science accuracy/misinfo; prospective, no reported estimate yet",Scrolling through science: how accurate is science content on TikTok
2-s2.0-85078207693,2019,EXCLUDE,Big-data case study of single fake-news diffusion (Curro); no population prevalence estimate,Fake News spreading on Twitter: Curro: The 'condemned dog'
2-s2.0-85187881321,2024,EXCLUDE,"Critical essay on cBHT promotion/misinformation; non-empirical, no quantitative prevalence estimate","Fear, misinformation, and pharmaceutical messianism in the promotion of compounded bioidentical hormone therapy"
2-s2.0-85196079076,2024,EXCLUDE,"Prevalence of false beliefs among 105 students; belief/misconception, no exposure/sharing estimate",The presence of misconceptions related to physical activity and sport in non-university higher education students
2-s2.0-85138219636,2022,INCLUDE,Quantifies partisan asymmetries in Twitter exposure to misinformation via retweet interactions,Partisan asymmetries in exposure to misinformation
2-s2.0-105037362500,2026,INCLUDE,Anti-vaccine tweets increased post-policy (OR=1.60); quantifies prevalence/engagement of misinfo discourse,Auditing the impact of social media's policy shift on anti-vaccine discourse: A large language model-driven empirical study
2-s2.0-85067547811,2019,EXCLUDE,"Panel survey on participation and misinfo-sharing intentions; structural model, no observed prevalence estimate","The Paradox of Participation Versus Misinformation: Social Media, Political Engagement, and the Spread of Misinformation"
2-s2.0-85092337337,2020,EXCLUDE,"Google Trends search-behavior/infodemic-moniker analysis; search interest, no misinfo prevalence/exposure estimate",COVID-19-related web search behaviors and infodemic attitudes in Italy: Infodemiological study
2-s2.0-85095575703,2020,INCLUDE,Analyzes 252 Facebook pages; over-representation of unreliable sources in far-right sharing,Information-sharing practices on Facebook during the 2017 French presidential campaign: An 'unreliable information bubble' within the extreme right
2-s2.0-85177420309,2024,INCLUDE,1259 Google results across 12 countries; quantifies quality/prevalence of conspiracy content exposure,The different worlds of Google - A comparison of search results on conspiracy theories in 12 countries
2-s2.0-105016877141,2026,EXCLUDE,"Sentiment analysis of 109117 fluoridation posts; sentiment shares, not misinfo content prevalence",Analysis of Water Fluoridation Debates on Meta Platforms Using Advanced Machine Learning Approaches
2-s2.0-105023703208,2026,EXCLUDE,"Symposium introduction essay on computational propaganda gaps; non-empirical overview, no prevalence estimate",The Limits of Computational Propaganda: Investigating Underexplored Platforms and Contexts
2-s2.0-85072114698,2019,INCLUDE,703 respondents; 37.4% received salt-water misinfo on social media; exposure prevalence,Misinformation on salt water use among Nigerians during 2014 Ebola outbreak and the role of social media
2-s2.0-85195108512,2024,MAYBE,"Studies YouTube videos embedded around web; exposure focus, abstract truncated on estimate",U. S. Users' Exposure to YouTube Videos On- and Off-platform
2-s2.0-85175170042,2023,EXCLUDE,"Content analysis of Hungarian state-media false narratives; qualitative, no quantitative prevalence share",How Public Service Media Disinformation Shapes Hungarian Public Discourse
2-s2.0-85112101773,2022,INCLUDE,1478 tweets coded; misinformation more prevalent than correction; quantifies prevalence and engagement,"Prevalence of anger, engaged in sadness: engagement in misinformation, correction, and emotional tweets during mass shootings"
2-s2.0-85110552526,2021,MAYBE,Combines CIS barometers with Maldita hoax database on migration; prevalence-share quantification unclear,The Agenda Below the Radar. Disinformation and Fact-Checking on (IM) Migration
2-s2.0-85152588321,2023,INCLUDE,Birdwatch-annotated posts; links believability/harmfulness to virality of misleading tweets; observed spread,Believability and Harmfulness Shape the Virality of Misleading Social Media Posts
2-s2.0-85084751340,2022,EXCLUDE,Google Trends seasonal search-interest analysis on laryngitis; no misinfo prevalence/exposure estimate,Seasonal Variations in Public Inquiries into Laryngitis: An Infodemiology Study
2-s2.0-85107417720,2021,EXCLUDE,"Qualitative content analysis of 20 vaccine fake news; categories only, no prevalence share",Vaccine fake news: an analysis under the World Health Organization's 3Cs model
2-s2.0-85121234437,2021,EXCLUDE,"Lexeme/topic analysis of RT propaganda reports; content themes, no prevalence/exposure estimate",Dominating Concepts of Russian Federation Propaganda Against Ukraine (Content and Collocation Analyses of Russia Today)
2-s2.0-85051037754,2018,INCLUDE,"380 posts: 72 fake news, 308 correct; content-level prevalence in MS web community","Fake news, influencers and health-related professional participation on the Web: A pilot study on a social-network of people with Multiple Sclerosis"
2-s2.0-105016413464,2025,INCLUDE,98.2% of post-retraction citations ignored retracted status; quantifies misinformation spread,Evaluating the Clarity of Retractions and the Spread of Misinformation in Otolaryngology
2-s2.0-85115435359,2021,EXCLUDE,"Pew survey on electorate trust in Trump; attitude/perception, no misinfo exposure/prevalence estimate",Public Sphere and Misinformation in the U.S. Election: Trump's Audience and Populism Indicators in the COVID-19 Context
2-s2.0-85187108098,2023,EXCLUDE,"Systematic review of rumor influence on health; review/synthesis, no primary prevalence estimate",Crisis of credibility: A systematic review on the influence of rumors spread through multimedia on public health during the SARS-CoV-2 epidemic
2-s2.0-0034350107,2000,EXCLUDE,"Evidence of misinformed beliefs about welfare; belief/misinformation holding, no exposure/sharing prevalence",Misinformation and the currency of democratic citizenship
2-s2.0-85145735327,2024,INCLUDE,124 news articles content-analyzed; quantifies climate disinformation by agent/type; actor-level prevalence,"Analysis of climate change disinformation across types, agents and media platforms"
2-s2.0-105040091272,2026,INCLUDE,500 Instagram tooth-whitening posts scored for reliability by source; content-level quality prevalence,"Information Quality, Content Scope, and Audience Engagement of Popular Turkish Instagram Posts on Tooth Whitening: A Cross-Sectional Content Analysis"
2-s2.0-105038215392,2026,INCLUDE,150 TikTok labor-induction videos scored; patient content low quality/accuracy; content-level misinfo prevalence,"Labor induction and social media influence: An analytical video-based cross-sectional study to assess quality, reliability, and accuracy of related content on TikTok"
2-s2.0-85163582822,2023,INCLUDE,1786 articles from 19 European newspapers analyzed; quantifies press role in disinformation ecosystem,Examining European Press Coverage of the Covid-19 No-Vax Movement: An NLP Framework
2-s2.0-105024333061,2025,EXCLUDE,"Qualitative interviews on LGBTIQ+ youth info habits; consumption attitudes, no misinfo prevalence estimate","LGTBIQ+ youth and information on current affairs: consumer habits, influencer following and polarising attitudes"
2-s2.0-85179717154,2023,EXCLUDE,Compares meme frequency across Twitter/WhatsApp; ideological memes not misinfo prevalence per se,Far-right memespheres and platform affordances: the effects of environmental opacity on the spread of extremist memes on Twitter and WhatsApp
2-s2.0-105022142351,2023,EXCLUDE,"Reflective commentary on misinformation in echocardiography reporting; non-empirical essay, no prevalence",Misinformation in the Echo Lab
2-s2.0-85204616342,2024,EXCLUDE,"ML time-series correlating disinformation diffusion with hate crime; method/correlation, no prevalence estimate",Informative (Dis)information: Exploring the Correlation Between Social Media Disinformation Campaigns and Real-World Criminal Activity
2-s2.0-85138494787,2022,INCLUDE,1.4M tweets; vape advocates 49.7-88% of top users disseminating misinfo; actor concentration,The Influence of Provaping 'Gatewatchers' on the Dissemination of COVID-19 Misinformation on Twitter
2-s2.0-85118913556,2022,INCLUDE,Analyzes bot roles diffusing non-credible info during infodemic; quantifies bot amplification share,Characterizing the roles of bots on Twitter during the COVID-19 infodemic
2-s2.0-105012953237,2025,INCLUDE,Web-monitoring pilot objectively measuring cancer misinfo exposure in 17 patients; exposure measurement,Evaluating the Feasibility of Web-Monitoring Methodology for Measuring Exposure to Online Cancer Misinformation
2-s2.0-85069174195,2019,EXCLUDE,"Qualitative content analysis of comments on fake-news echo chambers; behavior patterns, no prevalence",Fake news in social media: Bad algorithms or biased users?
2-s2.0-84948576052,2015,INCLUDE,100 most-viewed Ebola YouTube videos (73M views) coded for content; content prevalence/reach,Coverage of the Ebola Virus Disease Epidemic on YouTube
2-s2.0-85087723867,2020,EXCLUDE,Social network analysis of coronavirus fake-news conversation/key actors; no prevalence/exposure share,Fake news and coronavirus: Detecting key players and trends through analysis of twitter conversations
2-s2.0-85159160953,2023,EXCLUDE,Survey of attitudes/cognitions/behaviors; no misinfo exposure or prevalence estimate,COVID-19 attitudes
2-s2.0-85146423472,2022,MAYBE,Analyzes spread of 40 popular Stop-the-Steal images on Twitter; reach but small N,Stop the [Image] Steal: The Role and Dynamics of Visual Content in the 2020 U.S. Election Misinformation Campaign
2-s2.0-85119201403,2021,MAYBE,20000 Facebook posts content analysis of anti-gender mis/disinfo; share unclear,The Anti-Gender Debate on Social Media A Computational Communication Science Analysis of Networks
2-s2.0-105012522879,2025,EXCLUDE,Survey on perceived vulnerability/detection ability; no exposure prevalence estimate,Vulnerable groups and disinformation. An analysis of the Andalusian reality
2-s2.0-85159346616,2023,MAYBE,"Measures online ads spreading conflict info; some ads spread misinfo, share unclear",Online Advertising in Ukraine and Russia During the 2022 Russian Invasion
2-s2.0-85213225521,2024,EXCLUDE,News consumption habits survey; no misinfo exposure/prevalence estimate measured,Social networks are the main source of information for Spaniards compared to Europeans
2-s2.0-85083280491,2020,MAYBE,Abstract unavailable; cannot judge whether prevalence estimate reported,The Twitter pandemic: The critical role of Twitter in the dissemination of medical information and misinformation during the COVID-19 pandemic
2-s2.0-85205688160,2023,INCLUDE,23% of sampled political images contained misinformation; content prevalence on Facebook,Visual misinformation on Facebook
2-s2.0-85184530233,2023,EXCLUDE,Systematic review of COVID misinfo articles in Kenya; no quantitative prevalence estimate,Proliferation and Impacts of Health Misinformation on Social Media During COVID-19 in Kenya
2-s2.0-85136981283,2025,EXCLUDE,Survey on willingness/drivers to disseminate misinfo; intentions not observed behavior,Identifying the Drivers Behind the Dissemination of Online Misinformation: A Study on Political Attitudes and Individual Characteristics in the Context of Engaging With Misinformation on Social Media
2-s2.0-85197525581,2025,EXCLUDE,Network/influencer analysis of baby formula crisis posts; no misinfo prevalence estimate,What and Where Do I Learn About the Baby Formula Shortage Crisis? Exploring Crisis Communication Patterns
2-s2.0-85057228102,2018,EXCLUDE,Crypto pump-and-dump detection method; not human misinfo prevalence,To the moon: defining and detecting cryptocurrency pump-and-dumps
2-s2.0-85168368341,2023,EXCLUDE,"Self-reported exposure as predictor of agreement; moderation study, no prevalence estimate",Buffering against exposure to mental health misinformation in online communities on Facebook: the interplay of depression literacy and expert moderation
2-s2.0-85066473376,2019,EXCLUDE,"Anti-vaccination tweet detection/classification model; CS method, not prevalence",Leveraging Social Media Towards Understanding Anti-Vaccination Campaigns
2-s2.0-85125047369,2021,EXCLUDE,Qualitative frame analysis of five pseudo-media sites; no prevalence/exposure estimate,Pseudo-Media Sites
2-s2.0-85145881152,2023,INCLUDE,86% of 326 WhatsApp health messages invalid/inaccurate; content prevalence,Assessing the Validity of Health Messages Used by the Saudi Public in WhatsApp
2-s2.0-85183806069,2024,EXCLUDE,"Topic modeling of Reddit reproductive health; misinfo a theme, no prevalence estimate",Decoding global reproductive health discourse on Reddit: themes
2-s2.0-85178101068,2023,INCLUDE,5M Wikipedia articles; quantifies untrustworthy source references across languages; content prevalence,A Comparative Study of Reference Reliability in Multiple Language Editions of Wikipedia
2-s2.0-105005529678,2025,EXCLUDE,Bibliometric mapping of 41 Peruvian theses; non-empirical on prevalence,Conceptual mapping of media disinformation in Peru
2-s2.0-105004184624,2025,EXCLUDE,Systematic review of YouTube urology video-quality studies; methods review not prevalence,A systematic review assessing the reliability of studies focusing on urological content on YouTube
2-s2.0-85187190218,2025,MAYBE,Classifies 1.6M Finnish tweets as misinfo; share of misinfo unclear from abstract,Setting the misinformation agenda: Modeling COVID-19 narratives in Twitter communities
2-s2.0-85201063575,2024,INCLUDE,Vaccine misinfo detected in 58.8% of 50 TikTok videos; content prevalence,TikTok content on measles-rubella vaccine in Jordan: A cross-sectional study highlighting the spread of vaccine misinformation
2-s2.0-85152047531,2022,EXCLUDE,"Characterizes network attributes of low-credibility sites; detection features, not prevalence",Characterizing Low Credibility Websites in Brazil through Computer Networking Attributes
2-s2.0-85127382158,2022,EXCLUDE,Qualitative interviews on mothers' fluoride info sources; no prevalence estimate,Mothers' Sources of Child Fluoride Information and Misinformation from Social Connections
2-s2.0-85090280890,2020,EXCLUDE,Network/centrality characterization of propaganda users; no exposure prevalence estimate,Characterizing networks of propaganda on twitter: a case study
2-s2.0-86000469488,2025,EXCLUDE,"Systematic review of hair-loss social media quality studies; DISCERN scores, not prevalence",Social Media's Impact on Hair Loss Information Dissemination:A Systematic Review
2-s2.0-105032396511,2026,EXCLUDE,"Multimodal analysis of 132 Musk conspiracy posts; qualitative, no prevalence estimate",Under New Stewardship: Affective-Algorithmic Dynamics of Conspiracy Memes on X during the 2024 US Election
2-s2.0-85198929449,2025,EXCLUDE,"Public media 3.70% of YouTube search results; trusted-media visibility, not misinfo prevalence",Trusted Media on YouTube: volume and visibility of public media in search results
2-s2.0-85102825437,2020,EXCLUDE,Study of abusive responses to MPs; misinfo mentioned but not measured,Vindication
2-s2.0-85097940672,2021,INCLUDE,Reports authority-identified misinfo is rare in 10000-member Telegram group; prevalence,Analyzing Public Opinion and Misinformation in a COVID-19 Telegram Group Chat
2-s2.0-85103678895,2021,EXCLUDE,"Content analysis of cannabis-pregnancy tweets; themes coded, no misinfo prevalence estimate",Twitter Posts About Cannabis Use During Pregnancy and Postpartum:A Content Analysis
2-s2.0-85129109345,2022,INCLUDE,Over three-quarters of 77 vitamin-D YouTube videos misleading; content prevalence with views,COVID-19 and Vitamin D Misinformation on YouTube: Content Analysis
2-s2.0-85132930152,2022,EXCLUDE,Community/network analysis of bushfire arson misinfo; no exposure prevalence estimate,Promoting and countering misinformation during Australia's 2019-2020 bushfires: a case study of polarisation
2-s2.0-85115786837,2023,EXCLUDE,"Content analysis of autism newspaper coverage; misinfo mentioned, no prevalence estimate",How is autism portrayed in news media? A content analysis of Australian newspapers articles from 2016-2018
2-s2.0-85111028354,2022,INCLUDE,83% of 66 mTBI press releases exhibited spin/misinformation; content prevalence,Misrepresentation of mild traumatic brain injury research in press releases
2-s2.0-105019735251,2025,EXCLUDE,"Scoping review of fake-news/polarization literature; non-empirical, no prevalence estimate",The Fake News and Polarization Landscape: Scoping Review of Fake News Research and its Link with Attitude Polarization
2-s2.0-105041482178,2026,MAYBE,Analyzes 100 most viral false claims in DANA; reach comparisons but selected sample,Crisis Disinformation and Verification Dynamics in the Valencia 2024 DANA
2-s2.0-105033001037,2026,MAYBE,"Quality/reliability of 195 endometriosis videos; misinfo implied via DISCERN, share unclear",Cross-platform comparison of the quality
2-s2.0-85173519891,2023,EXCLUDE,Counterrumor tweets correlated with vaccination; no misinfo exposure prevalence estimate,Influence of Tweets Indicating False Rumors on COVID-19 Vaccination: Case Study
2-s2.0-105029530496,2026,EXCLUDE,"Content analysis of far-right TikTok plus focus groups; perception study, not prevalence",Perception of youth and influence of far-right content on TikTok
2-s2.0-85161941131,2023,EXCLUDE,Focus-group qualitative study of news-sharing rituals; no prevalence estimate,When rites go wrong: the impact of failed rituals of news sharing
2-s2.0-105000356847,2025,EXCLUDE,Conceptual case study of Instagram echo chambers; no quantitative prevalence estimate,Breaking the bubble: A case study on the echo chamber effect in Instagram
2-s2.0-85192025533,2024,MAYBE,"Identifies popular misinfo topics across 6 languages on Twitter; over-representation, share unclear",A multilingual analysis of pro Russian misinformation on Twitter during the Russian invasion of Ukraine
2-s2.0-85216248484,2025,MAYBE,Quantifies misinfo in 171 diabetes TikTok videos; misinfo share not explicit,The Sugar-Coated Truth: The Quality of Diabetes Health Information on TikTok
2-s2.0-85169326292,2023,INCLUDE,14% of US survey respondents report knowingly sharing misinformation; self-reported sharing prevalence,Who knowingly shares false political information online?
2-s2.0-105038644228,2019,EXCLUDE,"Overview/commentary on election disinformation forms; non-empirical, no prevalence estimate",Disinformation in Elections
2-s2.0-105035176556,2026,MAYBE,"9.5M tweets classified pro/anti misinfo; temporal dynamics, share of misinfo unclear",Beyond the cascade: temporal dynamics and narrative competition in COVID-19 vaccine discourse on online social networks
2-s2.0-105017835706,2020,EXCLUDE,"Book examining factors in fake-news spread; non-empirical, no prevalence estimate",Fake News in an Era of Social Media: Tracking Viral Contagion
2-s2.0-105021848502,2025,EXCLUDE,"Spillover/connectedness analysis of media indices; econometric, no misinfo exposure prevalence",Coronavirus pandemic analysis and information transmission: media hype
2-s2.0-85142094882,2021,EXCLUDE,"Content analysis of one conspiracy newspaper; qualitative, no prevalence estimate",Research note: Understanding offline Covid-19 conspiracy theories: A content analysis of The Light truthpaper
2-s2.0-105005137969,2025,EXCLUDE,Mobilization/network analysis of Taiwan election campaigns; no misinfo exposure prevalence,Analyzing TikTok's Role in Mobilizing Dynamics for Information Campaigns during Taiwan's 2024 Elections
2-s2.0-85078501461,2020,EXCLUDE,DISCERN reliability of 50 Meniere websites; no misinfo prevalence/share estimate,A Critical Analysis of the Information Available Online for Meniere's Disease
2-s2.0-85200205022,2024,EXCLUDE,"Online experiment on fake-news acceptance/spread intention; hypothetical, not observed",What Makes Fake News Appeal to You? Empirical Evidence from the Tweets Related to COVID-19 Vaccines
2-s2.0-84883291462,2013,INCLUDE,Misinfo on CFDV inconsistent with guidelines in ~half of 157 sites; content prevalence,Internet information on child oral health and the first dental visit
2-s2.0-85073746699,2019,EXCLUDE,Survey of media trust/consumption culture; no misinfo exposure prevalence estimate,Information behavior culture of the runet audience
2-s2.0-85117936931,2021,EXCLUDE,"Ethnographic study of misinfo dissemination/fact-checking in villages; qualitative, no prevalence",Dissemination
2-s2.0-85209409494,2024,EXCLUDE,"Online experiment on credibility/spread of disinfo; hypothetical likelihood, not observed",Does credibility become trivial when the message is right? Populist radical-right attitudes
2-s2.0-85205590790,2024,EXCLUDE,"Exploratory study of 90 fake-news-scam cases; persuasion themes, no prevalence estimate",The nexus of scam and fake news: An exploratory study of cases of fake news-scams in Singapore
2-s2.0-85105969129,2021,INCLUDE,Rumours 3.29x more shared than correct; credibility of 1594 shared breast-cancer stories,Breast cancer on social media: a quali-quantitative study on the credibility and content type of the most shared news stories
2-s2.0-85205730261,2026,EXCLUDE,"Social-semiotic analysis of screenshots in misinfo videos; qualitative, no prevalence estimate",The legitimation of screenshots as visual evidence in social media: YouTube videos spreading misinformation and disinformation
2-s2.0-85181119382,2024,INCLUDE,Meta-analysis: ~8-10% of algorithmic recommendations bad including misinfo; concentration of bad recs,8-10% of algorithmic recommendations are bad
2-s2.0-85216115628,2025,EXCLUDE,Network analysis of bot vs human hashtag use; no misinfo exposure prevalence estimate,Unraveling the Use of Disinformation Hashtags by Social Bots During the COVID-19 Pandemic: Social Networks Analysis
2-s2.0-105003905034,2025,EXCLUDE,"AI system to identify/track propaganda across sites; detection method, not prevalence",Tracking and Identifying International Propaganda and Influence Networks Online
2-s2.0-105008921175,2025,EXCLUDE,"Topic modeling of far-right chat messages; disinfo a theme, no prevalence estimate",Anti-Sustainability Narratives in Chat Apps: What Shapes the Brazilian Far-Right Discussion About Socio-Environmental Issues on WhatsApp and Telegram
2-s2.0-105009525336,2025,INCLUDE,Poor reliability/quality indicating prominent misinfo in 100 contraception TikToks; 4.85B views,Do You Know What Birth Control Actually Does to Your Body? Assessing Contraceptive Information on TikTok
2-s2.0-85111545521,2023,INCLUDE,Matches browser histories to beliefs; measures actual visits to untrustworthy/partisan sites,Partisan media
2-s2.0-85140415171,2022,EXCLUDE,"Search-data study of misinfo spread by distance; mechanism, no prevalence/share estimate",How Health-Related Misinformation Spreads Across the Internet: Evidence for the Typhoon Eye Effect
2-s2.0-85138405691,2022,EXCLUDE,Qualitative case study of populist politicians' fake news; no prevalence estimate,Populist politics
2-s2.0-85188306267,2024,EXCLUDE,"Validates hate-speech exposure instrument; 62% received hate, not misinfo prevalence",Validation of an instrument on exposure of migrant communities to hate speech in the Chilean media ecosystem: preliminary results
2-s2.0-105017400442,2025,MAYBE,"Classifies 1.4M monkeypox tweets as misinfo/not; readability focus, share unclear",The Discussions of Monkeypox Misinformation on Social Media
2-s2.0-85141695457,2022,EXCLUDE,Survey on info exposure relating to attitudes; no misinfo exposure prevalence estimate,The role of the information environment during the first COVID-19 wave in Germany
2-s2.0-85145721931,2022,EXCLUDE,"Studies behavioral change of deceitful-leader followers; influence, not misinfo prevalence",Fueling Toxicity? Studying Deceitful Opinion Leaders and Behavioral Changes of Their Followers
2-s2.0-85201773193,2024,EXCLUDE,"Scoping review of COVID misinfo sources/themes; non-empirical, no prevalence estimate",A Comprehensive Analysis of COVID-19 Misinformation
2-s2.0-84964787366,2016,INCLUDE,Ebola misinformation ~2% of sampled Twitter/Weibo content; content prevalence estimate,Social media's initial reaction to information and misinformation on ebola
2-s2.0-105010168622,2025,EXCLUDE,"Content analysis of earthquake news subcategories; misinfo mentioned, no prevalence estimate",Exploring the Content of News Articles on the Possible Istanbul Earthquake
2-s2.0-105021753831,2023,EXCLUDE,"Book/cross-platform analysis of fringe mainstreaming; qualitative, no prevalence estimate",The Propagation of Misinformation in Social Media: A Cross-platform Analysis
2-s2.0-105027705503,2026,EXCLUDE,"LLM chatbot reference-accuracy benchmark; model performance, not human misinfo prevalence",Reference Accuracy in Large Language Model Chatbots: A Metric for Inherent Misinformation?
2-s2.0-85154558018,2023,EXCLUDE,"Models news circulation by geography on Reddit; misinfo correlate, no prevalence/share estimate",The role of the big geographic sort in online news circulation among U.S. Reddit users
2-s2.0-85032277497,2017,EXCLUDE,"Case study of health dept measles response; best practices, no prevalence estimate",Perspectives Measles
2-s2.0-85086428988,2020,EXCLUDE,"Conceptual analysis of soft facts in Brexit; qualitative, no prevalence estimate",Prophets and Loss: How Soft Facts on Social Media Influenced the Brexit Campaign and Social Reactions to the Murder of Jo Cox MP
2-s2.0-85060013655,2019,INCLUDE,Content analysis of 50 fake-news sites' stories; quantifies misinfo/sensationalism levels and engagement,Fake News as Discursive Integration: An Analysis of Sites That Publish False
2-s2.0-85193735217,2024,EXCLUDE,"Qualitative content analysis of political influencer videos; themes, no prevalence estimate",THE CULTURAL BATTLE ON YOUTUBE Analysis of the Storytelling of the Five Spanish Political Influencers with the Most Subscribers
2-s2.0-85119915102,2021,EXCLUDE,"Theoretical/affect analysis of right-wing media; non-empirical, no prevalence estimate",Right-wing media's rendering of ro: Media
2-s2.0-85138046776,2022,EXCLUDE,"Information-flow estimation method on news Twitter; methodology, not misinfo prevalence",Information flow estimation: A study of news on Twitter
2-s2.0-105027587881,2026,INCLUDE,Misinformation present in 31% of 100 stroke TikTok videos; content prevalence,Quality evaluation of stroke-related information on TikTok: a cross-sectional study
2-s2.0-105035145080,2025,EXCLUDE,"LLM/knowledge-graph fact-checking tool development; method, not misinfo prevalence",Computational Fact-Checking of Online Discourse: Scoring Scientific Accuracy in Climate Change Related News Articles
2-s2.0-105016158232,2025,EXCLUDE,"LLM pipeline to identify nutrition misinfo; classifier feasibility, not prevalence",Exploring the Feasibility of Identifying Nutrition Misinformation on Social Media
2-s2.0-85213958624,2024,INCLUDE,Diffusion/reach of misinfo vs non-misinfo across 1B Facebook posts; exposure and reach,The Diffusion and Reach of (Mis)Information on Facebook During the U.S. 2020 Election
2-s2.0-105028234235,2025,EXCLUDE,"Conceptual typology of climate delay discourse; non-empirical, no prevalence estimate",From denial to disinformation and delay: Evolving forms and frames of climate science scepticism
2-s2.0-105019627019,2025,INCLUDE,20% of 251 gender-affirming-care TikToks misleading; content prevalence estimate,I Heard it on TikTok: Cross-Sectional Analysis of Quality of Social Media Content on Gender-Affirming Medical Treatment
2-s2.0-105035305443,2026,INCLUDE,Identifies misinfo posts among ~420000 Facebook/Instagram HPAI posts; content prevalence,Misinformation in Social Media Narratives on Highly Pathogenic Avian Influenza: Systematic Content Analysis of Facebook and Instagram Posts
2-s2.0-85139184753,2022,MAYBE,Analyzes 238 verified anticientifica disinfo pieces and engagement; share/denominator unclear,Anti-science disinformation about COVID-19 spread on Twitter in Hispanic America
2-s2.0-85151450693,2023,EXCLUDE,"Systematic review building agri-food misinfo framework; non-empirical, no prevalence estimate",Systematic Review of Misinformation in Social and Online Media for the Development of an Analytical Framework for Agri-Food Sector
2-s2.0-85218245924,2025,INCLUDE,"56.7% of 180 PCOS TikToks partially accurate, 6.6% uninformative; misinfo content prevalence",Assessing quality
2-s2.0-85105186978,2021,EXCLUDE,"Summary of digital rights violations/propaganda; descriptive chapter, no prevalence estimate",Venezuela: 21st-century authoritarianism in the digital sphere
2-s2.0-105019821539,2025,EXCLUDE,"Reflection on 30 years of health polling; commentary, no misinfo prevalence estimate",The Public and Health (Mis)information: What Polling Tells Us About Where We Have Been and Where We Might Be Going
2-s2.0-85196203875,2025,EXCLUDE,"Ethnographic study of 31 misinfo micro-influencers; qualitative tactics, no prevalence estimate",Sowing seeds of doubt: Cottage industries of election and medical misinformation in Brazil and the United States
2-s2.0-85195096407,2024,MAYBE,"Survey: most young women got TikTok health info; misinfo perceived prevalent, no objective share",TikTok as a source of health information and misinformation for young women in the united states: Survey study
2-s2.0-84937423440,2015,EXCLUDE,"Article on election monitoring vs disinformation; commentary, no prevalence estimate",Election monitoring vs. disinformation
2-s2.0-85088994135,2020,EXCLUDE,"Traces 5G conspiracy dissemination dynamics on Facebook; case tracing, no prevalence/share estimate",'Corona? 5G? or both?': the dynamics of COVID-19/5G conspiracy theories on Facebook
2-s2.0-85143419749,2022,EXCLUDE,Survey of personality and perception/behaviour change; no exposure/consumption prevalence estimate,How Citizens have Informed themselves about Covid-19 during the Pandemic
2-s2.0-85127162091,2022,MAYBE,Survey reports 65.6% aware of COVID fake news; awareness not clean exposure measure,Assessment of the spread of fake news of Covid-19 amongst social media users in Kano State Nigeria
2-s2.0-85133840630,2022,EXCLUDE,Exploratory feature/case study of podcasts; no quantitative prevalence estimate,An Exploration of Mis/Disinformation in Audio Format Disseminated in Podcasts: Case Study of Spotify
2-s2.0-85133708826,2022,MAYBE,News viewership dynamics of fringe networks; methodology novel but prevalence estimate unclear,Fringe News Networks: Dynamics of US News Viewership following the 2020 Presidential Election
2-s2.0-85065637688,2019,INCLUDE,"Measures interactions with 569 fake-news sites on Facebook/Twitter 2015-2018, trends",Trends in the diffusion of misinformation on social media
2-s2.0-105030586804,2026,INCLUDE,87000 WhatsApp messages; descriptive stats on circulation/sharing of 38000 hyperpartisan news links,Media under fire on private networks: how the far right is stealthily destroying the reputation of news organizations on WhatsApp
2-s2.0-85188521597,2024,EXCLUDE,Panel cointegration of government manipulation and protest; no audience exposure prevalence estimate,Digital manipulation and mass mobilization over the long run: evidence from Latin America
2-s2.0-85104675513,2021,EXCLUDE,Survey of media consumption and belief in disinformation; no misinformation-exposure prevalence estimate,Mobilization Mass Perceptions and (Dis)information: New and Old Media Consumption Patterns and Protest
2-s2.0-85131297994,2022,INCLUDE,31128 tweets; measures fake vs true news diffusion scope/speed/shape across user clusters,Election Fraud and Misinformation on Twitter: Author Cluster and Message Antecedents
2-s2.0-85145425628,2022,INCLUDE,Content prevalence: 0.47% of 764179 Reddit obesity sentences labeled misinformation,Characterizing the Prevalence of Obesity Misinformation Factual Content Stigma and Positivity on the Social Media Platform Reddit between 2011 and 2019: Infodemiology Study
2-s2.0-84863599686,2012,EXCLUDE,"Content analysis of schizophrenia in 41 movies; misinformation rhetorical, not online-news prevalence",Portrayals of schizophrenia by entertainment media: A content analysis of contemporary movies
2-s2.0-85102452800,2021,EXCLUDE,Quality/readability evaluation of 161 webpages; no exposure/consumption prevalence estimate,An evaluation of the quality of online information on emergency contraception
2-s2.0-105029761542,2026,EXCLUDE,Qualitative case study of K-pop controversy; no quantitative prevalence estimate,Emotional resonance and participatory misinformation: Learning from a K-pop controversy
2-s2.0-85134791169,2022,MAYBE,"Scoping review citing 96% Canadians encountered COVID misinfo; review, secondary stat only",A scoping review of COVID-19 online mis/disinformation in Black communities
2-s2.0-105000395016,2024,EXCLUDE,"Book chapter reviewing adolescent online sexual-health info; non-empirical, no prevalence estimate",Sexual health information online
2-s2.0-85186333554,2024,MAYBE,"YouTube quality study; 52% Cohort A high misinformation, views per month correlation",Quality of bladder cancer treatment information on YouTube: May the user's profile affect the quality of results?
2-s2.0-105011954954,2025,EXCLUDE,"Diffusion-model building for AI disinformation; mechanism/prediction, not human prevalence estimate",Exploring the diffusion mechanism of generative AI disinformation in online platforms: an explanatory model
2-s2.0-105005385893,2025,EXCLUDE,Teeth-whitening video quality/engagement analysis; no misinformation prevalence estimate,YouTube Shorts' Recommendations for Teeth Whitening: A Cross-Sectional Analysis
2-s2.0-85203424998,2025,MAYBE,"Bot influence on COVID misinformation on Twitter; classification/network, prevalence share unclear",Unveiling the Veiled Threat: The Impact of Bots on COVID-19 Health Communication
2-s2.0-85115915957,2021,EXCLUDE,Five-user news-notification receptivity study; no misinformation exposure prevalence estimate,Occurrence and triggers of mobile news exposure: A screenshot-based esm study
2-s2.0-105001976197,2025,EXCLUDE,Hypothetical sharing intentions of false headlines in experiment; not observed real-world behaviour,Targeting Audiences' Moral Values Shapes Misinformation Sharing
2-s2.0-33645334172,2006,EXCLUDE,"Position statement/commentary on nutrition misinformation; non-empirical, no prevalence estimate",Position of the American Dietetic Association: Food and nutrition misinformation
2-s2.0-18544379310,2004,MAYBE,Abstract missing/placeholder text; cannot assess prevalence estimate,Email and misinformation: A South African case study
2-s2.0-85060949450,2020,EXCLUDE,188-user SEM of news-sharing gratifications; no misinformation exposure prevalence estimate,Determinants of News Sharing Behavior on Social Media
2-s2.0-85096534571,2020,MAYBE,Topic-models 40500 junk-news articles with engagement metrics; prevalence framing unclear,Delighting and Detesting Engagement: Emotional Politics of Junk News
2-s2.0-85210450035,2024,EXCLUDE,TikTok PCOS video quality (DISCERN) and engagement; quality not misinformation prevalence,The Discourse Surrounding Polycystic Ovary Syndrome on TikTok: A Social Media Analysis
2-s2.0-85096841971,2021,EXCLUDE,DISCERN content-quality of 100 acne TikTok videos; no misinformation prevalence estimate,Acne and social media: A cross-sectional study of content quality on TikTok
2-s2.0-85120702919,2023,EXCLUDE,"Survey of willingness to disseminate disinformation; stated intentions, not observed behaviour",The sharing of disinformation in cross-national comparison: analyzing patterns of resilience
2-s2.0-105033279783,2026,MAYBE,47567 Telegram posts; disinformation less prevalent than propaganda but no clear share,Repression through anti-repression tools: an analysis of the coordinated campaign of Iranian Telegram channels at times of crisis
2-s2.0-85078310927,2019,EXCLUDE,Qualitative interviews on counter-media user motives; no exposure/consumption prevalence estimate,User profiles for populist counter-media websites in Finland
2-s2.0-85148213243,2023,INCLUDE,Characterizes 1073 accounts spreading fake news in 2018 Brazil election; actor-level sharing,Who Posts Fake News? Authentic and Inauthentic Spreaders of Fabricated News on Facebook and Twitter
2-s2.0-105035000208,2026,INCLUDE,Content prevalence: 83% of 140 fact-checked Turkish items classified false,Disinformation in the Turkish Media Landscape: A Thematic Analysis of Teyit.org Fact-Checks
2-s2.0-105014549052,2025,EXCLUDE,"Survey links misinformation exposure to vaccine hesitancy; belief/mediation, no prevalence estimate",Investigating the link between COVID-19 misinformation exposure and vaccine hesitancy through perceptions of efficacy and unsafety
2-s2.0-85129760987,2023,MAYBE,"Content-analyzes 128 tweets; 102 propagated misinformation, but cluster-selected not population denominator",Taking the lead in misinformation-related conversations in social media networks during a mass shooting crisis
2-s2.0-85186396387,2024,EXCLUDE,Qualitative case study of local-media fact-checking strategies; no prevalence estimate,Disinformation and Local Media in the Iberian Context: How to Protect News Credibility
2-s2.0-105018193928,2025,INCLUDE,"Content-level: 516 YouTube videos, quality scores, views; share misleading content",Misinformation About Medical Cannabis in YouTube Videos: Systematic Review
2-s2.0-85215939792,2025,MAYBE,129 TikTok videos quality-scored; share of low-quality not clearly quantified,Descriptive analysis of TikTok content on vaccination in Arabic
2-s2.0-85088965743,2020,EXCLUDE,Qualitative coding of HPV Facebook posts; no prevalence/exposure estimate,Vaccine assemblages on three HPV vaccine-critical facebook pages in denmark from 2012 to 2019
2-s2.0-85139182895,2022,EXCLUDE,Conceptual article on private messaging disinformation; no quantitative measurement,Understanding the Use of Private Messaging Apps in Canada and Links to Disinformation
2-s2.0-85194880315,2024,INCLUDE,"Survey: three in ten encounter fake news monthly, two in ten shared",Not Only Social Networks: Channels of Dissemination of Fake News in the Views of the Population
2-s2.0-105024947911,2025,EXCLUDE,Qualitative typology of tobacco misinformation; no denominator/prevalence estimate,An Exploratory Typology of Tobacco-Related Misleading Content on Social Media
2-s2.0-85134325788,2023,INCLUDE,"130 asthma videos: 18.5% misleading, views quantified; content-level prevalence",The usefulness of YouTube videos as a source of information in asthma
2-s2.0-85132126860,2022,EXCLUDE,Qualitative framing analysis of translated conspiracy articles; no prevalence estimate,Translation journalism and disinformation: conspiracy theories in Global Research
2-s2.0-85193414410,2020,EXCLUDE,Essayistic survey of main false news in Brazil; no quantitative prevalence,Infodemic and misinformation in times of pandemic: false news in brazil
2-s2.0-85136220279,2022,EXCLUDE,Sentiment/topic ML analysis of COVID tweets; no misinformation prevalence estimate,A Large-Scale Analysis of COVID-19 Twitter Dataset in a New Phase of the Pandemic
2-s2.0-0036282174,2002,EXCLUDE,Counts educational vs product websites for skin conditions; not misinformation prevalence,Product-related emphasis of skin disease information online
2-s2.0-77951087568,2008,EXCLUDE,Single-case qualitative study of journalism frenzy; no measurement,'Communicative Frenzy' as disinformation
2-s2.0-105012187453,2025,EXCLUDE,Coordinated pro-government Telegram channel activity; no misinformation prevalence/exposure estimate,Amplifying the regime: coordinated pro-government Telegram channels Russia Belarus
2-s2.0-85217829893,2024,INCLUDE,Quantifies proportion of disinformation among political messages in 214 WhatsApp groups,Vendepatria and Anti Vaccine: disinformation on WhatsApp 2023 Chile
2-s2.0-85107355448,2021,EXCLUDE,Belief in COVID myths and trust; no exposure/consumption prevalence estimate,Mitigating infodemics: news exposure and belief in COVID-19 fake news
2-s2.0-105031644061,2026,INCLUDE,"200 CAR-T videos quality-scored, engagement metrics; content-level reliability prevalence",Does popularity reflect quality? CAR-T videos on Chinese short-video platforms
2-s2.0-85009208189,2025,EXCLUDE,"Persuasion-technique classifier on disinformation narratives; method/content analysis, no prevalence",A Cross-Domain Study of the Use of Persuasion Techniques in Online Disinformation
2-s2.0-85140905620,2022,EXCLUDE,Sentiment of Spanish Facebook posts vs vaccination rates; no misinformation prevalence,Spanish Facebook Posts as Indicator of COVID-19 Vaccine Hesitancy in Texas
2-s2.0-105033611630,2026,INCLUDE,"230 online sources, ~94% contained false info about snake; content prevalence",Herpetological misinformation and sensationalism: golden lancehead media framing
2-s2.0-105014673578,2022,EXCLUDE,Case study of Facebook content generators; no prevalence/exposure quantification,The Rise of Professional Facebook Content Generators in Vietnam
2-s2.0-85106913853,2021,INCLUDE,266 misinfo vs 458 real-info Zika tweets; dissemination network metrics quantified,Contrasting misinformation and real-information dissemination network structures
2-s2.0-85184028503,2023,EXCLUDE,Qualitative content analysis of pro-Kremlin narratives; no prevalence estimate,DISINFORMATION IN THE POLISH MEDIA SPACE FIRST YEAR RUSSIA AGGRESSION
2-s2.0-85023624960,2017,EXCLUDE,Text-analytics of negative framing in election news; no misinformation prevalence,Online media use of false news to frame the 2016 trump presidential campaign
2-s2.0-85163186108,2020,INCLUDE,~10% of shared WhatsApp images misinformation; content-level prevalence quantified,Images and Misinformation in Political Groups: Evidence from WhatsApp in India
2-s2.0-85110111291,2020,EXCLUDE,Survey experiment on perceptions; cites limited fake-news consumption but no new estimate,How bad is the fake news problem? baseline information in public perceptions
2-s2.0-85075914691,2019,EXCLUDE,Survey of motivations/willingness to share news; no observed prevalence estimate,Online news sharing among Taiwan's middle-aged and elderly populaces
2-s2.0-85076426701,2019,EXCLUDE,Single-case qualitative deconstruction of MH17 disinformation; no prevalence/reach estimate,Unraveling Disinformation: The Case of Malaysia Airlines Flight MH17
2-s2.0-85189687531,2024,EXCLUDE,Essay/commentary on polio vaccine misinformation; no quantitative prevalence estimate,Polio vaccine misinformation on social media: challenges efforts recommendations
2-s2.0-85093844840,2020,EXCLUDE,Qualitative case study of one IRA Tumblr account; no prevalence estimate,Russian Internet Research Agency Disinformation Activities on Tumblr
2-s2.0-85147282388,2023,INCLUDE,Content analysis N=1050 Instagram posts coding disinformation framing; content-level prevalence,Politics public health disinformation: Instagram far-right parties COVID-19 vaccines
2-s2.0-85081680257,2020,INCLUDE,Over two-thirds of vaccine YouTube videos contained unreliable info; content prevalence,Assessing the Validity and Accuracy of Online Videos on Vaccine Health Risks
2-s2.0-85118260096,2021,INCLUDE,19.0% of Hong Kong adults saw smoking/alcohol-COVID misinformation claims; population exposure,Exposure to health misinformation about COVID-19 and increased tobacco alcohol use
2-s2.0-105016576943,2025,EXCLUDE,Literature review of AI disinformation mechanisms; no empirical prevalence estimate,AI-based disinformation and hate speech amplification: Indonesia digital media
2-s2.0-85217187198,2024,MAYBE,"Survey N=140 students; reports verification rates, exposure to fake news ambiguously quantified",Social media and fake news: impact on informational perception of university students
2-s2.0-85188888878,2025,EXCLUDE,"Case study of 48 Le Monde debunks; fact-checking practice, no exposure prevalence",The War in Ukraine Through Visual Disinformation and Limits of Fact-Checking
2-s2.0-85167574647,2023,INCLUDE,100 prostate YouTube videos: 14% misleading/irrelevant; content-level prevalence,Quality and reliability of YouTube videos in Arabic on prostate cancer
2-s2.0-85200044284,2024,INCLUDE,Quantifies networks account for up to 62% of disinfo spreaders' engagement; concentration,Quantifying Networked Influence: Disinformation Spreaders' Networks Public Engagement
2-s2.0-85164326916,2023,EXCLUDE,"Deep-learning detection algorithm and visualization tool; CS method, not human prevalence",A two-step approach to detect and understand dismisinformation events
2-s2.0-85176764013,2023,EXCLUDE,"Recommender-algorithm simulation of misinformation diffusion; CS method, no real-world prevalence",Understanding Contribution of Recommendation Algorithms on Misinformation
2-s2.0-85122105134,2021,INCLUDE,Representative survey N=805 Costa Rica; predictors of fake-news exposure and diffusion,Psychosocial predictors of fake news exposure and diffusion in Costa Rica
2-s2.0-105034403065,2026,INCLUDE,200 rheumatology pregnancy videos quality-scored; content reliability prevalence quantified,Analysis of YouTube videos on rheumatic diseases and pregnancy
2-s2.0-85056602344,2018,INCLUDE,"~70% of claims fact-checked, false more popular than debunking; spread metrics",Tracking and Characterizing Competition of Fact Checking and Misinformation
2-s2.0-85197187889,2024,EXCLUDE,Actor-network theory single-case analysis of climate misinformation; no prevalence estimate,Climate Change Misinformation in the United States: An Actor-Network Analysis
2-s2.0-85086693062,2020,MAYBE,Title implies viral spread of one BMJ headline; abstract mismatched/irrelevant tryptophan text,Creating misinformation: How a headline in the BMJ about covid-19 spread virally
2-s2.0-85115731976,2021,INCLUDE,"SI/SNA model: proportion exposed, fake news reaches 0.64 fraction, spreads 4.6x faster",Information Cascade Mechanism and Measurement of Indonesian Fake News
2-s2.0-85109209780,2021,EXCLUDE,Position paper on auditing social media behavior; no prevalence measurement,Towards Continuous Automatic Audits of Social Media Adaptive Behavior
2-s2.0-105031487584,2026,INCLUDE,200 radiotherapy videos quality/reliability-scored; content-level prevalence quantified,Assessing scientific quality of radiotherapy popularization videos BiliBili TikTok
2-s2.0-85201743916,2024,EXCLUDE,"Scoping review synthesizing 70 sources; review, not primary prevalence estimate",Prevalence of Health Misinformation on Social Media: Scoping Literature Review
2-s2.0-105009167529,2025,INCLUDE,2.3x more Republican posts flagged misleading on X Community Notes; sharing prevalence,Republicans flagged more often than Democrats for sharing misinformation Community Notes
2-s2.0-85126173267,2021,EXCLUDE,Models threat/coping cues predicting fake-news shareworthiness; not real-world prevalence,Fake News Sharing: Threat and Coping Cues in Zika Virus Context
2-s2.0-105004472114,2025,INCLUDE,"Survey N=3240 Czech: patterns of disinformation exposure, trust, sharing measured",Exploring Disinformation: The interplay of exposure
2-s2.0-85151306171,2023,EXCLUDE,Theoretical model of asymmetric information sharing; no empirical prevalence,Misinformation due to asymmetric information sharing
2-s2.0-85200410112,2025,EXCLUDE,Qualitative case study of influencer credibility via disinformation; no prevalence estimate,Fakefamous: how do influencers use disinformation to establish credibility
2-s2.0-85066941307,2019,INCLUDE,Potential exposure to pro-Russian disinfo 6.5% to 45.2% by ideology; reach/concentration,Ideological asymmetry in the reach of pro-Russian digital disinformation to US audiences
2-s2.0-85136177119,2023,EXCLUDE,Qualitative origin analysis of 5G conspiracy wildfire; no prevalence/exposure estimate,COVID-19 and 5G conspiracy theories: long term observation of a digital wildfire
2-s2.0-105033496779,2025,EXCLUDE,Qualitative interviews on TikTok news consumption; no misinformation prevalence estimate,Scrolling One More Time: TikTok Redefining News Consumption Peruvian Youth
2-s2.0-85133440086,2022,EXCLUDE,Qualitative interviews N=41 on news/fake-news attitudes; no prevalence estimate,News Consumption and Behavior of Young Adults and the Issue of Fake News
2-s2.0-85107829959,2021,EXCLUDE,Editorial introducing special issue on infodemic; non-empirical,Studying the COVID-19 infodemic at scale
2-s2.0-85104249744,2022,MAYBE,Survey N=1200 Nigeria; reports misinformation spread but prevalence estimate unclear,Social media and the spread of COVID-19 infodemic
2-s2.0-105026155756,2025,INCLUDE,2572 news items analyzed for accuracy during earthquake; false-news content prevalence,Disaster Infodemic: Analyzing the Accuracy of News in Times of Crisis
2-s2.0-105017416891,2025,INCLUDE,"68 labial frenectomy videos quality-scored, misinformation risk; content-level prevalence",How useful are YouTube videos on labial frenectomy? A quality review
2-s2.0-85140244942,2024,EXCLUDE,Experiment on belief/vulnerability without exposure; no real-world exposure prevalence,Not who you think? Exposure and vulnerability to misinformation
2-s2.0-105029129674,2026,EXCLUDE,"Panel survey on perceived fake-news exposure and concern; perception, not actual prevalence",Understanding Public Concerns About Fake News: Perceived Fake News Exposure
2-s2.0-85107688796,2021,EXCLUDE,"Proposes news-analysis platform to escape echo chambers; tool, no prevalence",Escape from An Echo Chamber
2-s2.0-85092456393,2020,EXCLUDE,"Predicts perceptions of fake-news exposure across five countries; perception, not actual exposure",News Media Credibility Ratings and Perceptions of Online Fake News Exposure
2-s2.0-105021240425,2025,INCLUDE,150 autism TikTok videos coded; significant portion misleading; content-level prevalence,Deconstructing Information About Autism Diagnosis in Adults on TikTok
2-s2.0-85172444815,2023,INCLUDE,"US Congress tweets 2011-2022; NewsGuard source-quality, belief-speaking linked to misinformation",From alternative conceptions of honesty to alternative facts in US politicians
2-s2.0-85166515943,2024,EXCLUDE,Qualitative analysis of conservative philanthropy spreading climate skepticism; no prevalence estimate,American Philanthropy: Conservative Megadonors Spreading Climate Skepticism
2-s2.0-105005857219,2025,INCLUDE,125 Austrian websites: 76.8% mostly inaccurate on low back pain; content prevalence,Low Back Pain Information on Austrian Healthcare Websites: Often Inaccurate
2-s2.0-85091129529,2020,EXCLUDE,Analyzes official risk-communication retransmission features; no misinformation prevalence,COVID-19: Retransmission of official communications in an emerging pandemic
2-s2.0-85122780553,2022,EXCLUDE,Qualitative analysis of four alt-health influencers; no prevalence/exposure estimate,Alt. Health Influencers: wellness culture weaponised for conspiracy theories
2-s2.0-85216060769,2025,EXCLUDE,"Interdisciplinary book on information warfare; non-empirical, no prevalence estimate",Digital (Dis)Information Operations: Fooling the Five Eyes
2-s2.0-85212244523,2024,EXCLUDE,Computer-vision visual-language analysis of 831 cancer videos; not misinformation prevalence,Alternative Health and Conventional Medicine Discourse About Cancer on TikTok
2-s2.0-85201381167,2024,EXCLUDE,Qualitative study of 71 fake-news samples; no denominator/prevalence estimate,Indonesian Agenda: Fake News About Russia's Special Military Operation
2-s2.0-85180257790,2023,INCLUDE,Trend analysis of 1970 government-recorded COVID hoaxes; frequency/prevalence quantified,Buzzing before the Storms: Infodemic Pattern of COVID-19 in Indonesia
2-s2.0-105026085824,2025,EXCLUDE,Survey/interviews on student misinformation behaviors; no exposure prevalence estimate,An Analysis of College Students' Behaviors Regarding Misinformation
2-s2.0-85132362088,2023,INCLUDE,3M items Twitter/Gab; quantifies questionable-content engagement under moderation; content prevalence,Comparing the Impact of Social Media Regulations on News Consumption
2-s2.0-105030082417,2026,INCLUDE,45 morning-sickness videos: fewer than 10% recommendations evidence-based; content prevalence,YouTube as source of (mis)information for morning sickness self-help
2-s2.0-86000242271,2025,EXCLUDE,Descriptive chapter on Malaysian fake news; no quantitative prevalence estimate,Race Religion Politics and Cybertroopers: Fake News in Malaysia
2-s2.0-84938054102,2015,EXCLUDE,Conceptual essay on misinformation prevalence in mass media; non-empirical,The Prevalence Consequence and Remedy of Misinformation in Mass Media Systems
2-s2.0-105040030168,2026,INCLUDE,146580 tweets co-sharing low-credibility news; network structure of misinformation sharing quantified,Unveiling impact of network structure on misinformation co-sharing bots humans
2-s2.0-84908440181,2014,EXCLUDE,Brief commentary on Ebola Twitter misinformation; no prevalence estimate,Ebola Twitter and misinformation: A dangerous combination?
2-s2.0-85083106673,2020,INCLUDE,Models number of total shares of biased carnivore-attack news; sharing quantified,Social Media and Large Carnivores: Sharing Biased News on Attacks on Humans
2-s2.0-85089711251,2020,INCLUDE,48 COVID websites DISCERN-scored for quality; content-level reliability prevalence,Quality of Novel Coronavirus Related Health Information over the Internet
2-s2.0-105017300741,2025,MAYBE,"Survey on Greek news engagement/verification; relies on social media for false-info exposure, ambiguous",Resilience to Mis- and Disinformation in Greece
2-s2.0-85197656861,2024,MAYBE,"Funding-statement abstract only; topic disinformation/fact-checking France elections, content unclear",Disinformation and fact-checking in France's 2022 elections
2-s2.0-85180369631,2024,INCLUDE,16 Chinese media outlets coverage of vaccines; quantity and sentiment of misinfo measured,Vaccine Nationalism: China's State Media Misinform about Western Vaccines
2-s2.0-85047794238,2018,INCLUDE,50 academic/64 media articles: 48% media overstated causal language; content prevalence,Causal language and strength of inference in shared academic media articles (CLAIMS)
2-s2.0-85213440060,2024,INCLUDE,BuzzSumo engagement vs DISCERN reliability; herbal-remedy poor-reliability high-engagement quantified,Public Interest in Online Information on Recurrent Urinary Tract Infections
2-s2.0-85173585562,2023,EXCLUDE,"Theoretical cultural-evolution analysis of COVID misinformation; non-empirical, no prevalence",Pandemic and infodemic: misinformation about COVID-19 cultural evolutionary perspective
2-s2.0-85128263334,2022,EXCLUDE,"Clustering method to map state-sponsored operation accounts; CS method, no prevalence",Mapping state-sponsored information operations with multi-view modularity clustering
2-s2.0-85182846541,2024,INCLUDE,Tweets show increased volume/proportion of low-credibility AZ content after news; sharing prevalence,Low credibility URL sharing on Twitter during AstraZeneca blood-clot reporting
2-s2.0-85161896833,2022,EXCLUDE,Qualitative content analysis of 50 migration fake-news cases; no denominator/prevalence,Fake news and disinformation about migration in Spain
2-s2.0-85183879890,2024,EXCLUDE,"Digital ethnography of three antivaccine meme producers; qualitative, no prevalence estimate",Memes Save Lives: Stigma and Production of Antivaccination Memes
2-s2.0-85088969117,2020,INCLUDE,1923 messages each platform; more false news on Twitter than Weibo quantified,Untold false news around COVID-19 circulated less on sina weibo than on twitter
2-s2.0-36349001056,2007,INCLUDE,"2113 print articles: 17% opposing immunization, 33% supportive; content-level prevalence",Immunization in the print media - Perspectives presented by the press
2-s2.0-105005261997,2025,INCLUDE,TikTok CPET videos content-analyzed for quality/misinformation; content-level prevalence quantified,TikTok's cardiopulmonary exercise testing videos: quality and misinformation
2-s2.0-85153702254,2023,EXCLUDE,"Qualitative/quantitative analysis of Vox tweets/engagement; hate speech, no misinformation prevalence",Islamophobia and Twitter: Political Discourse of Extreme Right in Spain
2-s2.0-85037352356,2017,INCLUDE,Browser traffic to fake-news sites pre-2016 election; daily fraction of visitors measured,Geographic and temporal trends in fake news consumption during 2016 US election
2-s2.0-85075433130,2019,EXCLUDE,Research plan/protocol for studying fake-news spread; no results/prevalence estimate yet,Spread and reception of fake news promoting hate speech against migrants
2-s2.0-85173877860,2023,INCLUDE,Content prevalence: codes 6221 breast-cancer tweets for misinformation share,Breast cancer prevention and treatment misinformation on Twitter: An analysis of two languages
2-s2.0-85190284848,2024,EXCLUDE,"Video quality assessment (DISCERN/GQS), not misinformation prevalence estimate",Meniscus-Related Videos on TikTok Are Widely Viewed and Shared but the Educational Quality for Patients Is Poor
2-s2.0-84922712231,2015,MAYBE,Diffusion case study; ambiguous quantitative prevalence of misinformation content,When advocacy obscures accuracy online: Digital pandemics of public health misinformation through an antifluoride case study
2-s2.0-105029259147,2025,EXCLUDE,Qualitative secondary analysis of 40 sources; no quantitative prevalence estimate,When lies go viral: social media and the 2024 UK riots
2-s2.0-85087868578,2020,INCLUDE,Content analysis of 292 COVID hoaxes; typology and distribution channels,Disinformation in times of pandemic: Typology of hoaxes on Covid-19
2-s2.0-85195226656,2024,INCLUDE,Content prevalence: 500 toothache posts coded for misinformation/facticity,Untangling the truth: User engagement with misinformation in toothache-related Facebook posts
2-s2.0-85046297294,2017,EXCLUDE,Echo-chamber/community structure analysis; no misinformation prevalence estimate,News consumption during the Italian referendum: A cross-platform analysis on facebook and twitter
2-s2.0-85097501941,2021,EXCLUDE,Qualitative content analysis of Russian media framing; no prevalence measure,Trump Mueller Investigation and Alleged Russian Election Meddling: Russian Media Coverage in 2017-2019
2-s2.0-85141666446,2022,INCLUDE,"Content prevalence: 2% of 500 top posts misinformation, engagement quantified",Understanding the COVID-19 Infodemic: Analyzing User-Generated Online Information During a COVID-19 Outbreak in Vietnam
2-s2.0-85216490128,2025,EXCLUDE,"Media-bias accusations on Twitter, not misinformation exposure/prevalence",This Isn't Journalism It's Propaganda! Patterns of News Media Bias Accusations on Twitter 2010-2020
2-s2.0-105008379775,2025,EXCLUDE,"Health info quality scoring (SOCART) of 130 posts, not prevalence",Comparative Analysis of Knee Osteoarthritis Treatment Information on Popular Social Media Platforms
2-s2.0-85202707804,2024,MAYBE,Correlates user timing with disinformation spreading; prevalence estimate unclear,Early morning hour and evening usage habits increase misinformation-spread
2-s2.0-84968815882,2015,EXCLUDE,Qualitative interviews (n=11) on crisis sharing; no prevalence estimate,Connected through crisis: Emotional proximity and the spread of misinformation online
2-s2.0-85118483405,2023,EXCLUDE,Network evolution analysis of conspiracy ties; no prevalence/exposure measure,Evolution of the plandemic communication network among serial participants on Twitter
2-s2.0-105011406180,2025,INCLUDE,Content prevalence: misinformation present in 46% of 76398 comments,Analyzing Spanish-Language YouTube Discourse During the 2025 Iberian Peninsula Blackout
2-s2.0-105008881551,2025,EXCLUDE,"Survey on psychological predictors of belief/susceptibility, no real exposure measure",Is AI Stirring Innovation or Chaos? Psychological Determinants of AI Fake News Exposure
2-s2.0-85189282985,2024,INCLUDE,Content prevalence: % noncredible webpages per topic over 2021-2022,Medical Misinformation in Polish on the World Wide Web during the COVID-19 Pandemic Period
2-s2.0-85205374473,2025,EXCLUDE,"Theoretical 'news as entertainment' framework, discursive case study, non-empirical",When news is entertainment: explaining the persistence of misinformation through the information environment
2-s2.0-105029443598,2026,EXCLUDE,"Computer-science community-detection method (TIDE-MARK), not human prevalence",Tracking evolving communities in fake news cascades using temporal graphs
2-s2.0-85197949220,2024,INCLUDE,Content prevalence: misinformation rose 29.9% to 45.1% of posts,CoVID-19 Vaccine Information and Infertility Posts on X: Insights on a Misinformation Pandemic
2-s2.0-85205774436,2024,EXCLUDE,"Intervention-effect study (Community Notes effect on engagement), not prevalence",Did the Roll-Out of Community Notes Reduce Engagement With Misinformation on X/Twitter?
2-s2.0-85192143640,2024,INCLUDE,Distribution of fact-checked COVID misinfo; 59% via Facebook,Unveiling the web of deception: An analysis of misleading information on COVID-19 in online platforms
2-s2.0-105006946076,2025,EXCLUDE,"Editorial commentary, non-empirical opinion piece",Editorial Commentary: Digital Internet Information on Orthobiologic Treatments Is Low Quality Misleading and Unreliable
2-s2.0-105005861794,2025,EXCLUDE,Content quality of 100 TikTok videos; no misinformation prevalence proportion,Stretching the Truth: Analyzing Pregnancy Stretch Mark Recommendations on Social Media
2-s2.0-105019784578,2024,EXCLUDE,Sociosemiotic qualitative analysis of 25 posts; no prevalence estimate,Disinformation ecosystem in far-right Telegram channels about the 2024 floods in Rio Grande do Sul
2-s2.0-85109181085,2021,INCLUDE,"Reports suspended accounts no more likely to share fake news, quantified",The Role of Suspended Accounts in Political Discussion on Social Media: Analysis of 2017 Elections
2-s2.0-105020480576,2025,INCLUDE,10M posts; quantifies low-quality news engagement/prevalence across seven platforms,Divergent patterns of engagement with partisan and low-quality news across seven social media platforms
2-s2.0-85192788469,2024,EXCLUDE,"YouTube video quality scoring (DISCERN/GQS), not misinformation prevalence",AI-Enhanced evaluation of YouTube content on post-surgical incontinence following pelvic cancer treatment
2-s2.0-85057183786,2018,INCLUDE,Content prevalence: 14.66% of 116 articles portrayed vaccination negatively,Influenza vaccination discourse in major Canadian news media 2017-2018
2-s2.0-85178921087,2024,INCLUDE,"Quantifies misinformation spread depth/breadth across 2514 microblogs, 142006 reposts",Depth breadth and structural virality: the influence of emotion topic authority and richness on misinformation spread
2-s2.0-85163163250,2021,EXCLUDE,"Scoping review of vaccine hesitancy literature, non-empirical synthesis",Vaccine hesitancy in online spaces: A scoping review of the research literature 2000-2020
2-s2.0-105021121543,2025,EXCLUDE,"Experiment on susceptibility/sharing intentions, hypothetical not observed behaviour",Understanding Cross-Platform Variability in Misinformation Engagement: Insights From Meta-Owned Platforms
2-s2.0-85070770827,2019,INCLUDE,Contrarians featured in 49% more media articles; visibility quantified,Discrepancy in scientific authority and media visibility of climate change scientists and contrarians
2-s2.0-85145404443,2022,INCLUDE,"Content prevalence: 1.8% anti-vaccine, 21% negative of 7306 tweets",Negative COVID-19 Vaccine Information on Twitter: Content Analysis
2-s2.0-85148236124,2022,MAYBE,No abstract available; title suggests scale of fake news in India,Fake News in India: Scale Diversity Solution and Opportunities
2-s2.0-105005800476,2025,INCLUDE,Content analysis of 803 far-right fact-check corrections; distribution channels,Misinformation spread on social media linked to the far-right agenda. Analysis of corrections published by Spanish fact-checkers
2-s2.0-85094820438,2020,INCLUDE,Content prevalence: immune-boosting portrayed beneficial in 85.5% of 227 webpages,COVID-19 and immune boosting on the internet: A content analysis of Google search results
2-s2.0-85128244203,2020,EXCLUDE,"Survey on anger and credibility belief, no real exposure/sharing measure",Anger contributes to the spread of COVID-19 misinformation
2-s2.0-85159031166,2023,EXCLUDE,"Book chapter/essay on native advertising, non-empirical",NATIVE ADVERTISING IN DIGITAL NEWS CONTEXTS: Perpetuating the Twenty-first Century Infodemic
2-s2.0-85214085344,2026,INCLUDE,Actor-level: cross-national analysis of 158 states' government disinformation dissemination,Regime characteristics and online government disinformation
2-s2.0-85174626695,2023,EXCLUDE,"Survey on online community behaviour broadly, no misinformation prevalence estimate",Assessment of users' behavior in Lithuanian online communities
2-s2.0-84947750648,2015,EXCLUDE,"Sentiment dynamics of science/conspiracy posts, no prevalence/exposure estimate",Emotional dynamics in the age of misinformation
2-s2.0-105011756924,2025,INCLUDE,Reports diabetes misinformation exposure 19.6-94.4% among 107 patients,Prevalence of Common Diabetes Mellitus Misinformation Exposure Cognitive Attitude and Intention to Share Information
2-s2.0-105000412883,2026,EXCLUDE,"Single-influencer case study, qualitative topic modelling, no prevalence estimate",From YouTube to Parliament: the dual role of political influencers in shaping climate change discourse
2-s2.0-85060065800,2019,EXCLUDE,"Qualitative interviews on ad-tech economics of hoaxes, no prevalence measure",Fake News Real Money: Ad Tech Platforms Profit-Driven Hoaxes and the Business of Journalism
2-s2.0-85091110828,2020,EXCLUDE,CS sentiment-analysis method on publications; 18.5% low-quality but not misinformation prevalence,Analysis of 19.9 million publications from PubMed/MEDLINE using artificial intelligence methods
2-s2.0-105014638926,2025,EXCLUDE,"Network structure analysis of countermovement, no misinformation prevalence/exposure estimate",Asymmetric Alliances in Climate Misinformation: A Network Analysis of the Swedish Climate Change Countermovement
2-s2.0-85196318168,2024,EXCLUDE,"Narrative review of cancer misinformation, non-empirical",Cancer misinformation on social media
2-s2.0-79956254916,2010,EXCLUDE,"Critique/commentary on a drone-strike report, non-empirical opinion",The year of the drone misinformation
2-s2.0-85180596007,2023,EXCLUDE,"Video quality scoring (GQS/DISCERN) of 100 TikTok videos, not prevalence",Hidradenitis Suppurativa: A Cross-sectional Study of Content Quality on TikTok
2-s2.0-85105453320,2021,INCLUDE,Quantifies misinformation tweet trends around lockdown announcement (n=2.5M tweets),Identifying how COVID-19-related misinformation reacts to the announcement of the UK national lockdown
2-s2.0-85114738378,2022,INCLUDE,"Analyzes 177816 COVID misinformation Weibo posts; topics, propagation quantified",Understanding the landscape and propagation of COVID-19 misinformation and its correction on Sina Weibo
2-s2.0-85144558944,2022,EXCLUDE,"Bot prevalence (29%) in discussion, not misinformation exposure/prevalence",Public Opinion Manipulation on Social Media: Social Network Analysis of Twitter Bots during COVID-19
2-s2.0-85158171970,2023,EXCLUDE,"Mini scoping review of 9 YouTube studies, non-empirical synthesis",YouTube and COVID-19 vaccines: A mini scoping review
2-s2.0-85195795775,2024,EXCLUDE,"Lab experiments on viewing/sharing intentions, hypothetical not observed behaviour",LYING FOR VIEWERS: COMMINGLED PARTISAN FALSEHOODS INCREASE VIEWING AND SHARING OF NEWS MEDIA
2-s2.0-85147783097,2023,EXCLUDE,"Video quality scoring (DISCERN/JAMA/GQS) of 100 videos, not prevalence",Quality of Information in Gallstone Disease Videos on TikTok: Cross-sectional Study
2-s2.0-85069463611,2019,INCLUDE,"Identifies misinformation prevalence in WhatsApp political group messages, propagation analysis",Analyzing textual (Mis)information shared in whatsApp groups
2-s2.0-85168664680,2023,EXCLUDE,"Qualitative case study of Sudan disinformation campaign, no prevalence estimate",Internet Shutdown and Regime-Imposed Disinformation Campaigns
2-s2.0-85106242797,2021,EXCLUDE,Evacuation behaviour study; rumor mentioned but no misinformation prevalence,Rumor has it: The role of social ties and misinformation in evacuation to nearby shelters after disaster
2-s2.0-85078014559,2020,INCLUDE,Quantifies disinformation spread; few outlets accounted for most deceptive content,Investigating Italian disinformation spreading on Twitter in the context of 2019 European elections
2-s2.0-85136139565,2022,INCLUDE,Content prevalence: 47% of spider news articles contained errors,The global spread of misinformation on spiders
2-s2.0-85198967880,2024,EXCLUDE,"Agent-based simulation model of manipulation tactics, not empirical human prevalence",Quantifying the vulnerabilities of the online public square to adversarial manipulation tactics
2-s2.0-84882239162,2013,EXCLUDE,"Literature review of vulnerability factors, non-empirical",Vulnerabilities to misinformation in online pharmaceutical marketing
2-s2.0-85083865591,2020,EXCLUDE,"Topic modelling of COVID tweet concerns, no misinformation prevalence estimate",Top concerns of tweeters during the COVID-19 pandemic: A surveillance study
2-s2.0-85162702221,2024,INCLUDE,18.4% of 806 users liked fake-news pages; exposure quantified,Curated Misinformation: Liking Facebook Pages for Fake News Sites
2-s2.0-85108101418,2021,INCLUDE,"Content prevalence: 45% of 80 RLS videos misleading, views quantified",Content analysis of korean videos regarding restless legs syndrome on youtube
2-s2.0-85089360152,2020,EXCLUDE,"Big-data keyword frequency of COVID news, no misinformation prevalence estimate",Big data analysis of media reports related to COVID-19
2-s2.0-85121581563,2021,EXCLUDE,"Compares emotion/topic of influencer content across platforms, no prevalence estimate",Platform Effects on Alternative Influencer Content: Understanding How Audiences and Channels Shape Misinformation Online
2-s2.0-85149173463,2022,MAYBE,"Conspiracy dataset 8200 tweets; moderation focus, prevalence estimate ambiguous",The Scamdemic Conspiracy Theory and Twitter's Failure to Moderate COVID-19 Misinformation
2-s2.0-105005867936,2025,EXCLUDE,"Qualitative anthropological analysis of a media event, no prevalence estimate",Anatomy of a Media Event: Disinformation and Event Making in Television and Social Media
2-s2.0-85174309479,2023,EXCLUDE,"Telegram metadata methods study on forwarding, no misinformation prevalence estimate",Transparency in Messengers: A Metadata Analysis Based on the Example of Telegram
2-s2.0-85103228633,2021,EXCLUDE,Topic modelling of COVID discourse; misinformation noted but not quantified,COVID-19 discourse on twitter in four asian countries: Case study of risk communication
2-s2.0-85194023903,2024,INCLUDE,Concentration: identifies superspreaders disseminating disproportionate low-credibility content on Twitter,Identifying and characterizing superspreaders of low-credibility content on Twitter
2-s2.0-85087834513,2021,INCLUDE,Analyzed 1225 COVID fake-news stories; types and sources quantified,An exploration of how fake news is taking over social media and putting public health at risk
2-s2.0-85179759259,2023,EXCLUDE,"Bot-vs-human linguistic detection study, not misinformation prevalence",I'm not a human: A comparison of bot and human self-presentation
2-s2.0-105014886450,2025,EXCLUDE,"Survey on distance and sharing; cross-sectional self-report, no observed prevalence",How does physical distance from the epicenter influence misinformation sharing?
2-s2.0-85160286512,2023,INCLUDE,Analyzes 36359 fact-check posts; reach/engagement of viral content quantified,An analysis of the most viral posts from Ibero-American fact-checkers on Facebook in 2021
2-s2.0-85193588807,2024,INCLUDE,"Content prevalence: 4 of top-40 items misinformation, engagement quantified",COVID-19 in Polish-language social media - misinformation vs government information
2-s2.0-85121859057,2022,INCLUDE,Estimates 63.9% prevalence of agreement with COVID misinformation (web survey),Covid-19 misinformation in Portuguese-speaking countries: Agreement with content and associated factors
2-s2.0-85088291698,2021,EXCLUDE,"Perceived exposure predicting cynicism; perception-only, no actual exposure measure",Perceptions of mis- or disinformation exposure predict political cynicism
2-s2.0-105026744032,2024,EXCLUDE,"Book on extremist propaganda threat, non-empirical narrative",Extremist Propaganda in Social Media: A Threat to Homeland Security
2-s2.0-85140592237,2022,INCLUDE,"Content prevalence: 18.3% of 218 nutrition videos misleading, views quantified",YouTube: Is It a Reliable Source of Nutrition Information on COVID-19 Pandemic?
2-s2.0-85101151676,2021,INCLUDE,Analyzed 1500 fact-checked misinformation tweets; propagation/authors quantified,An exploratory study of COVID-19 misinformation on Twitter
2-s2.0-85131196244,2022,MAYBE,"Religious-themed misinformation 15-19% of posts; mixed survey/text-mining, ambiguous denominator",COVID-19 Information Sources and Misinformation by Faith Community
2-s2.0-105018851946,2025,EXCLUDE,"Qualitative content analysis of 105 influencer videos, no prevalence estimate",Outsourced Political Campaign: Role of Pro-Government Political Influencers in Spreading Hostile Narratives in Hungary
2-s2.0-85197479113,2024,MAYBE,Quantifies fake-view corrections on 78% of videos; tangential to misinformation prevalence,Fake views removal and popularity on YouTube
2-s2.0-85074373926,2019,EXCLUDE,"Presents a YouTube analysis tool, methods paper not prevalence study",Understanding information operations using YouTubeTracker
2-s2.0-85180489491,2024,INCLUDE,"Compares production/consumption/diffusion of misinformation vs authentic; 500 messages, 1.2M accounts",A computational linguistic analysis of the anatomy of production consumption and diffusion of misinformation
2-s2.0-85105436917,2021,INCLUDE,Content analysis quantifying rate of fact-checked COVID fake news by theme,Mapping the fake news infodemic amidst the covid-19 pandemic: A study of Indian fact-checking websites
2-s2.0-33847038739,2006,EXCLUDE,"Brief economics commentary on counting methods, off-topic non-empirical",Counting the cost of misinformation
2-s2.0-105029755562,2025,EXCLUDE,"Commentary arguing for broader methods, non-empirical",Towards the study of world misinformation
2-s2.0-85171830494,2023,INCLUDE,126301 Twitter cascades; quantifies spread of true vs false rumors,Mechanisms of True and False Rumor Sharing in Social Media: Collective Intelligence or Herd Behavior?
2-s2.0-105026886203,2026,EXCLUDE,"Critical discourse analysis of 41 PragerU videos, qualitative no prevalence",Unpacking environmental misinformation: a critical analysis of PragerU videos
2-s2.0-85140999868,2022,INCLUDE,Content analysis quantifying misinformed elite viewpoints in US TV news coverage,Indexing theory during an emerging health crisis: how U.S. TV news indexed elite perspectives and amplified COVID-19 misinformation
2-s2.0-105038789649,2026,EXCLUDE,"Qualitative thematic analysis of school-board meeting comments, no prevalence estimate",Parents' Multiperspective Views and Misinformation About COVID-19 Mitigation Measures During Tennessee School Board Meetings
2-s2.0-85159288701,2023,INCLUDE,"Fact-checked data; false info spreads faster/reaches more users, quantified",A Study on Information Disorders on Social Networks during the Chilean Social Outbreak and COVID-19 Pandemic
2-s2.0-85108840194,2021,INCLUDE,Content analysis of 232 misinformation items; channels and types quantified,Misinformation on social networks during the novel coronavirus pandemic: a quali-quantitative case study of Brazil
2-s2.0-85141933574,2022,INCLUDE,183 of 300 misinformation posts remained; removal/sharing patterns quantified,The Instagram Infodemic Persists: Extreme Content Escapes Platform's Removal Tactics
2-s2.0-85214504236,2024,INCLUDE,Content prevalence: 85% of 332 webpages contained misinformation statement,Assessing dietary supplement misinformation on popular Thai e-marketplaces
2-s2.0-85188233043,2026,INCLUDE,Co-occurrence of minority-party tweets and 2730 disinformation items quantified,The Role of Minority Political Groups in the Dissemination of Disinformation. The Case of Spain
2-s2.0-105009551917,2026,EXCLUDE,"61 qualitative interviews on perceived/incidental exposure, no quantitative prevalence estimate",“I Don’t Even Watch News (Voluntarily) on WeChat”–Socially-Compelled Exposure to Misinformation Among U.S. Diaspora Communities
2-s2.0-85159362203,2023,MAYBE,Abstract vague; mentions unreliable sites' share of engagement but no clear estimate stated,Who Funds Misinformation? A Systematic Analysis of the Ad-related Profit Routines of Fake News Sites
2-s2.0-85182281579,2024,EXCLUDE,"YouTube video quality/reliability assessment (DISCERN), not audience exposure prevalence",Is YouTube Propagating Concerns About Breast Implant Illness?
2-s2.0-85062800458,2018,EXCLUDE,"Survey on ability to distinguish satire/fake news by demographics, no exposure estimate",Satire or Fake News: Social Media Consumers' Socio-Demographics Decide
2-s2.0-105005532143,2025,EXCLUDE,"Coordinated inauthentic behavior analysis, no audience exposure/consumption prevalence estimate","There was coordinated inauthentic user behavior in the COVID-19 German X-discourse, but did it really matter?"
2-s2.0-85143539046,2023,EXCLUDE,"Qualitative analysis of flat-earth echo chamber argumentation, no quantitative prevalence",Disinformation and Echo Chambers: How Disinformation Circulates on Social Media Through Identity-Driven Controversies
2-s2.0-85104887916,2023,EXCLUDE,"Experiment on willingness to share (hypothetical), belief; no observed prevalence","Believing and sharing misinformation, fact-checks, and accurate information on social media: The role of anxiety during COVID-19"
2-s2.0-105008671999,2025,EXCLUDE,"Game-theoretic model of media competition, not empirical audience prevalence",How media competition fuels the spread of misinformation
2-s2.0-85086692143,2020,INCLUDE,Measures limited reach of disinformation outlets in 400K election tweets,The limited reach of fake news on Twitter during 2019 European elections
2-s2.0-85127706322,2022,EXCLUDE,"Social network analysis of influencers, no misinformation exposure/prevalence quantification",The dramatic increase in anti-vaccine discourses during the COVID-19 pandemic: a social network analysis of Twitter
2-s2.0-85054847411,2019,MAYBE,"14M #fakenews tweets analyzed; bots/top users but discourse about term, prevalence unclear",What the fake? Assessing the extent of networked political spamming and bots in the propagation of #fakenews on Twitter
2-s2.0-85038621544,2017,INCLUDE,"Measures flow of alternative/mainstream news across Twitter/Reddit/4chan, millions of posts",The web centipede: Understanding how web communities influence each other through the lens of mainstream and alternative news sources
2-s2.0-105033491734,2024,EXCLUDE,"Analysis of fact-checked health hoaxes from one platform, no audience denominator",Health disinformation in the post-pandemic: an analysis from the fact-checking platform Agência Lupa
2-s2.0-105008098565,2025,EXCLUDE,"Book promotional blurb on SNA method, non-empirical, no prevalence estimate",NAVIGATING THE WEB OF DISINFORMATION: Employing Social Network Analysis to Decode Disinformation Dynamics in Modern Societies
2-s2.0-85191013714,2023,MAYBE,"Pilot survey n=42 reports % exposed to health misinformation but tiny, ambiguous design",Exploring the Association between Trust in Healthcare Entities and Exposure to Emerging Health Misinformation in Nebraska: A Pilot Study
2-s2.0-0034681483,2000,EXCLUDE,"Editorial, non-empirical","Politics, misinformation, and biotechnology"
2-s2.0-105039003327,2025,EXCLUDE,"Scoping review mapping forms/impacts of SRHR misinformation, not audience exposure prevalence",Impacts of Sexual and Reproductive Health and Rights Misinformation in Digital Spaces on Human Rights Protection and Promotion: Scoping Review
2-s2.0-85061376378,2018,EXCLUDE,"Machine learning content/news-event modeling system, not human prevalence",Modelling implicit content networks to track information propagation across media sources to analyze news events
2-s2.0-105027840470,2026,EXCLUDE,"Content analysis of 12 diet teas' marketing labels, not audience exposure prevalence",Steeped in misinformation: Unpacking the health risk and marketing tactics of diet and weight loss teas
2-s2.0-105009503529,2025,INCLUDE,Content analysis of 185 news items classifying hoaxes/disinformation during DANA crisis,"Disinformation During the 2024 DANA Crisis in Spain. Analysis, Characteristics, Typologies and Denials"
2-s2.0-85183571412,2023,EXCLUDE,"Computer-science fake-news detection corpus/classifier (93% accuracy), not prevalence",Veracity Analysis of Romanian Fake News
2-s2.0-105015214504,2025,EXCLUDE,"TikTok video quality/DISCERN assessment, not audience exposure prevalence",Evaluating the Educational Quality and Accuracy of Carpal Tunnel–and Cubital Tunnel–Related Videos on TikTok
2-s2.0-85089627303,2020,INCLUDE,"52 most-shared male-infertility articles, 44% misleading/inaccurate of 421K engagements",Social media sensationalism in the male infertility space: A mixed methodology analysis
2-s2.0-85151884159,2023,EXCLUDE,"Qualitative thematic analysis of 55 WhatsApp messages, no exposure prevalence denominator",COVID-19–Associated Misinformation Across the South Asian Diaspora: Qualitative Study of WhatsApp Messages
2-s2.0-85211176635,2024,EXCLUDE,"Vision/proposal for auditory misinformation alerts in podcasts, non-empirical",Everything We Hear: Towards Tackling Misinformation in Podcasts
2-s2.0-105021775520,2023,INCLUDE,"Reanalyzes Facebook fake-news engagement scale under different classifications, 2016/2020",The scale of Facebook’s problem depends upon how “fake news” is classified
2-s2.0-85111625096,2021,EXCLUDE,"240 YouTube urology videos quality (DISCERN), not audience misinformation prevalence",Qualitative Assessment of Medical Information on YouTube: A Multilingual Comparison of Common Urological Conditions
2-s2.0-85098766019,2021,MAYBE,"Method to extract user-flagged Reddit posts; compares to unreliable sources, prevalence unclear",Raising the flag: Monitoring user perceived disinformation on reddit
2-s2.0-85180458057,2024,EXCLUDE,"Content assessment of 159 government Instagram posts vs frameworks, not exposure prevalence",COVID-19 Vaccine Communications on Instagram and Vaccine Uptake in Young Adults: A Content Assessment and Public Engagement Analysis
2-s2.0-85127039075,2022,INCLUDE,11% of top-viewed COVID vaccine YouTube videos (18M views) contradict WHO/CDC,YouTube as a source of misinformation on COVID-19 vaccination: A systematic analysis
2-s2.0-79955135282,2011,EXCLUDE,"Demo of web service tracking astroturf/memes, no prevalence estimate",Truthy: Mapping the spread of astroturf in microblog streams
2-s2.0-85090169669,2020,MAYBE,"21M tweets, categorizes top-250 shared resources by source type; misinfo share not clearly given","Temporal and location variations, and link categories for the dissemination of COVID-19-related information on twitter during the SARS-CoV-2 outbreak in Europe: Infoveillance study"
2-s2.0-85210662301,2024,EXCLUDE,"Conceptual influence-operations tactics matrix/models, not empirical prevalence",PATHS TO INFLUENCE: How Coordinated Influence Operations Affect the Prominence of Ideas
2-s2.0-85077289978,2019,EXCLUDE,"Computer-science method to verify scientific news against source papers, not prevalence",Searching for evidence of scientific news in scholarly big data
2-s2.0-85035779243,2017,EXCLUDE,"Survey on re-sharing intentions and info-quality beliefs, hypothetical not observed",Information re-sharing on social network sites in the age of fake news
2-s2.0-105005510187,2026,EXCLUDE,"Topic modeling/sentiment of Reddit conspiracy discourse, no exposure prevalence estimate",A Study of Discourse on COVID-19 Vaccines from Conspiracy Communities on Reddit Using Topic Modeling and Sentiment Analysis
2-s2.0-85218997752,2025,EXCLUDE,"Qualitative case examples of Indian disinformation narratives, no quantitative prevalence",Hegemonic Media and Polarized Discourses: An Analysis of Disinformation Narratives in Indian Media
2-s2.0-85129580688,2022,EXCLUDE,"Experiment inducing misperceptions, engagement willingness; belief/hypothetical not observed prevalence",(Mis)perceptions and engagement on Twitter: COVID-19 vaccine rumors on efficacy and mass immunization effort
2-s2.0-105002119571,2025,EXCLUDE,"Survey on belief/misperception with perceived exposure measure, no real exposure prevalence",How social media users become misinformed: The roles of news-finds-me perception and misinformation exposure in COVID-19 misperception
2-s2.0-105005437262,2022,EXCLUDE,"Ethnographic qualitative study of older adults' sharing motivations, no prevalence estimate",Can older people stop sharing? An ethnographic study on fake news and active aging in Brazil
2-s2.0-105019357120,2025,INCLUDE,"Quantifies comments on unreliable-news articles, 32% more toxic, Reddit behavioral data","Sub-Standards and Mal-Practices: Misinformation's Role in Insular, Polarized, and Toxic Interactions on Reddit"
2-s2.0-85151108170,2023,EXCLUDE,"400 probiotic videos quality/reliability (DISCERN/GQS), not audience prevalence",Status quo of the public’s knowledge of probiotics based on video-sharing platforms
2-s2.0-85122181013,2021,EXCLUDE,"Intervention/effect study of fake-news flags on dissemination, fact-check-effect focus",The Effect of Platform Intervention Policies on Fake News Dissemination and Survival: An Empirical Examination
2-s2.0-85119703811,2021,INCLUDE,"4.5M retweets, fact-checked rumor cascades; false rumors reach 61% more users",Emotions explain differences in the diffusion of true vs. false social media rumors
2-s2.0-85118139773,2021,EXCLUDE,"Qualitative multi-level analysis of COVID myths via interviews, no exposure prevalence","Misconceptions, Misinformation and Politics of COVID-19 on Social Media: A Multi-Level Analysis in Ghana"
2-s2.0-85188806397,2024,INCLUDE,88% online traffic from swing states; quantifies unreliable-source link sharing prevalence,Online disinformation in the 2020 U.S. election: swing vs. safe states
2-s2.0-86000138979,2025,EXCLUDE,"Content analysis of 275 TikTok wildfire posts engagement themes, misinfo not quantified as prevalence",Crisis Communication About the Maui Wildfires on TikTok: Content Analysis of Engagement With Maui Wildfire–Related Posts Over 1 Year
2-s2.0-105022764207,2025,INCLUDE,Analyzes share of junk-news domain URLs on Reddit/4chan Dutch spheres over years,Dutch junk news on Reddit and 4chan/pol
2-s2.0-85193365450,2024,EXCLUDE,"Survey on media literacy effect on dissemination, intentions/attitudes not observed prevalence",Influence of Media Literacy on the Dissemination of Fake News among Instagram and Twitter Users
2-s2.0-85191845819,2024,EXCLUDE,"Coordination detection in information operations, 4M tweets; no audience exposure prevalence",Coordinated Behavior in Information Operations on Twitter
2-s2.0-85132275919,2022,EXCLUDE,"Multiple-case study of populist disinformation strategies, no quantitative prevalence estimate",Exploring Populism in Times of Crisis: An Analysis of Disinformation in the European Context during the US Elections
2-s2.0-85066887829,2019,INCLUDE,Quantifies IRA troll reach/influence on news dissemination across Twitter/Reddit/4chan,Disinformation warfare: Understanding state-sponsored trolls on twitter and their influence on the web
2-s2.0-105011696813,2025,INCLUDE,Bolsonaro tweets: disinformation share rose from 20% to 41% Aug-Oct 2022,Content analysis of political disinformation spread by Jair Bolsonaro on Twitter/X
2-s2.0-85099226015,2021,EXCLUDE,"Survey on misinformation belief/agreement prevalence and predictors, not exposure/consumption",COVID-19 misinformation trends in Australia: Prospective longitudinal national survey
2-s2.0-85195127032,2024,EXCLUDE,"Analysis of recommendation algorithms' effect on misinfo spread, algorithmic not audience prevalence",Analysing the Effect of Recommendation Algorithms on the Spread of Misinformation
2-s2.0-105032501759,2026,EXCLUDE,"240 TikTok LRS videos quality (DISCERN); 0.4% harmful misinfo, content not audience prevalence","Evaluating Quality and Engagement of Medical Information on LASIK, LASEK, and SMILE in TikTok Videos"
2-s2.0-85150803294,2025,EXCLUDE,"SNA/sentiment to identify fake-news influencers, no audience exposure prevalence estimate",Curtailing fake news creation and dissemination in Nigeria: Twitter social network and sentiment analysis approaches
2-s2.0-85066239721,2021,EXCLUDE,"Analysis of IRA bots' gatekeeping discourse in NFL protest, no exposure prevalence",Examining IRA Bots in the NFL Anthem Protest: Political Agendas and Practices of Digital Gatekeeping
2-s2.0-85147181691,2023,MAYBE,"640M tweets, Infodemic Risk Index co-evolution; misinformation share trend but index-based, ambiguous",The link between reported cases of COVID-19 and the Infodemic Risk Index: A worldwide perspective
2-s2.0-85018337913,2017,INCLUDE,273.8M exposures to HPV tweets classified; proportion exposed to misinformation topics,Mapping information exposure on social media to explain differences in HPV vaccine coverage in the United States
2-s2.0-85193856468,2024,EXCLUDE,"Rumor-detection ML models (BERT 90% accuracy), computer-science method not prevalence",Misinformation Spread in Social Media
2-s2.0-105031318710,2026,EXCLUDE,"Conceptual chapter on AI tools for African social media analysis, non-empirical","AI-Driven Social Media Analysis in Africa: Trends, Misinformation, and Political Discourse"
2-s2.0-85202959515,2024,EXCLUDE,"Analysis of message/source characteristics on dissemination of pre-labeled tweets, not prevalence",Unmasking an infodemic: what characteristics are fuelling misinformation on social media?
2-s2.0-85202795793,2024,EXCLUDE,"Qualitative textual analysis of top-10 hoax items for literacy, no audience prevalence",Disinformation Unveiled: Tracking Media Hoaxes to Build Public Literacy for Indonesia's 2024 Elections
2-s2.0-85183299827,2023,EXCLUDE,"Studies narrative style effect on engagement with health misinfo, not exposure prevalence",Narrative Style and the Spread of Health Misinformation on Twitter
2-s2.0-85057341129,2018,EXCLUDE,"SNA of one YouTube conspiracy channel's engagement, no audience prevalence estimate",Analyzing disinformation and crowd manipulation tactics on youtube
2-s2.0-105008547301,2025,INCLUDE,109 health-misinformation samples analyzed for propagation activity/views across WeChat/Weibo,An analysis of the factors influencing engagement metrics within the dissemination of health science misinformation
2-s2.0-85116798744,2023,EXCLUDE,"Systematic review of fake-news health effects, no audience exposure prevalence estimate",The impact of fake news on social media and its influence on health during the COVID-19 pandemic: a systematic review
2-s2.0-85191871572,2024,INCLUDE,1661 Facebook posts from 25 alt-media; codes share of mild-to-extreme misinformation,Alternative Media Vary Between Mild Distortion and Extreme Misinformation: Steps Toward a Typology
2-s2.0-85202700764,2024,EXCLUDE,"Top-100 TSW TikTok videos quality (DISCERN), content-quality not audience misinfo prevalence",Investigating Topical Steroid Withdrawal Videos on TikTok: Cross-Sectional Analysis of the Top 100 Videos
2-s2.0-105039147215,2026,INCLUDE,134 countries: 45-55% governments misreport Covid deaths; actor-level misinformation prevalence,Manipulation of information in times of crisis: evidence from Covid excess mortality
2-s2.0-85149185959,2023,EXCLUDE,"Theoretical model of misinformation spread under inequality, not empirical prevalence",Social Inequality and the Spread of Misinformation
2-s2.0-85110957093,2020,EXCLUDE,3714 tweets on hydroxychloroquine categorized; concentration noted but no clear misinfo prevalence,Disinformation about hydroxychlorochine on Twitter: from political pressure to scientific dispute
2-s2.0-85131270595,2022,INCLUDE,"3.2% of COVID vaccine news articles contain misinformation; 0.1% primary, reach 250M",COVID-19 vaccine misinformation in English-language news media: retrospective cohort study
2-s2.0-85071619835,2020,EXCLUDE,"Conceptual framework with 3 case studies on fake-news tactics, non-empirical prevalence",A false image of health: how fake news and pseudo-facts spread in the health and beauty industry
2-s2.0-85167658691,2024,INCLUDE,"106M visits, 3 countries: 3.4% browsing is news; political content prevalence",Non-News Websites Expose People to More Political Content Than News Websites: Evidence from Browsing Data in Three Countries
2-s2.0-105040997538,2026,EXCLUDE,"Survey of perceived amount of health misinformation, predictors only; perception not actual exposure",Perceptions of health misinformation on social media: patterns and predictors
2-s2.0-85142798912,2023,EXCLUDE,"Surveys on perceived exposure and self-reported sharing, no observed prevalence estimate","Online political engagement, cognitive skills and engagement with misinformation: evidence from Sub-Saharan Africa and the United States"
2-s2.0-85086354426,2020,MAYBE,"Twitter SMT/immunity activity; reports potential reach but topic-specific, misinfo prevalence ambiguous",Misinformation about spinal manipulation and boosting immunity: An analysis of Twitter activity during the COVID-19 crisis
2-s2.0-105009588803,2025,EXCLUDE,"Simulation of recommendation algorithms on disinfo networks, not empirical audience prevalence",The role of recommendation algorithms in the formation of disinformation networks
2-s2.0-85205043823,2024,EXCLUDE,"Focus groups on local info sourcing behaviours, no quantitative misinformation prevalence",Sourcing Local Information in News Deserts
2-s2.0-105026936946,2025,EXCLUDE,"Book promotional blurb on SNA method, non-empirical, no prevalence estimate",NAVIGATING THE WEB OF DISINFORMATION: Employing Social Network Analysis to Decode Disinformation Dynamics in Modern Societies
2-s2.0-45549091998,2008,INCLUDE,49 silver-spray websites analyzed: only 4% mention argyria; content-level misinformation prevalence,Silver nasal sprays: Misleading Internet marketing
2-s2.0-85109375579,2021,INCLUDE,Low-reputable URLs reach 22.1% in right/center-right community; misinformation share on Twitter,Flow of online misinformation during the peak of the COVID-19 pandemic in Italy
2-s2.0-85097484865,2020,INCLUDE,"806K tweets, 143 FB, 16K IG posts; classifies 43 fake narratives distribution",An analysis of fake narratives on social media during 2019 Indonesian presidential election
2-s2.0-105035187686,2026,EXCLUDE,"Qualitative content analysis of deepfake framing/discourse, no audience exposure prevalence","Generative artificial intelligence, misinformation and political polarization: a content analysis of deepfake propaganda during the 2024 US presidential election"
2-s2.0-105000112791,2025,EXCLUDE,"Content analysis of Facebook incorrect-info types/response, no audience prevalence denominator",Negative Influence of Incorrect Information on Facebook User Behaviour: Kazakhstan Case
2-s2.0-105026245293,2025,EXCLUDE,"Survey experiments on correction effectiveness/partisanship, intervention focus not prevalence","Politicians’ misinformation, its correction, and partisanship in Italy"
2-s2.0-85101361808,2021,MAYBE,"48 health topics in Russian troll disinformation; prevalence of topics but troll-content, ambiguous",Identifying and analyzing health-related themes in disinformation shared by conservative and liberal russian trolls on twitter
2-s2.0-105035727297,2026,EXCLUDE,"Qualitative/quantitative visual rhetoric analysis of AI wildfire visuals, no audience prevalence",Communicating the Crisis or Misinforming the Public? Analyzing the AI-Generated Visual Rhetoric of the 2025 California Wildfires
2-s2.0-85214384172,2025,EXCLUDE,"Content/discourse analysis of RT YouTube commenters, no quantitative exposure prevalence","Conspiracy, Propaganda, or ‘Fake News’? How YouTube Audiences Responded to RT Coverage of COVID-19"
2-s2.0-85164306347,2023,INCLUDE,310 alt-cancer ads from 11 clinics on Meta; 25.8% claim cure; content prevalence,Advertising Alternative Cancer Treatments and Approaches on Meta Social Media Platforms: Content Analysis
2-s2.0-85118981288,2021,INCLUDE,"7.5M posts, 2551 publishers; misinfo sources = 68.1% of far-right engagement",Understanding engagement with U.S. (mis)information news sources on Facebook
2-s2.0-85151940728,2022,EXCLUDE,"Relates risk perception/anxiety to sharing fake news, no exposure prevalence estimate",Risk Perception and Misinformation in Brazilian Twitter during COVID-19 Infodemic
2-s2.0-85158094363,2023,INCLUDE,Bots = 1% users but 31% of impeachment tweets; share more disinformation,"Bots, disinformation, and the first impeachment of U.S. President Donald Trump"
2-s2.0-85123713978,2021,MAYBE,"10M tweets, 1356 cascades on hydroxychloroquine; politician sources but prevalence not clearly quantified",WHO NEEDS THE RED PILL: HYDROXYCHLOROQUINE WARS ON TWITTER
2-s2.0-105018588866,2025,EXCLUDE,"Centrality analysis of Twitter news entity graphs, no misinformation exposure prevalence",Decoding semantic news ecosystem: Macro centrality analysis in Twitter news entity graphs and global influences
2-s2.0-85079741978,2020,EXCLUDE,"Company disinfo channel identification via ML, 4689 news values; classifier not audience prevalence",Quantitative Characterization and Identification of the Company-Related Disinformation Channel among Media
2-s2.0-85106742299,2021,EXCLUDE,"Qualitative study of students' news consumption/fake-news habits, no prevalence estimate",University students engagement with fake news: The portuguese case
2-s2.0-85147385814,2024,EXCLUDE,"Ideological discourse analysis of 38 disinformation stories, no audience exposure prevalence",Disinformation and weaponized communication: The spread of ideological hate about the Macedonian name in Greece
2-s2.0-85142888947,2022,EXCLUDE,"Intervention-effect study on Facebook downranking, not prevalence/exposure estimate",Measuring the effect of Facebook’s downranking interventions against groups and websites that repeatedly share misinformation
2-s2.0-85118897555,2021,INCLUDE,"Content prevalence: low-quality (38.79%) influencer posts, ~2.7% cited references",Is social media spreading misinformation on exercise and health in Brazil?
2-s2.0-85195153909,2024,MAYBE,Twitter low-credibility news-sharing analysis but no clear prevalence share reported,"Misinformation and Polarization around COVID-19 vaccines in France, Germany, and Italy"
2-s2.0-84923308381,2015,INCLUDE,1.2M users; measures conspiracy vs science consumption/concentration on Facebook,Science vs conspiracy: Collective narratives in the age of misinformation
2-s2.0-85171790186,2024,INCLUDE,"3,000+ state lawmakers' tweets; quantifies unreliable-URL sharing by party",Official yet questionable: examining misinformation in U.S. state legislators’ tweets
2-s2.0-85107524730,2021,EXCLUDE,"Systematic review/strategic review of literature, non-empirical, no prevalence estimate",A systematic review of the spread of information during pandemics: A case of the 2020 covid-19 virus
2-s2.0-105035244904,2026,EXCLUDE,"Qualitative interviews on engagement/perception, no misinformation prevalence estimate",Young Adults' Interactions With Food and Nutrition Content on Social Media and Implications for Intervention Design
2-s2.0-85094855530,2021,EXCLUDE,"Qualitative fieldwork/interviews on fake-news industry, no quantitative prevalence estimate",The Macedonian Fake News Industry and the 2016 US Election
2-s2.0-85193838263,2024,EXCLUDE,"Nudge intervention experiment with simulated environments, not real-world prevalence",Nudge-based misinformation interventions are effective in information environments with low misinformation prevalence
2-s2.0-85121042211,2022,MAYBE,Web-listening sentiment analysis of rotavirus mentions; unclear misinformation share,Rotavirus and the web: analysis of online conversations in Italy during 2020
2-s2.0-105017931629,2025,EXCLUDE,"Epidemic modeling of misinformation impact, no empirical prevalence/exposure estimate",Assessing the impact of misinformation during the spread of infectious diseases
2-s2.0-105037434228,2026,EXCLUDE,"Review article on rumour-propagation modeling methods, non-empirical",Multi-Layer Analytics for Rumour Propagation Speed in Social Networks
2-s2.0-85105156914,2021,EXCLUDE,"Policy brief analyzing information ecosystem, non-empirical, no prevalence measurement",Brazil: Weaponised information and digitised hate
2-s2.0-85166553734,2023,MAYBE,Survey on fake-news awareness/detection; unclear if exposure prevalence quantified,Exposure of fake news to the indian social media users
2-s2.0-85165628043,2024,EXCLUDE,"Survey on belief in conspiracy theories from media exposure, persuasion not prevalence","Russian Anti-Western Disinformation, Media Consumption and Public Opinion in Georgia"
2-s2.0-85106482434,2021,EXCLUDE,"Viewpoint/secondary analysis on bots, no human-exposure prevalence estimate",Bots and misinformation spread on social media: Implications for COVID-19
2-s2.0-85183777415,2024,INCLUDE,"Cross-sectional survey, 844 residents; 48% misinformation proportion reported","Misinformation on COVID-19 Vaccine and Its Associated Factors among Residents in Gondar, Ethiopia, 2022"
2-s2.0-85203012984,2024,EXCLUDE,"Online experiment (N=207) on belief/intended sharing, hypothetical not observed",Tell Me What You Like and i Know What You Will Share
2-s2.0-105020513497,2025,EXCLUDE,"Book on trolling effects, surveys/experiments, no misinformation prevalence estimate",Trolling Democracy: How Trolls Distort Digital Discourse
2-s2.0-85209247841,2024,MAYBE,Quantifies outlet selection/narrative bias and consumption; unclear misinformation prevalence,Unveiling the hidden agenda: Biases in news reporting and consumption
2-s2.0-85179498465,2023,EXCLUDE,"Fact-checking deterrent intervention replication, effect study not prevalence",Fact-checking as a deterrent? A conceptual replication
2-s2.0-85164462015,2024,EXCLUDE,"Qualitative survey of providers on HIV myths, no quantitative exposure prevalence",The More Things Change: HIV/AIDS Myths and Misinformation in the Rural United States
2-s2.0-105005307787,2022,EXCLUDE,"Mixed-method mapping of conspiracy circulation, no quantitative prevalence estimate",Scientific Disinformation in Times of Epistemic Crisis
2-s2.0-105018832745,2025,INCLUDE,TikTok content analysis; 10.1% of scleritis videos contained misinformation,Examining Scleritis Content on the Social Media App ‘TikTok’
2-s2.0-85210170231,2026,MAYBE,Survey explores disinformation narrative prevalence/exposure; estimate specificity unclear,Understanding disinformation as narratives in the hybrid media ecosystem: Evidence from the US
2-s2.0-80052582956,2011,MAYBE,"Twitter credibility analysis; abstract truncated, prevalence reporting unclear",Information credibility on Twitter
2-s2.0-85102886368,2021,EXCLUDE,"Network analysis of deepfake-topic actors on Twitter, no misinformation prevalence",Deepfakes on twitter: Which actors control their spread?
2-s2.0-85089622030,2020,INCLUDE,2102 articles; fake news = 23.1% of total shares measured,Fake news and covid-19 in Italy: Results of a quantitative observational study
2-s2.0-85186742297,2024,INCLUDE,137 YouTube PHE videos; assesses misinformation extent and view metrics,YouTube as a Source of Information on Public Health Ethics
2-s2.0-85171779804,2023,MAYBE,100 TikTok videos quality-scored; misinformation share not clearly quantified,Truth or Trend - Misinformation Spreading Fast on TikTok: Onychomycosis
2-s2.0-85188289417,2024,INCLUDE,506 refuted COVID claims; thematic prevalence of fabricated content categories,"Technology, transmission, trust, and tendency: COVID-19 fabricated content"
2-s2.0-85161545318,2022,EXCLUDE,"Network/qualitative analysis of #NoMask discourse, no misinformation prevalence estimate",To wear or not to wear? Unpacking the #NoMask discourses
2-s2.0-85189757456,2024,INCLUDE,1.16M statin tweets; bot/human share and 8-40% skepticism prevalence,"Statin Twitter: Human and Automated Bot Contributions, 2010 to 2022"
2-s2.0-85183930034,2025,INCLUDE,Fake-news network analysis; concentration/density of fake vs real news quantified,Truths and Tales: Understanding Online Fake News Networks in South Korea
2-s2.0-85210771578,2025,INCLUDE,Meta-analysis; 47% prevalence of health misinformation among older adults,Prevalence and intervention strategies of health misinformation among older adults: A meta-analysis
2-s2.0-85087304400,2020,EXCLUDE,"Review/conceptual article on climate misinformation, non-empirical, no prevalence estimate",Online misinformation about climate change
2-s2.0-85161009462,2023,EXCLUDE,"Lessons-learned article on diffusion modeling project, no empirical prevalence estimate",Modeling information diffusion in social media: data-driven observations
2-s2.0-85211215297,2024,INCLUDE,"1M+ FB links, 44K tweets; misinformation outrage/sharing quantified at scale",Misinformation exploits outrage to spread online
2-s2.0-105033145396,2025,EXCLUDE,"Survey/synthesis of research on video-platform info disorder, non-empirical review",A Survey of Information Disorder on Video-Sharing Platforms
2-s2.0-105014632937,2025,INCLUDE,200 YouTube videos; misinformation prevalent in 38% of analysed videos,Impact of YouTube User-Generated Content on News Dissemination and Youth Information Reception
2-s2.0-85217243538,2025,MAYBE,216 TikTok GDM videos quality-scored; misinformation prevalence share not stated,Quality of information in gestational diabetes mellitus videos on TikTok
2-s2.0-105007993526,2025,MAYBE,105 scabies YouTube videos quality-assessed; misinformation share not quantified,"Scabies on YouTube: The Quality, Accuracy, and Reliability of the Videos"
2-s2.0-85153960601,2023,EXCLUDE,"Qualitative coding of Vietnamese diaspora narratives, no quantitative prevalence",Sending News Back Home: Misinformation Lost in Transnational Social Networks
2-s2.0-85178321054,2023,EXCLUDE,"Sentiment/theme content analysis of HPV tweets, no misinformation prevalence estimate",Public perception of the resumption of HPV vaccine recommendation in Japan
2-s2.0-105016170952,2025,EXCLUDE,"Classifying science vs action climate posts, detection method not prevalence",Distinguishing Between Science and Action in Climate Discourse on Reddit
2-s2.0-85139663696,2022,INCLUDE,Content analysis of fact-checked hoaxes; characterizes types/prevalence of COVID hoaxes,Infodemics in Mexico: Animal Político and Verificado fact-checking platforms
2-s2.0-85094888053,2023,EXCLUDE,"Survey on nationalism/disinformation influence on attitudes, belief not prevalence",Diabolical Suggestions: Disinformation and the Curious Scale of Nationalism in Ukraine
2-s2.0-85212060458,2024,INCLUDE,"FB posts; 59.3% of anti-vaccine posts spread disinformation, content prevalence",Dynamics of communication on measles vaccination on digital platforms in Brazil
2-s2.0-85153491855,2023,EXCLUDE,"Theoretical model disentangling bias/truth, policy recommendations, non-empirical",Prevalence and Propagation of Fake News
2-s2.0-105026015167,2025,EXCLUDE,"Survey on belief/sharing of fake news, susceptibility not observed prevalence",Sociocultural factors in the spread of environmental misinformation: Arauco Chile
2-s2.0-85170101039,2023,EXCLUDE,"Tweet content analysis of disease awareness, no misinformation prevalence estimate",Awareness Level of Huntington Disease: Analysis of Tweets
2-s2.0-85118842084,2021,MAYBE,3439 Weibo posts on misinformation spread; prevalence share not clearly stated,Communication of uncertainty about preliminary evidence and spread of misinformation
2-s2.0-85150768024,2024,MAYBE,Quantitative analysis of fake-news database in Spain; prevalence estimate unclear,Impact of fake news on social networks during COVID-19 pandemic in Spain
2-s2.0-85062710079,2019,EXCLUDE,"Cosmetic-surgery website quality/cultural-sensitivity, no misinformation prevalence estimate",Cultural Insensitivity Pervasive in Spanish Online Cosmetic Surgery Resources
2-s2.0-85119911087,2022,EXCLUDE,"Intervention-effect study on Facebook repeat-offender penalty, not prevalence",Investigating Facebook's interventions against accounts that repeatedly share misinformation
2-s2.0-85105802239,2020,MAYBE,Survey (N=2084) on disinformation exposure habits; prevalence estimate unclear,Audiences vs. disinformation. An exploration during COVID-19 in Colombia
2-s2.0-85149914460,2022,EXCLUDE,"Survey on ability to distinguish/believe disinformation, susceptibility not prevalence",Infodemic and the Crisis of Distinguishing Disinformation: Facebook in Kosovo
2-s2.0-85108996494,2021,INCLUDE,100 most-engaged vaccine links content-analyzed; consumption/prevalence of narratives,Narratives about vaccination in the age of fake news: A content analysis
2-s2.0-85176291669,2023,INCLUDE,"Media content; 48% endorsed, critical articles got 199,909 FB shares",The Other Infodemic: Media Misinformation about Involuntary Commitment for Substance Use
2-s2.0-85199446608,2024,INCLUDE,Panel n=213; 10-43% reported repeated COVID misinformation exposure prevalence,Repeated Exposure to COVID-19 Misinformation: Longitudinal Prevalence and Predictors
2-s2.0-105024884753,2025,INCLUDE,"482,450 tweets classified; pro/anti-vaccination share over time quantified",The Covid-19 Information Void: How Pro-Vaccination Voices Lost the Narrative in South Africa
2-s2.0-85196960366,2024,MAYBE,"500,000+ HAARP conspiracy tweets analyzed; misinformation prevalence share unclear",HAARP conspiracy: 2023 Turkey & Syria earthquakes on Twitter
2-s2.0-85127587092,2022,MAYBE,COVID misinformation tweet diffusion analyzed; prevalence/concentration share not clearly stated,"Virality, only the tip of the iceberg: COVID-19 misinformation in Twitter"
2-s2.0-85118941057,2021,MAYBE,"Lexical analysis of COVID misinformation tweets; abstract metadata only, prevalence unclear",COVID-19 and misinformation: A large-scale lexical analysis on Twitter
2-s2.0-85169294467,2023,EXCLUDE,"Prescribing/search trends from retracted studies, not misinformation exposure prevalence",Impact of misinformation on ivermectin internet searches and prescribing trends
2-s2.0-84901294466,2014,INCLUDE,"290M tweets, 193K users; measures attention concentration to elite users",Rising tides or rising stars?: Dynamics of shared attention on twitter during media events
2-s2.0-85218718396,2025,EXCLUDE,"Qualitative study of alt-tech search-audit strategies on 4chan, no prevalence estimate",How alt-tech users evaluate search engines: Cause-advancing audits
2-s2.0-85215979200,2025,EXCLUDE,"Predicting engagement with correction posts, intervention/engagement not prevalence",Predicting User Engagement in Health Misinformation Correction in Taiwan
2-s2.0-105013123044,2025,EXCLUDE,"Systematic literature review of 34 papers on infodemic, non-empirical",Infodemic Among Students: A Systematic Literature Review
2-s2.0-85115146755,2025,EXCLUDE,"Online experiment (N=172) on intended sharing/reach, hypothetical not observed","Trust, personality, and belief as determinants of organic reach of disinformation"
2-s2.0-105001943973,2025,EXCLUDE,"Survey on perceived/estimated misinformation salience, perception not actual prevalence",Perceptions of misinformation salience: a cross-country comparison
2-s2.0-85136577983,2022,INCLUDE,"7,737 FB posts; coordinated link-sharing spreading misinformation network/content quantified",How coordinated link sharing behavior fans the spread of COVID-19 misinformation
2-s2.0-86000286752,2025,INCLUDE,149 YouTube PE videos; misinformation scores by source quantified,The most contemporary analysis on YouTube videos on premature ejaculation
2-s2.0-105002693512,2024,MAYBE,Qualitative content analysis; 'large share' misinformation but no precise prevalence,Dissemination of Public Health Information and Misinformation on Covid-19 in Switzerland
2-s2.0-85167919991,2023,EXCLUDE,"YouTube BDD video quality assessment, no misinformation prevalence share reported",Are YouTube videos a reliable source of information about body dysmorphic disorder?
2-s2.0-85184292282,2023,EXCLUDE,"Small-scale exploratory focus group on sociotechnical aspects, no quantitative prevalence",Exploring Digital Misinformation as a Sociotechnical Phenomenon
2-s2.0-85100620893,2021,MAYBE,Survey (1115 responses) on fake-news impact/channels; prevalence estimate unclear,Infodemic and fake news in spain during the COVID-19 pandemic
2-s2.0-86000736431,2025,INCLUDE,"Content analysis n=8,601 search results; ~25% of Google supported conspiracy",Accomplice or Corrective? Google and YouTube’s Role in Spreading Conspiracy Theories about Baerbock
2-s2.0-85109588392,2021,EXCLUDE,"Analysis of how IRA accounts built followings, audience-building not prevalence",Assembling the Networks and Audiences of Disinformation: Russian IRA Twitter
2-s2.0-105024007714,2026,EXCLUDE,"Mouthwash website quality assessment, no misinformation prevalence share reported",Decoding the Web for Quality Insights on Mouthwash Information in Brazilian Websites
2-s2.0-85215998618,2024,EXCLUDE,"Thematic categorization of climate misinformation from fact-checkers, no prevalence estimate",Climate and energy misinformation in Taiwan
2-s2.0-85149517556,2023,EXCLUDE,"Essay/commentary on COVID conspiracy context, non-empirical, no prevalence measurement",A Perfect Storm: Covid-19 Conspiracy Theories in the United States
2-s2.0-85163000879,2023,EXCLUDE,"Qualitative exploration of WhatsApp misinformation mechanisms, no quantitative prevalence",Exploring health misinformation on WhatsApp within African migrant community in Queensland
2-s2.0-105002802436,2025,EXCLUDE,"Perspective/review of dissemination methods (detection, influence), non-empirical",Dissemination intelligence information on social media
2-s2.0-85171977099,2022,EXCLUDE,"Topological analysis of true/false diffusion patterns, network method not prevalence",Using Topological Analysis to Investigate True and False Information Diffusion
2-s2.0-105032399299,2026,EXCLUDE,"Qualitative thematic analysis of 63 Reddit threads, no quantitative prevalence estimate",Spike Protein Shedding on Reddit: Analyzing Online Discussions of an Anti-Vax Conspiracy Theory
2-s2.0-105031357857,2026,INCLUDE,"180 German TikTok videos; ~half supplied incorrect mental-health information, content prevalence",Insufficient Quality of Mental Health Information on German-Speaking TikTok: A Content Analysis
2-s2.0-85128357498,2022,INCLUDE,3.5M YouTube comments classified; fake-comment ratio/prevalence increased 0.4% per month,COVID-19 Induced Misinformation on YouTube: An Analysis of User Commentary
2-s2.0-85128030624,2022,MAYBE,39 terror-incident case bank documents info-disorder; prevalence share not clearly quantified,The nexus between information disorder and terrorism: a mix of machine learning approach and content analysis on 39 terror attacks
2-s2.0-105030139165,2026,EXCLUDE,"Experiment (N=630) on purchase intention/persuasion, hypothetical not observed prevalence",Psychological manipulation mechanisms of false fitness and supplement information and public health risks: from information manipulation to behavioral decision-making
2-s2.0-85139497631,2022,INCLUDE,"38 YouTube videos; 66.7% poor quality, misinformation risk quantified content-level",Quality of bladder cancer information on YouTube
2-s2.0-85198980514,2024,INCLUDE,"105 CTS websites; every website had misleading statement, prevalence scored",Potential misinformation in websites on carpal tunnel syndrome
2-s2.0-85134329743,2022,EXCLUDE,"Google Trends search-volume study of interest, not misinformation exposure prevalence",Misinformation About and Interest in Chlorine Dioxide During the COVID-19 Pandemic in Mexico Identified Using Google Trends Data: Infodemiology Study
2-s2.0-105016433786,2022,EXCLUDE,"Book chapter proposing framework, non-empirical, no prevalence estimate",The Social Function of News and (Mis) Information Use
2-s2.0-105002119640,2025,INCLUDE,Two representative Brazil surveys; WhatsApp group exposure/sharing of misinformation quantified,Unraveling WhatsApp group dynamics to understand the threat of misinformation in messaging apps
2-s2.0-105018963311,2025,EXCLUDE,"Qualitative framing analysis of fake-news impact on courts, no quantitative prevalence",The occurrence of fake news and tensions regarding the social support of the Superior Electoral Court (TSE) and the Federal Supreme Court (STF)
2-s2.0-85096083173,2020,INCLUDE,All 114 misinformation cases UK/Switzerland 2002-2018; outlet attention prevalence measured,Misinformation and herd behavior in media markets: A cross-national investigation of how tabloids’ attention to misinformation drives broadsheets’ attention to misinformation in political and business journalism
2-s2.0-85107832797,2021,MAYBE,"300,360 nicotine tweets topic-classified; misinformation prevalence share not clearly stated",Topics of nicotine-related discussions on twitter: Infoveillance study
2-s2.0-105013541334,2025,MAYBE,580 fact-check tipline claims categorized; misinformation prevalence share not quantified,WhatsApp tiplines and multilingual claims in the 2021 Indian assembly elections
2-s2.0-85151113840,2023,INCLUDE,"YouTube realfood/cancer videos; 12.5% claimed food cures cancer, content prevalence",Realfood and Cancer: Analysis of the Reliability and Quality of YouTube Content
2-s2.0-105017599875,2025,EXCLUDE,"User-ranking models to detect top misinfo spreaders; CS method, not human prevalence","Predicting, evaluating, and explaining top misinformation spreaders via archetypal user behavior"
2-s2.0-85166581195,2025,MAYBE,Analyzes content of low-credibility publishers but timing-focused; unclear prevalence share reported,Bursts of contemporaneous publication among high- and low-credibility online information providers
2-s2.0-85143274147,2022,INCLUDE,"Survey: 91.2% encountered misinformation, 36.6% reported transmitting it",Assessing the Covid-19 infodemic and misinformation among university students in Morocco
2-s2.0-85106434193,2022,EXCLUDE,"Lab experiment on hypothetical sharing/verification intentions, not observed prevalence",Message sharing and verification behaviour on social media during the COVID-19 pandemic
2-s2.0-105003648015,2025,EXCLUDE,"Correction notice, non-empirical metadata only","Correction to: Polarisation, News Consumption, and Beliefs in Misinformation and Conspiracy Theories"
2-s2.0-85165440717,2023,EXCLUDE,"Studies arson diffusion; fake news as predictor, no exposure prevalence estimate","Media coverage, fake news, and the diffusion of xenophobic violence"
2-s2.0-85111474193,2021,EXCLUDE,"Qualitative content/interviews on TikTok disinfo, no quantitative prevalence estimate",Beyond Challenges and Viral Dance Moves: TikTok as a Vehicle for Disinformation
2-s2.0-85024418516,2025,MAYBE,"Content analysis of 116 gout TikToks, 426.6M views; misleading share not quantified","Gout, TikTok and misleading information: a content analysis"
2-s2.0-85092601632,2020,INCLUDE,Citation network: 96% of post-retraction citations omit retraction; content-level prevalence,Continued post-retraction citation of a fraudulent clinical trial report
2-s2.0-85139393033,2023,EXCLUDE,"Survey on trust/engagement with authoritative content, not misinfo prevalence",Evaluating the elevation of authoritative health content online during the COVID-19 pandemic
2-s2.0-85131044264,2022,EXCLUDE,"Qualitative meta-synthesis/review, non-empirical prevalence estimate",Online Medical Misinformation in Cancer: Distinguishing Fact From Fiction
2-s2.0-105019767827,2025,EXCLUDE,"Vignette experiment on persuasion effects of campaign misinfo, not exposure prevalence",Preaching to the converted: Misinformation and voter preferences in election campaigns
2-s2.0-105034237621,2026,EXCLUDE,"Narrative analysis/ecosystem mapping book chapter, no quantitative prevalence",From Antisemitic Conspiracies to Islamophobic Echoes
2-s2.0-105018700086,2025,MAYBE,Twitter tracking claims deniers over-represented vs offline; quantitative share unclear,From hashtags to hostility: global dynamics of climate denialism on Twitter
2-s2.0-85091127753,2020,MAYBE,137 COVID YouTube videos quality scores; misinfo share/prevalence not clearly given,YouTube as a source of patient information for COVID-19: content-quality and engagement analysis
2-s2.0-85194075145,2024,INCLUDE,Data donation 472 users; quantifies misinfo exposure by selection vs algorithm,What News Do People Get on Social Media? Analyzing Exposure and Consumption through Data Donations
2-s2.0-85133374419,2022,EXCLUDE,"Linguistic analysis of hyperpartisan speech markers, no exposure prevalence","Look, Dude: How hyperpartisan and non-hyperpartisan speech differ in online commentary"
2-s2.0-105037155694,2025,EXCLUDE,"AI fake-news detection across regions; CS method, not human prevalence",News about Global North Considered Truthful! The Geo-Political Veracity Gradient
2-s2.0-85178397947,2023,MAYBE,"Content analysis 206 scientific rumor cases; describes attributes, no exposure denominator",Too Real to be Questioned: Analysis of Factors Influencing Online Scientific Rumors in China
2-s2.0-85196788359,2024,EXCLUDE,"GCN stance detection/polarization scoring; CS method, not misinfo prevalence",Quantifying Variations in Controversial Discussions within Kuwaiti Social Networks
2-s2.0-85066907965,2019,MAYBE,Analyzes IRA/ICA misinfo cascade temporal dynamics; no audience prevalence denominator,Dynamics of misinformation cascades
2-s2.0-85185269791,2023,INCLUDE,"Factual content analysis: misinfo 46.77%, disinfo 36.22%, mal-info 22% of corpus",A Factual Content Analysis of Facebook Infodemic in Algeria
2-s2.0-85083074621,2020,INCLUDE,2.82M IRA tweets analyzed; vaccine-related volume/valence across personas (actor output),Russian twitter accounts and the partisan polarization of vaccine discourse
2-s2.0-85115738866,2021,EXCLUDE,"Survey on factors predicting fake-news sharing, no prevalence/exposure estimate",Factors affecting the share of fake news about covid-19 in vietnam
2-s2.0-84867658041,2012,EXCLUDE,TV nutrition marketing claims compliance; not misinformation exposure prevalence,Use of nutrition marketing in products advertised on TV in Spain
2-s2.0-85202849284,2025,INCLUDE,"4.7M articles, 22.6B interactions; RT/Sputnik coverage and engagement quantified","Does Russian Propaganda Lead or Follow? Topic Coverage, User Engagement, and Agenda Influence"
2-s2.0-78751641342,2011,EXCLUDE,"Qualitative thematic review of pro-smoking books, no quantitative prevalence",Conveying misinformation: Top-ranked Japanese books on tobacco
2-s2.0-85200966528,2025,EXCLUDE,"Qualitative interviews on WhatsApp misinfo perceptions, no quantitative prevalence",Exploring Kenyans' interactions with misinformation on WhatsApp
2-s2.0-85118684788,2021,INCLUDE,Survey: misinformation prevalence 8.9%-38.9% depending on statement,"Misinformation, perceptions towards COVID-19 and willingness to be vaccinated: survey in Yemen"
2-s2.0-85200143809,2026,MAYBE,"Analyzes 224,000 referendum posts; conspiratorial proliferation noted, prevalence share unclear",Exploring a post-truth referendum: Australia's Voice to Parliament
2-s2.0-105040838279,2026,EXCLUDE,"Semi-supervised stance detection of 1.4M comments; CS method, not misinfo prevalence",Who Shapes Brazil's Vaccine Debate? Semi-Supervised Modeling of Stance and Polarization
2-s2.0-85203691949,2024,MAYBE,"Analysis of GPT-fabricated papers in Google Scholar; selection-based, no clear denominator","GPT-fabricated features, spread, and implications for preempting evidence manipulation"
2-s2.0-105005124265,2025,MAYBE,"Analyzes debunked stories from 10 fact-checkers; distribution described, prevalence denominator unclear",Mapping the misinformation ecosystem in India
2-s2.0-85188914804,2024,MAYBE,2498 tweets analyzed for misinfo prevalence on photoprotection; share not stated in abstract,Photoprotection and Skin Cancer on X/Twitter: Analysis of Misinformation
2-s2.0-105029620880,2025,EXCLUDE,"Qualitative analysis of gender disinfo strategies/mechanisms, no quantitative prevalence",Gender Disinformation on Twitter/X: Strategies and Mechanisms
2-s2.0-85116448103,2021,EXCLUDE,"Digital-methods analysis of conspiracy hashtag reinforcement, no quantitative prevalence",The pandemic of conspiracies in the covid-19 age
2-s2.0-105003247293,2025,EXCLUDE,"Content/thematic analysis of fake-news themes plus interviews, no prevalence estimate",The Influence of Fake News on Social Media During Malaysia's GE-14
2-s2.0-85133944320,2022,EXCLUDE,"Qualitative interviews on social media use, no quantitative misinfo prevalence",Disseminating Information Through Social Media During Covid-19 Among University Students
2-s2.0-85048225269,2018,EXCLUDE,"Focus groups on youth news consumption, no misinfo prevalence estimate",Young people and their practices of access and consumption of news in social media
2-s2.0-105016506408,2025,INCLUDE,"Content analysis 2024 Telegram posts; disinfo relatively infrequent, theme prevalence quantified",Russian informational co-aggression? Ukraine-related disinformation in Belarusian Telegram
2-s2.0-85089426034,2020,INCLUDE,37.14% of 105 COVID YouTube videos contained misleading info; content prevalence,Evaluation of Korean-language COVID-19-related medical information on YouTube
2-s2.0-105005144362,2025,EXCLUDE,"Policy analysis of EU Code of Practice on disinfo, no prevalence measurement",Before & After: The Effect of EU's 2022 Code of Practice on Disinformation
2-s2.0-105012564286,2025,MAYBE,"219 fact-checked hoaxes analyzed; format/target distribution, no exposure denominator",Analysis of the disinformation campaign in Brazil's 2022 Elections
2-s2.0-85124942186,2023,MAYBE,377 health-pro accounts; myth-vs-fact engagement low but share not clearly quantified,Mapping the connections of health professionals to COVID-19 myths and facts
2-s2.0-105012175920,2025,MAYBE,"Content analysis sciatica web pages; 26% contradicted by evidence, prevalence-like but search-based",What do people search online about sciatica?
2-s2.0-85122094954,2021,INCLUDE,3 of 50 (6%) prenatal-testing YouTube videos had misinformation; content prevalence,Evaluation of YouTube Videos as a Source of Information on Non-Invasive Prenatal Testing
2-s2.0-85126450480,2022,EXCLUDE,"Discourse analysis of 'gaslighting' metaphor on Twitter/4chan, no prevalence",The rise of gaslighting: debates about disinformation on Twitter and 4chan
2-s2.0-85207011852,2025,MAYBE,"Retrospective accuracy review of surgical influencer content; misinfo noted, share not quantified",Cutting through the noise: unravelling misinformation in surgical social networks
2-s2.0-85098781628,2021,EXCLUDE,"Agent-based simulation model of bot influence, not empirical prevalence",The strength of weak bots
2-s2.0-84874339922,2012,EXCLUDE,"k-Suspector algorithm to identify misinfo sources; CS method, not prevalence",Sources of misinformation in Online Social Networks: Who to suspect?
2-s2.0-85083041268,2020,INCLUDE,Only 21/159 (13.2%) BPH YouTube videos free of misinformation; content prevalence,Information on surgical treatment of benign prostatic hyperplasia on YouTube is highly biased
2-s2.0-105019228896,2025,INCLUDE,7273 fact-checked items; false news lifetime/engagement quantified vs true (sharing/spread),From News Source Sharers to Post Viewers: How Topic Diversity Shapes Engagement With Misinformation
2-s2.0-85036661547,2019,MAYBE,Yearlong AMR Twitter analytics; misinfo prevalence/reach benchmarks claimed but unspecified,Understanding and Diagnosing Antimicrobial Resistance on Social Media
2-s2.0-85202728029,2025,EXCLUDE,"Single-claim case study of misinfo dissemination across genres, no prevalence","Are there 34,000 human emotions? Deconstructing patterns of scientific misinformation"
2-s2.0-105035571105,2026,MAYBE,"200 Hepatitis B videos quality-scored; reliability scores given, misinfo share not stated",Evaluating Quality and Reliability of Hepatitis B-Related Short Videos on BiliBili and TikTok
2-s2.0-85100044312,2021,EXCLUDE,"Survey on belief/endorsement of misinformation, not exposure/sharing prevalence",COVID-19-related misinformation among parents of patients with pediatric cancer
2-s2.0-85162270923,2021,INCLUDE,Facebook posts: nearly as many fact checkers as misinfo spreaders quantified,The battleground of COVID-19 vaccine misinformation on Facebook
2-s2.0-85216490326,2023,EXCLUDE,"16 qualitative interviews on encrypted-messaging propaganda, no quantitative prevalence",The political use of encrypted messaging applications: Evidence from southeast Asia
2-s2.0-85203317819,2024,INCLUDE,Sarcoidosis YouTube videos quality-scored; misinfo described qualitatively but content prevalence assessed,Is YouTube a sufficient source of information on Sarcoidosis?
2-s2.0-85116016376,2022,INCLUDE,"News diary 200 participants plus 1,259 TV items; information environment content analysis",(Mis)understanding the Coronavirus and How it Was Handled in the UK
2-s2.0-85124743811,2022,INCLUDE,Content analysis: very little misinformation distributed widely on Twitter (prevalence),#CoronaVirus and public health: the role of social media in sharing health information
2-s2.0-85161860034,2024,EXCLUDE,"472 tweets on message features and engagement, not misinfo prevalence",Liked and shared tweets during the pandemic: message features and (mis)information engagement
2-s2.0-85083063112,2022,INCLUDE,5.2M IRA tweets; disinfo engagement by racial/ideological group quantified (actor output),Black Trolls Matter: Racial and Ideological Asymmetries in Social Media Disinformation
2-s2.0-85147370906,2023,EXCLUDE,"Qualitative analysis of YouTube conspiracy comments/personae, no prevalence",Conspiracy Theories and White Supremacy on YouTube
2-s2.0-85191935676,2024,INCLUDE,"225 TikTok + 75 Instagram posts rated; majority 'poor' reliability, content prevalence",Assessing the Reliability of Facial Feminization Content on Social Media
2-s2.0-105034363924,2026,EXCLUDE,"Causal modeling framework (CITRUS) for engagement prediction; CS method, not prevalence",Estimating Online Influence Needs Causal Modeling!
2-s2.0-85078898054,2019,EXCLUDE,"Survey on news habits plus screenshot evaluation; hypothetical sharing, no observed prevalence",From syndication to misinformation: How undergraduate students engage with digital news
2-s2.0-85115804634,2021,EXCLUDE,"Survey on perceptions/trust from infodemic exposure, no misinfo prevalence quantified",Unmasking covid-19 vaccine infodemic in the social media
2-s2.0-105003994394,2025,EXCLUDE,"Latent profile analysis to detect misinfo channels; CS method, not prevalence",Profiling antivaccination channels in Telegram
2-s2.0-105031579088,2026,EXCLUDE,"Correction notice, non-empirical metadata only",Correction to: Elected officials' Online Sharing of Misinformation
2-s2.0-85219054979,2025,INCLUDE,"Misinformation present in 34% TikTok, 2% YouTube kidney-stone videos; content prevalence",An examination of the quality of kidney stone information on YouTube and TikTok
2-s2.0-85208421898,2024,EXCLUDE,"Case study of one disinfo example's echo-chamber diffusion, no prevalence denominator",The Reality and Feature Analysis of Information Diffusion in Japanese Disinformation Examples
2-s2.0-84922069042,2015,EXCLUDE,"Survey on attitudes toward video news releases ethics, not misinfo prevalence",Fake news? A survey on video news releases and journalistic ethics
2-s2.0-85165477052,2023,EXCLUDE,"Text mining of persuasion factors for science misinfo, no prevalence estimate",Research on influencing factors and governance of disinformation on science topics
2-s2.0-85169390039,2023,INCLUDE,Survey across four cities; frequency of COVID misinfo sharing/exposure quantified,Sharing misinformation: Facilitating the spread
2-s2.0-85099149423,2020,INCLUDE,100 top contents; misinfo/disinfo 13.5% of sample with higher engagement,COVID-19 in Brazil: An Analysis About the Consumption of Information on Social Networks
2-s2.0-85129840693,2022,EXCLUDE,"Analysis of conspiracy YouTube ad monetization/prevalence of ads, not misinfo exposure",Conspiracy Brokers: Understanding the Monetization of YouTube Conspiracy Theories
2-s2.0-84942914497,2015,MAYBE,Quantitative analysis of conspiracy content consumption (likes/comments) in Italian Facebook echo-chamber,Trend of narratives in the age of misinformation
2-s2.0-105021751013,2025,EXCLUDE,"Qualitative scroll-back/interviews on WhatsApp family misinfo, no quantitative prevalence",Studying Private Messaging Groups: Misinformation in WhatsApp Family Group Chats
2-s2.0-85185267639,2024,INCLUDE,44.7% of 510 nutrition Instagram posts inaccurate; content prevalence quantified,#Fail: quality and accuracy of nutrition information by Australian Instagram accounts
2-s2.0-105029581133,2026,INCLUDE,84 fluoride YouTube videos by stance; anti-fluoride reach/engagement quantified (content prevalence),Evaluating fluoride-related YouTube videos in Japan
2-s2.0-85186741013,2024,INCLUDE,"1000 headlines, 20K accuracy ratings, Facebook engagement compared misinfo vs mainstream",The distorting effects of producer strategies
2-s2.0-105038262595,2026,MAYBE,"121 depression TikToks quality-scored; low quality, misinfo share not quantified",The quality and reliability of short videos about depression on TikTok
2-s2.0-85192269147,2024,MAYBE,"11,198 channels checked for removal; disinfo reach reduction analyzed, prevalence share unclear",The impact of deplatforming the far right: YouTube and BitChute
2-s2.0-85093858698,2020,MAYBE,"1000 flu tweets content-analyzed; misinfo level/density varies, share not stated","Tweeting the #flushot: Beliefs, Barriers, and Threats"
2-s2.0-85117076889,2021,EXCLUDE,"Survey on impact/recall of fake news on belief, no exposure prevalence","Social media, fake news and fake covid-19 cures in Nigeria"
2-s2.0-85159189243,2023,EXCLUDE,"313,088 tweets topic modeling of conspiracy narratives, no prevalence denominator",A Dynamic Analysis of Conspiratorial Narratives on Twitter During the Pandemic
2-s2.0-105032156175,2026,EXCLUDE,"Online experiments on hypothetical sharing intentions, not observed prevalence",The Road to Misinformation May Be Paved with Good Intentions
2-s2.0-85108273495,2021,MAYBE,Abstract missing/placeholder; title suggests TikTok prostate-cancer misinfo content analysis,TikTok and prostate cancer: misinformation and quality of information
2-s2.0-85113822400,2021,EXCLUDE,"Viewpoint/discussion of benefits and harms of SNS for lupus, non-empirical",Systemic lupus erythematosus on social networking sites: Friends or foes?
2-s2.0-105002683371,2025,INCLUDE,356 misleading Danish Facebook posts; engagement (shares/comments/reactions) quantified,"Sharing, commenting, and reacting to Danish misinformation"
2-s2.0-105009025232,2024,EXCLUDE,"Corpus/qualitative analysis of pro-Russian Japanese actors' discourse, no prevalence",Russian State-Controlled Propaganda and its Proxies: Pro-Russian Political Actors in Japan
2-s2.0-105010583355,2025,INCLUDE,"317 misinfo stories, 4.7M posts; prevalence of misinfo by ballot policy quantified",Legislating Uncertainty: Election Policies and the Amplification of Misinformation
2-s2.0-85012906500,2018,EXCLUDE,"12,616 message-board posts on stock manipulation; behavior patterns, no misinfo prevalence",Rumours built on quicksand: message board postings in equity markets
2-s2.0-85065905229,2019,INCLUDE,"Inaccurate/misleading prevalence: 7/10 prostate, etc; shares quantified (content + sharing)",'Fake News' in urology: evaluating accuracy of articles shared on social media
2-s2.0-85174805532,2025,EXCLUDE,"Systematic literature review of fake-news determinants, non-empirical prevalence",Determinants of fake news diffusion on social media: a systematic literature review
2-s2.0-85175105353,2023,INCLUDE,117M tweets; casual users less likely to share misinfo links (sharing prevalence),The Casual Observer: Low-Activity Twitter Users as Arbiters of (Mis)Information
2-s2.0-85189142904,2024,INCLUDE,326 thyroid-cancer YouTube videos; proportion endorsing/misinfo quantified (content prevalence),Contents analysis of thyroid cancer-related information on YouTube in Korea
2-s2.0-85087154392,2021,EXCLUDE,"Compares retweet networks of true vs misinfo Zika; structural metrics, no prevalence share",Effects of Information Veracity and Message Frames on Information Dissemination: Zika
2-s2.0-85098937862,2020,EXCLUDE,"ML model predicting users reposting unreliable sources; CS method, not prevalence",Identifying Twitter users who repost unreliable news sources with linguistic information
2-s2.0-85115676792,2021,EXCLUDE,Framework/typology of API disinformation pathways; no prevalence estimate,How does fake news spread? Understanding pathways of disinformation spread through APIs
2-s2.0-85177471938,2023,INCLUDE,"Analyzes 58,625 articles from 460 unreliable sources; content/source-level prevalence over time",Trend analysis of COVID-19 mis/disinformation narratives–A 3-year study
2-s2.0-85136917439,2023,INCLUDE,3.5M tweets; conservative media/influencers amplified misinformation more; actor-level prevalence,Network Amplification of Politicized Information and Misinformation about COVID-19 by Conservative Media and Partisan Influencers on Twitter
2-s2.0-85169122599,2023,EXCLUDE,Discourse/case-study analysis of fakeization; no quantitative prevalence estimate,"Fake and Post-Truth News in the Information Agenda in the Context of the First ""Wave"" of the Coronavirus Pandemic (COVID-19)"
2-s2.0-105011342295,2025,INCLUDE,"100 TikTok videos; quality assessment, NHPs spread misinformation; content-level prevalence",Evaluating the Quality of TikTok Videos on Vitiligo: A Cross-Sectional Study
2-s2.0-105040108180,2026,INCLUDE,100 TikTok videos viewed ~46M times; 2% evidence-based; content prevalence + reach,A Descriptive Content Analysis of Weight Loss Injectables on UK TikTok
2-s2.0-105010709097,2025,MAYBE,Examines far-right sharing of legacy news; topic selection; unclear quantitative misinfo share,Misinformation is not about bad facts: an analysis of the production and consumption of fringe content
2-s2.0-85190817518,2024,INCLUDE,411 Reddit comments; 36% inaccurate/misleading; content-level prevalence,Medical Accuracy of Reddit in Patient Discussions of Prospective Ocular Stem Cell Therapies for Retinal Degenerative Diseases
2-s2.0-85214383250,2025,MAYBE,"36.9M tweets from disinfo-closed accounts; theoretical focus, prevalence share unclear",Polarization and Disinformation in the Context of the Letter Revolution in Türkiye: Analyzing the Dynamics of X
2-s2.0-105009619554,2025,INCLUDE,100 TikTok videos; 55% of ADHD characteristics misaligned with DSM-5; content prevalence,Exploring concept creep: Youth's portrayal of ADHD on TikTok
2-s2.0-105037111223,2026,INCLUDE,306 TikTok posts; 42% of educational posts inaccurate; content prevalence + views,Evaluating TikTok Content on Gestational Diabetes Screening: Accuracy and Impact
2-s2.0-85218959905,2025,INCLUDE,150 Instagram posts; 84% non-factual; content-level prevalence of misinformation,Instagram and Aesthetic Dentistry: A Study of Content and Engagement Among Arabic Posts Related to Dental Smile
2-s2.0-85087890019,2020,EXCLUDE,Narrative essay on media/rumours role in COVID; no quantitative measurement,COVID-19 – rumours and facts in media
2-s2.0-85066887935,2019,MAYBE,130 WhatsApp groups; typology of junk-news links; quantitative share unclear,A study of misinformation in whatsapp groups with a focus on the brazilian presidential elections
2-s2.0-86000209909,2025,EXCLUDE,Book chapter; typology and case examples of fake news; no prevalence estimate,Information Disorder and Fake News in Vietnam: The Endless Combat
2-s2.0-105036321479,2026,MAYBE,"76 videos; qualitative thematic analysis, sentiment %; no clear misinfo-prevalence metric",Representation of Topical Corticosteroid Withdrawal and Steroid Phobia on TikTok and YouTube Shorts: A Mixed-Methods Content Analysis
2-s2.0-85087944352,2020,EXCLUDE,Commentary/editorial on vaccine misinformation on YouTube; no empirical estimate,Spread of vaccine hesitancy in France: What about YouTube™?
2-s2.0-85044312907,2018,MAYBE,"Case study of fake news dissemination India; abstract truncated, design unclear",Dynamics of fake news dissemination: A case study in the Indian context
2-s2.0-105041406388,2026,INCLUDE,"~5,220 X posts; misinformation ~7% of posts with disproportionate reach","Awareness, discussion, and understanding of interventional radiology Procedures among non-interventional radiology medical providers on X: A social media infodemiology study"
2-s2.0-85070399362,2019,EXCLUDE,"Studies comment moderation likelihood; about moderation, not misinfo prevalence/exposure",Bias misperceived: The role of partisanship and misinformation in YouTube comment moderation
2-s2.0-105012550022,2025,INCLUDE,200 videos TikTok/Bilibili; low quality/reliability scores; content-level prevalence,Quality and Dissemination of Uterine Fibroid Health Information on TikTok and Bilibili: Cross-Sectional Study
2-s2.0-85197282689,2025,EXCLUDE,"Survey of moralization predicting sharing; self-report, not observed prevalence/exposure","Moralization of Rationality Can Stimulate Sharing of Hostile and False News on Social Media, but Intellectual Humility Inhibits it"
2-s2.0-85106703963,2021,INCLUDE,"66 publications, 92 fake news from health ministry portal; categorized prevalence",Fake News on Coronavirus in the Context of the COVID-19 Pandemic: A Documentary Analysis
2-s2.0-105037538871,2026,EXCLUDE,Theoretical framework on echo chamber dynamics; non-empirical,Echo chamber dynamics on social media
2-s2.0-85099231347,2021,EXCLUDE,Qualitative ethnography/interviews on Wikipedia/Twitter info-sharing; no prevalence estimate,Construction and dissemination of information veracity on French social media during crises: Comparison of Twitter and Wikipedia
2-s2.0-85214938393,2025,INCLUDE,79 YouTube videos; degree of misinformation assessed; content-level prevalence,"Evaluating quality, understandability, and actionability of YouTube content for gender-affirming surgery"
2-s2.0-85210935923,2025,INCLUDE,"1,000 tweets; most did not contain misinformation; content-level prevalence reported","Exploring Sentiment, Values, and Misinformation Surrounding Vaccination Legislation on Twitter: A Case Study of California's Passage of SB277"
2-s2.0-85183995752,2024,MAYBE,"50 TikTok videos, >6000 comments sentiment-coded; misinfo prevalence metric unclear",Portrayal of mental health effects of isotretinoin on TikTok
2-s2.0-85152863988,2023,EXCLUDE,Echo chamber/selective-exposure network analysis; no misinfo prevalence estimate,Echo chamber effects on short video platforms
2-s2.0-85097932611,2021,EXCLUDE,Qualitative interviews (N=21) on perceived exposure; no quantitative prevalence,Young adult cancer caregivers' exposure to cancer misinformation on social media
2-s2.0-105014108895,2025,INCLUDE,520 Bolsonaro tweets; disinfo rose from 20% to 41%; actor-level prevalence,CONTENT ANALYSIS OF POLITICAL DISINFORMATION SPREAD BY JAIR BOLSONARO ON TWITTER/X
2-s2.0-85121019757,2021,INCLUDE,Estimates fake-news share in Facebook URLs dataset; censoring overstates by 4X,Research note: Examining potential bias in large-scale censored data
2-s2.0-85068706350,2019,EXCLUDE,Systematic literature map of research types; no prevalence/exposure estimate,Online misinformation spread: A systematic literature map
2-s2.0-85128353484,2022,INCLUDE,255 fact checks analyzed; COVID fakes ~quarter of all hoaxes; content prevalence,Disinformation in Spain one year after COVID-19. Analysis of the Newtral and Maldita verifications
2-s2.0-85176440604,2023,EXCLUDE,Content analysis of misinformation accusations/discourse; not prevalence of misinfo itself,Twitter Misinformation Discourses About Vaping: Systematic Content Analysis
2-s2.0-105009525075,2025,INCLUDE,Facebook 2017-2022 across EU27+UK; misinformation exposure by demographics/time,"Beyond engagement: demographic, temporal, and topic variation in misinformation exposure on Facebook across European media systemic regions"
2-s2.0-85076617599,2019,EXCLUDE,"Online study rating likelihood of sharing; hypothetical, not observed reach","Spreading Disinformation on Facebook: Do Trust in Message Source, Risk Propensity, or Personality Affect the Organic Reach of ""Fake News""?"
2-s2.0-85213946980,2025,INCLUDE,87 websites; 83% exaggerated/false advertising; content-level prevalence,Quality Assessment of Medical Institutions' Websites Regarding Prescription Drug Misuse of Glucagon-Like Peptide-1 Receptor Agonists by Off-Label Use for Weight Loss: Website Evaluation Study
2-s2.0-105006694357,2025,MAYBE,120 information disorders coded for stereotypes; misinfo prevalence not the focus,Does Disinformation Toward Women Politicians Reflect Gender Stereotypes? Exploring the Role of Leaders' Political Orientations
2-s2.0-85188295128,2024,EXCLUDE,"Survey path analysis of exposure-misperception cycle; belief/misperception focus, not prevalence","Creating vicious information cycle: trust, exposure and misperception in online and offline information dynamics during health crises"
2-s2.0-85066894980,2019,EXCLUDE,Crowdsourced lab experiment on message distortion in cascades; not real-world prevalence,Message distortion in information cascades
2-s2.0-85152090023,2022,EXCLUDE,Evaluates tipline usefulness for discovering content; not misinfo prevalence/exposure,Research note: Tiplines to uncover misinformation on encrypted platforms: A case study of the 2019 Indian general election on WhatsApp
2-s2.0-85203974709,2024,MAYBE,"4,435 posts analyzed for Tatarophobia discourse; misinfo prevalence share unclear",Disinformation against Crimean Tatars in Russian Social Media: Communication Dynamics During the First Year of Russia's Full-Scale Invasion of Ukraine
2-s2.0-85119279408,2021,EXCLUDE,Methodological study of cascade structure controlling for size; not prevalence/exposure,Comparing information diffusion mechanisms by matching on cascade size
2-s2.0-40549143426,2008,EXCLUDE,Commentary on erroneous media reports; no misinfo prevalence measurement,Leukaemia incidence in Welsh children linked with low level radiation - Making sense of some erroneous results published in the media
2-s2.0-85124143940,2021,EXCLUDE,Bibliometric analysis of publication output; not misinfo prevalence on platforms,A BIBLIOMETRIC ANALYSIS ON THE DISSEMINATION OF COVID-19 VACCINE MISINFORMATION ON SOCIAL MEDIA
2-s2.0-105018319268,2025,INCLUDE,"TikTok seizure videos; mostly low-quality non-evidence content; >60M views, content prevalence","Flashing lights, fading facts. The problem of poor seizure education on Tiktok"
2-s2.0-85171456070,2023,EXCLUDE,"Studies misinformation accusations spread; about accusations, not misinfo prevalence",You are lying! How misinformation accusations spread on Twitter
2-s2.0-85060549676,2019,INCLUDE,Twitter voters; 1% had 80% of fake-news exposures; concentration estimate,Political science: Fake news on Twitter during the 2016 U.S. presidential election
2-s2.0-105017062540,2025,INCLUDE,"1,546 listings; 77.6% medical claims, 18.4% risk disclosure; content prevalence",Marketing a Banned Remedy: A Topic Model Analysis of Health Misinformation in Thai E-Commerce
2-s2.0-105037482660,2026,INCLUDE,"151 TikTok videos; quality/reliability scores, popularity paradox; content-level prevalence","Quality, reliability and engagement of aortic dissection-related health information on TikTok: a cross-sectional study from China"
2-s2.0-85218967782,2024,EXCLUDE,Studies dissemination of fact-checkers' content/engagement; not misinfo prevalence,WHEN FACT-CHECKS GO VIRAL: A CROSS-NATIONAL ANALYSIS OF THE DISSEMINATION OF EUROPEAN FACT-CHECKERS' CONTENT ON TWITTER
2-s2.0-85063871955,2019,EXCLUDE,"Theory/evidence review of TV news functions; non-empirical, no prevalence estimate",Television News Coverage of Public Health Issues and Implications for Public Health Policy and Practice
2-s2.0-85124393259,2021,EXCLUDE,"Analyzes behavior change after exposure; effects of exposure, not prevalence/concentration",Analyzing behavioral changes of Twitter users after exposure to misinformation
2-s2.0-105022772961,2025,MAYBE,YouTube algorithmic mapping of partisan/fake-news ecology; quantitative prevalence unclear,Fake news and the Dutch YouTube political debate space
2-s2.0-85126722910,2021,INCLUDE,Dataset of fact-checked statements; descriptive mapping of RRPP misinformation; actor-level prevalence,"If you cannot rule them, misinform them! Communication strategies of Italian radical right-wing populist parties during the pandemic"
2-s2.0-105032253077,2026,INCLUDE,"1.8M posts; misinformation 19.3% of posts, spread 2.4x faster; content prevalence",Digital misinformation and antimicrobial stewardship: cross-platform epidemiologic signals from a decade of online discourse (2015–2025)
2-s2.0-85068310876,2018,EXCLUDE,Social network analysis of anti-disinfo experts; not misinfo prevalence/exposure,The Battle for Truth: Mapping the Network of Information War Experts in the Czech Republic
2-s2.0-105008344019,2025,EXCLUDE,"Critical-discursive analysis of advertising/fake news; non-empirical, no prevalence","Social Media, Advertising, and Disinformation: A Transdisciplinary Analysis on Fake News and Its Advertising Use in Digital Consumer Culture"
2-s2.0-85164232026,2023,MAYBE,Methodological pipeline tracking local misinfo narratives; prevalence estimate unclear,Localizing COVID-19 Misinformation: A Case Study of Tracking Twitter Pandemic Narratives in Pennsylvania Using Computational Network Science
2-s2.0-86000198527,2025,EXCLUDE,Book chapter exploring causes/consequences/cures; no quantitative prevalence estimate,Fake News in Vietnam: The Bad and the Ugly
2-s2.0-85066917222,2019,EXCLUDE,Analytical/simulation model of ranking effects; not real-world misinfo prevalence,The few-get-richer: A surprising consequence of popularity-based rankings
2-s2.0-85132424786,2024,EXCLUDE,"Conceptual paper on astroturfing problems; non-empirical, no prevalence estimate",Online astroturfing: A problem beyond disinformation
2-s2.0-85084947770,2020,INCLUDE,"YouTube vaccine videos; 19.98% anti-vaccine, recommendation shares; content-level prevalence",Examining algorithmic biases in YouTube's recommendations of vaccine videos
2-s2.0-105022767858,2025,INCLUDE,Twitter Dutch elections; spread/prominence of junk news sources analyzed; source prevalence,The circulation of political news on Twitter during the Dutch elections
2-s2.0-105009085931,2025,INCLUDE,"279 tweets; one-third very low quality, 45.2% low reliability; content prevalence",Evaluation of consumer health information about monkeypox on X (formerly Twitter)
2-s2.0-85172171076,2023,EXCLUDE,"Measures website monetization strategies; about monetization, not misinfo prevalence/exposure",Measuring the monetization strategies of websites with application to pro- and anti-vaccine communities
2-s2.0-105031107861,2026,INCLUDE,150 YouTube videos; accuracy scores by source; content-level prevalence,"YouTube as an Educational Source for Pediatric Orthodontic Treatments: A Comparative Study of Clear Aligners, Fixed Braces, and Lingual Braces"
2-s2.0-85109032188,2021,INCLUDE,Climate Twitter; disbelievers near-exclusive sharers of fake-news sources; sharing prevalence,Mainstream Consensus and the Expansive Fringe: Characterizing the Polarized Information Ecosystems of Online Climate Change Discourse
2-s2.0-105018957562,2026,EXCLUDE,"Two experiments simulating selective exposure; lab/hypothetical sharing, not observed prevalence",Predictors of partisan news selection and political misinformation sharing
2-s2.0-85141753781,2022,INCLUDE,"Facebook groups; hate spreaders 3x faster, most-shared links mostly misinformation; sharing prevalence",Rapid Sharing of Islamophobic Hate on Facebook: The Case of the Tablighi Jamaat Controversy
2-s2.0-85206592730,2024,EXCLUDE,"Detection-system development for troll accounts; CS method, not human prevalence",Unraveling the Web of Disinformation: Exploring the Larger Context of State-Sponsored Influence Campaigns on Twitter
2-s2.0-105026707050,2025,INCLUDE,"Systematic review; 82% of studies report misinfo prevalence, 64% reach metric",Physical Activity Misinformation on Social Media: Systematic Review
2-s2.0-85130543975,2022,MAYBE,Protocol for content analysis comparing communities; prevalence to be measured later,Misinformation in Italian Online Mental Health Communities During the COVID-19 Pandemic: Protocol for a Content Analysis Study
2-s2.0-86000216052,2025,EXCLUDE,Book chapter on perceptions/belief in fake news; no prevalence estimate,Perspectives from the Great Steppe: Kazakhstan in the Era of Fake News
2-s2.0-85099979571,2021,INCLUDE,"Systematic review; 69 studies, misinfo reached 87%, vaccines 43%; prevalence synthesis",Prevalence of health misinformation on social media: Systematic review
2-s2.0-85066890748,2019,EXCLUDE,"Talk/abstract reviewing detection approaches; non-empirical, no prevalence estimate",Misinformation dissemination on the web
2-s2.0-105019533649,2025,INCLUDE,642 users; 5.9% Facebook exposure vs 2.6% off-platform misinfo; exposure/consumption estimate,A Comparative Study of News Exposure and Consumption On and Off Facebook
2-s2.0-85181752010,2024,INCLUDE,298 TikTok videos; 23% had incorrect/misleading info; content-level prevalence,Endometriosis on TikTok: Evaluating social media misinformation and the role of healthcare professionals
2-s2.0-85067111993,2019,EXCLUDE,NLP study of philanthropy-misinfo network integration; not prevalence/exposure of misinfo,The growth of climate change misinformation in US philanthropy: Evidence from natural language processing
2-s2.0-85120303469,2021,EXCLUDE,Qualitative interviews (N=8) on migrant info behaviour; no quantitative prevalence,"""the journey will be relaxed. You will watch television. Just like a VIP"": Misinformation, secrecy, and the information behaviour of repatriated migrants in Bangladesh"
2-s2.0-85128702672,2022,EXCLUDE,"Machine-learning detection of health misinformation; CS method, not human prevalence",Assessing health misinformation in online content
2-s2.0-85085561341,2020,EXCLUDE,"Fake-news detection models/algorithms accuracy; CS method, not prevalence",Reliability of News
2-s2.0-85144917546,2022,MAYBE,Twitter conspiracy cascades; correlation among theories; misinfo prevalence share unclear,"Mixed analysis of user activity, content and networks: Twitter's information cascades on conspiratorial pandemics"
2-s2.0-85109001077,2021,INCLUDE,Traffic analysis of fake-news sites vs real news; user-traffic/reach estimate,The Rise and Fall of Fake News sites: A Traffic Analysis
2-s2.0-85206567083,2024,EXCLUDE,"Case study of AI-generated profile images; detection/characterization, not misinfo prevalence",AI-Generated Faces in the Real World: A Large-Scale Case Study of Twitter Profile Images
2-s2.0-85147952898,2022,EXCLUDE,Text analytics/sentiment of vaccine subreddit; no misinfo prevalence estimate,Text analytics of vaccine myths on reddit
2-s2.0-105007428016,2025,EXCLUDE,Topic modeling spatial distribution of COVID topics; not misinfo prevalence estimate,SPATIAL DISTRIBUTION of SOCIAL MEDIA TOPICS REGARDING COVID-19 and RELATED PUBLIC HEALTH POLICIES
2-s2.0-85093504656,2021,INCLUDE,"385 websites; 44.7% imprecise content, higher interactions; content-level prevalence","""Fake news"" in dermatology. Results from an observational, cross-sectional study"
2-s2.0-105041764967,2026,INCLUDE,~232 videos across 3 platforms; quality/reliability scores; content-level prevalence,"Reliable, neutral, and comprehensive, or their antithesis? A cross-sectional analysis of electroconvulsive therapy-related video quality across TikTok, BiliBili, and YouTube"
2-s2.0-85159586273,2022,EXCLUDE,"Analyzes IRA tweet features linked to engagement; message attributes, not prevalence",Do I sound American? How message attributes of Internet Research Agency (IRA) disinformation relate to Twitter engagement
2-s2.0-85175555058,2023,EXCLUDE,"Survey of misinfo exposure predicting beliefs/avoidance; belief-focus, not prevalence estimate","Exploring COVID-19 Vaccine Misinformation Exposure, Beliefs, Fear, and Information Avoidance via the Stimulus–Organism–Response Framework"
2-s2.0-85176933631,2024,MAYBE,Surveys penetration of Russian disinfo across 3 countries; susceptibility/belief vs exposure unclear,"The penetration of Russian disinformation related to the war in Ukraine: Evidence from Poland, the Czech Republic and Slovakia"
2-s2.0-85212049380,2024,INCLUDE,"1,415 fact-checks of Spanish parties; disinfo by party/ideology; actor-level prevalence","Politics, ideology, populism and disinformation. Fact-checking Spanish parties' political communication"
2-s2.0-85103688364,2020,MAYBE,"WhatsApp Pakistan COVID messages annotated; categories of misinfo, prevalence share unclear",A First Look at COVID-19 Messages on WhatsApp in Pakistan
2-s2.0-105029878959,2026,EXCLUDE,"Survey of media consumption/trust; about radio dominance, not misinfo prevalence",Radio Still Leads; Others Follow: Media Consumption Patterns of Liberians in the Epicentre
2-s2.0-85101871838,2021,INCLUDE,"Survey 35 countries; prevalence of COVID misinformation, negatively correlated with GDP",Prevalence of misinformation and factchecks on the COVID-19 pandemic in 35 countries: Observational infodemiology study
2-s2.0-85111318777,2021,INCLUDE,161 racist/xenophobic fake news pieces; content analysis of formats/characteristics; content prevalence,"Multimodal Disinformation about Otherness on the Internet. The Spread of Racist, Xenophobic and Islamophobic Fake News in 2020*"
2-s2.0-85201917416,2024,INCLUDE,"160,000+ tweets; nudge reduced news sharing by slant; observed sharing/web-traffic data",SHARING NEWS LEFT AND RIGHT: FRICTIONS AND MISINFORMATION ON TWITTER
2-s2.0-85191481583,2023,INCLUDE,"Czech antisemitic websites 1999-2022; longer lifespan, larger audiences; audience/reach estimate","Analysis of Antisemitic Trends in Czech Websites between 1999 and 2022. Ideological Background, Geolocation, Transparency, and Attitudes on the Russian-Ukrainian War Authors"
2-s2.0-85092376138,2021,EXCLUDE,"Quality-scoring of 30 YouTube videos (DISCERN), not population exposure/prevalence",A Cross-Sectional Study Analyzing the Quality of YouTube Videos as a Source of Patient Education for Treatments on Psoriasis
2-s2.0-85116572873,2021,EXCLUDE,Pilot content analysis of 64 Reddit posts; no misinfo prevalence denominator,Peer-To-Peer Social Media Communication about Dietary Supplements Used for Weight Loss and Sports Performance among Military Personnel: Pilot Content Analysis of 11 Years of Posts on Reddit
2-s2.0-105002155467,2025,INCLUDE,Panel N=140k tracking browsing; quantifies exposure to unreliable content in news diets,The puzzle of misinformation: Exposure to unreliable content in the United States is higher among the better informed
2-s2.0-85163602629,2023,MAYBE,Estimates spread of Russian govt narratives across 149k tweets; actor-level prevalence unclear,In the Spotlight: The Russian Government's Use of Official Twitter Accounts to Influence Discussions About its War in Ukraine
2-s2.0-85128580060,2022,EXCLUDE,"Mathematical stiffness-ratio diffusion model of fake news, not empirical prevalence",Stiffness Ratio and the Diffusion of Fake News
2-s2.0-85186439602,2023,INCLUDE,"Content analysis of 729 debunked hoaxes; reports topic/actor shares (40.7%, 37.2%)",Patterns and Actors of Disinformation: Analysis of Debunked Hoaxes in Spain in 2022
2-s2.0-85099376841,2021,EXCLUDE,"Sentiment analysis of vaccine tweets (positive/negative), not misinformation prevalence",Vaccine hesitancy on social media: Sentiment analysis from June 2011 to April 2019
2-s2.0-85145359941,2022,MAYBE,Content analysis of Arabic antivax hashtags; topic shares but unclear misinfo denominator,Investigation of COVID-19 Misinformation in Arabic on Twitter: Content Analysis
2-s2.0-105031374111,2026,EXCLUDE,"Quality-scoring of 237 GGN videos (GQS/DISCERN), not population misinfo prevalence",Quality and reliability of ground-glass nodule-related short Chinese videos on TikTok and Bilibili: a cross-sectional content analysis
2-s2.0-85076344476,2019,EXCLUDE,Echo-chamber spreading model on impeachment tweets; no misinfo prevalence estimate,Quantifying echo chamber effects in information spreading over political communication networks
2-s2.0-85054205007,2018,EXCLUDE,"Content analysis of 117 Facebook comments sentiment/themes, not misinfo prevalence",User-driven comments on a facebook advertisement recruiting canadian parents in a study on immunization: Content analysis
2-s2.0-85186467273,2025,INCLUDE,238 WhatsApp messages; nearly half partly/entirely inaccurate (content-level facticity share),Content tracing: examining fact-checking via a WhatsApp group during the COVID-19 pandemic
2-s2.0-105032691304,2026,INCLUDE,103 Instagram posts; 23.3% misinformation; engagement/profitability by accuracy (content-level),Misinformation and Profitability of Hepatitis B Virus Claims on Instagram: Formative Cross-Sectional Study
2-s2.0-85180125077,2023,EXCLUDE,"Systematic literature review on misinfo/digital economy, non-empirical synthesis",The rapid spread of online misinformation and its impact on the digital economy
2-s2.0-85191807094,2024,INCLUDE,99 YouTube videos; 61% little/no misinfo (content-level prevalence share),Characterization of the dissemination of canine cancer misinformation on YouTube
2-s2.0-85028727341,2017,INCLUDE,"1,984 vaccine videos; 65.02% anti-vaccine (content-level prevalence share)",Examining sentiments and popularity of pro-and anti-vaccination videos on youtube
2-s2.0-85117897543,2021,EXCLUDE,"Credibility-perception surveys (MTurk), no exposure/prevalence estimate",Credibility of scientific information on social media: Variation by platform
2-s2.0-85150280585,2023,MAYBE,Bot influence on vaccine discussions; abstract lacks quantitative prevalence figures,Learning from Machines? Social Bots Influence on COVID-19 Vaccination-Related Discussions: 2021 in Review
2-s2.0-85090999469,2021,INCLUDE,"584 WhatsApp hoaxes characterized; format/source shares (texts 39%, videos 30%)",Exploratory study of the hoaxes spread via WhatsApp in Spain to prevent and/or cure COVID-19
2-s2.0-85139945461,2022,EXCLUDE,"Qualitative analysis of vaccine-critical Facebook activity, no prevalence estimate",Communication Is Not a Virus: COVID-19 Vaccine-Critical Activity on Facebook and Implications for the 'Infodemic' Concept
2-s2.0-105022420231,2025,EXCLUDE,"Conceptual argument on algorithmic auditing/electoral integrity, non-empirical",Algorithmic Auditing in the Age of Disinformation: An Analysis of Electoral Integrity Challenges in Eastern Europe
2-s2.0-105040515047,2026,MAYBE,"Multilingual dataset of hyperpartisan/conspiratorial narratives; CS dataset paper, prevalence unclear",PARTISANLENS: A Multilingual Dataset of Hyperpartisan and Conspiratorial Immigration Narratives in European Media
2-s2.0-85089119559,2020,EXCLUDE,"Accuracy/misinfo of smart-assistant responses to 10 questions, not population prevalence",Evaluating smart assistant responses for accuracy and misinformation regarding human papillomavirus vaccination: Content analysis study
2-s2.0-85168493955,2023,EXCLUDE,"Belief/agreement with misinfo (61.8% agreed), no exposure/consumption estimate",Misinformation about COVID-19 among middle-aged and older migrants residing in Brazil and Portugal
2-s2.0-105007986232,2025,INCLUDE,"10,997 posts; 16.2% negative vaccine sentiment (content-level prevalence share)",Negative vaccine sentiments on South African social media platforms before the COVID-19 pandemic: a mixed methods study
2-s2.0-85129092713,2022,INCLUDE,436 tweets; misinformation 56% of content (content-level prevalence share),Spread of COVID-19 Vaccine Misinformation in the Ninth Inning: Retrospective Observational Infodemic Study
2-s2.0-85143591213,2022,EXCLUDE,"Lab experiment on hypothetical blocking responses to misinfo, not real exposure",Partisan Blocking: Biased Responses to Shared Misinformation Contribute to Network Polarization on Social Media
2-s2.0-105023389844,2025,EXCLUDE,"Systematic review on populism/engagement, non-empirical synthesis",Like
2-s2.0-85175072520,2023,EXCLUDE,"Rhetorical/semiotic analysis of far-right ads, no prevalence measurement",Desinformation and polarisation in far-right political advertising in Spain and Portugal
2-s2.0-85095416718,2020,EXCLUDE,"Online experiment on fake-news virality potential, hypothetical not observed",Does fake news lead to more engaging effects on social media? Evidence from Romania
2-s2.0-85140069852,2020,EXCLUDE,"Conference panel proposal on informal networks, non-empirical",My favorite unreliable source? Information sharing and acquisition through informal networks
2-s2.0-85055079422,2018,INCLUDE,"2,691 tweets; ~30% misinformation, diffusion characteristics (content-level prevalence)",Nature and diffusion of gynecologic cancer-related misinformation on social media: Analysis of tweets
2-s2.0-85102439368,2021,MAYBE,"Behavioral analysis of antivax Twitter; influencer concentration mentioned, quantitative shares unclear",The anti-vaccination infodemic on social media: A behavioral analysis
2-s2.0-85207121279,2026,EXCLUDE,"Theoretical argument on political actors/journalists spreading disinfo, non-empirical",'Big Lies': understanding the role of political actors and mainstream journalists in the spread of disinformation
2-s2.0-85106601383,2021,EXCLUDE,"Content analysis of anti-vax argument categories, no misinfo prevalence denominator",What arguments against COVID-19 vaccines run on facebook in poland: Content analysis of comments
2-s2.0-85190235203,2024,INCLUDE,Content analysis of 76 fact-check publications; hoax typology/topic shares,Comparative analysis on the disinformation regarding the death of queen Elizabeth II in Europe
2-s2.0-85130058782,2022,EXCLUDE,"Cross-platform case study of Soros conspiracy campaign, qualitative no prevalence",We love to hate George Soros: A cross-platform analysis of the Globalism conspiracy theory campaign in Brazil
2-s2.0-105021770244,2025,EXCLUDE,"Conceptual study on detecting paid posters/misinfo, not human prevalence",Beyond the Facade: Misinformation on the Internet and Identification of Paid Posters on Social Media
2-s2.0-85173884944,2023,EXCLUDE,"Linguistic corpus analysis distinguishing fake/real news features, not prevalence",The words that make fake stories go viral: A corpus-based approach to analyzing Russian Covid-19 disinformation
2-s2.0-105014894689,2025,EXCLUDE,"Quality-scoring of 83 TikTok videos (GQS/DISCERN), not misinfo prevalence",Recurrent aphthous stomatitis information on TikTok: satisfactory or substandard?
2-s2.0-105029371369,2026,INCLUDE,Observational; quantifies exposure to antivaccine content across US counties and effects,Effects of antivaccine tweets on COVID-19 vaccinations
2-s2.0-105031941717,2026,EXCLUDE,"Quality-scoring of 100 glaucoma videos (GQS/DISCERN), not misinfo prevalence",Quality and reliability of glaucoma-related online Chinese videos on Douyin and Bilibili: Cross-sectional content analysis study
2-s2.0-105016696231,2026,EXCLUDE,"Systematic review on wellness misinfo via social cognitive theory, non-empirical synthesis",Wellness Misinformation on Social Media: A Systematic Review Using Social Cognitive Theory
2-s2.0-47749113658,2008,EXCLUDE,"Rhetorical essay on news parody after 9/11, non-empirical off-topic",Comedy in unfunny times: News parody and carnival after 9/11
2-s2.0-85192970784,2024,EXCLUDE,"Survey on knowledge gaps and self-reported engagement with misinfo, not observed exposure",Knowledge is Power…to misinform: Examining how knowledge gaps affect engagement with COVID-19 misinformation
2-s2.0-105025453005,2025,INCLUDE,Platform-level data: harmful content produced by 3-7% of users (concentration estimate),Americans overestimate how many social media users post harmful content
2-s2.0-105040094108,2026,INCLUDE,"7M+ news users; quantifies reach/engagement with fact-checkers, concentration among heavy users",Partisan news users in the United States and India on either side seldom use fact checkers
2-s2.0-105033619012,2026,EXCLUDE,"Proposes engagement-effectiveness metric for disinfo campaigns, methodology not prevalence",Quantifying the engagement effectiveness of cyber cognitive attacks: a behavioral metric for disinformation campaigns
2-s2.0-85174515857,2023,EXCLUDE,"Survey on ability to identify misinfo (susceptibility), no exposure/consumption estimate",COVID-19 vaccine-related misinformation identification among Chinese residents during a regional outbreak
2-s2.0-85111275467,2021,INCLUDE,~500k tweets; tracks share of problematic vs quality vaccine sources over time,The Impact of the Politicization of Health on Online Misinformation and Quality Information on Vaccines
2-s2.0-0039572420,1998,EXCLUDE,"Lab experiment on advertising misinformation effect on memory, off-topic",Advertising's Misinformation Effect
2-s2.0-85102907678,2021,INCLUDE,208 GoFundMe campaigns; 82.2% made definitive efficacy claims (content-level prevalence),Crowdfunding Campaigns and COVID-19 Misinformation
2-s2.0-105004460836,2025,EXCLUDE,"Evaluates accuracy of urticaria images on Google, not misinfo population prevalence",Can urticaria images found on the internet be a source of health information?
2-s2.0-85151688323,2022,EXCLUDE,"Methodology paper on topic-resilience news-spread analysis, not misinfo prevalence",On the Analysis of Information Resilience and the Spread of News
2-s2.0-85045645851,2018,EXCLUDE,"Compliance analysis of OTC drug ads, off-topic not misinformation",Evaluation of over-the-counter medicines' advertising in community pharmacies in the city of Niterói (RJ
2-s2.0-105028607759,2025,INCLUDE,"207 TikTok videos; 71% decontextualized, 34% disinfo vectors are scientists/journalists",Climate Disinformation on TikTok in Brazil: Science and Epistemic Authorities in Conflict
2-s2.0-85213174683,2025,EXCLUDE,"Book chapter reviewing scope/effects of vaccine misinfo, non-empirical synthesis",The scope and effects of vaccine misinformation on social media
2-s2.0-42649109723,2008,EXCLUDE,"Systematic review of a health myth in literature/press, no exposure prevalence",The information trail of the 'Freshman 15' - A systematic review of a health myth within the research and popular literature
2-s2.0-85090475885,2021,EXCLUDE,"Geospatial correlation of misinfo tweets with poison calls, effect not prevalence",Geospatial correlation between COVID-19 health misinformation and poisoning with household cleaners in the Greater Boston Area
2-s2.0-85199329828,2024,MAYBE,Abstract truncated/vague on infectious-disease social media presentation; ambiguous design,Presentation of infectious diseases on social media
2-s2.0-85124743017,2022,EXCLUDE,"Survey on perceptions of misinfo and media trust/consumption, perception not exposure",Whom to trust? Media exposure patterns of citizens with perceptions of misinformation and disinformation related to the news media
2-s2.0-85132393120,2022,EXCLUDE,"Literature review on fake news/post-truth mechanisms, non-empirical synthesis",Fake News and Post-Truth: Relationship with Social Networks and Reliability of Content
2-s2.0-105041214640,2026,EXCLUDE,"Systematic review of false-news sharing behavior factors, non-empirical synthesis",False News Sharing Behavior on Social Media: A Systematic Review of User-Centered Perspectives
2-s2.0-85112802146,2021,EXCLUDE,"CS algorithm uncovering malicious URL redirection from fake-news domains, detection method",Discovering and Measuring Malicious URL Redirection Campaigns from Fake News Domains
2-s2.0-105018276467,2025,INCLUDE,N=1850 survey; 68.8% reported at least occasional exposure to fake news on SNS,Exposure to fake news on social media
2-s2.0-105026391330,2026,EXCLUDE,"Topic/frame analysis of RT Deutsch gendered disinfo content, no prevalence estimate",Russian disinformation hijacking gender cleavages: anti-gender frames on RT as a gateway for illiberal propaganda
2-s2.0-105028238813,2025,EXCLUDE,"Book chapter on social media and conspiracy theories, non-empirical synthesis",The role of social media in the spread of conspiracy theories
2-s2.0-85106137737,2020,MAYBE,"Tracks Ibuprofen misinfo story across 5 countries; abstract truncated, prevalence unclear",Ibuprofen Narratives in Five European Countries During the COVID-19 Pandemic
2-s2.0-85193311891,2024,EXCLUDE,"19 interviews on Muslims' experience of misinfo, qualitative impact not prevalence",Targets of Weaponized Islamophobia: The Impact of Misinformation on the Online Practices of Muslims in the United States
2-s2.0-85205272806,2024,MAYBE,"Topic modeling of 868 misinfo publications; meta-research, not exposure prevalence but content themes",A pandemic of COVID-19 mis- and disinformation: manual and automatic topic analysis of the literature
2-s2.0-85151076269,2024,INCLUDE,Content analysis of 197 fact-checks; disseminator/source/topic shares (content-level),Who is who in fact-checked conspiracy theories? Disseminators
2-s2.0-105003761948,2025,EXCLUDE,"13 expert interviews on disinfo dynamics in Portugal, qualitative no prevalence",Disinformation Dynamics and Regulation in Portugal: Insights from a Qualitative Study
2-s2.0-85169366881,2023,INCLUDE,Web survey four cities; patterns/predictors of exposure to COVID misinfo on social media,Exposure to misinformation: Patterns and predictors
2-s2.0-85125338607,2021,MAYBE,"12,000 tweets analyzed for misinfo topics/sentiment; classifier focus, prevalence share unclear",Characterizing the Online Discourse in Twitter: Users' Reaction to Misinformation around COVID-19 in Twitter
2-s2.0-85141364917,2023,EXCLUDE,"Content analysis of 4564 TikTok comments themes, no misinfo prevalence denominator",Filipinos' COVID-19 vaccine hesitancy comments in TikTok videos: A manifest content analysis
2-s2.0-85132129630,2022,EXCLUDE,"Analyzes 5736 fact-checker posts' engagement/reactions, not misinfo prevalence",The Ibero-American fact-checkers facing the COVID-19. Analysis of activity on Facebook
2-s2.0-85090259010,2020,MAYBE,"Analyzes fake-news creators/channels/effects in Korean election; qualitative, prevalence estimate unclear",Analysis of fake news in the 2017 korean presidential election
2-s2.0-85178199436,2025,INCLUDE,"107k hard-news/misinfo pages visited by panel of 1,238 adults; exposure measure",Quantifying the Systematic Bias in the Accessibility and Inaccessibility of Web Scraping Content From URL-Logged Web-Browsing Digital Trace Data
2-s2.0-105032541625,2026,INCLUDE,"71,003 retweet comments on 136 conspiracy tweets; dissemination prevalence varies by theme",Opposing Yet Still Disseminating Conspiracy Theories: A Mixed-Methods Analysis of Motivations Behind the Dissemination of Conspiracy Theories Online
2-s2.0-85097414955,2020,EXCLUDE,"100 YouTube videos coded for content/views, no misinfo prevalence share",YouTube coverage of COVID-19 vaccine development: implications for awareness and uptake
2-s2.0-85028673652,2017,MAYBE,"109,400 Ebola stories; engagement analysis, misinfo prevalence share not quantified",Digital Health Communication and Global Public Influence: A Study of the Ebola Epidemic
2-s2.0-85184002073,2024,EXCLUDE,"ML model predicting fake-news virality, classification method not human prevalence",Predicting the virality of fake news at the early stage of dissemination
2-s2.0-105005154685,2025,INCLUDE,~25% of HPV tweets misinformation; engagement higher than accurate (content-level prevalence),Types of HPV Vaccine Misinformation Circulating on Twitter (X) That Parents Find Most Concerning: Insights From a Cross-Sectional Survey and Content Analysis
2-s2.0-85099263653,2021,INCLUDE,Network exposure study; quantifies likelihood of encountering antivaccine videos via YouTube recommendations,"\""Down the rabbit hole\"" of vaccine misinformation on youtube: Network exposure study"
2-s2.0-85098752513,2021,EXCLUDE,"Analyzes distance effects on misinfo sharing behavior, not prevalence/volume estimate",Misinformation Sharing on Twitter during Zika: An Investigation of the Effect of Threat and Distance
2-s2.0-85175830169,2023,EXCLUDE,"Sentiment/emotion analysis of breastfeeding tweets, not misinformation prevalence",Twitter discussions on breastfeeding during the COVID-19 pandemic
2-s2.0-85215553027,2026,MAYBE,"16,700 tweets; anti-Ukrainian narratives 'frequently spread disinfo' but no prevalence share quantified",The good
2-s2.0-85061894253,2018,EXCLUDE,"Typology/causes essay on Chinese fake news, non-empirical commentary",The study of a journalism which is almost 99% fake
2-s2.0-85116365351,2021,EXCLUDE,"Survey on belief/agreement with COVID misconceptions (44-51%), not exposure prevalence",Impact of the COVID 19 Infodemic on Knowledge
2-s2.0-85197543520,2024,EXCLUDE,"Quality-scoring of 166 TikTok videos (DISCERN/PEMAT), not misinfo prevalence","\""Does My Kid Have an Ear Infection?\"" An Analysis of Pediatric Acute Otitis Media Videos on TikTok"
2-s2.0-85133563546,2024,EXCLUDE,"Analyzes emotional framing/engagement in conspiracy videos, not prevalence estimate",The use of emotions in conspiracy and debunking videos to engage publics on YouTube
2-s2.0-85198226808,2024,EXCLUDE,"Tests students' ability to recognize misinfo (susceptibility), not exposure prevalence",Misinformation as a Security Threat: Recognition of Misinformation in Student Population
2-s2.0-105012306479,2025,EXCLUDE,"Qualitative case study of disinfo patterns in Indonesian election, no prevalence estimate",Social media and disinformation for candidates: the evidence in the 2024 Indonesian presidential election
2-s2.0-105011907999,2025,INCLUDE,NLP over 12 years; tracks political misinformation volume/characteristics over time,Characteristics of Political Misinformation over the Past Decade
2-s2.0-85135423153,2022,INCLUDE,"French Twitter; share of vaccine-critical content stable, actor diffusion analysis (actor/content prevalence)",Assessing the influence of French vaccine critics during the two first years of the COVID-19 pandemic
2-s2.0-105029270790,2026,EXCLUDE,"Thematic analysis of 3 YouTube videos + comments, qualitative no prevalence",Electronic word-of-mouth and off-label use of Ozempic and other GLP-1 medications
2-s2.0-85097769512,2020,INCLUDE,Google Trends across 8 countries models exposure/search growth of COVID misinfo topics,COVID-19 Misinformation spread in eight countries: Exponential growth modeling study
2-s2.0-85140658027,2022,EXCLUDE,"Classifies pro/anti/neutral vaccine tweets; classifier method, not misinfo prevalence estimate",Mining Public Opinions on COVID-19 Vaccination: A Temporal Analysis to Support Combating Misinformation
2-s2.0-105007777349,2025,INCLUDE,320 web pages; 60.3% published oral health misinformation (content-level prevalence),First insight into oral health misinformation in Jordan; an analysis of web content and information-seeking behaviors
2-s2.0-85213535460,2024,MAYBE,Explores news consumption and exposure to false content in Cyprus; abstract lacks quantitative figures,Investigating Online Mis- and Disinformation in Cyprus: Trends and Challenges
2-s2.0-105012722892,2025,INCLUDE,Content prevalence: 86.8% of 144 Instagram FMR posts non-factual/misleading,Misinformation or education? A comparative analysis of Instagram posts related to full mouth rehabilitation
2-s2.0-105023852577,2026,EXCLUDE,Qualitative content analysis of climate posts; no quantitative prevalence estimate,Low-emissions
2-s2.0-85096862559,2021,INCLUDE,"Quantifies share of unreliable-source links among 13M tweets, by device/community",Mobile phones in the spread of unreliable information on Twitter: evidence from the 2017 French presidential campaign
2-s2.0-85216199255,2025,EXCLUDE,Survey of motivations/predictors for fake-news sharing; no prevalence estimate,An investigation of the COVID-19-related fake news sharing on Facebook using a mixed methods approach
2-s2.0-85027418372,2017,EXCLUDE,Network analysis identifying at-risk members; no exposure/sharing prevalence estimate,Network Structure of an AIDS-Denialist Online Community: Identifying Core Members and the Risk Group
2-s2.0-85201525654,2024,EXCLUDE,Qualitative literature study of buzzers' role; no quantitative measurement,Political Buzzers' Role on Social Media During The 2019 Indonesian Presidential Election
2-s2.0-105009230729,2025,EXCLUDE,"Computer-science meme dataset/classification benchmark, not human prevalence",PoliMeme: Exploring Offensive Meme Propagation in the Israel-Palestine Conflict
2-s2.0-58149330631,2008,EXCLUDE,Content analysis of AIDS-education materials' coverage; not misinformation prevalence,AIDS education in an Islamic nation: content analysis of Farsi-language AIDS-education materials in Iran.
2-s2.0-85131964464,2022,INCLUDE,Content analysis: relevant percentage of disinformation in Bolsonaro's top-100 retweets,Populism
2-s2.0-85216864830,2024,MAYBE,Vague abstract about consumption patterns/impact; unclear if quantitative estimate reported,Online News
2-s2.0-105007347967,2025,EXCLUDE,Qualitative comparison of CPC messaging themes; no prevalence quantity,Examining the inaccurate reproductive health messaging of crisis pregnancy centers: A comparative qualitative study
2-s2.0-105017757935,2025,INCLUDE,Content prevalence: 36.3% of 80 Instagram breastfeeding posts mostly/completely inaccurate,Evaluating the Accuracy and Quality of Breastfeeding-Related Information on Instagram
2-s2.0-85046902878,2018,EXCLUDE,"Computer-science propagation-based fake-news classification method, not prevalence",Tracing fake-news footprints: Characterizing social media messages by how they propagate
2-s2.0-85137929479,2022,INCLUDE,Audit quantifies portion of misinformative videos in YouTube recommendations,Black-box Audit of YouTube's Video Recommendation: Investigation of Misinformation Filter Bubble Dynamics (Extended Abstract)
2-s2.0-85131254702,2022,EXCLUDE,NLP barriers/sentiment analysis; misinfo noted but no prevalence estimate,COVID-19 Vaccine Hesitancy: Analysing Twitter to Identify Barriers to Vaccination in a Low Uptake Region of the UK
2-s2.0-85134074209,2022,EXCLUDE,NLP analysis of newspaper tone/topics; no misinformation prevalence estimate,How Did Europe's Press Cover Covid-19 Vaccination News? A Five-Country Analysis
2-s2.0-29044447634,2005,EXCLUDE,Content analysis of war leaflet message functions; not misinformation prevalence,READY . . . READY . . . DROP!: A content analysis of coalition leaflets used in the Iraq war
2-s2.0-105010728491,2025,INCLUDE,Content prevalence: disinformation in 65% of 109 Vox Instagram videos,Misinformation and polarization in the 2023 elections in Spain: a study of Vox on Instagram
2-s2.0-85202843530,2024,MAYBE,"Reports #Ukraine 36.9B views but focus is typology, not prevalence share",The sound of disinformation: TikTok
2-s2.0-85104899812,2021,EXCLUDE,Classification/characterization of conspiracy tweets; no prevalence denominator estimate,"\""Thought I'd share first\"" and other conspiracy theory tweets from the COVID-19 infodemic: Exploratory study"
2-s2.0-85196548804,2024,EXCLUDE,Evaluates accuracy of AI/Bing answers; not human exposure prevalence,Assessing the Accuracy and Reliability of AI-Generated Responses to Patient Questions Regarding Spine Surgery
2-s2.0-105012581347,2025,EXCLUDE,Search-trend/sentiment infodemiology study; no misinformation prevalence estimate,Public concerns about human metapneumovirus: insights from Google search trends
2-s2.0-105031628111,2026,INCLUDE,Content prevalence: 36% of 100 autism YouTube videos poor-quality/misinformation,Educational quality of autism treatment videos on YouTube
2-s2.0-85066900736,2019,EXCLUDE,Machine-learning classifier distinguishing reliable/unreliable sources; not prevalence,Differences in health news from reliable and unreliable media
2-s2.0-85170662113,2024,MAYBE,Characterizes 500 false amber-necklace posts but denominator/false-share unclear,Unveiling deception: Characterizing false amber necklace messages on Facebook
2-s2.0-105032711349,2026,INCLUDE,"Content quality of 184 TikTok rare-disease videos; quality scores by creator, 123M views",TikTok as a Platform for Patient Education and Health Information in Rare Genetic Diseases: Cross-Sectional Study
2-s2.0-85159153364,2023,INCLUDE,"Estimates prevalence of Russian propaganda/low-credibility content, superspreader share on FB/Twitter",Propaganda and Misinformation on Facebook and Twitter during the Russian Invasion of Ukraine
2-s2.0-85178941884,2023,EXCLUDE,Qualitative frame analysis of disinformation/polarization in press; not prevalence,Increasing political polarization with disinformation: A comparative analysis of the European quality press
2-s2.0-105023581939,2026,INCLUDE,Measures misinformation/low-credibility source sharing prevalence on Bluesky,A longitudinal analysis of misinformation
2-s2.0-105005069209,2025,EXCLUDE,Qualitative analysis of Russian troll strategy; no quantitative prevalence estimate,Amplifying doubt: How Russian trolls leveraged pandemic uncertainty for strategic gain
2-s2.0-105025544094,2025,MAYBE,Studies Sky News digital spread/consumption; unclear if quantitative reach estimate reported,Sky News Australia as network propaganda: how a niche cable channel became an international right-wing propaganda machine
2-s2.0-105002669302,2025,INCLUDE,Content prevalence: 30.9% of 55 ECMO YouTube videos low quality,Evaluating the Quality and Reliability of YouTube as a Source of Information on Extracorporeal Membrane Oxygenation
2-s2.0-33745374804,2006,EXCLUDE,"Theoretical model of misperception production; belief, not exposure measurement",Conquering the minds
2-s2.0-85105454127,2021,INCLUDE,Behavioral fake-news sharing data on 2300 Twitter users; observed sharing prevalence/predictors,Partisan Polarization Is the Primary Psychological Motivation behind Political Fake News Sharing on Twitter
2-s2.0-85084701683,2020,EXCLUDE,Studies propagation mechanism differences; no prevalence/exposure share estimate,Fake news propagates differently from real news even at early stages of spreading
2-s2.0-85121470014,2021,INCLUDE,Bot audit quantifies prevalence of anti-vaccination content in Twitter timelines,Be Careful Who You Follow: The Impact of the Initial Set of Friends on COVID-19 Vaccine Tweets
2-s2.0-85200918109,2024,EXCLUDE,Non-empirical discussion of YouTube algorithm/disinformation; no measurement,YouTube Algorithm and Disinformation Issues
2-s2.0-85106423850,2021,INCLUDE,Content prevalence: 80.3% of function claims in 437 radio supplement ads unauthorised,False and misleading health-related claims in food supplements on Spanish radio
2-s2.0-85195693295,2023,MAYBE,ML identifies vaccine misinfo; reports cross-region differences but prevalence share unclear,Credibility of vaccine-related content on Twitter during COVID-19 pandemic
2-s2.0-85122375872,2022,EXCLUDE,Survey on personality/news use predicting self-reported engagement; not observed prevalence,Wired to seek
2-s2.0-105007664234,2025,EXCLUDE,Computer-science antivaccine detection model (AUC); not human prevalence,Vaccine hesitancy in Türkiye: A natural language processing study on social media
2-s2.0-85212082391,2024,MAYBE,Toxicity topic/network study of 1.6M tweets; misinfo mentioned but share unclear,Toxicity on Social Media During the 2022 Mpox Public Health Emergency
2-s2.0-85167906007,2023,EXCLUDE,Panel study on retreat from social-media news; not misinformation exposure,New social media nones: how and why Americans have changed their use of social media to consume political news
2-s2.0-85087217032,2020,EXCLUDE,Belief prevalence (folk wisdom endorsement); no exposure/sharing estimate,The pervasiveness and policy consequences of medical folk wisdom in the U.S.
2-s2.0-85159326203,2022,EXCLUDE,Self-reported survey of sharing motivations among students; not observed behavior,Analysing Misinformation Sharing Amongst College Students in India during COVID-19
2-s2.0-85212679992,2025,EXCLUDE,"Predictive modeling of fake-news sharers from post histories; methods, not prevalence",Who Shares Fake News? Uncovering Insights from Social Media Users' Post Histories
2-s2.0-85168520853,2023,INCLUDE,Content prevalence: 26.1% of 1534 mental-health forum comments medically inaccurate,"The \""Loci\"" of Misinformation and Its Correction in Peer- and Expert-Led Online Communities for Mental Health"
2-s2.0-85124823821,2021,INCLUDE,Survey: 93.1% of Nigerian respondents received COVID-19 misinformation,Demographic representation of COVID-19 social media and information engagement in Nigeria
2-s2.0-85099501949,2020,EXCLUDE,"Commentary on infodemic; non-empirical, no prevalence measurement",Infodemic monikers in social media during covid-19 pandemic
2-s2.0-85210381658,2024,EXCLUDE,Hypothetical conjoint survey experiment on voter responses; not observed prevalence,Narrow Margins and Misinformation: The Impact of Sharing Fake News in Close Contests
2-s2.0-85085657500,2020,INCLUDE,Audit of 56K YouTube videos quantifying misinformative-content share in recommendations,Measuring Misinformation in Video Search Platforms: An Audit Study on YouTube
2-s2.0-85159151834,2023,EXCLUDE,Qualitative review of lupus misinformation themes; no prevalence estimate,Crying Wolf: A Qualitative Review of Misinformation and Conspiracy Theories in Lupus Erythematosus
2-s2.0-105040337096,2026,EXCLUDE,CV-based analysis of disinformation-industry labor structures; not exposure prevalence,Mapping the disinformation industry in Russia
2-s2.0-85150213016,2023,EXCLUDE,Qualitative case study of five rumor-incited attacks; no prevalence estimate,Sociological perspectives of social media
2-s2.0-85133015162,2022,EXCLUDE,Single-case gap analysis of one news story; not prevalence,The Authenticity of Digital News Coverage in the Mainstream Media in Japan
2-s2.0-105040190616,2025,EXCLUDE,Computer-science misinformation/bot dataset construction and analysis; not human prevalence,How Do Social Bots Participate in Misinformation Spread? A Comprehensive Dataset and Analysis
2-s2.0-84907028253,2014,EXCLUDE,Computer-science credibility-estimation method for medical statements; not prevalence,People on drugs: Credibility of user statements in health communities
2-s2.0-85100096526,2021,INCLUDE,Content quality scoring of top-10 abortion-pill webpages; 4 low-quality with disinformation,Quality of top webpages providing abortion pill information for Google searches in the USA
2-s2.0-85138328300,2023,EXCLUDE,Bibliometric review mapping EU false-information research; not prevalence,Digital false information at scale in the European Union: Current state of research
2-s2.0-85205042340,2024,MAYBE,Survey on disinformation identification practices in Ecuador; prevalence/incidence share unclear,Profile
2-s2.0-85114503116,2021,MAYBE,"Analyzes Qatar vaccine tweets, reports false-info proportions but denominator unclear",A Second Pandemic? Analysis of Fake News About COVID-19 Vaccines in Qatar
2-s2.0-85038349677,2018,EXCLUDE,Text-mining comparison of headlines/sentiment/popularity; not prevalence estimate,Using Text Mining to Compare Online Pro- and Anti-Vaccine Headlines
2-s2.0-85060025053,2019,INCLUDE,"Links survey to Facebook data; fake-news sharing rare, by age/ideology",Less than you think: Prevalence and predictors of fake news dissemination on Facebook
2-s2.0-105038427192,2026,EXCLUDE,NLP framing analysis of misinfo/disinfo terms; not prevalence measurement,Analyzing Misinformation and Disinformation: Understanding Swiss COVID-19 Narratives Through NLP
2-s2.0-85205344441,2024,INCLUDE,Content analysis: scientific-evidence/uncertainty portrayal across 479 news discussions of unproven therapies,Descriptions of Scientific Evidence and Uncertainty of Unproven COVID-19 Therapies in US News
2-s2.0-85116615470,2021,INCLUDE,"Content: 101 false-info items, 25.74% in opinion-forming media",Infodemia – an analysis of fake news in polish news portals and traditional media during the coronavirus pandemic
2-s2.0-85069463871,2019,INCLUDE,Analyzes 10M troll posts; quantifies content types and cross-platform URL influence,Who let the trolls out? towards understanding state-sponsored trolls
2-s2.0-85071093322,2020,EXCLUDE,Survey/interviews on how users respond to fake news; not exposure/sharing prevalence,Diffusion of disinformation: How social media users respond to fake news and why
2-s2.0-105018998016,2025,EXCLUDE,Non-empirical commentary on fake news/smart cities; no measurement,Informing
2-s2.0-85130066738,2022,EXCLUDE,Methodological review of approaches to measuring conspiracy diffusion; not prevalence itself,Measuring the diffusion of conspiracy theories in digital information ecologies
2-s2.0-105006802346,2025,MAYBE,Analyzes 19031 vaccine YouTube videos; reliable dominant but misinfo share not quantified,VACCINES ON YOUTUBE IN BRAZIL: an exploratory study using Natural Language Processing
2-s2.0-85207883625,2024,INCLUDE,Content analysis of 570 migrant-related fact-checks; types/formats of disinformation quantified,Analysis of Misinformation and Disinformation about Migrants and Refugees in the Spanish Context
2-s2.0-85147515236,2022,INCLUDE,"Content/network analysis of 751 videos; most pro-HCQ from mainstream media, recommendation share",YOUTUBE AS A SOURCE OF INFORMATION ABOUT UNPROVEN DRUGS FOR COVID-19
2-s2.0-105009007044,2025,EXCLUDE,SEM survey of false-info sharing predictors/trust; not observed prevalence,How Far Can Online Trust Go? Analysing False Information Sharing Behaviour on Social Media
2-s2.0-85129203049,2023,INCLUDE,Content analysis of 68 Latine nutrition vlogs; inaccurate-information theme prevalence,Nutrition-Related Information Shared by Latine Influencers: A YouTube Content Analysis
2-s2.0-105009378793,2025,EXCLUDE,Infodemic discourse/sentiment/network mapping; no misinfo prevalence estimate,Infodemic insights: Mapping COVID-19's digital discourse in Romania
2-s2.0-105033540717,2024,MAYBE,Altmetric study: lower-evidence preprints shared more; misinfo share not clearly quantified,The impact of the level of scientific evidence in preprints about COVID-19 on their sharing on Twitter Brazil
2-s2.0-105021733739,2023,EXCLUDE,Qualitative cross-platform method study of link migration; not prevalence estimate,When misinformation migrates: Cross-platform posting
2-s2.0-105009372730,2025,INCLUDE,Content analysis: 38% misinformation prevalence on social media vs near-perfect official sources,Assessing the Readability
2-s2.0-105006634611,2025,EXCLUDE,Geospatial network/discourse analysis; identifies spreaders but no prevalence estimate,Mapping Infodemic Responses: A Geospatial Analysis of COVID-19 Discourse on Twitter in Italy
2-s2.0-85129795844,2022,EXCLUDE,Network topology comparison of fake/true diffusion; no prevalence/exposure share,Network Dynamics of COVID-19 Fake and True News Diffusion Networks
2-s2.0-105022763226,2025,INCLUDE,Quantifies Facebook engagement with junk vs mainstream news during Dutch elections,Political news on Facebook during the 2019 Dutch elections
2-s2.0-85142138031,2023,EXCLUDE,Qualitative study of crowdfunding disinformation campaigns; no prevalence estimate,Crowdfunding (as) disinformation: 'Pitching' 5G and election fraud campaigns on GoFundMe
2-s2.0-85214569954,2024,EXCLUDE,Examines toxicity flow by political leaning; not misinformation prevalence,Characterization of Political Polarized Users Attacked by Language Toxicity on Twitter
2-s2.0-85136023139,2022,INCLUDE,Behavioral engagement with election misinformation linked to turnout for 40K Twitter users,Online engagement with 2020 election misinformation and turnout in the 2021 Georgia runoff election
2-s2.0-85194708787,2024,EXCLUDE,Systematic review of misinformation themes/solutions; not a prevalence estimate,Social Media Misinformation about Pregnancy and COVID-19 Vaccines: A Systematic Review
2-s2.0-85124326961,2022,INCLUDE,60B tweets; characterizes anti-vaccine users' source-sharing and echo-chamber exposure,Characterizing polarization in online vaccine discourse—A large-scale study
2-s2.0-85211132788,2024,INCLUDE,Content prevalence: 39.6% of 500 toothache Facebook posts contained misinformation,Factors driving misinformation production and user engagement with toothache content on Facebook
2-s2.0-85205258797,2024,INCLUDE,Content analysis of 625 conspiracy-page posts; topic/disinformation share quantified,Antivaccine
2-s2.0-85207025721,2024,MAYBE,Identifies RT/Sputnik disinformation in Ecuador; quantitative prevalence share unclear,RUSSIAN DISINFORMATION IN AUDIOVISUAL COMMUNICATION IN ECUADOR
2-s2.0-84877280391,2013,INCLUDE,"Content prevalence: 29.3% of 140 anorexia YouTube videos pro-anorexia, favored 3x more",Misleading health-related information promoted through video-based social media: Anorexia on youtube
2-s2.0-85201952265,2025,EXCLUDE,"Experimental studies on sharing intent/appraisals; hypothetical, not observed prevalence",Going Viral: Sharing of Misinformation by Social Media Influencers
2-s2.0-105033770514,2026,EXCLUDE,Survey of Gen-Z news habits; disinformation awareness but no prevalence estimate,News Consumption Habits of Generation Z
2-s2.0-105024059461,2023,EXCLUDE,Non-empirical book chapter on QAnon and media; no measurement,QAnon and Social Media
2-s2.0-85121751860,2021,INCLUDE,Quantifies cross-platform spread/visibility of flagged Trump misinformation tweets,Twitter flagged Donald Trump's tweets with election misinformation: They continued to spread
2-s2.0-85159607123,2023,EXCLUDE,"Bot detection/suspension dataset (212K bots); CS method, not human prevalence",Analyzing Activity and Suspension Patterns of Twitter Bots Attacking Turkish Twitter Trends
2-s2.0-85096360916,2020,INCLUDE,Multiplatform panel: news exposure/coexposure diet; over half consume no online news,Exposure to news grows less fragmented with an increase in mobile access
2-s2.0-85107696753,2021,INCLUDE,Scoping review quantifies misconception prevalence (e.g. 26.6%-61% believing insect EBOV transmission),Inaccuracies in google's health-based knowledge panels perpetuate widespread misconceptions
2-s2.0-85070963166,2019,EXCLUDE,Legal analysis of NetzDG transparency reports; not misinformation prevalence,Reading between the lines and the numbers: An analysis of the first NetzDG reports
2-s2.0-85213290533,2025,EXCLUDE,Sentiment/content dynamics of 2M fact-checked tweets; no prevalence denominator,Large-scale analysis of online social data on the long-term sentiment and content dynamics of online (mis)information
