id,value_pct,field,ours,blind,our_quote,blind_quote
2-s2.0-105002620495,11.1,sampling_frame,convenience,full_census,'Incorrect' = the claim CONTRADICTS current best scientific evidence,"The first phase of the study involved collecting posts and their corresponding comments published in the OC between November 2021 and January 2022. A total of 136 posts and 2,156 comments were gathered and systematically organized in a spreadsheet. A"
2-s2.0-105005004817,40,sampling_frame,keyword_topical,convenience,"A qualitative content analysis was conducted on mpox-related memes with English-language content circulating across major different media platforms, specifically focusing on Google, X (formerly Twitter), Instagram, Reddit, Tiktok, and Facebook. Memes","Memes were identified using the hashtag #mpox, a google search with the term ""mpox memes"" returned a compilation of memes shared in the different social media platforms. ... Where retrieved posts had no memes, we used snowballing to collect memes fro"
2-s2.0-105005857219,80.2,classification_level,claim_level,mixed,80.2% (n = 97/121) recommended at least one non[-guideline-concordant treatment],"We conducted a systematic, population-wide website content analysis in Austria to evaluate guideline adherence and the framing of LBP. Specifically, we assessed whether websites promoted guideline-concordant treatments, adopted a biomedical versus bi"
2-s2.0-105005857219,80.2,sampling_frame,keyword_topical,full_census,80.2% (n = 97/121) recommended at least one non[-guideline-concordant treatment],"We conducted a systematic, population-wide website content analysis in Austria to evaluate guideline adherence and the framing of LBP. Specifically, we assessed whether websites promoted guideline-concordant treatments, adopted a biomedical versus bi"
2-s2.0-105008525623,29,ground_truth,fact_checker,self_report,false or misleading stories spread intentionally to deceive (Lewandowsky 2017); six specific narratives identified from material flagged as disinformation by Spanish fact-c,La columna «Exposición a narrativa» recoge los resultados de aquellos que han respondido «Sí» a la pregunta de si han oído hablar antes de la narrativa enunciada en la encuesta. / The column 'Exposure to narrative' records the results of those who an
2-s2.0-105008525623,29,topic,general_news,health_other,false or misleading stories spread intentionally to deceive (Lewandowsky 2017); six specific narratives identified from material flagged as disinformation by Spanish fact-c,La columna «Exposición a narrativa» recoge los resultados de aquellos que han respondido «Sí» a la pregunta de si han oído hablar antes de la narrativa enunciada en la encuesta. / The column 'Exposure to narrative' records the results of those who an
2-s2.0-105008525623,71,ground_truth,fact_checker,self_report,false or misleading stories spread intentionally to deceive (Lewandowsky 2017); six specific narratives identified from material flagged as disinformation by Spanish fact-c,La columna «Exposición a narrativa» recoge los resultados de aquellos que han respondido «Sí» a la pregunta de si han oído hablar antes de la narrativa enunciada en la encuesta. / The column 'Exposure to narrative' records the results of those who an
2-s2.0-105008525623,71,topic,general_news,war_geopolitics,false or misleading stories spread intentionally to deceive (Lewandowsky 2017); six specific narratives identified from material flagged as disinformation by Spanish fact-c,La columna «Exposición a narrativa» recoge los resultados de aquellos que han respondido «Sí» a la pregunta de si han oído hablar antes de la narrativa enunciada en la encuesta. / The column 'Exposure to narrative' records the results of those who an
2-s2.0-105008525623,64,ground_truth,fact_checker,self_report,false or misleading stories spread intentionally to deceive (Lewandowsky 2017); six specific narratives identified from material flagged as disinformation by Spanish fact-c,La columna «Exposición a narrativa» recoge los resultados de aquellos que han respondido «Sí» a la pregunta de si han oído hablar antes de la narrativa enunciada en la encuesta. / The column 'Exposure to narrative' records the results of those who an
2-s2.0-105008525623,64,topic,general_news,crime_society,false or misleading stories spread intentionally to deceive (Lewandowsky 2017); six specific narratives identified from material flagged as disinformation by Spanish fact-c,La columna «Exposición a narrativa» recoge los resultados de aquellos que han respondido «Sí» a la pregunta de si han oído hablar antes de la narrativa enunciada en la encuesta. / The column 'Exposure to narrative' records the results of those who an
2-s2.0-105008525623,60.9,ground_truth,fact_checker,self_report,false or misleading stories spread intentionally to deceive (Lewandowsky 2017); six specific narratives identified from material flagged as disinformation by Spanish fact-c,La columna «Exposición a narrativa» recoge los resultados de aquellos que han respondido «Sí» a la pregunta de si han oído hablar antes de la narrativa enunciada en la encuesta. / The column 'Exposure to narrative' records the results of those who an
2-s2.0-105008525623,60.9,topic,general_news,vaccines,false or misleading stories spread intentionally to deceive (Lewandowsky 2017); six specific narratives identified from material flagged as disinformation by Spanish fact-c,La columna «Exposición a narrativa» recoge los resultados de aquellos que han respondido «Sí» a la pregunta de si han oído hablar antes de la narrativa enunciada en la encuesta. / The column 'Exposure to narrative' records the results of those who an
2-s2.0-105008525623,73.7,ground_truth,fact_checker,self_report,false or misleading stories spread intentionally to deceive (Lewandowsky 2017); six specific narratives identified from material flagged as disinformation by Spanish fact-c,La columna «Exposición a narrativa» recoge los resultados de aquellos que han respondido «Sí» a la pregunta de si han oído hablar antes de la narrativa enunciada en la encuesta. / The column 'Exposure to narrative' records the results of those who an
2-s2.0-105008525623,73.7,topic,general_news,politics_elections,false or misleading stories spread intentionally to deceive (Lewandowsky 2017); six specific narratives identified from material flagged as disinformation by Spanish fact-c,La columna «Exposición a narrativa» recoge los resultados de aquellos que han respondido «Sí» a la pregunta de si han oído hablar antes de la narrativa enunciada en la encuesta. / The column 'Exposure to narrative' records the results of those who an
2-s2.0-105009372730,38,sampling_frame,keyword_topical,purposive,social media also exhibited the highest misinformation prevalence (38%),"A cross-sectional content analysis was conducted on vaccine-related content published between 2018 and 2022. Data were collected from official health websites (e.g., WHO, CDC), social media (Twitter, Facebook), blogs, and parenting forums. ... Accura"
2-s2.0-105010728491,65,sampling_frame,curated_seed,full_census,se destacan el uso de desinformacion en el 65% de la muestra,"Siguiendo estos criterios de selección, la muestra está compuesta por 109 contenidos audiovisuales (n=109). [...] Conviene mencionar que en la realización del análisis de contenido se utilizó el índice de fiabilidad interjueces, de tal manera que el "
2-s2.0-105012981781,10.4,sampling_frame,curated_seed,purposive,"Given the high volume of comments, for feasibility purposes, we elected to code the top 20 comments and associated replies to these comments. This approach is consistent with other scholarship analyzing YouTube comments, represents the comments that ","Given the high volume of comments, for feasibility purposes, we elected to code the top 20 comments and associated replies to these comments. This approach is consistent with other scholarship analyzing YouTube comments, represents the comments that "
2-s2.0-105014632937,38.0,sampling_frame,convenience,purposive,misinformation prevalent in 38.0% of analysed videos,"A content analysis of 200 YouTube news videos examined structure, framing and engagement across cultural contexts. Videos were selected based on recent view counts, sharing metrics and topic diversity, including politics, health, entertainment and gl"
2-s2.0-105014632937,38.0,denom_scope,news_diet,all_media,misinformation prevalent in 38.0% of analysed videos,"A content analysis of 200 YouTube news videos examined structure, framing and engagement across cultural contexts. Videos were selected based on recent view counts, sharing metrics and topic diversity, including politics, health, entertainment and gl"
2-s2.0-105014886450,21.4,sampling_frame,survey_sample,convenience,"After removing invalid responses, 1094 valid questionnaires were obtained from 27 provinces and autonomous regions in China, covering areas with varying pandemic severity.","The questionnaire was administered through WJX (https://www.wjx.cn), an online survey platform extensively used in China for its efficiency in managing large-scale surveys. ... After removing invalid responses, 1094 valid questionnaires were obtained"
2-s2.0-105018276467,68.8,sampling_frame,survey_sample,convenience,68.8% reported at least occasional exposure to fake news on social networking sites,"Out of a total of 1929 individuals invited to participate in the study, a 95.9% completion rate was achieved, with 1850 respondents completing the questionnaire. Sampling and recruitment This study employed the snowball sampling methodology in a four"
2-s2.0-105018276467,7.1,sampling_frame,survey_sample,convenience,only a small proportion actively intervened to prevent its spread (16.2%) or report to share it (7.1%),"coping strategies when encountering fake news were assessed using nine items, grouped into three domains: (1) ignore the fake news (this domain encompasses efforts to counter fake news and prevent its spread), (2) intervene to prevent the spread of t"
2-s2.0-105019603181,12.7,topic,general_news,politics_elections,Operationalised as visits to misinformation DOMAINS = NewsGuard 'repeatedly publishes false content' sites + academic lists,"Fig. 5. Descriptive results of topline levels of exposure among the 1,240 participants by misinformation and hard news topics. ... The y-axis is the percentage of participants who were exposed to at least one article of each topic."
2-s2.0-105019603181,10.9,topic,general_news,crime_society,visits to misinformation DOMAINS = NewsGuard 'repeatedly publishes false content' sites + academic lists,"After reviewing and consolidating similar topics, we established the final four topic categories: Health, COVID-19, Social Issues, and U.S. Electoral Politics."
2-s2.0-105019603181,6.7,topic,general_news,covid19,visits to misinformation DOMAINS = NewsGuard 'repeatedly publishes false content' sites + academic lists,"First, to situate our results in the previous literature that examines topline exposure, we provide descriptive statistics on the percentage of participants who were exposed to at least one misinformation or hard news article of each of the five topi"
2-s2.0-105019603181,4.3,topic,general_news,health_other,visits to misinformation DOMAINS = NewsGuard 'repeatedly publishes false content' sites + academic lists,"we established the final four topic categories: Health, COVID-19, Social Issues, and U.S. Electoral Politics."
2-s2.0-105019625689,3.01,construct,CONTENT,QUALITY,"Voter-fraud narrative videos: claims that ballots were stuffed, stolen, or otherwise manipulated; debunked as misinformation by Taiwan FactCheck Center","A video is labeled as voter-fraud on the basis of whether it contains the voter-fraud narrative (i.e., the claim that ballots were stuffed, stolen, or otherwise manipulated)."
2-s2.0-105020578144,27.65,construct,CONTENT,QUALITY,Posts presenting only positive aspects of clear aligner therapy while omitting well-established limitations or risks,2. Selected facts: Posts presenting only positive aspects of clear aligner therapy while omitting well-established limitations or risks documented in clinical research. Criteria: Contains accurate information but systematically excludes known negativ
2-s2.0-105021733739,17,sampling_frame,curated_seed,full_census,"In order to build our list for analysis, we took the list of subreddits that userleansbot relies on to code partisanship and then selected those subreddits that dealt with U.S. national politics.","In order to build our list for analysis, we took the list of subreddits that userleansbot relies on to code partisanship and then selected those subreddits that dealt with U.S. national politics."
2-s2.0-105027856675,1.49,topic,politics_elections,general_news,"Tweet links to news domains rated below 60 by NewsGuard (domain-level credibility, source-based approach)",Domains with a score below 60 are considered misinformation.
2-s2.0-105027856675,1.49,denom_scope,political_news,news_diet,"Tweet links to news domains rated below 60 by NewsGuard (domain-level credibility, source-based approach)",Domains with a score below 60 are considered misinformation.
2-s2.0-105027856675,9.46,topic,politics_elections,general_news,"Tweet links to news domains rated below 60 by NewsGuard (domain-level credibility, source-based approach)",Domains with a score below 60 are considered misinformation.
2-s2.0-105027856675,9.46,denom_scope,political_news,news_diet,"Tweet links to news domains rated below 60 by NewsGuard (domain-level credibility, source-based approach)",Domains with a score below 60 are considered misinformation.
2-s2.0-105027856675,0.33,topic,politics_elections,general_news,"news domains rated below 60 by NewsGuard (domain-level credibility, source-based approach)",Domains with a score below 60 are considered misinformation.
2-s2.0-105027856675,0.33,denom_scope,political_news,news_diet,"news domains rated below 60 by NewsGuard (domain-level credibility, source-based approach)",Domains with a score below 60 are considered misinformation.
2-s2.0-105027856675,2.30,topic,politics_elections,general_news,"news domains rated below 60 by NewsGuard (domain-level credibility, source-based approach)",Domains with a score below 60 are considered misinformation.
2-s2.0-105027856675,2.30,denom_scope,political_news,news_diet,"news domains rated below 60 by NewsGuard (domain-level credibility, source-based approach)",Domains with a score below 60 are considered misinformation.
2-s2.0-105027959122,7.4,construct,REACH,SHARING,7.4% spread myths and misinformation,"Before conducting this study, the participants were selected from social network friends list of each of group members. Those persons on social networks were selected from their posts related to the corona virus or measures, suspected posts of myths "
2-s2.0-105027959122,7.4,sampling_frame,survey_sample,purposive,7.4% spread myths and misinformation,"Before conducting this study, the participants were selected from social network friends list of each of group members. Those persons on social networks were selected from their posts related to the corona virus or measures, suspected posts of myths "
2-s2.0-105029413645,13,ground_truth,domain_list,researcher_coding,"Over the data collection period (approximately 4 weeks per respondent), about 13% saw any URLs from these domains (95% CI: 10-15%).","We analyzed data from from a survey (total N = 1,200; respondents logging web visits in this period N = 1,059) conducted by YouGov from October 25 to November 21, 2023. Respondents were selected by YouGov's matching and weighting algorithm to approxi"
2-s2.0-105029413645,3,ground_truth,domain_list,researcher_coding,This means low-credibility visits are a small proportion of all health visits (roughly 3%).,"To account for volume, we look at total health visits – a count measure of all credible and non-credible health site visits. This also allows us to create a ratio measure to look at low-credibility health visits as a proportion of a respondent's tota"
2-s2.0-105029413645,37,ground_truth,domain_list,researcher_coding,"Notably, the top 1% of users accounts for 37% of total exposure, and the top 10% accounts for 77% of total exposure (see Figure D.1).","Notably, the top 1% of users accounts for 37% of total exposure, and the top 10% accounts for 77% of total exposure (see Figure D.1)."
2-s2.0-105029413645,77,ground_truth,domain_list,researcher_coding,"Notably, the top 1% of users accounts for 37% of total exposure, and the top 10% accounts for 77% of total exposure (see Figure D.1).","Notably, the top 1% of users accounts for 37% of total exposure, and the top 10% accounts for 77% of total exposure (see Figure D.1)."
2-s2.0-105029521599,0.68,denom_scope,political_news,all_media,"Posts linking to low-factual-information URL domains, identified from MBFC reliability ratings","We collected 505,154 raw posts through CrowdTangle from January 1, 2020, to December 31, 2021, in three rounds: April 2022, March 2023, and April 2023. ... After cleaning, we had 464,019 posts from 4,787 state lawmakers, covering 73.1% of those with "
2-s2.0-105030082417,9.4,construct,CONTENT,QUALITY,Health misinformation = false/misleading health info not backed by evidence ... classified at the recommendation level,Recommendations identiﬁed in phase one were then categorized based on a literature review into: Effective: Supported by multiple studies showing symptom reduction; Ineffective: Evidence showing no effect or worsening symptoms; Potentially Unsafe: Lin
2-s2.0-105030082417,9.4,sampling_frame,keyword_topical,purposive,Health misinformation = false/misleading health info not backed by evidence ... classified at the recommendation level,Recommendations identiﬁed in phase one were then categorized based on a literature review into: Effective: Supported by multiple studies showing symptom reduction; Ineffective: Evidence showing no effect or worsening symptoms; Potentially Unsafe: Lin
2-s2.0-105030082417,4.7,sampling_frame,keyword_topical,purposive,"recommendations in the videos were deemed potentially unsafe (n = 4, 4.7 %)","Videos were identified through targeted keyword searches combining symptom-related terms ('nausea', 'vomiting', 'morning sickness') with pregnancy-related terms ('first trimester', 'pregnancy') and advice-related terms ('tips and tricks', 'do's and d"
2-s2.0-105032159703,36,sampling_frame,keyword_topical,purposive,misinformation permeated over one-third (36%) of the entire sample,"A purposive sampling strategy was employed to identify the most inﬂuential content within our area of focus. Content was identiﬁed through a systematic query of ﬁve prominent English-language hashtags: scartreatment, scarremoval, keloid, hypertrophic"
2-s2.0-105033611630,94.35,topic,other,science_other,False/inaccurate content not aligned with current reliable scientific sources ... coded by experts,"To survey the information disseminated by digital media about B. insularis and Queimada Grande Island, we searched Google News articles and YouTube for videos, using the following Boolean operators in English, Portuguese, and Spanish ... Only content"
2-s2.0-105034745484,9.0,sampling_frame,full_census,purposive,Misleading = a relevant comment containing at least one scientifically unproven detail,"Although the international group had a higher post volume, the 48 posts with the most engagement were selected to match the Danish sample and maintain comparability across groups."
2-s2.0-105038091134,27.5,topic,covid19,vaccines,"Umbrella term for false/inaccurate vaccine information: misleading information, disinformation, propaganda, fabricated content, conspiracy","The data for this study were collected from the ""Gossiping"" board on PTT using a web scraper developed in Python to extract HTML data. The scraping targeted posts made between January 2021 and December 2022. We filtered the dataset using the Chinese "
2-s2.0-85037352356,0.34,topic,general_news,politics_elections,fake news domains that we monitored,"We analyze 114 days of instrumentation data for Internet Explorer and Edge, two desktop web browsers with a combined install base of more than 108 machines. ... The dataset consists of a list of timestamped visits to URLs, together with anonymous use"
2-s2.0-85038621544,0.022,construct,CONTENT,SHARING,"we create a list of 99 news sites including 45 mainstream and 54 alternative ones... For the latter, we use Wikipedia and FakeNewsWatch. We also add two state-sponsored alternative news domains: sputniknews.com and rt.com; Twitter data = 'the 1% of a","Twitter. We collect the 1% of all publicly available tweets with URLs from the aforementioned news domains between June 30,"
2-s2.0-85038621544,0.023,construct,CONTENT,SHARING,"For the latter, we use Wikipedia and FakeNewsWatch. We also add two state-sponsored alternative news domains: sputniknews.com and rt.com; Reddit data = 'We obtain all posts and comments on Reddit between June 30, 2016 and February 28, 2017, using dat",Reddit. We obtain all posts and comments on Reddit between
2-s2.0-85038621544,0.05,construct,CONTENT,SHARING,"For the latter, we use Wikipedia and FakeNewsWatch. We also add two state-sponsored alternative news domains: sputniknews.com and rt.com; 4chan = 'we use all threads and posts made on the Politically Incorrect (/pol/) board, as well as /sp/ ... /int/","4chan. For 4chan, we use all threads and posts made on the Po-"
2-s2.0-85047794238,58,sampling_frame,convenience,keyword_topical,"inaccurately reported the question, results, intervention, or population","In the media article assessment, reviewers assessed whether the media article accurately described the same relationship as the scientific article and the strength of causal language used, using the same research question as in the scientific article"
2-s2.0-85051037754,4.00,denom_scope,topical,all_media,72 posts included fake news,"From April to June 2015, SMsocialnetwork.com included 1020 AU. We collected 1800 posts from the SMsocialnetwork public wall."
2-s2.0-85054363956,16.2,sampling_frame,convenience,full_census,REFUTED or SOMEWHAT REFUTED by evidence-based point-of-care resources,"All questions in a six-month time period (June 2016-November 2016) that had at least one answer were extracted and used for data analysis. ... Any answers that provided advice were then searched in evidence-based, point-of-care resources to determine"
2-s2.0-85054363956,6.3,sampling_frame,convenience,full_census,REFUTED or SOMEWHAT REFUTED by evidence-based point-of-care resources,"A total of 587 questions and 3,445 responses from WhattoExpect.com were examined (supplemental Appendix B). Of these, 131 questions were health related and were accompanied by a total of 650 responses. Of the 650 responses, 337 (51.8%) offered advice"
2-s2.0-85055756722,8.9,topic,general_news,politics_elections,You thought was made up when you shared it,"""You thought was made up when you shared it"" (scored 4)"
2-s2.0-85055756722,29.9,topic,general_news,politics_elections,"Seemed accurate at the time, but you later found was made up","We rank-ordered the different behaviors to build a scale ranging from no reported dysfunctional news sharing (0), through misinformation to the most egregious offense of disinformation (4)."
2-s2.0-85059494932,10.0,denom_scope,political_news,topical,10% point toward websites containing fake news or conspiracy theory,"We investigate the influence and importance of news at the domain level and not at the article level. Since a website classified as fake may contain factual articles and vice versa, domain-level classification implies a level of imprecision."
2-s2.0-85059494932,12.0,construct,REACH,SHARING,the share going to fake news and extremely biased news is equal to 12%,the share of users differ slightly from Table 1 when grouping categories as users may belong to several categories
2-s2.0-85060013655,1.7,ground_truth,fact_checker,researcher_coding,1.7% of the body's main claim being verifiably untrue,"It is important to note that we opted to take a conservative approach for this variable; that is, only determine falsehoods when the counterclaim is available and erring on the side of believing a claim was true unless we could prove otherwise."
2-s2.0-85060013655,1.7,topic,general_news,politics_elections,1.7% of the body's main claim being verifiably untrue,"It is important to note that we opted to take a conservative approach for this variable; that is, only determine falsehoods when the counterclaim is available and erring on the side of believing a claim was true unless we could prove otherwise."
2-s2.0-85060013655,1.7,denom_scope,news_diet,political_news,1.7% of the body's main claim being verifiably untrue,"It is important to note that we opted to take a conservative approach for this variable; that is, only determine falsehoods when the counterclaim is available and erring on the side of believing a claim was true unless we could prove otherwise."
2-s2.0-85060025053,8.5,construct,REACH,SHARING,list of websites that 'published false or misleading content intentionally dressed up to look like news articles',"In particular, we used a list of fake news domains assembled by Craig Silverman of BuzzFeed News, the primary journalist covering the phenomenon as it developed (7). ... The resulting list contains 21 mostly pro-Trump domains, including well-known pu"
2-s2.0-85060025053,8.5,sampling_frame,survey_sample,panel_trace,list of websites that 'published false or misleading content intentionally dressed up to look like news articles',"In particular, we used a list of fake news domains assembled by Craig Silverman of BuzzFeed News, the primary journalist covering the phenomenon as it developed (7). ... The resulting list contains 21 mostly pro-Trump domains, including well-known pu"
2-s2.0-85069463611,0.18,construct,CONTENT,SHARING,69 distinct textual messages containing previously checked misinformation,"In total, we identified 37, 674 distinct textual messages."
2-s2.0-85069463611,0.18,sampling_frame,random_platform,keyword_topical,69 distinct textual messages containing previously checked misinformation,"In total, we identified 37, 674 distinct textual messages."
2-s2.0-85069463611,0.96,sampling_frame,random_platform,keyword_topical,These messages were shared 578 times in our dataset,characters to avoid small talks and greetings. This filtering left us
2-s2.0-85074511992,4.2,ground_truth,domain_list,researcher_coding,"domain-level sources that meet >=3 of 5 criteria (professionalism, style, credibility, bias, counterfeit) = deliberately produced misleading, deceptive, incorrect propaganda","Our methodology describes ""junk news"" as sources that meet three out of the following five criteria: (1) professionalism, where sources fall short of the standards of professional journalistic practice including information about authors, editors, an"
2-s2.0-85074511992,4.2,topic,general_news,politics_elections,"domain-level sources that meet >=3 of 5 criteria (professionalism, style, credibility, bias, counterfeit) = deliberately produced misleading, deceptive, incorrect propaganda","Our methodology describes ""junk news"" as sources that meet three out of the following five criteria: (1) professionalism, where sources fall short of the standards of professional journalistic practice including information about authors, editors, an"
2-s2.0-85074511992,10.3,ground_truth,domain_list,researcher_coding,"domain-level sources that meet >=3 of 5 criteria (professionalism, style, credibility, bias, counterfeit) = deliberately produced misleading, deceptive, incorrect propaganda","The largest proportion of content being shared by Twitter users interested in UK politics comes from Professional News Sources, which account for 48.8% of all content. In comparison, Junk News and Information account for 10.3% of all content shared."
2-s2.0-85074511992,10.3,topic,general_news,politics_elections,"domain-level sources that meet >=3 of 5 criteria (professionalism, style, credibility, bias, counterfeit) = deliberately produced misleading, deceptive, incorrect propaganda","The largest proportion of content being shared by Twitter users interested in UK politics comes from Professional News Sources, which account for 48.8% of all content. In comparison, Junk News and Information account for 10.3% of all content shared."
2-s2.0-85074511992,9.1,ground_truth,domain_list,researcher_coding,"domain-level sources that meet >=3 of 5 criteria (professionalism, style, credibility, bias, counterfeit) = deliberately produced misleading, deceptive, incorrect propaganda","In Germany, overall 40.2% of the political news and information Twitter users shared users discussing the German election came from Professional News Sources. Content from Divisive and Conspiracy Source accounted for 10.2% of shares."
2-s2.0-85074511992,9.1,topic,general_news,politics_elections,"domain-level sources that meet >=3 of 5 criteria (professionalism, style, credibility, bias, counterfeit) = deliberately produced misleading, deceptive, incorrect propaganda","In Germany, overall 40.2% of the political news and information Twitter users shared users discussing the German election came from Professional News Sources. Content from Divisive and Conspiracy Source accounted for 10.2% of shares."
2-s2.0-85074596916,17.4,ground_truth,domain_list,researcher_coding,"a source that deliberately publishes/aggregates misleading, deceptive, or incorrect information packaged as real news","In total, we collected 19.53 million tweets about the presidential election and 2.26 million tweets about the SOTU address. ... Overall, we extracted 3.26 million URLs about the presidential election and 145,000 about the SOTU address. If Twitter use"
2-s2.0-85074596916,18.1,ground_truth,domain_list,researcher_coding,"a source that deliberately publishes/aggregates misleading, deceptive, or incorrect information packaged as real news","For the SOTU address, our team identified only four event-specific hashtags that generated substantial traffic on Twitter."
2-s2.0-85075076652,2.6,topic,crime_society,other,"In total, we identified 71 Fake Attack, 178 Satire Attack, 8 Fake Scene, and 46 Alt-Right origin posts... The combined dataset contains a total of 5,989,967 distinct tweets (including retweets).","The combined dataset contains a total of 5,989,967 distinct tweets (including retweets)."
2-s2.0-85076877757,60.0,construct,CONTENT,SHARING,un 60% corresponde a informacion parcial o completamente falsa,"Tras recibir y organizar los datos de cada grupo, se seleccionaron los contenidos multimedia –texto, imagen fija, vídeo, enlace, pdf y audio– compartidos que correspondían a temas políticos, obteniendo una muestra con 472 publicaciones. Éstas fueron "
2-s2.0-85076877757,60.0,sampling_frame,panel_trace,convenience,un 60% corresponde a informacion parcial o completamente falsa,"Tras recibir y organizar los datos de cada grupo, se seleccionaron los contenidos multimedia –texto, imagen fija, vídeo, enlace, pdf y audio– compartidos que correspondían a temas políticos, obteniendo una muestra con 472 publicaciones. Éstas fueron "
2-s2.0-85076877757,38.8,construct,CONTENT,SHARING,"Los posts clasificados como informacion falsa (38,8%)","Este análisis se basó en un manual del portal de noticias brasileño G12 [EN: This analysis was based on a manual from the Brazilian news portal G1] - Constatar si el título era muy llamativo, la historia era muy inusitada o el tema parecía exagerado."
2-s2.0-85076877757,38.8,sampling_frame,panel_trace,convenience,"Los posts clasificados como informacion falsa (38,8%)","Este análisis se basó en un manual del portal de noticias brasileño G12 [EN: This analysis was based on a manual from the Brazilian news portal G1] - Constatar si el título era muy llamativo, la historia era muy inusitada o el tema parecía exagerado."
2-s2.0-85078014559,90,topic,general_news,politics_elections,"articles from a manually curated list of 63 Italian websites flagged by fact-checkers for fabricating/spreading inaccurate and misleading news, hyper-partisan/propaganda stories, hoax","As a matter of fact, using the standard streaming endpoint allows to gather 100% of shared tweets matching the defined query [27, 28, 8]."
2-s2.0-85078014559,95,sampling_frame,keyword_topical,curated_seed,"Top-10 sources, which account for over 95% of total tweets",To this aim we manually compiled a list of 63 disinformation websites that were still active in January 2019.
2-s2.0-85078014559,95,topic,general_news,politics_elections,"Top-10 sources, which account for over 95% of total tweets",To this aim we manually compiled a list of 63 disinformation websites that were still active in January 2019.
2-s2.0-85083060520,36,topic,politics_elections,general_news,Belief in Exposure to False News was measured by asking (in the English versions): “During the last month have you come across any information that you know or learned was ‘fake news’ (news that was produced in order to give false information)?”,Belief in Exposure to False News was measured by asking (in the English versions): “During the last month have you come across any information that you know or learned was ‘fake news’ (news that was produced in order to give false information)?”
2-s2.0-85083060520,29,topic,politics_elections,general_news,Belief in Exposure to False News was measured by asking (in the English versions): “During the last month have you come across any information that you know or learned was ‘fake news’ (news that was produced in order to give false information)?”,"We employed questionnaires in U.S. English, U.K. English, and French. ... The sample sizes for respondents completing both waves of the panel are n = 745 for the United States, n = 829 for the United Kingdom, and n = 1,182 for France."
2-s2.0-85083060520,19,topic,politics_elections,general_news,Belief in Exposure to False News was measured by asking (in the English versions): “During the last month have you come across any information that you know or learned was ‘fake news’ (news that was produced in order to give false information)?”,"The survey was carried out by Lightspeed Kantar Group employing online panels with quota sampling on gender, age, region, income/social class, and education using government sources of population data."
2-s2.0-85085201199,24.1,construct,CONTENT,EXPOSURE,Non-factual videos accounted for 24.1% of the total viewership,The total viewership of the 69 included videos was 257 804 146 views.
2-s2.0-85085573221,68.2,sampling_frame,survey_sample,convenience,517 (68.2%) participants accepted receiving misinformation,"A cross-sectional online survey was conducted among the healthcare personnel in India from 24 Mar 2020 to 10 Apr 2020. The snowballing sampling technique was used for this online survey. ... A total of 778 forms were received, out of which 20 forms w"
2-s2.0-85086160482,28,construct,CONTENT,QUALITY,These claims were reviewed and categorized into the following non-exclusive categories: (1) exaggerated claim (based on weak data from retrospective or single-center experiences); (2) unsupported claim (without supporting evidence in literature); (3),"All claims were analyzed and categorized independently by two investigators, with the opinion of a third study member serving as tiebreaker."
2-s2.0-85086160482,55,construct,CONTENT,QUALITY,We examined only English-language videos with at least 100 views. ... This process was repeated on YouTube using the same search queries and analytical approach.,This process was repeated on YouTube using the same search queries and analytical approach. We excluded all device advertisements as well as technical or procedural instruction videos created by or intended for clinicians. We examined only English-la
2-s2.0-85089119559,17.5,sampling_frame,curated_seed,keyword_topical,"The team member, responsible for conducting the searches, recorded the first page of the results for data extraction based on previous studies indicating that users more frequently click on the top 10 results, which tend to be concentrated on the fir","The team member, responsible for conducting the searches, recorded the first page of the results for data extraction based on previous studies indicating that users more frequently click on the top 10 results, which tend to be concentrated on the fir"
2-s2.0-85089119559,0,sampling_frame,curated_seed,keyword_topical,"Alexa and Google Assistant provided only one oral result for each query, whereas Siri provided five text results for each query.","Alexa and Google Assistant provided only one oral result for each query, whereas Siri provided five text results for each query."
2-s2.0-85089119559,5.6,sampling_frame,curated_seed,keyword_topical,Siri provided five text results for each query.,Siri provided five text results for each query. Cortana provided between three and nine text or video results for each query.
2-s2.0-85089119559,26.2,sampling_frame,curated_seed,keyword_topical,Cortana provided between three and nine text or video results for each query.,Cortana provided between three and nine text or video results for each query.
2-s2.0-85090181268,13.5,ground_truth,fact_checker,researcher_coding,veracity assessed via fact-checking procedures against verified information,"(iii) veracidade, utilizando procedimentos de fact checking para determinar se o texto traz informações comprovadas ou se trata de informação falsa / (iii) veracity, using fact-checking procedures to determine whether the text carries verified inform"
2-s2.0-85091698994,14.39,sampling_frame,keyword_topical,curated_seed,6:1 ratio in the volume of shared tweets between mainstream and disinformation,"For what concerns the Italian scenario, we referred to [16] to ob- tain a list of 60+ Italian disinformation websites, and to [25] to obtain a list of 25 Italian mainstream outlets;"
2-s2.0-85091698994,10.42,sampling_frame,keyword_topical,curated_seed,9:1 ratio between mainstream and disinformation,"For what concerns the French context, we referred to [19] to obtain"
2-s2.0-85091698994,10.42,denom_scope,political_news,news_diet,9:1 ratio between mainstream and disinformation,"For what concerns the French context, we referred to [19] to obtain"
2-s2.0-85092033301,38.0,construct,CONTENT,SHARING,"Questionable source (MBFC): news outlet 'systematically showing one or more of: extreme bias, consistent promotion of propaganda/conspiracies'","We consider all the posts in our dataset that contain at least one URL linking to a website outside the related social media platfrom (e.g., tweets pointing outside Twitter). We separate URLs in two main categories obtained using the classification p"
2-s2.0-85092033301,38.0,topic,general_news,covid19,"Questionable source (MBFC): news outlet 'systematically showing one or more of: extreme bias, consistent promotion of propaganda/conspiracies'","We consider all the posts in our dataset that contain at least one URL linking to a website outside the related social media platfrom (e.g., tweets pointing outside Twitter). We separate URLs in two main categories obtained using the classification p"
2-s2.0-85092033301,10.0,construct,CONTENT,SHARING,"Questionable source (MBFC): news outlet 'systematically showing one or more of: extreme bias, consistent promotion of propaganda/conspiracies'","For Twitter, we collect tweets related to the topic coronavirus by using both the search and stream endpoint of the Twitter API. The data derived from the stream API represent only 1% of the total volume of tweets, further filtered by the selected ke"
2-s2.0-85092033301,10.0,topic,general_news,covid19,"Questionable source (MBFC): news outlet 'systematically showing one or more of: extreme bias, consistent promotion of propaganda/conspiracies'","For Twitter, we collect tweets related to the topic coronavirus by using both the search and stream endpoint of the Twitter API. The data derived from the stream API represent only 1% of the total volume of tweets, further filtered by the selected ke"
2-s2.0-85092033301,6.4,construct,CONTENT,SHARING,"Questionable source (MBFC): news outlet 'systematically showing one or more of: extreme bias, consistent promotion of propaganda/conspiracies'","For YouTube, we collected videos by using the YouTube Data API by searching for videos that matched our keywords. Then an in depth search was done by crawling the network of videos by searching for more related videos as established by the YouTube al"
2-s2.0-85092033301,6.4,topic,general_news,covid19,"Questionable source (MBFC): news outlet 'systematically showing one or more of: extreme bias, consistent promotion of propaganda/conspiracies'","For YouTube, we collected videos by using the YouTube Data API by searching for videos that matched our keywords. Then an in depth search was done by crawling the network of videos by searching for more related videos as established by the YouTube al"
2-s2.0-85092033301,5.0,construct,CONTENT,SHARING,"Questionable source (MBFC): news outlet 'systematically showing one or more of: extreme bias, consistent promotion of propaganda/conspiracies'","Since no official API are available for Instagram data, we built our own process to collect public contents related to our keywords. We manually took notes of posts, comments and populated the Instagram Dataset."
2-s2.0-85092033301,5.0,topic,general_news,covid19,"Questionable source (MBFC): news outlet 'systematically showing one or more of: extreme bias, consistent promotion of propaganda/conspiracies'","Since no official API are available for Instagram data, we built our own process to collect public contents related to our keywords. We manually took notes of posts, comments and populated the Instagram Dataset."
2-s2.0-85092033301,4.5,construct,CONTENT,SHARING,"Questionable source (MBFC): news outlet 'systematically showing one or more of: extreme bias, consistent promotion of propaganda/conspiracies'","The Reddit dataset was downloaded from the Pushift.io archive, exploiting the related API. In order to filter contents linked to COVID-19, we used our set of keywords."
2-s2.0-85092033301,4.5,topic,general_news,covid19,"Questionable source (MBFC): news outlet 'systematically showing one or more of: extreme bias, consistent promotion of propaganda/conspiracies'","The Reddit dataset was downloaded from the Pushift.io archive, exploiting the related API. In order to filter contents linked to COVID-19, we used our set of keywords."
2-s2.0-85095575703,13.94,sampling_frame,convenience,purposive,"Our objective here is not to identify actual disinformation and misinformation propagation, as we do not examine the precise content shared in the Facebook groups of our sample, but the potential risk of dissemination of unreliable information derive","""Our objective here is not to identify actual disinformation and misinformation propagation, as we do not examine the precise content shared in the Facebook groups of our sample, but the potential risk of dissemination of unreliable information deriv"
2-s2.0-85099149423,13.5,ground_truth,fact_checker,researcher_coding,"false connection (5.2%), misleading content (4.1%) and fabricated content (4.1%)","From BuzzSumo, we collected 100 topics with the keywords 'COVID-19' and 'coronavirus' that generated the highest engagement on Facebook, Twitter, Reddit and Pinterest between the 1st and the 31st of March, 2020. ... We used the Portuguese language as"
2-s2.0-85105454127,11,construct,REACH,SHARING,domains on a 608-source 'fake news' blacklist (sources with a registered history of publishing debunked/fabricated stories that mimic news),"YouGov invited over 27,000 U.S. Twitter users from their standing web panel to participate in our study. 8,741 participants accepted the invitation and answered all questions before the final prompt to give consent to link their public Twitter data t"
2-s2.0-85105511315,32,construct,SHARING,OTHER,sources rated 'Very Low'/'Low' factual reporting plus 'Questionable'/'Conspiracy-Pseudoscience' by Media Bias/Fact Check (674-domain list),(c) Daily ratio of volume of low-credibility links to volume of high-credibility links on Twitter and Facebook. ... The horizontal lines indicate averages across the period starting February 1.
2-s2.0-85105511315,32,topic,general_news,covid19,sources rated 'Very Low'/'Low' factual reporting plus 'Questionable'/'Conspiracy-Pseudoscience' by Media Bias/Fact Check (674-domain list),(c) Daily ratio of volume of low-credibility links to volume of high-credibility links on Twitter and Facebook. ... The horizontal lines indicate averages across the period starting February 1.
2-s2.0-85105511315,32,denom_scope,all_media,n/a,sources rated 'Very Low'/'Low' factual reporting plus 'Questionable'/'Conspiracy-Pseudoscience' by Media Bias/Fact Check (674-domain list),(c) Daily ratio of volume of low-credibility links to volume of high-credibility links on Twitter and Facebook. ... The horizontal lines indicate averages across the period starting February 1.
2-s2.0-85105511315,21,construct,SHARING,OTHER,sources rated 'Very Low'/'Low' factual reporting plus 'Questionable'/'Conspiracy-Pseudoscience' by Media Bias/Fact Check (674-domain list),"The ratio of low- to high-credibility information on Facebook is lower than on Twitter, suggesting that Facebook may be more effective."
2-s2.0-85105511315,21,topic,general_news,covid19,sources rated 'Very Low'/'Low' factual reporting plus 'Questionable'/'Conspiracy-Pseudoscience' by Media Bias/Fact Check (674-domain list),"The ratio of low- to high-credibility information on Facebook is lower than on Twitter, suggesting that Facebook may be more effective."
2-s2.0-85105511315,21,denom_scope,all_media,n/a,sources rated 'Very Low'/'Low' factual reporting plus 'Questionable'/'Conspiracy-Pseudoscience' by Media Bias/Fact Check (674-domain list),"The ratio of low- to high-credibility information on Facebook is lower than on Twitter, suggesting that Facebook may be more effective."
2-s2.0-85108273495,41,sampling_frame,keyword_topical,full_census,"Presence of a significant amount of misinformation in a video, expert-rated on a published 5-point Likert scale by two coders with prostate-cancer (PCa) clinical expertise","We reviewed all TikTok videos (n=65) with the hashtag #prostatecancer between 6/12/16 and 6/30/20. Ten were excluded (7 private and 3 non-English), leaving 55 for analysis. ... Videos were also scored for the presence of misinformation, using a publi"
2-s2.0-85111017779,2.2,topic,covid19,general_news,Action taken on suspicious news                Ignore                     283   32.6,"Section B: The fake news definition (Section 2.1) begins Section B, followed by an instruction to answer the questions based on the respondents' personal experiences since January 2020 (i.e., coincides with the beginning of the COVID-19 pandemic). //"
2-s2.0-85112249462,24.3,sampling_frame,convenience,purposive,"whether they have shared possible misinformation, i.e. information for which the truth value was not known to them at the time of sharing (response options were Yes and No)","Participants were recruited via a call for participants published in the two editions of the CoronaCheck newsletter released on the 11th and 18th of December 2020. In total, 1576 Australian participants took part in our study by completing our online"
2-s2.0-85112249462,24.3,topic,covid19,general_news,"whether they have shared possible misinformation, i.e. information for which the truth value was not known to them at the time of sharing (response options were Yes and No)","Participants were recruited via a call for participants published in the two editions of the CoronaCheck newsletter released on the 11th and 18th of December 2020. In total, 1576 Australian participants took part in our study by completing our online"
2-s2.0-85112249462,31.4,sampling_frame,convenience,purposive,whether they have shared claims that they later discovered were false (response options were Yes and No),"Participants indicated the following: ... (v) whether they have shared claims that they later discovered were false (response options were Yes and No); and, (vi) whether they have shared possible misinformation, i.e. information for which the truth v"
2-s2.0-85112249462,31.4,topic,covid19,general_news,whether they have shared claims that they later discovered were false (response options were Yes and No),"Participants indicated the following: ... (v) whether they have shared claims that they later discovered were false (response options were Yes and No); and, (vi) whether they have shared possible misinformation, i.e. information for which the truth v"
2-s2.0-85117399204,73,topic,covid19,vaccines,73% reporting some exposure to misinformation about COVID-19 vaccines in the past 6 months,"In order to measure exposure to vaccine-related misinformation, we asked respondents whether they encountered each of eight common misinformation themes in the previous 6 months. Misinformation themes were identified based on an academic literature r"
2-s2.0-85121019757,2.5,sampling_frame,random_platform,panel_trace,"624 websites previously identified by researchers, professional fact-checkers, and journalists as sources of fake, deceptive, low-quality, or hyperpartisan news","We then took a random sample of 1,000 URLs from Nielsen visited by our panelists, clicked from Facebook newsfeed, during the same month. Unlike the Facebook dataset, we observed all the URLs that people visit rather than a censored version of URLs wi"
2-s2.0-85121019757,12,sampling_frame,full_census,panel_trace,"624 websites previously identified by researchers, professional fact-checkers, and journalists as sources of fake, deceptive, low-quality, or hyperpartisan news","While most of the change occurred from 0 to 1 share, the percent of all URL content that was fake news also increased from 5.1% to 7.4% –a 45% increase–as the threshold changed from 1 CrowdTangle share to 100."
2-s2.0-85121019757,12,denom_scope,all_media,news_diet,"624 websites previously identified by researchers, professional fact-checkers, and journalists as sources of fake, deceptive, low-quality, or hyperpartisan news","While most of the change occurred from 0 to 1 share, the percent of all URL content that was fake news also increased from 5.1% to 7.4% –a 45% increase–as the threshold changed from 1 CrowdTangle share to 100."
2-s2.0-85121464977,62.5,construct,CONTENT,QUALITY,"We queried YouTube with 40 combinations of keywords (Supplementary Table 1). Internet cache cleared, the log-out from any personal account and a proxy located in United Kingdom through a free VPN software were set to minimise the search history and t","According to misinformation tool, 90 videos were defined as inaccurate. Specifically, 90.0% (n = 81), 50.0% (n = 45), 46.7% (n = 42), 35.6% (n = 32) and 24.4% (n = 22) were inaccurate for incomplete presentation of data, for inconsistent with CDC rec"
2-s2.0-85121971415,0.4,sampling_frame,keyword_topical,purposive,the prevalence of the stated MOUD myth ranged from 0.4% on web-based health communities to 0.9% on Twitter,"We relied on expert domain knowledge to identify subforums pertinent to OUD for Reddit and Drugs-Forum and used the full set of 152 keywords for these sites. For Reddit, we used data from 22 opioid-specific subreddits: r/Carfentanil, r/opiates, r/fen"
2-s2.0-85122546153,75,construct,CONTENT,QUALITY,"Where a disease was mentioned, it was noted whether alcohol was stated to be a risk factor or protective. There was very high reliability between the results from the two authors (94.4% agreement, Cohen's j 0.79).","Firstly, each webpage was searched (independently, by two authors) for reference to MI; ischaemic (or coronary) heart disease; (congestive) heart failure; cardiomyopathy; hypertension; atrial fibrillation (or arrhythmia); peripheral vascular disease;"
2-s2.0-85122546153,75,classification_level,claim_level,source_level,"Where a disease was mentioned, it was noted whether alcohol was stated to be a risk factor or protective. There was very high reliability between the results from the two authors (94.4% agreement, Cohen's j 0.79).","Firstly, each webpage was searched (independently, by two authors) for reference to MI; ischaemic (or coronary) heart disease; (congestive) heart failure; cardiomyopathy; hypertension; atrial fibrillation (or arrhythmia); peripheral vascular disease;"
2-s2.0-85124307830,60.7,topic,covid19,vaccines,Tracking being seen by 60.7%,"Our final dataset consisted of 805,816 complete responses (N = 18,314) from 40 countries (see Fig 1). Our sample covers all continents and contains a median of 464 respondents per country."
2-s2.0-85124307830,55.7,topic,covid19,vaccines,Pharma by 55.7% of the respondents,"Our final dataset consisted of 805,816 complete responses (N = 18,314) from 40 countries (see Fig 1). Our sample covers all continents and contains a median of 464 respondents per country."
2-s2.0-85124823821,93.10,sampling_frame,survey_sample,convenience,93.1% (1049/1127) received misinformation about the pandemic through social media,"A cross-sectional online survey, using Google Form, was used to collect data related to the spread of COVID-19 information in June 2020. Eligible participants were adults aged >=18 years residing in Nigeria. Data on demography, information source, me"
2-s2.0-85126609259,5,sampling_frame,keyword_topical,purposive,the NewsGuardTech’s database of sites ﬂagged for,We used PRAW—Reddit's Python API—to collect titles of all posts containing the terms “coronavirus” or “Covid” from 21 January 2020 to 9 July 2020. ... We collected posts linking to external information sources from 12 subreddits with noted political 
2-s2.0-85126609259,15,sampling_frame,keyword_topical,purposive,the NewsGuardTech’s database of sites ﬂagged for,"We relied on the descriptions displayed on the subreddits' front pages to determine their ideological biases, and in the case of r/politics and r/esist, we confirmed the ideological bias to be liberal as noted in recent literature."
2-s2.0-85126609259,0,sampling_frame,keyword_topical,purposive,the NewsGuardTech’s database of sites ﬂagged for,We relied on the descriptions displayed on the subreddits' front pages to determine their ideological biases
2-s2.0-85126609259,10,construct,SHARING,CONTENT,the NewsGuardTech’s database of sites ﬂagged for,We use source credibility ratings from MediaBiasFactCheck.com to examine differences in credibility of information sources shared by Reddit users across ideological lines with linear regression (RQ3).
2-s2.0-85126609259,10,sampling_frame,keyword_topical,purposive,the NewsGuardTech’s database of sites ﬂagged for,We use source credibility ratings from MediaBiasFactCheck.com to examine differences in credibility of information sources shared by Reddit users across ideological lines with linear regression (RQ3).
2-s2.0-85127039075,10.7,topic,covid19,vaccines,Thirteen videos (10.7%) contained non-factual information,"A YouTube search was performed on 21 July 2021, using keywords 'COVID-19 vaccine' on a cleared-cache web browser. Search results were sorted by 'views', and 150 videos with the greatest number of views were collected and analysed."
2-s2.0-85127039075,11.0,construct,CONTENT,EXPOSURE,No of views ... Non-factual 18 482 373 (11%) ... Factual 150 964 009 (89%),The total viewership at time of data collection was 169 446 382 views.
2-s2.0-85127039075,11.0,topic,covid19,vaccines,No of views ... Non-factual 18 482 373 (11%) ... Factual 150 964 009 (89%),The total viewership at time of data collection was 169 446 382 views.
2-s2.0-85127044816,6.4,sampling_frame,purposive,keyword_topical,"misinformation” for example, there are 374 answers that propagated misinformation","We used the Zhihu Web Crawler API to collect all the answers about GM (转基因), which result in 40,101 answers posted by more than 21,422 unique users as of September 2019. Then we chose the users that have posted more than 10 GMO-related answers and go"
2-s2.0-85129092713,56.00,topic,covid19,vaccines,"vaccine misinformation was found to be the most prominent content type detected (n=244, 56%)","Tweets and user comments associated with the keywords ""Hank Aaron"" and ""vaccine"" were queried with the Twitter Search API from January 31, 2021, to February 6, 2021 (the week immediately following the death of Hank Aaron), hereinafter referred to as "
2-s2.0-85131073869,37.5,construct,CONTENT,SHARING,"Links to a curated list of 94 'misleading sources' (Pierri et al.): misleading/false/hyper-partisan news, hoaxes, conspiracy, clickbait","For our analysis, we extracted all messages that contained hyperlinks to any website, which was 6.8 million messages. ... For the lists of professional news and misleading sources, we relied on curated lists also used by Pierri and colleagues (2020)."
2-s2.0-85131073869,37.5,denom_scope,news_diet,political_news,"Links to a curated list of 94 'misleading sources' (Pierri et al.): misleading/false/hyper-partisan news, hoaxes, conspiracy, clickbait","For our analysis, we extracted all messages that contained hyperlinks to any website, which was 6.8 million messages. ... For the lists of professional news and misleading sources, we relied on curated lists also used by Pierri and colleagues (2020)."
2-s2.0-85131270595,3.2,topic,covid19,vaccines,contained at least one of the vaccine misinformation themes,"Articles associated with each subtheme were generated by Boolean strings. For each subtheme, we randomly selected 20 articles and refined the Boolean string in iterative fashion until all articles not consistent with that subtheme were eliminated. .."
2-s2.0-85131270595,0.1,topic,covid19,vaccines,of all articles on COVID-19 vaccines in our sample contained primary misinformation,"Articles were characterised as either (1) primary misinformation (ie, articles promoting misinformation); (2) fact-checking (ie, articles concerned with determining whether certain assertions were accurate) or (3) refers to misinformation (ie, made r"
2-s2.0-85131964464,19.0,sampling_frame,convenience,purposive,"Disinformation as flagged by the Brazilian fact-checker Aos Fatos (Agencia Aos Fatos), applied within the Wardle & Derakhshan information-disorder framework.","Para a analise de conteudo, o conjunto de dados foi limitado aos 100 textos mais retuitados. Optou-se por esse recorte uma vez que este trabalho investiga principalmente a narrativa publica em torno da comunicacao do presidente Jair Bolsonaro e os tu"
2-s2.0-85131964464,19.0,topic,covid19,politics_elections,"Disinformation as flagged by the Brazilian fact-checker Aos Fatos (Agencia Aos Fatos), applied within the Wardle & Derakhshan information-disorder framework.","Para a analise de conteudo, o conjunto de dados foi limitado aos 100 textos mais retuitados. Optou-se por esse recorte uma vez que este trabalho investiga principalmente a narrativa publica em torno da comunicacao do presidente Jair Bolsonaro e os tu"
2-s2.0-85134426953,32.5,ground_truth,fact_checker,researcher_coding,"Of 200 total articles, 32.5% (n = 65) contained misinformation","Using web-scraping software (Buzzsumo.com) (12), we searched for the most popular English language articles containing relevant keywords for the 4 most common cancers (breast, prostate, colorectal, and lung). These articles include any news article o"
2-s2.0-85135381095,0,sampling_frame,random_platform,keyword_topical,"Manual review was also performed for a random sample of 100 campaigns from each other category (""Business-related,"" ""First Response,"" ""Mandate,"" ""Traditional Treatments,"" and ""General"") as a similar sensitivity analysis.","Manual review was also performed for a random sample of 100 campaigns from each other category (“Business-related,” “First Response,” “Mandate,” “Traditional Treatments,” and “General”) as a similar sensitivity analysis."
2-s2.0-85136023139,7.6,ground_truth,researcher_coding,classifier,liked or retweeted fraud-related content by promoters of conspiracy theories,Fig. 1. Fraction of active users (any likes/retweets) in the Twitter panel that liked/retweeted fraud-related posts before and after the 2020 election.
2-s2.0-85136139565,47,topic,other,science_other,47% of articles containing errors ... factual errors about spiders as judged by spider experts,"For our analysis, we compiled 5,348 news items from 81 countries and 40 languages (Figure 1A). First, we asked: 'What is the quality of spider-related information in the global press and which news-level factors are associated with sensationalistic c"
2-s2.0-85137779722,0.88,construct,CONTENT,SHARING,sharing a URL from a domain classified by Media Bias/Fact Check (MBFC) as 'questionable' or 'conspiracy-pseudoscience',"We leveraged release v2.45 for this paper, which contains 1,443,871,621 tweets from January 21, 2020, through April 30, 2021."
2-s2.0-85138494787,22.5,construct,CONTENT,SHARING,57/253 (22.5%) of top shared URLs endorsed the claim,"each (SD 24). Of those, 253 URLs were shared greater than 3"
2-s2.0-85138494787,22.5,sampling_frame,,keyword_topical,57/253 (22.5%) of top shared URLs endorsed the claim,"each (SD 24). Of those, 253 URLs were shared greater than 3"
2-s2.0-85140592237,18.3,topic,health_other,covid19,40 (18.3%) misleading videos,"The online video hosting resource YouTube was accessed on 1 February 2021 from Turkey using the search term ""Coronavirus and nutrition"" in Turkish language. ... The first 280 videos from search were included for further analysis. This screening strat"
2-s2.0-85142396682,3.86,topic,politics_elections,general_news,links pointing to web domains scored below 60 on NewsGuard's 0-100 nutrition scale (professional fact-checker assessment),the database covers 46.5% of links posted by members of the US
2-s2.0-85142396682,3.86,denom_scope,political_news,all_media,links pointing to web domains scored below 60 on NewsGuard's 0-100 nutrition scale (professional fact-checker assessment),the database covers 46.5% of links posted by members of the US
2-s2.0-85142396682,0.43,topic,politics_elections,general_news,links pointing to web domains scored below 60 on NewsGuard's 0-100 nutrition scale (professional fact-checker assessment),the database covers 46.5% of links posted by members of the US
2-s2.0-85142396682,0.43,denom_scope,political_news,all_media,links pointing to web domains scored below 60 on NewsGuard's 0-100 nutrition scale (professional fact-checker assessment),the database covers 46.5% of links posted by members of the US
2-s2.0-85142396682,0.18,topic,politics_elections,general_news,links pointing to web domains scored below 60 on NewsGuard's 0-100 nutrition scale (professional fact-checker assessment),Congress and 58.8% and 39.2% of links posted by members of the
2-s2.0-85142396682,0.18,denom_scope,political_news,all_media,links pointing to web domains scored below 60 on NewsGuard's 0-100 nutrition scale (professional fact-checker assessment),Congress and 58.8% and 39.2% of links posted by members of the
2-s2.0-85142396682,0.03,topic,politics_elections,general_news,links pointing to web domains scored below 60 on NewsGuard's 0-100 nutrition scale (professional fact-checker assessment),Congress and 58.8% and 39.2% of links posted by members of the
2-s2.0-85142396682,0.03,denom_scope,political_news,all_media,links pointing to web domains scored below 60 on NewsGuard's 0-100 nutrition scale (professional fact-checker assessment),Congress and 58.8% and 39.2% of links posted by members of the
2-s2.0-85142396682,0.25,topic,politics_elections,general_news,links pointing to web domains scored below 60 on NewsGuard's 0-100 nutrition scale (professional fact-checker assessment),"United Kingdom, members of the Tories post 4.7 times more links"
2-s2.0-85142396682,0.25,denom_scope,political_news,all_media,links pointing to web domains scored below 60 on NewsGuard's 0-100 nutrition scale (professional fact-checker assessment),"United Kingdom, members of the Tories post 4.7 times more links"
2-s2.0-85142396682,0.05,topic,politics_elections,general_news,links pointing to web domains scored below 60 on NewsGuard's 0-100 nutrition scale (professional fact-checker assessment),to untrustworthy domains than members of the Labour Party
2-s2.0-85142396682,0.05,denom_scope,political_news,all_media,links pointing to web domains scored below 60 on NewsGuard's 0-100 nutrition scale (professional fact-checker assessment),to untrustworthy domains than members of the Labour Party
2-s2.0-85142886759,2.7,construct,CONTENT,SHARING,"URLs pointing to domains rated low-credibility (questionable sources, conspiracy-pseudoscience, or (very) low credibility) by Media Bias/Fact Check and The Factual.","We collected tweets using the Twitter API from 1st of September 2020 to 15th of September 2020. The original keywords used to collect this dataset are AstraZeneca, ""Astra Zeneca"", AZD1222, COVID, vaccine, immunity, ""herd immunity"", Barrington, and ""f"
2-s2.0-85142886759,2.7,topic,covid19,vaccines,"URLs pointing to domains rated low-credibility (questionable sources, conspiracy-pseudoscience, or (very) low credibility) by Media Bias/Fact Check and The Factual.","We collected tweets using the Twitter API from 1st of September 2020 to 15th of September 2020. The original keywords used to collect this dataset are AstraZeneca, ""Astra Zeneca"", AZD1222, COVID, vaccine, immunity, ""herd immunity"", Barrington, and ""f"
2-s2.0-85143274147,91.2,sampling_frame,survey_sample,convenience,claimed to have come across misinformation during the pandemic,"For misinformation, respondents were asked to indicate whether or not they encountered misinformation during the pandemic, where they came across such information and how often, on a Likert scale from one to five, they found themselves involved in mi"
2-s2.0-85143274147,36.3,sampling_frame,survey_sample,convenience,36.3% of respondents were involved in transmitting misinformation at some point during the pandemic,"how often, on a Likert scale from one to five, they found themselves involved in misinformation"
2-s2.0-85145390598,7.5,sampling_frame,keyword_topical,curated_seed,"For dietitians, out of a total of 575 tweets ... 532 (92.5%) were accurate","In order to identify our sample of RDs from Canada and the United States with Twitter accounts, the Dietitians of Canada Member Blogs list [35] (n=56 as of October 2020) and the American Nutrition Blog Network author directory [36] (n=1049 as of Octo"
2-s2.0-85145404443,1.8,topic,covid19,vaccines,131 (1.8%) were coded as anti-vaccine,"all 4 authors read through mutually exclusive subsamples of 8800 tweets and coded every tweet in which the text contained negative information or sentiment about vaccines as “1”; otherwise, the tweets are coded as “0.”"
2-s2.0-85145425628,0.47,sampling_frame,full_census,keyword_topical,3610 (0.47%) sentences were labeled as misinformation,"Consequentially, all analysis was restricted to only sentences containing the words ""obese"" or ""obesity"" (n=764,179 sentences across 689,447 comments after the removal of duplicates) to ensure that sentences included in the final analysis were relate"
2-s2.0-85145881152,86,ground_truth,fact_checker,researcher_coding,invalid with or without potential risk (63.2%) or inaccurate (22.4%),Participants were requested to share up to three health-related WhatsApp messages that they had recently read. Examples of such messages are the benefit of stem cells or different herbs for certain diseases and risk factors or causes for diseases and
2-s2.0-85145956359,70,topic,war_geopolitics,politics_elections,exposed to one or more posts from a foreign influence campaign,The survey data contain responses from 1496 US respondents who consented both to provide their Twitter account information for research purposes and to answer questions concerning their political attitudes and beliefs at multiple points during the 20
2-s2.0-85145956359,70,topic,war_geopolitics,politics_elections,only 1% of users accounted for 70% of exposures,"That median exposure is zero per week in the last month of the election suggests that exposure may, in general, be concentrated among a small group of users. To examine this, we present in panel b of Fig. 1 the cumulative distribution of exposure amo"
2-s2.0-85145956359,98,topic,war_geopolitics,politics_elections,"almost all exposure is concentrated among only 10% of respondents, who account for 98% of exposures",we present in panel b of Fig. 1 the cumulative distribution of exposure among respondents to posts from foreign influence accounts
2-s2.0-85148963619,1.31,construct,SHARING,CONTENT,"low-credibility news domains, identified at the source/domain level using the Iffy+ Misinfo/Disinfo list","""Starting with covid and vaccine as our initial seeds, we employed a snowball sampling technique to identify co-occurring relevant keywords in December 2020 [52,53]. The resulting list contained almost 80 keywords... In this study, we analyzed the da"
2-s2.0-85148963619,1.31,topic,covid19,vaccines,"low-credibility news domains, identified at the source/domain level using the Iffy+ Misinfo/Disinfo list","""Starting with covid and vaccine as our initial seeds, we employed a snowball sampling technique to identify co-occurring relevant keywords in December 2020 [52,53]. The resulting list contained almost 80 keywords... In this study, we analyzed the da"
2-s2.0-85148963619,35,topic,covid19,vaccines,approximately 800 “superspreaders” verified by Twitter accounted for approximately 35% of all reshares of misinformation on an average day,"""Figure 5 shows that over time, verified accounts represented approximately 15% of those that posted vaccine content, but were consistently responsible for approximately 43% of that content."""
2-s2.0-85152674280,26.2,topic,general_news,politics_elections,only 26.2% (95% CI 22.5% to 29.8%) of Americans were exposed to at least one untrustworthy website,"We added the 1,240 domains that NewsGuard rated as 'repeatedly publishing false content' to the Guess et al. and Allcott et al. list of untrustworthy websites, producing a total list of 1,796 unique untrustworthy domains. [...] untrustworthy websites"
2-s2.0-85154558018,1.7,denom_scope,population,news_diet,"Using the compiled domain credibility lists, we labelled individual news articles with corresponding domain labels. Hence, we attributed misinformation at the level of the publisher (i.e., domain) and not at the level of the individual news article, ","From these 1.4B comments, we identified a total of 8.23M (0.6%) comments containing news links (as URLs). We then classified a Reddit comment as either reputable, fake, or low credibility based on the domain that the news URL pointed to"
2-s2.0-85154558018,1.4,denom_scope,news_diet,population,"From these 1.4B comments, we identified a total of 8.23M (0.6%) comments containing news links (as URLs). We then classified a Reddit comment as either reputable, fake, or low credibility based on the domain that the news URL pointed to",We identified approximately 3M users who were located in one of the 50 U.S. states.
2-s2.0-85159153364,0.4,construct,CONTENT,SHARING,"80,066 posts (0.4% of all posts) sharing links to low-credibility news websites","we queried the /posts/search endpoint weekly, using a set of over 40 keywords (in English, Russian and Ukrainian language) related to the conflict"
2-s2.0-85159153364,0.25,construct,CONTENT,SHARING,"51,269 posts (0.25% of all posts) sharing links to Russian propaganda outlets","We follow a distant-supervision approach, widely adopted in the literature, to label news articles based on the reliability of the source."
2-s2.0-85159153364,0.4,construct,CONTENT,SHARING,"997,886 tweets sharing links to low-credibility news websites (0.4% of all tweets)","The resulting dataset contains 19.5M posts, shared by 1.1M unique pages and groups, generating over 2.9 billion interactions (shares, comments, reactions, etc)."
2-s2.0-85159153364,0.2,construct,CONTENT,SHARING,"567,587 tweets (0.2% of all tweets) sharing links to Russian propaganda outlets","We remark that the streaming endpoint filters tweets that match a defined query in a real-time fashion up to 1% of the global stream. As it can be seen in panel c of Figure 1, we likely hit the rate limit during the weeks following the invasion (Febr"
2-s2.0-85159598935,23.47,construct,CONTENT,SHARING,"NewsGuard 'non-trustworthy' (N) news domains: sources that regularly publish false news, do not distinguish fact from opinion, do not correct errors","All the domains in our validated Twitter dataset have been tagged according to their degree of credibility and transparency, as indicated by the browser extension and mobile app NewsGuard. ... Tags T and N in Table 3 are used only for news sites, be "
2-s2.0-85159598935,18.33,construct,CONTENT,SHARING,"NewsGuard 'non-trustworthy' (N) news domains: sources that regularly publish false news, do not distinguish fact from opinion, do not correct errors","All the domains in our validated Twitter dataset have been tagged according to their degree of credibility and transparency, as indicated by the browser extension and mobile app NewsGuard."
2-s2.0-85160248068,2.05,denom_scope,all_media,news_diet,unreliable news was less prevalent in the URLs they were exposed to on Google Search (2.05% in 2018,"Here we report the overall percentage of the URLs that came from news and unreliable news domains (using the total URL count as the denominator), as well as the percentage of news that came from unreliable domains (using the total news domain count a"
2-s2.0-85160248068,3.03,denom_scope,all_media,news_diet,overall engagement (3.03% in 2018,"Here we report the overall percentage of the URLs that came from news and unreliable news domains (using the total URL count as the denominator), as well as the percentage of news that came from unreliable domains (using the total news domain count a"
2-s2.0-85160248068,1.86,denom_scope,all_media,news_diet,1.86% in 2020,"Here we report the overall percentage of the URLs that came from news and unreliable news domains (using the total URL count as the denominator), as well as the percentage of news that came from unreliable domains (using the total news domain count a"
2-s2.0-85162702221,18.4,topic,general_news,politics_elections,Facebook page whose website matched the Grinberg et al. (2019) fake-news source list,"This study relies on data from a convenience sample of MTurk participants who were willing to provide their Facebook data. This sample is non-representative of the American adult population (e.g., higher levels of education, which may result in a low"
2-s2.0-85163154882,33.0,construct,CONTENT,SHARING,"In order to create similarly sized sample sets, we only coded websites with more than 2,000 mentions on Reddit and 400 on 4chan. This yielded 203 results from Reddit and 182 from 4chan.","In order to create similarly sized sample sets, we only coded websites with more than 2,000 mentions
on Reddit and 400 on 4chan. This yielded 203 results from Reddit and 182 from 4chan."
2-s2.0-85163154882,20.0,construct,CONTENT,SHARING,"Applying these definitions of “junk” information to the sources collected from a curated list of political subreddits and 4chan’s /pol/ board, we found that, while the majority of information sources were news, a great deal matched definitions of sen","We
examined the list of subreddits that userleansbot relies on and how the bot codes them for partisanship,
and then narrowed our criteria to subreddits that were either exclusively or primarily concerned with
American national politics."
2-s2.0-85163154882,20.0,sampling_frame,full_census,curated_seed,"Applying these definitions of “junk” information to the sources collected from a curated list of political subreddits and 4chan’s /pol/ board, we found that, while the majority of information sources were news, a great deal matched definitions of sen","We
examined the list of subreddits that userleansbot relies on and how the bot codes them for partisanship,
and then narrowed our criteria to subreddits that were either exclusively or primarily concerned with
American national politics."
2-s2.0-85163186108,13,construct,CONTENT,SHARING,'obvious misinformation' or 'already fact-checked to be false',"We obtained groups related to politics in India by manually searching for keywords related to all major national & regional political parties and religious groups and their prominent political leaders, looking for data on Facebook, Twitter and Google"
2-s2.0-85163186108,13,sampling_frame,random_platform,curated_seed,'obvious misinformation' or 'already fact-checked to be false',"We obtained groups related to politics in India by manually searching for keywords related to all major national & regional political parties and religious groups and their prominent political leaders, looking for data on Facebook, Twitter and Google"
2-s2.0-85163186108,13,denom_scope,political_news,topical,'obvious misinformation' or 'already fact-checked to be false',"We obtained groups related to politics in India by manually searching for keywords related to all major national & regional political parties and religious groups and their prominent political leaders, looking for data on Facebook, Twitter and Google"
2-s2.0-85164339474,11.4,ground_truth,researcher_coding,fact_checker,>=1 of seven specific widespread COVID-19 false claims,"CNN and MSNBC included significantly more misinformation claims than network news, but the vast majority of their misinformation claims were corrected (especially CNN with 96% of misinformation statements corrected within the transcript)."
2-s2.0-85164339474,11.4,sampling_frame,random_platform,keyword_topical,>=1 of seven specific widespread COVID-19 false claims,"CNN and MSNBC included significantly more misinformation claims than network news, but the vast majority of their misinformation claims were corrected (especially CNN with 96% of misinformation statements corrected within the transcript)."
2-s2.0-85164339474,10.8,ground_truth,researcher_coding,fact_checker,>=1 of seven specific widespread COVID-19 false claims,"None of the misinformation claims made on FOX were corrected. Therefore, although FOX news included slightly less misinformation statements than CNN and MSNBC, it contained more uncorrected misinformation statements than all other networks combined."
2-s2.0-85164339474,10.8,sampling_frame,random_platform,keyword_topical,>=1 of seven specific widespread COVID-19 false claims,"None of the misinformation claims made on FOX were corrected. Therefore, although FOX news included slightly less misinformation statements than CNN and MSNBC, it contained more uncorrected misinformation statements than all other networks combined."
2-s2.0-85164339474,14.8,ground_truth,researcher_coding,fact_checker,>=1 of seven specific widespread COVID-19 false claims,"Post hoc analyses with a Bonferroni correction for multiple tests indicated misinformation was significantly higher in MSNBC transcripts than transcripts from ABC (p = .003), CBS (p = .005), and NBC (p < .001)."
2-s2.0-85164339474,14.8,sampling_frame,random_platform,keyword_topical,>=1 of seven specific widespread COVID-19 false claims,"Post hoc analyses with a Bonferroni correction for multiple tests indicated misinformation was significantly higher in MSNBC transcripts than transcripts from ABC (p = .003), CBS (p = .005), and NBC (p < .001)."
2-s2.0-85164339474,1.66,ground_truth,researcher_coding,fact_checker,>=1 of seven specific widespread COVID-19 false claims,"network news stations - ABC, CBS, and NBC made little to no reference to misinformation and included almost no misinformation statements within their broadcasts."
2-s2.0-85164339474,1.66,sampling_frame,random_platform,keyword_topical,>=1 of seven specific widespread COVID-19 false claims,"network news stations - ABC, CBS, and NBC made little to no reference to misinformation and included almost no misinformation statements within their broadcasts."
2-s2.0-85164339474,2.29,ground_truth,researcher_coding,fact_checker,>=1 of seven specific widespread COVID-19 false claims,"network news stations - ABC, CBS, and NBC made little to no reference to misinformation and included almost no misinformation statements within their broadcasts."
2-s2.0-85164339474,2.29,sampling_frame,random_platform,keyword_topical,>=1 of seven specific widespread COVID-19 false claims,"network news stations - ABC, CBS, and NBC made little to no reference to misinformation and included almost no misinformation statements within their broadcasts."
2-s2.0-85164339474,1.75,ground_truth,researcher_coding,fact_checker,>=1 of seven specific widespread COVID-19 false claims,"network news stations - ABC, CBS, and NBC made little to no reference to misinformation and included almost no misinformation statements within their broadcasts."
2-s2.0-85164339474,1.75,sampling_frame,random_platform,keyword_topical,>=1 of seven specific widespread COVID-19 false claims,"network news stations - ABC, CBS, and NBC made little to no reference to misinformation and included almost no misinformation statements within their broadcasts."
2-s2.0-85168520853,26.1,sampling_frame,convenience,random_platform,401/1534 (26.1%) contained misinformation,"The content analysis was conducted on statements from 2 Italian Facebook OCMHs selected from among 14 Facebook groups that agreed to participate in the study. One of these was expert-led (with approximately 12,000 members) and the other was peer-led "
2-s2.0-85169998829,57,ground_truth,researcher_coding,classifier,"First, the top ten users for each month from the user influentiality analysis were manually reviewed and tagged as Ivermectin pro-use (""misinformation spreaders"") or anti-use depending on the sentiment expressed in their tweets (Table 6 and 7). We th","The process was repeated to six node hops in English and five node hops in Japanese, achieving a population coverage of 69.7% in English, with 280,713 users tagged as pro-use and 206,428 as anti-use, and 82.6% population coverage in Japanese, with 11"
2-s2.0-85169998829,57,classification_level,claim_level,source_level,"First, the top ten users for each month from the user influentiality analysis were manually reviewed and tagged as Ivermectin pro-use (""misinformation spreaders"") or anti-use depending on the sentiment expressed in their tweets (Table 6 and 7). We th","The process was repeated to six node hops in English and five node hops in Japanese, achieving a population coverage of 69.7% in English, with 280,713 users tagged as pro-use and 206,428 as anti-use, and 82.6% population coverage in Japanese, with 11"
2-s2.0-85169998829,55,ground_truth,researcher_coding,classifier,"The process was repeated to six node hops in English and five node hops in Japanese, achieving a population coverage of 69.7% in English","The process was repeated to six node hops in English and five node hops in Japanese, achieving a population coverage of 69.7% in English, with 280,713 users tagged as pro-use and 206,428 as anti-use, and 82.6% population coverage in Japanese, with 11"
2-s2.0-85169998829,55,classification_level,claim_level,source_level,"The process was repeated to six node hops in English and five node hops in Japanese, achieving a population coverage of 69.7% in English","The process was repeated to six node hops in English and five node hops in Japanese, achieving a population coverage of 69.7% in English, with 280,713 users tagged as pro-use and 206,428 as anti-use, and 82.6% population coverage in Japanese, with 11"
2-s2.0-85172171076,50,sampling_frame,curated_seed,purposive,we examine the extent to which pro- and anti-vaccine Facebook actors share links to information sources rated as unreliable by different organizations. We first use binary measures of site credibility drawn from the Global Disinformation Index's (GDI,"In November 2020, we identified vaccine-related Facebook groups/pages as described in27 based on whether they mentioned vaccine-related terms (""vaccine"", ""vaxx"", ""vaccines"", ""jab"", etc.)-at least once. ... These groups/pages were manually annotated a"
2-s2.0-85172171076,0.2,sampling_frame,curated_seed,purposive,We find that anti-vaccine Facebook venues share a much higher proportion of links to unreliable information sources (Fig. 3).,we examine the extent to which pro- and anti-vaccine Facebook actors share links to information sources rated as unreliable by different organizations. We first use binary measures of site credibility drawn from the Global Disinformation Index's (GDI
2-s2.0-85172813494,29,ground_truth,fact_checker,self_report,clusters of fact-check-identified false/misleading content sharing a common idea/story,"The survey was launched on March 10th until 16th, online, with N=1.003, among Spanish residents between 18 and 74 years old, with a margin of error of +/- 3,4% for a confidence level of 95% and p=q=0,5. The survey company Gesop was hired to conduct t"
2-s2.0-85172813494,29,topic,general_news,covid19,clusters of fact-check-identified false/misleading content sharing a common idea/story,"The survey was launched on March 10th until 16th, online, with N=1.003, among Spanish residents between 18 and 74 years old, with a margin of error of +/- 3,4% for a confidence level of 95% and p=q=0,5. The survey company Gesop was hired to conduct t"
2-s2.0-85172813494,60,ground_truth,fact_checker,self_report,clusters of fact-check-identified false/misleading content sharing a common idea/story,"Not surprisingly, two of them (Ns 1 & 5) are related to covid-19 pandemic."
2-s2.0-85172813494,60,topic,general_news,vaccines,clusters of fact-check-identified false/misleading content sharing a common idea/story,"Not surprisingly, two of them (Ns 1 & 5) are related to covid-19 pandemic."
2-s2.0-85172813494,73,ground_truth,fact_checker,self_report,clusters of fact-check-identified false/misleading content sharing a common idea/story,"The survey was structured according to the aforementioned narratives. After an initial set of socio-demographic questions (including here ideology, party identification and media engagement), each narrative was presented with a set of questions: - ha"
2-s2.0-85172813494,73,topic,general_news,war_geopolitics,clusters of fact-check-identified false/misleading content sharing a common idea/story,"The survey was structured according to the aforementioned narratives. After an initial set of socio-demographic questions (including here ideology, party identification and media engagement), each narrative was presented with a set of questions: - ha"
2-s2.0-85173224200,77,sampling_frame,convenience,purposive,seven mis/disinformation types (misleading/manipulated/fabricated/false-context/false-connection/imposter/satire); author-coded by two researchers,"la muestra corresponde a todos los tuits originales de los dos perfiles estudiados en un periodo de un ano (entre las fechas de 30 de noviembre de 2020 hasta 30 de noviembre de 2021)... se recogieron un total de 1383 tuits, siendo 338 del politico es"
2-s2.0-85173224200,45,sampling_frame,convenience,purposive,seven mis/disinformation types (misleading/manipulated/fabricated/false-context/false-connection/imposter/satire); author-coded by two researchers,"Finalmente, la muestra de Jair Bolsonaro fue de 99 tuits debido a que uno de ellos fue eliminado de Twitter por cuestiones de derechos de autor. [EN: 'Finally, the Jair Bolsonaro sample was 99 tweets because one of them had been removed from Twitter "
2-s2.0-85175105353,3.2,construct,REACH,SHARING,Sharing a link whose top-level domain matches a manually-compiled list of 378 'low-credibility' sources (Media Bias/Fact Check 'questionable' + 'conspiracy-pseudoscience' domains,The data used in this study consisted of 117 million tweets collected from Twitter in real-time using the keywords “ukraine” and “kyiv”.
2-s2.0-85175105353,3.2,topic,general_news,war_geopolitics,Sharing a link whose top-level domain matches a manually-compiled list of 378 'low-credibility' sources (Media Bias/Fact Check 'questionable' + 'conspiracy-pseudoscience' domains,The data used in this study consisted of 117 million tweets collected from Twitter in real-time using the keywords “ukraine” and “kyiv”.
2-s2.0-85175105353,3.2,denom_scope,population,topical,Sharing a link whose top-level domain matches a manually-compiled list of 378 'low-credibility' sources (Media Bias/Fact Check 'questionable' + 'conspiracy-pseudoscience' domains,The data used in this study consisted of 117 million tweets collected from Twitter in real-time using the keywords “ukraine” and “kyiv”.
2-s2.0-85177420309,5,topic,general_news,other,coded as 'CT-confirming' (propagating/supporting the conspiracy theory) vs neutral/debunking,"To avoid personalisation effects, we made sure that users were not logged into Google when they conducted their search; that the local language was selected in the search settings; and that search customisation was disabled [...] We limited our colle"
2-s2.0-85177420309,7,topic,general_news,other,coded as 'CT-confirming' (propagating/supporting the conspiracy theory) vs neutral/debunking,"To avoid personalisation effects, we made sure that users were not logged into Google when they conducted their search; that the local language was selected in the search settings; and that search customisation was disabled [...] We limited our colle"
2-s2.0-85177420309,17,topic,general_news,other,coded as 'CT-confirming' (propagating/supporting the conspiracy theory) vs neutral/debunking,"To avoid personalisation effects, we made sure that users were not logged into Google when they conducted their search; that the local language was selected in the search settings; and that search customisation was disabled [...] We limited our colle"
2-s2.0-85177420309,8,topic,general_news,other,coded as 'CT-confirming' (propagating/supporting the conspiracy theory) vs neutral/debunking,"To avoid personalisation effects, we made sure that users were not logged into Google when they conducted their search; that the local language was selected in the search settings; and that search customisation was disabled [...] We limited our colle"
2-s2.0-85177420309,12,topic,general_news,other,coded as 'CT-confirming' (propagating/supporting the conspiracy theory) vs neutral/debunking,"To avoid personalisation effects, we made sure that users were not logged into Google when they conducted their search; that the local language was selected in the search settings; and that search customisation was disabled [...] We limited our colle"
2-s2.0-85177420309,17,topic,general_news,other,coded as 'CT-confirming' (propagating/supporting the conspiracy theory) vs neutral/debunking,"To avoid personalisation effects, we made sure that users were not logged into Google when they conducted their search; that the local language was selected in the search settings; and that search customisation was disabled [...] We limited our colle"
2-s2.0-85177420309,19,topic,general_news,other,coded as 'CT-confirming' (propagating/supporting the conspiracy theory) vs neutral/debunking,"To avoid personalisation effects, we made sure that users were not logged into Google when they conducted their search; that the local language was selected in the search settings; and that search customisation was disabled [...] We limited our colle"
2-s2.0-85177420309,12,topic,general_news,other,coded as 'CT-confirming' (propagating/supporting the conspiracy theory) vs neutral/debunking,"To avoid personalisation effects, we made sure that users were not logged into Google when they conducted their search; that the local language was selected in the search settings; and that search customisation was disabled [...] We limited our colle"
2-s2.0-85177420309,26,topic,general_news,other,coded as 'CT-confirming' (propagating/supporting the conspiracy theory) vs neutral/debunking,"To avoid personalisation effects, we made sure that users were not logged into Google when they conducted their search; that the local language was selected in the search settings; and that search customisation was disabled [...] We limited our colle"
2-s2.0-85177420309,30,topic,general_news,other,coded as 'CT-confirming' (propagating/supporting the conspiracy theory) vs neutral/debunking,"To avoid personalisation effects, we made sure that users were not logged into Google when they conducted their search; that the local language was selected in the search settings; and that search customisation was disabled [...] We limited our colle"
2-s2.0-85177420309,5,topic,general_news,other,coded as 'CT-confirming' (propagating/supporting the conspiracy theory) vs neutral/debunking,"To avoid personalisation effects, we made sure that users were not logged into Google when they conducted their search; that the local language was selected in the search settings; and that search customisation was disabled [...] We limited our colle"
2-s2.0-85177420309,19,topic,general_news,other,coded as 'CT-confirming' (propagating/supporting the conspiracy theory) vs neutral/debunking,"To avoid personalisation effects, we made sure that users were not logged into Google when they conducted their search; that the local language was selected in the search settings; and that search customisation was disabled [...] We limited our colle"
2-s2.0-85179481261,3.3,ground_truth,researcher_coding,classifier,false or misleading content intentionally dressed up to look like news articles,"We obtained all georeferenced tweets published in India from December 1, 2019, to April 30, 2020 (Twitter API for academic research). This set of queries, conducted at the beginning of 2022, returned 16,967,380 tweets. [...] In our main exercise, we "
2-s2.0-85179481261,3.3,topic,crime_society,covid19,false or misleading content intentionally dressed up to look like news articles,"We obtained all georeferenced tweets published in India from December 1, 2019, to April 30, 2020 (Twitter API for academic research). This set of queries, conducted at the beginning of 2022, returned 16,967,380 tweets. [...] In our main exercise, we "
2-s2.0-85179481261,3.3,denom_scope,topical,all_media,false or misleading content intentionally dressed up to look like news articles,"We obtained all georeferenced tweets published in India from December 1, 2019, to April 30, 2020 (Twitter API for academic research). This set of queries, conducted at the beginning of 2022, returned 16,967,380 tweets. [...] In our main exercise, we "
2-s2.0-85181200454,43.1,topic,covid19,politics_elections,"information that lacks facticity in the eyes of the individual, regardless of its actual facticity","Respondents from the DNR survey answered the following question: ""Have you seen false or misleading information about any of the following topics, in the last week?"" The answer choices included: Politics, Coronavirus, Other health issues, Celebrities"
2-s2.0-85182846541,0.28,construct,CONTENT,SHARING,"URL domains on the Iffy+ Misinfo/Disinfo List (812 domains, March 2021) that regularly publish mis/disinformation","To identify low-credibility information propagating on Twitter, this research focuses on the sharing of URL domains which have been identified as routinely publishing low-credibility information. This methodology has been widely adopted across the li"
2-s2.0-85182846541,0.72,construct,CONTENT,SHARING,"URL domains on the Iffy+ Misinfo/Disinfo List (812 domains, March 2021) that regularly publish mis/disinformation","To enable interrogation of tweets which reference the AZ vaccine, a filter was applied to the COVID Corpus to identify those tweets containing keywords related to the AZ vaccine to produce a corpus of AZ-related tweets (keywords available in S1 Appen"
2-s2.0-85182846541,0.72,topic,covid19,vaccines,"URL domains on the Iffy+ Misinfo/Disinfo List (812 domains, March 2021) that regularly publish mis/disinformation","To enable interrogation of tweets which reference the AZ vaccine, a filter was applied to the COVID Corpus to identify those tweets containing keywords related to the AZ vaccine to produce a corpus of AZ-related tweets (keywords available in S1 Appen"
2-s2.0-85184824168,36.1,topic,covid19,vaccines,annotated by trained coders (and an expert public-health panel for uncertain cases) as containing misinformation,"We collect all publicly available Twitter posts in Brazil, Indonesia, and Nigeria that contain vaccine-related terms from January 2020 to December 2022 (N = 18,809,231). ... Brandwatch enables us to scrape tweets specific to geolocations associated w"
2-s2.0-85184824168,19.4,topic,covid19,vaccines,annotated by trained coders (and an expert public-health panel for uncertain cases) as containing misinformation,"we include country-specific terms including ""vacina,"" ""injecao,"" and ""Zé Gotinha"" for Brazil; and ""vaksin"" and ""suntik"" for Indonesia per the Oxford Languages Word for Vax"
2-s2.0-85184824168,26.1,topic,covid19,vaccines,annotated by trained coders (and an expert public-health panel for uncertain cases) as containing misinformation,"In Nigeria, among the tweets collected, only 22.0% of tweets were predicted as relevant to vaccines. Upon further examination, in October 2020 in particular, we find that most of the tweets that contain the term ""shots"" are related to the EndSARS pro"
2-s2.0-85186874194,44.55,construct,CONTENT,QUALITY,Factual No 98 (44.5%),"Neutral videos were noneducational videos, such as comedy or lifestyle/acceptability videos that did not claim to share nonfactual educational content."
2-s2.0-85187117251,1.69,topic,covid19,science_other,sharing URLs from domains with an aggregate credibility score <=0.4,"the resulting dataset comprises a total of≈ 2.1m original tweets –
henceexcludingretweets–onCOVID-19,and ≈600koriginaltweetsonclimatechange"
2-s2.0-85188173755,14.1,classification_level,claim_level,mixed,"Workers' opinion that online communication channels expose people to misinformation was rated on a scale from 0 = ""Not at all"" to 10 = ""Completely"".","Workers' opinion that online communication channels expose people to misinformation was rated on a scale from 0 = ""Not at all"" to 10 = ""Completely""."
2-s2.0-85188173755,14.1,topic,other,general_news,"Workers' opinion that online communication channels expose people to misinformation was rated on a scale from 0 = ""Not at all"" to 10 = ""Completely"".","Workers' opinion that online communication channels expose people to misinformation was rated on a scale from 0 = ""Not at all"" to 10 = ""Completely""."
2-s2.0-85188303314,54.7,sampling_frame,keyword_topical,curated_seed,"The empirical data include altogether 128 fact-checking reports (for short, fact-checks) dealing with the Russo-Ukrainian conflict. The reports were published within the period of 24 February 2022-28 June 2023. The reports were identified from the we","The empirical data include altogether 128 fact-checking reports (for short, fact-checks) dealing with the Russo-Ukrainian conflict. The reports were published within the period of 24 February 2022-28 June 2023. The reports were identified from the we"
2-s2.0-85188303314,32.0,sampling_frame,keyword_topical,curated_seed,"The subgroup of valid include two ratings: True and Correct Attribution, while claims rated as False, Miscaptioned, and Outdated formed the subgroup labelled as invalid.","The ratings were classified into three subgroups. The subgroup of valid include two ratings: True and Correct Attribution, while claims rated as False, Miscaptioned, and Outdated formed the subgroup labelled as invalid."
2-s2.0-85188806397,26.06,denom_scope,political_news,topical,"news domain rated non-trustworthy by NewsGuard (publisher/source-level: regularly publishes false news, no fact/opinion separation, no corrections, etc.)","In this study, our evaluation of untrustworthy content takes a distinct approach by cen- tering the attention on the source of the content, the publisher, rather than focusing solely on individual stories."
2-s2.0-85188806397,22.25,denom_scope,political_news,topical,"news domain rated non-trustworthy by NewsGuard (publisher/source-level: regularly publishes false news, no fact/opinion separation, no corrections, etc.)","We use a content-based approach to establish the association between each tweet and the state type (i.e., swing or safe). In practice, we first check each tweet - or retweet - for the presence of at least one state name from the selected list (e.g., "
2-s2.0-85193588807,10.0,construct,CONTENT,SHARING,Manipulated news = generally true basic information but with false conclusions/recommendations,"We examined Polish-language items on social media from January 1, 2020, to June 30, 2021 ... The keywords employed were ""COVID"" OR ""koronawirus"" OR ""SARS-CoV-2"". BuzzSumo not only facilitates a comprehensive overview of the query but also furnishes a"
2-s2.0-85193588807,10.0,topic,health_other,covid19,Manipulated news = generally true basic information but with false conclusions/recommendations,"We examined Polish-language items on social media from January 1, 2020, to June 30, 2021 ... The keywords employed were ""COVID"" OR ""koronawirus"" OR ""SARS-CoV-2"". BuzzSumo not only facilitates a comprehensive overview of the query but also furnishes a"
2-s2.0-85195353413,24.13,topic,general_news,politics_elections,URL from a domain on published lists of misinformation/disinformation (fake-news/unreliable-source domains),We define a user as deplatformed if they were active prior to the intervention and suspended at the time we snapshotted their user profile on or after 14 January 2021.
2-s2.0-85195353413,7.46,construct,REACH,SHARING,URL from a domain on published lists of misinformation/disinformation (fake-news/unreliable-source domains),"We limit the analysis to active users matched to the US voter file. We define an active user as anyone who shared (via tweet or retweet) one URL during the 2020 election cycle between 30 June 2020 and 31 January 2021. There are 599,697 active users i"
2-s2.0-85195353413,7.46,topic,general_news,politics_elections,URL from a domain on published lists of misinformation/disinformation (fake-news/unreliable-source domains),"We limit the analysis to active users matched to the US voter file. We define an active user as anyone who shared (via tweet or retweet) one URL during the 2020 election cycle between 30 June 2020 and 31 January 2021. There are 599,697 active users i"
2-s2.0-85195375481,41,construct,CONTENT,SHARING,any false statement about the HPV vaccine,"Articles were prioritized by engagement scores provided by Buzzsumo, defined as the total number of reactions, comments, and shares. For each of the three years, we collected 50 English-language articles with the highest engagement scores. To focus o"
2-s2.0-85197949220,29.9,topic,covid19,vaccines,3422 (29.9%) were deemed misinformation,"posts had to contain one word from a list of terms related to COVID-19 vaccination (Pfizer, Moderna, J&J, Johnson and Johnson, vaccine, vax, antivax, NoCovidVax, mRNA, warp speed, vaxxed, Covidiots, Sheeple, herd immunity) and one word from a list of"
2-s2.0-85199110625,7.37,ground_truth,fact_checker,domain_list,"we can define for Supply and Diffusion as the production of posts (and their shares) by a subset of sources annotated as “Non-Trustworthy” by professional fact-checkers... we rely on a list of news outlets provided by AGCOM, the Italian Authority for","To analyse the news Supply, we rely on a list of news outlets provided by AGCOM, the Italian Authority for Communications Guarantees, which covers the main leaders of information in Italy during the time span under analysis (AGCOM 2018). The list inc"
2-s2.0-85199110625,7.37,sampling_frame,keyword_topical,curated_seed,"we can define for Supply and Diffusion as the production of posts (and their shares) by a subset of sources annotated as “Non-Trustworthy” by professional fact-checkers... we rely on a list of news outlets provided by AGCOM, the Italian Authority for","To analyse the news Supply, we rely on a list of news outlets provided by AGCOM, the Italian Authority for Communications Guarantees, which covers the main leaders of information in Italy during the time span under analysis (AGCOM 2018). The list inc"
2-s2.0-85199110625,7.37,denom_scope,topical,all_media,"we can define for Supply and Diffusion as the production of posts (and their shares) by a subset of sources annotated as “Non-Trustworthy” by professional fact-checkers... we rely on a list of news outlets provided by AGCOM, the Italian Authority for","To analyse the news Supply, we rely on a list of news outlets provided by AGCOM, the Italian Authority for Communications Guarantees, which covers the main leaders of information in Italy during the time span under analysis (AGCOM 2018). The list inc"
2-s2.0-85199110625,7.71,ground_truth,fact_checker,domain_list,we can define for Supply and Diffusion as the production of posts (and their shares) by a subset of sources annotated as “Non-Trustworthy” by professional fact-checkers... The source-based methodology is widely recognized and firmly established in th,"Limited to contents containing the selected keywords, we use news posted by the selected news outlets on the two major social media platforms in Italy - Facebook and Twitter - as a proxy for the Supply."
2-s2.0-85199110625,7.71,sampling_frame,keyword_topical,curated_seed,we can define for Supply and Diffusion as the production of posts (and their shares) by a subset of sources annotated as “Non-Trustworthy” by professional fact-checkers... The source-based methodology is widely recognized and firmly established in th,"Limited to contents containing the selected keywords, we use news posted by the selected news outlets on the two major social media platforms in Italy - Facebook and Twitter - as a proxy for the Supply."
2-s2.0-85199110625,7.71,denom_scope,topical,all_media,we can define for Supply and Diffusion as the production of posts (and their shares) by a subset of sources annotated as “Non-Trustworthy” by professional fact-checkers... The source-based methodology is widely recognized and firmly established in th,"Limited to contents containing the selected keywords, we use news posted by the selected news outlets on the two major social media platforms in Italy - Facebook and Twitter - as a proxy for the Supply."
2-s2.0-85199446608,80.35,sampling_frame,survey_sample,convenience,Natural immunity—People who have had COVID don't need to get vaccinated,"Each week from August 2021 to August 2022, panel members (n = 213, age ≥ 18; living or working in St. Louis City or County, MO) were asked, “In the last week, have you heard, read 66 or seen something like this: <misinformation item>?”"
2-s2.0-85199446608,80.35,topic,covid19,vaccines,Natural immunity—People who have had COVID don't need to get vaccinated,"Each week from August 2021 to August 2022, panel members (n = 213, age ≥ 18; living or working in St. Louis City or County, MO) were asked, “In the last week, have you heard, read 66 or seen something like this: <misinformation item>?”"
2-s2.0-85199446608,58.90,sampling_frame,survey_sample,convenience,Vaccine doesn't last,Panel members who responded “Yes” were considered exposed to the claim that week.
2-s2.0-85199446608,58.90,topic,covid19,vaccines,Vaccine doesn't last,Panel members who responded “Yes” were considered exposed to the claim that week.
2-s2.0-85199446608,47.01,sampling_frame,survey_sample,convenience,Booster shots were made because the vaccines don't work,Panel members who responded “Yes” were considered exposed to the claim that week.
2-s2.0-85199446608,47.01,topic,covid19,vaccines,Booster shots were made because the vaccines don't work,Panel members who responded “Yes” were considered exposed to the claim that week.
2-s2.0-85199446608,53.33,sampling_frame,survey_sample,convenience,COVID-19 vaccines will not protect against the new Omicron variant,Panel members who responded “Yes” were considered exposed to the claim that week.
2-s2.0-85199446608,53.33,topic,covid19,vaccines,COVID-19 vaccines will not protect against the new Omicron variant,Panel members who responded “Yes” were considered exposed to the claim that week.
2-s2.0-85199446608,29.95,sampling_frame,survey_sample,convenience,Kids under 5 years are at low risk of COVID-19 and do not need the vaccine,Panel members who responded “Yes” were considered exposed to the claim that week.
2-s2.0-85199446608,29.95,topic,covid19,vaccines,Kids under 5 years are at low risk of COVID-19 and do not need the vaccine,Panel members who responded “Yes” were considered exposed to the claim that week.
2-s2.0-85205688160,22.6,denom_scope,topical,political_news,"226 out of 1,000 images contained elements of misinformation","From the overall image post corpus, we drew a random set of 4,000 image posts. Based on the 4,000 posts, we identified 1,000 posts (Sample 1) about U.S. politics. We define an image post as political if it relates to government institutions, policy i"
2-s2.0-85205688160,19.6,denom_scope,topical,political_news,"Of the 1,000 images, 196 contained misinformation","Within this database, we created a sub-corpus of images of U.S. political figures using AWS’s Rekognition computer vision platform: it has 572,857 posts in total, of which 413,666 posts with 150,945 unique images came from political groups and 158,92"
2-s2.0-85205688160,30,sampling_frame,convenience,purposive,34 of 111 (30%) images about U.S. politics were misleading,"Furthermore, we applied the perceptual image hashing algorithm pHash (Drmic et al., 2017; Zauner, 2010) to the overall image post corpus and identified reposted/duplicate images, which allowed us to construct lists of the top 300 most widely shared p"
2-s2.0-85205688160,30,denom_scope,topical,political_news,34 of 111 (30%) images about U.S. politics were misleading,"Furthermore, we applied the perceptual image hashing algorithm pHash (Drmic et al., 2017; Zauner, 2010) to the overall image post corpus and identified reposted/duplicate images, which allowed us to construct lists of the top 300 most widely shared p"
2-s2.0-85205688160,26,sampling_frame,convenience,purposive,71 of 270 (26%) images about U.S. politics contained elements of misinformation,"(d) The Top Pages Images set, a ranked set of the 300 most-reposted images from posts by 14,532 U.S. public pages."
2-s2.0-85205688160,26,denom_scope,topical,political_news,71 of 270 (26%) images about U.S. politics contained elements of misinformation,"(d) The Top Pages Images set, a ranked set of the 300 most-reposted images from posts by 14,532 U.S. public pages."
2-s2.0-85209547248,39.1,topic,politics_elections,general_news,"sites NewsGuard labels as repeatedly publishing false content PLUS academic-list known false-news purveyors (1,796 sites)","For reference, based on our data, 39.1% (95% CI = 35.0-43.1%) of American adults were exposed to a misinformation website (as defined by Moore et al., 2022) during the same time period."
2-s2.0-85210156482,12.1,construct,CONTENT,QUALITY,contradicted or could not be corroborated by published evidence,"To assess video reliability and accuracy, we used relevant questions from a previously modified version of the Currency, Relevance, Authority, Accuracy, and Purpose (CRAAP) test [15], which has been employed in other studies evaluating the accuracy o"
2-s2.0-85212060458,66.5,sampling_frame,curated_seed,purposive,Disinformation was identified in 66.5% of posts on the anti-vaccine page,"The second dataset targeted a public anti-vaccine Facebook® group titled O Lado Obscuro das Vacinas (The Dark side of Vaccines), consisting of 14,901 members when the data were extracted (December 2014 to May 2021)."
2-s2.0-85213958624,0.94,topic,general_news,other,"Of all the posts that were re-shared at least once (N ∼ 1.02 B), only 1.2 percent (or 12.1 M) reached the k >= 100 re-shares threshold. ... Large trees accumulate 54.5 percent of the views.","The data for this article draw from all U.S.-based monthly active adult users, and track exposures to and re-sharing of all posts published (publicly or privately) on the platform from July 1, 2020, to February 1, 2021. … To protect privacy, we only "
2-s2.0-85214082693,27,topic,other,general_news,"¿Alguna vez has compartido algún tipo de información, sabiendo que podría ser desinformación, sin verificar","Participaron 428 estudiantes pertenecientes a 16 universidades públicas de Brasil, Cuba y España. ... Los 428 estudiantes que participaron se reparten del siguiente modo: 205 de España (47,8%), 196 de Brasil (45,7%) y 27 de Cuba (6,3%). [Translation:"
2-s2.0-85214082693,36.5,topic,other,general_news,"fueron los estudiantes españoles los que más llevan a cabo esta acción (36,5%).",La encuesta se pasó al inicio del curso 2022-23 a los estudiantes de primer de curso de los estudios de varias titulaciones relacionadas con la Information Science ... Dada la diferencia en las fechas de inicio del curso entre los países participante
2-s2.0-85214082693,25.9,topic,other,general_news,Participaron 428 estudiantes pertenecientes a 16 universidades,"Universidad de La Habana 27 6,3% Cuba [Tabla 1]. En el caso de España y Cuba se invitó a participar a una serie de profesores por su relación docente e investigadora con las autoras de este trabajo. [Translation: For Spain and Cuba, a set of teachers"
2-s2.0-85214504236,85,construct,CONTENT,QUALITY,"Of the 332 web pages, 85% contained at least one misinformation statement","This study systematically selected an equal number of web pages from each DS subcategory of each platform to ensure the comprehensive scope of DS claims. The two platforms have an unequal number of subcategories, (5 and 14), so the number per each su"
2-s2.0-85214504236,85,classification_level,claim_level,mixed,"Of the 332 web pages, 85% contained at least one misinformation statement","This study systematically selected an equal number of web pages from each DS subcategory of each platform to ensure the comprehensive scope of DS claims. The two platforms have an unequal number of subcategories, (5 and 14), so the number per each su"
2-s2.0-85214504236,85,sampling_frame,keyword_topical,purposive,"Of the 332 web pages, 85% contained at least one misinformation statement","This study systematically selected an equal number of web pages from each DS subcategory of each platform to ensure the comprehensive scope of DS claims. The two platforms have an unequal number of subcategories, (5 and 14), so the number per each su"
2-s2.0-85215303159,12.6,sampling_frame,keyword_topical,full_census,"This is mainly attributed to the period preceding the onset of the Covid-19 pandemic when, on average, approximately a third of vaccine-related content constituted misinformation ... Consequently, the fraction of vaccine-related content from question",This quasi-census approach applied to both questionable and reliable news sources enabled us to virtually capture the entirety of vaccine-related information provided to Italians in recent years (NewsGuard alone claims to monitor domains covering abo
2-s2.0-85217829893,23,construct,CONTENT,SHARING,"conspiracy theories, verifiably false content, and unverifiable/speculative claims (excludes opinion)","Para analizar con más detalle y poner el foco en el contenido que tuvo más difusión en la red, analizamos mensajes con más de cuatro repeticiones, resultando un total de 501 mensajes únicos, de los cuales 342 son mensajes únicos de carácter político "
2-s2.0-85217829893,23,denom_scope,political_news,topical,"conspiracy theories, verifiably false content, and unverifiable/speculative claims (excludes opinion)","Para analizar con más detalle y poner el foco en el contenido que tuvo más difusión en la red, analizamos mensajes con más de cuatro repeticiones, resultando un total de 501 mensajes únicos, de los cuales 342 son mensajes únicos de carácter político "
2-s2.0-85218959905,84.0,construct,CONTENT,QUALITY,the remaining 84.0% consist of non-factual claims,"A comprehensive list of the top 10 posts for each selected hashtag was collected on the 4th of Feb 2024. Then, two calibrated researchers (MA & JA) independently reviewed the posts and collected the data. ... After data were collected and classified,"
2603.11058,11.9,denom_scope,news_diet,topical,Facebook ... 11.9%,"To approximate the information environment that users encounter online, a multilingual corpus was constructed using approximately 100 curated keywords per language covering five major topical domains, i.e., the Russo-Ukrainian conflict, climate chang"
2603.11058,6.7,denom_scope,news_diet,topical,Instagram ... 6.7%,"To approximate the information environment that users encounter online, a multilingual corpus was constructed using approximately 100 curated keywords per language covering five major topical domains, i.e., the Russo-Ukrainian conflict, climate chang"
2603.11058,1.3,denom_scope,news_diet,topical,LinkedIn ... 1.3%,"To approximate the information environment that users encounter online, a multilingual corpus was constructed using approximately 100 curated keywords per language covering five major topical domains, i.e., the Russo-Ukrainian conflict, climate chang"
2603.11058,20.1,denom_scope,news_diet,topical,TikTok ... 20.1%,"To approximate the information environment that users encounter online, a multilingual corpus was constructed using approximately 100 curated keywords per language covering five major topical domains, i.e., the Russo-Ukrainian conflict, climate chang"
2603.11058,8.7,denom_scope,news_diet,topical,Twitter ... 8.7%,"To approximate the information environment that users encounter online, a multilingual corpus was constructed using approximately 100 curated keywords per language covering five major topical domains, i.e., the Russo-Ukrainian conflict, climate chang"
2603.11058,6.8,denom_scope,news_diet,topical,YouTube ... 6.8%,"To approximate the information environment that users encounter online, a multilingual corpus was constructed using approximately 100 curated keywords per language covering five major topical domains, i.e., the Russo-Ukrainian conflict, climate chang"
2603.11058,17.5,denom_scope,news_diet,topical,Facebook ... 11.9%,"To approximate the information environment that users encounter online, a multilingual corpus was constructed using approximately 100 curated keywords per language covering five major topical domains, i.e., the Russo-Ukrainian conflict, climate chang"
2603.11058,7.6,denom_scope,news_diet,topical,Facebook ... 11.9%,"To approximate the information environment that users encounter online, a multilingual corpus was constructed using approximately 100 curated keywords per language covering five major topical domains, i.e., the Russo-Ukrainian conflict, climate chang"
2603.11058,6.0,denom_scope,news_diet,topical,Facebook ... 11.9%,"To approximate the information environment that users encounter online, a multilingual corpus was constructed using approximately 100 curated keywords per language covering five major topical domains, i.e., the Russo-Ukrainian conflict, climate chang"
2603.11058,5.0,denom_scope,news_diet,topical,Facebook ... 11.9%,"To approximate the information environment that users encounter online, a multilingual corpus was constructed using approximately 100 curated keywords per language covering five major topical domains, i.e., the Russo-Ukrainian conflict, climate chang"
NEW-bergeronboutin-sciadv2026,1.1,sampling_frame,panel_trace,full_census,medians of 1.1% of what users see on Facebook,Our analysis of on-platform exposure and behavior presents aggregated usage levels for the population of US adult Facebook and Instagram users (aged 18 years and over) who accessed Facebook and Instagram at least once in the 30 days preceding 7 Augus
NEW-bergeronboutin-sciadv2026,1.1,topic,general_news,other,medians of 1.1% of what users see on Facebook,Our analysis of on-platform exposure and behavior presents aggregated usage levels for the population of US adult Facebook and Instagram users (aged 18 years and over) who accessed Facebook and Instagram at least once in the 30 days preceding 7 Augus
NEW-bergeronboutin-sciadv2026,0.1,sampling_frame,panel_trace,full_census,0.1% on Instagram,"On Instagram, we measure exposure in the Home feed as well as via other platform interfaces, such as Stories."
NEW-bergeronboutin-sciadv2026,0.1,topic,general_news,other,0.1% on Instagram,"On Instagram, we measure exposure in the Home feed as well as via other platform interfaces, such as Stories."
NEW-bergeronboutin-sciadv2026,80,sampling_frame,panel_trace,full_census,23% of Facebook users ... responsible for 80% of exposure,Figure 1 illustrates that views of untrustworthy source content were concentrated among a small proportion of users for both Facebook and Instagram.
NEW-bergeronboutin-sciadv2026,80,topic,general_news,other,23% of Facebook users ... responsible for 80% of exposure,Figure 1 illustrates that views of untrustworthy source content were concentrated among a small proportion of users for both Facebook and Instagram.
NEW-berriche-fakerisland2026,0.05,sampling_frame,full_census,curated_seed,85K tweets (0.05% of the initial 184M),"This dataset was built by a team of researchers who, starting from a curated list of 420 prominent French media outlets, then collected every tweet containing a URL pointing to any of those 420 media websites by relying on the open-source Gazouilloir"
NEW-berriche-fakerisland2026,0.9,construct,REACH,SHARING,31.5K accounts ... 0.9% of the initial 3.7 M,This collection process yielded over 184 million tweets posted by 3.7 million unique user accounts between May 2018 and May 2020
NEW-berriche-fakerisland2026,0.9,sampling_frame,full_census,curated_seed,31.5K accounts ... 0.9% of the initial 3.7 M,This collection process yielded over 184 million tweets posted by 3.7 million unique user accounts between May 2018 and May 2020
NEW-jadara-2022,81.6,classification_level,self_perceived,claim_level,"Furthermore, according to the poll, 81.6 percent of respondents had read Covid-19-related material that turned out to be untrue.","We picked a Convenient Sample targeting social media users because of the various audience characteristics, and the sample was acquired using the snowball method. Quantitative research was used to collect data for this study. Although 7553 responses "
NEW-jadara-2022,81.6,sampling_frame,convenience_snowball,convenience,"Furthermore, according to the poll, 81.6 percent of respondents had read Covid-19-related material that turned out to be untrue.","We picked a Convenient Sample targeting social media users because of the various audience characteristics, and the sample was acquired using the snowball method. Quantitative research was used to collect data for this study. Although 7553 responses "
NEW-jung-icwsm,31.55,sampling_frame,keyword_topical,curated_seed,"Videos whose stance SUPPORTS COVID-19 misinformation, machine-classifier-labeled (DeBerta-v3-large, 0.85 acc)","Third, we included the 49 search keywords provided by PesaCheck because the keywords were curated by expert fact-checkers to find misinformative videos. Combining the search queries from all three methods, we obtained 137 search queries. Then, we man"
NEW-moreno-jmirderma,1.5,classification_level,post_level,claim_level,"Among 8 health misinformation topics identified, the most common were posts promoting misinformation about Vitamin D (n=73, 1.3%).","For each of the 50 states, we evaluated 3 tanning business profiles to capture range and variation across businesses. We used purposeful sampling to identify profiles ... From the list of search results, we reviewed the first 10 business profiles lis"
NEW-moreno-jmirderma,1.5,sampling_frame,curated_business_pages,purposive,"Among 8 health misinformation topics identified, the most common were posts promoting misinformation about Vitamin D (n=73, 1.3%).","For each of the 50 states, we evaluated 3 tanning business profiles to capture range and variation across businesses. We used purposeful sampling to identify profiles ... From the list of search results, we reviewed the first 10 business profiles lis"
NEW-moreno-jmirderma,0.6,classification_level,post_level,claim_level,"A second category was misinformation about tanning as a medical treatment (n=31 posts, 0.6%)",Each social media post was considered the unit of analysis and was thus categorized and coded based on which constructs were represented in that post.
NEW-moreno-jmirderma,0.6,sampling_frame,curated_business_pages,purposive,"A second category was misinformation about tanning as a medical treatment (n=31 posts, 0.6%)",Each social media post was considered the unit of analysis and was thus categorized and coded based on which constructs were represented in that post.
NEW-moreno-jmirderma,0.5,classification_level,post_level,claim_level,"Another category of misinformation was promoting misinformation about the benefits of a “base tan” (n=29 posts, 0.5%)","Trained coders reviewed 1 year of content on each business social media profile. ... our content analysis strategy was to evaluate 1 post per day, selected as the final post of that day, every third day of the month."
NEW-moreno-jmirderma,0.5,sampling_frame,curated_business_pages,purposive,"Another category of misinformation was promoting misinformation about the benefits of a “base tan” (n=29 posts, 0.5%)","Trained coders reviewed 1 year of content on each business social media profile. ... our content analysis strategy was to evaluate 1 post per day, selected as the final post of that day, every third day of the month."
NEW-moreno-jmirderma,43,classification_level,topic_level,claim_level,"Approximately half (20/46, 43%) of participants reported seeing social media posts from tanning salons about Vitamin D",we recruited participants via Facebook advertisements. A Facebook advertisement was created and targeted to a national sample of women ages 16 through 23 years. ... Interested participants were directed to a website to complete eligibility screening 
OA-W3091627927,1.44,ground_truth,researcher_coding,fact_checker,"Only 1,44% of the tweets collected are fake news","Nel nostro caso abbiamo usato le seguenti keyword per raccogliere tweet in lingua italiana: #coronavirus, #covid19, #covid-19, #iorestoacasa, ... Al fine dell'analisi discussa in questo contributo abbiamo estratto dal server un dataset di 7.237.581 t"
OA-W3206858890,89.4,sampling_frame,survey_sample,convenience,"1,069 (89.4%), received some fake news about health","A descriptive cross-sectional study was conducted through the virtual distribution of questionnaires on social media platforms in 2019 by using the snowball technique. The questionnaire collected information regarding sociodemographics, means used to"
OA-W4291473423,45.1,topic,covid19,vaccines,45.1% in December 2021,Tweets included were from key points in the COVID19 vaccine discourse (July 2021 and December 2021) and contained at least one word related to COVID19 vaccination and one word related to fertility.
OA-W4360608277,6.9,topic,covid19,vaccines,"Misleading claims that the COVID-19 vaccine causes male infertility, contrary to evidence","After excluding unrelated videos, 58 videos using the terms #covidvaccine and #malefertility were identified on Tiktok from January 1 to December 31, 2021. Videos were reviewed by five independent researchers."
OA-W4407797130,77.4,ground_truth,fact_checker,self_report,Seven specific debunked narratives identified from three Serbian fact-checking portals,Narrative N3 exaggerates isolated incidents to claim widespread removal of Russian cultural artefacts in Western countries.
OA-W4407797130,77.4,topic,covid19,war_geopolitics,Seven specific debunked narratives identified from three Serbian fact-checking portals,Narrative N3 exaggerates isolated incidents to claim widespread removal of Russian cultural artefacts in Western countries.
OA-W4407797130,37.1,ground_truth,fact_checker,self_report,Seven specific debunked narratives identified from three Serbian fact-checking portals,Narrative N2 misrepresents a U.S. government report about financial support for Ukrainian health facilities as an admission of bioweapons laboratories.
OA-W4407797130,37.1,topic,covid19,war_geopolitics,Seven specific debunked narratives identified from three Serbian fact-checking portals,Narrative N2 misrepresents a U.S. government report about financial support for Ukrainian health facilities as an admission of bioweapons laboratories.
OA-W4407797130,63.4,ground_truth,fact_checker,self_report,Seven specific debunked narratives identified from three Serbian fact-checking portals,"Narrative N5 falsely asserts that the word 'Serb' has Sanskrit origins, implying Serbs are an ancient people."
OA-W4407797130,63.4,topic,covid19,other,Seven specific debunked narratives identified from three Serbian fact-checking portals,"Narrative N5 falsely asserts that the word 'Serb' has Sanskrit origins, implying Serbs are an ancient people."
OA-W4407797130,50.1,ground_truth,fact_checker,self_report,Seven specific debunked narratives identified from three Serbian fact-checking portals,"Last narrative, N7, misrepresents UN documents to claim the organization supports decriminalizing paedophilia."
OA-W4407797130,50.1,topic,covid19,crime_society,Seven specific debunked narratives identified from three Serbian fact-checking portals,"Last narrative, N7, misrepresents UN documents to claim the organization supports decriminalizing paedophilia."
OA-W7155615941,25,sampling_frame,keyword_topical,purposive,Misinformation was identified in approximately one-quarter of media articles,We evaluated high-engagement melanoma-related content circulating on social media and compared media articles with peer-reviewed journal articles using a validated cancer expert assessment tool.
W3129222959,11.5,construct,CONTENT,SHARING,Percent of relevant content that is 'Junk News' 11.5,"Our dataset contains approximately 984,713 tweets generated by 149,573 unique users that were collected between the 1st and the 10th of September 2017, using hashtags associated with the primary political parties in Germany, the major candidates, and"
W3129222959,11.5,ground_truth,researcher_coding,domain_list,Percent of relevant content that is 'Junk News' 11.5,"Our dataset contains approximately 984,713 tweets generated by 149,573 unique users that were collected between the 1st and the 10th of September 2017, using hashtags associated with the primary political parties in Germany, the major candidates, and"
W3138656580,31,topic,covid19,vaccines,Falsely Claims Vaccine Availability for Public Uptake 31,"One-hundred trending videos were identified from the hashtag #covidvaccine. At the time of the study, this was the most popular of the COVID-19 hashtags with approximately 73.8 million views. ... Further content categories included if the video highl"
W3189543626,1.7,topic,covid19,vaccines,Hoaxes and conspiracy theories were detected in 2 videos,"The keywords ""Vacuna Covid,"" ""Vacuna coronavirus,"" and ""Vacuna Covid19"" were searched on YouTube on 9 February 2021 using a cleared browser. The results were sorted by the number of views since this is a common and accepted procedure when investigati"
W4293124965,0.88,sampling_frame,panel_trace,full_census,Table 3. Proportion of web traffic & Facebook engagement captured by news outlets repeatedly publishing false content. ... Facebook engagement 2017-2021 UK 0.88%,"Web traffic refers to the total number of visits to news websites, whereas Facebook engagement to the number of likes, emojis, shares, and comments, accumulated on the posts of news outlets' Facebook pages."
W4293124965,8.05,sampling_frame,panel_trace,full_census,Table 3. Proportion of web traffic & Facebook engagement captured by news outlets repeatedly publishing false content. ... Facebook engagement 2017-2021 Germany 8.05%,"Web traffic refers to the total number of visits to news websites, whereas Facebook engagement to the number of likes, emojis, shares, and comments, accumulated on the posts of news outlets' Facebook pages."
W4309243406,5,construct,CONTENT,EXPOSURE,The corresponding proportion is 5% for North America and 7% for Europe,"We define readership as the total potential reach of a media item, whether print or online. For a full description for how readership is calculated for this approach, see ""gross reach"" in Evanega. et al., 2022.13"
W4385567160,8.24,sampling_frame,full_census,curated_seed,"identified 67,698 messages containing characteristics of conspiracy narratives, representing 8.24% of the total corpus","We use all public chat groups that are advertised on a page of the main initiative. ... We use all public chat groups of the local Querdenken initiatives linked on the initiative's directory on May 1, 2022 ... We crawled over one million messages sen"
W4393231882,27.3,topic,covid19,vaccines,"the misinformation classification model identifies 460,087 tweets as misinformation","For the data collection, we constructed 147 query keywords from a set of 14 Finnish terms through conjugation, inflection, and phrasing. Utilizing the R package academictwitteR (Barrie & Ho, 2021), we extracted tweets containing any of the query keyw"
W4414446446,4.85,topic,general_news,politics_elections,"77 matches in 67 episodes, amounting to 4.85% of the 1382 episodes",This study employed two data sources: subtitles from ten German public broadcast news or talk shows between June 2023 and June 2024 (n = 1382) and checked claims in articles from six German fact-checking organizations between January 2023 and June 20
W4414446446,4.85,denom_scope,news_diet,political_news,"77 matches in 67 episodes, amounting to 4.85% of the 1382 episodes",This study employed two data sources: subtitles from ten German public broadcast news or talk shows between June 2023 and June 2024 (n = 1382) and checked claims in articles from six German fact-checking organizations between January 2023 and June 20
W4414446446,11.62,topic,general_news,politics_elections,"talk shows demonstrated a greater propensity (14.79%, or 11.62% without Hart aber Fair matches with itself)","Overall, talk shows demon strated a greater propensity (14.79%, or 11.62% without Hart aber Fair matches with itself) for matches than news shows (2.28%)."
W4414446446,11.62,denom_scope,news_diet,political_news,"talk shows demonstrated a greater propensity (14.79%, or 11.62% without Hart aber Fair matches with itself)","Overall, talk shows demon strated a greater propensity (14.79%, or 11.62% without Hart aber Fair matches with itself) for matches than news shows (2.28%)."
W4414446446,2.28,topic,general_news,politics_elections,than news shows (2.28%),"The news programs included Tagesschau, Tagesthemen, Heute, and Heute Journal."
W4414446446,2.28,denom_scope,news_diet,political_news,than news shows (2.28%),"The news programs included Tagesschau, Tagesthemen, Heute, and Heute Journal."
