row_key,study_no,row_no,country,platform,period,measure,unit,group_label,our_value,our_construct,our_denominator,our_quote,your_verdict,your_value,your_share_of,your_quote,your_construct,your_note,study_extra
2-s2.0-85081743293#484,1,1,United States,web_cross_platform,"Oct 7 - Nov 14, 2016 (final weeks of 2016 campaign)",% of people who visited >=1 (reach),person,,44.3,REACH,"Americans aged 18 or older (YouGov Pulse panel, survey-weighted)","We estimate that 44.3% of Americans aged 18 or older visited an article on an untrustworthy website during our study period, which covered the final weeks of the 2016 election campaign (95% CI = 40.8-47.7%).",CORRECT,,,,,,
2-s2.0-85081743293#485,1,2,United States,web_cross_platform,"Oct 7 - Nov 14, 2016",untrustworthy share of news diet,item,,5.9,EXPOSURE,articles read on websites focused on hard-news topics (plus untrustworthy sites),articles on these factually dubious websites represented an average of 5.9% of all of the articles that Americans read on websites that focused on hard-news topics during this period (95% CI = 5.1-6.7%).,CORRECT,,,,,,
2-s2.0-85081743293#486,1,3,United States,web_cross_platform,"Oct 7 - Nov 14, 2016",concentration of exposure,person,,62,CONCENTRATION,page-level traffic to untrustworthy websites,62% of all page-level traffic to untrustworthy websites observed in our data during the study period came from the 20% of news consumers with the most conservative information diets.,CORRECT,,,,,,
2-s2.0-85160248068#346,2,1,United States,Google Search,2018,% of SERPs exposed containing >=1 unreliable domain (2018),exposure,,2.05,EXPOSURE,"102,114 SERPs shown to participants, 2018","unreliable news was less prevalent in the URLs they were exposed to on Google Search (2.05% in 2018, 0.72% in 2020)",CORRECT,,,,,,"estimate missing for exposure wihtin Google Search follows: 
exposure: 2.36% in 2018 
exposure: 0.93% in 2020

estimate missing for concentration within google search follows: 
90% (top 28.2% in 2018) 
90% (top 9.8% in 2020) 

estimate missing for concentration within overall enagement: 
90% (top 12.0%. in 2018) 
90% (top 11.9% in 2020)
"
2-s2.0-85160248068#347,2,2,United States,Google Search,2020,% of SERPs exposed containing >=1 unreliable domain (2020),exposure,,0.72,EXPOSURE,"226,035 SERPs shown to participants, 2020","unreliable news was less prevalent in the URLs they were exposed to on Google Search (2.05% in 2018, 0.72% in 2020)",CORRECT,,,,,,"estimate missing for exposure wihtin Google Search follows: 
exposure: 2.36% in 2018 
exposure: 0.93% in 2020

estimate missing for concentration within google search follows: 
90% (top 28.2% in 2018) 
90% (top 9.8% in 2020) 

estimate missing for concentration within overall enagement: 
90% (top 12.0%. in 2018) 
90% (top 11.9% in 2020)
"
2-s2.0-85160248068#348,2,3,United States,Google Search,2018,EXPOSURE: unreliable-news share of participants' overall web engagement (all URL visits),url,,3.03,EXPOSURE,"all URLs in participants' browser histories (overall web engagement), 2018","overall engagement (3.03% in 2018, 1.86% in 2020)",CORRECT,,,,,,"estimate missing for exposure wihtin Google Search follows: 
exposure: 2.36% in 2018 
exposure: 0.93% in 2020

estimate missing for concentration within google search follows: 
90% (top 28.2% in 2018) 
90% (top 9.8% in 2020) 

estimate missing for concentration within overall enagement: 
90% (top 12.0%. in 2018) 
90% (top 11.9% in 2020)
"
2-s2.0-85160248068#349,2,4,United States,Google Search,2020,EXPOSURE: unreliable-news share of participants' overall web engagement (all URL visits),url,,1.86,EXPOSURE,"all URLs in participants' browser histories (overall web engagement), 2020","overall engagement (3.03% in 2018, 1.86% in 2020)",CORRECT,,,,,,"estimate missing for exposure wihtin Google Search follows: 
exposure: 2.36% in 2018 
exposure: 0.93% in 2020

estimate missing for concentration within google search follows: 
90% (top 28.2% in 2018) 
90% (top 9.8% in 2020) 

estimate missing for concentration within overall enagement: 
90% (top 12.0%. in 2018) 
90% (top 11.9% in 2020)
"
2-s2.0-85160248068#350,2,5,United States,Google Search,2018,% of participants accounting for [n] of unreliable exposures,person,,90,CONCENTRATION,"All unreliable-news exposures across participants, 2018",31.3% of participants accounting for 90% of all unreliable news exposures in 2018 (25.1% in 2020),CORRECT,,,,,,"estimate missing for exposure wihtin Google Search follows: 
exposure: 2.36% in 2018 
exposure: 0.93% in 2020

estimate missing for concentration within google search follows: 
90% (top 28.2% in 2018) 
90% (top 9.8% in 2020) 

estimate missing for concentration within overall enagement: 
90% (top 12.0%. in 2018) 
90% (top 11.9% in 2020)
"
2-s2.0-85160248068#351,2,6,United States,Google Search,2020,% of participants accounting for [n] of unreliable exposures,person,,90,CONCENTRATION,"All unreliable-news exposures across participants, 2020",31.3% of participants accounting for 90% of all unreliable news exposures in 2018 (25.1% in 2020),CORRECT,,,,,,"estimate missing for exposure wihtin Google Search follows: 
exposure: 2.36% in 2018 
exposure: 0.93% in 2020

estimate missing for concentration within google search follows: 
90% (top 28.2% in 2018) 
90% (top 9.8% in 2020) 

estimate missing for concentration within overall enagement: 
90% (top 12.0%. in 2018) 
90% (top 11.9% in 2020)
"
W4281770633#119,3,1,United States,Twitter/X,1 Sep - 15 Dec 2020,concentration of SHARING (top 35 spreaders),account,,28.6,CONCENTRATION,"32,581,921 'sows doubt' retweets/quote tweets (ElectionMisinfo2020)","The top 35 accounts alone were responsible for 9,304,879 out of 32,581,921—or 28.6%—of all 'sows doubt' connected retweets and quote tweets we collected",CORRECT,,,,,,"Further CONCENTRATION measurement:  28.6%
""The top 35 accounts alone were responsible for 9,304,879 out of 32,581,921—or 28.6%—of all ""sows doubt"" connected retweets and quote tweets we collected."""
W4281770633#120,3,2,United States,Twitter/X,1 Sep - 15 Dec 2020,concentration of SHARING (top 150 spreaders),account,,50,CONCENTRATION,'sows doubt' retweets/quote tweets (ElectionMisinfo2020),We used 150 accounts because they were also responsible for almost exactly half of the retweets and quote tweets in the data,CANNOT FIND,,,,,"0.0054% of user was calculated from the 150 accounts, but I cannot find the overall account number.","Further CONCENTRATION measurement:  28.6%
""The top 35 accounts alone were responsible for 9,304,879 out of 32,581,921—or 28.6%—of all ""sows doubt"" connected retweets and quote tweets we collected."""
2-s2.0-85078014559#325,4,1,Italy,Twitter/X,1 January-27 May 2019,audience/user concentration of SHARING: top ~[n] of sharers account for >[n] of disinfo tweets (n=users),account,,90,CONCENTRATION,"all users sharing disinformation articles (23,243 users; 354,746 tweets)",approximately 20% of the community (~4k users) accounts for more than 90% of total tweets (~330k),CORRECT,,,,,,
2-s2.0-85078014559#528,4,2,Italy,Twitter/X,,concentration: top-10 sources account for >[n] of total tweets,source,top 10 sources,95,CONCENTRATION,,"Top-10 sources, which account for over 95% of total tweets",CORRECT,,,,,,
2-s2.0-85083323285#487,5,1,United States,other,2016-2018,share of daily media diet,exposure,,0.15,EXPOSURE,"total daily media consumption (~460 min/person/day across TV, desktop, mobile)","Third, fake news comprises only 0.15% of Americans' daily media diet ... comprising only about one-tenth of 1% of Americans' overall daily media diet",CORRECT,,,,,,
2-s2.0-85083323285#488,5,2,United States,other,2016-2018,share of overall news consumption,exposure,,1.0,EXPOSURE,total news consumption (TV + online news minutes),we find that fake news itself is only 1% of overall news consumption ... nor did it occupy more than 1% of their overall news consumption (i.e. including TV),CORRECT,,,,,,
2-s2.0-105019533649#279,6,1,United States,Facebook,Nov 2020 - Feb 2021,% of news posts received on FB feed from misinfo sources (aggregate over all posts),exposure,,5.9,EXPOSURE,"123,708 news-related posts received by 467 users on Facebook (aggregate news-diet share)","On Facebook, 5.9% of our users' news exposure comes from sources known for spreading misinformation",CORRECT,,,,,," CONCENTRATION estimate: Finally, while misinformation posts represent a small fraction (less than 20%) of news exposure on Facebook for the majority of users (92%), a small subset (1%) encounters a much higher proportion of misinformation (60%)"
2-s2.0-105019533649#280,6,2,United States,web_cross_platform,Nov 2020 - Feb 2021,% of news article visits off Facebook from misinfo sources (aggregate),exposure,,2.6,EXPOSURE,"70,587 news article URLs visited off Facebook by 629 users (aggregate news-diet share)","off-platform, only 2.6% of our users' news consumption is from misinformation sources",CORRECT,,,,,," CONCENTRATION estimate: Finally, while misinformation posts represent a small fraction (less than 20%) of news exposure on Facebook for the majority of users (92%), a small subset (1%) encounters a much higher proportion of misinformation (60%)"
2-s2.0-105019533649#281,6,3,United States,Facebook,Nov 2020 - Feb 2021,median per-user fraction of FB news exposure that is misinfo,person,,2,EXPOSURE,per-user share of received FB news posts that are misinfo (median across users),"for the median user, the fraction of misinformation in their news exposure is 2% (x=6%, SD=12%)",CORRECT,,,,,," CONCENTRATION estimate: Finally, while misinformation posts represent a small fraction (less than 20%) of news exposure on Facebook for the majority of users (92%), a small subset (1%) encounters a much higher proportion of misinformation (60%)"
2-s2.0-105019533649#282,6,4,United States,Facebook,Nov 2020 - Feb 2021 (12 weeks),% of users exposed to misinfo at least once on Facebook (reach),person,,63,REACH,467 FB users over the 12-week study window,"63% of users were exposed to misinformation at least once on Facebook, while 46% of users consumed misinformation at least once off Facebook",CORRECT,,,,,," CONCENTRATION estimate: Finally, while misinformation posts represent a small fraction (less than 20%) of news exposure on Facebook for the majority of users (92%), a small subset (1%) encounters a much higher proportion of misinformation (60%)"
2-s2.0-105019533649#283,6,5,United States,web_cross_platform,Nov 2020 - Feb 2021 (12 weeks),% of users who consumed misinfo at least once off Facebook (reach),person,,46,REACH,629 users with off-platform browsing over the 12-week window,"63% of users were exposed to misinformation at least once on Facebook, while 46% of users consumed misinformation at least once off Facebook",CORRECT,,,,,," CONCENTRATION estimate: Finally, while misinformation posts represent a small fraction (less than 20%) of news exposure on Facebook for the majority of users (92%), a small subset (1%) encounters a much higher proportion of misinformation (60%)"
2-s2.0-85194075145#466,7,1,United States,Facebook,Nov 2 2020-Feb 15 2021,misinfo-source share of NEWS posts (not whole feed),item,,5.1,EXPOSURE,"143,129 news posts seen by 472 US data-donor (CheckMyNews) users, Nov 2020-Feb 2021",On average 5.1% of news posts users encounter on Facebook are from sources known to post misinformation repeatedly.,CORRECT,,,,,,
SEED-allcott2017#121,8,1,United States,web_cross_platform,week of 28 Nov 2016,recall-exposure: true recalled exposure = fake-recall minus placebo-recall baseline (# participants),person,,1.2,RECALL,"1,208 post-election US adult survey respondents (SurveyMonkey opt-in panel, weighted to national pop on 10 characteristics)","After weighting for national representativeness, 15 percent of survey respondents recalled seeing the Fake stories ... about 14 percent of people report seeing the placebo stories ... We estimate that the average Fake headline was 1.2 percentage points more likely to be seen and recalled than the average Placebo headline",WRONG VALUE,,," If the average article was seen and recalled by 1.2 percent of American adults, , this gives (0.012 recalled exposure)/(0.386 million shares) ≈ 0.03 chance of a recalled exposure per
million Facebook shares. Given that the Fake articles in our database had 38 million Facebookshares, this implies that the average adult saw and remembered 0.03/million × 38 million ≈ 1.14 fake news articles from our fake news database.",,No idea where they got this number from (is it the weighted one?),"Further estimate for EXPOSURE: 
- 0.03/per million
The average Fake article that we asked about in the post-election survey was shared 0.386 million times on Facebook. If the average article was seen and recalled by 1.2 percent of American adults, this gives (0.012 recalled exposure)/(0.386 million shares) ≈ 0.03 chance of a recalled exposure per million Facebook shares. Given that the Fake articles in our database had 38 million Facebook shares, this implies that the average adult saw and remembered 0.03/million × 38 million ≈ 1.14 fake news articles from our fake news database"
SEED-allcott2017#441,8,2,United States,web_cross_platform,Oct-Nov 2016,fake-site web impressions as share of fake+top-news impressions (diet share),exposure,,5,EXPOSURE,"159M fake-site impressions vs 3 billion top-news impressions (web browsing, Alexa)",there were 159 million impressions on the 65 websites ... or 0.64 impressions per adult. This is dwarfed by the 3 billion impressions on the 665 top news websites over the same period,CORRECT,,,,,unclear to me how this in any way a comparable measurrement since the amount of websites arr not the same,"Further estimate for EXPOSURE: 
- 0.03/per million
The average Fake article that we asked about in the post-election survey was shared 0.386 million times on Facebook. If the average article was seen and recalled by 1.2 percent of American adults, this gives (0.012 recalled exposure)/(0.386 million shares) ≈ 0.03 chance of a recalled exposure per million Facebook shares. Given that the Fake articles in our database had 38 million Facebook shares, this implies that the average adult saw and remembered 0.03/million × 38 million ≈ 1.14 fake news articles from our fake news database"
SEED-allcott2017#442,8,3,United States,Facebook,Nov 2016,% adults who recalled seeing a fake election headline (self-report),person,,15,RECALL,1208 weighted US adults 18+,"After weighting for national representativeness, 15 percent of survey respondents recalled seeing the Fake stories, and 8 percent both recalled seeing the story and said they believed it",CORRECT,,,,,,"Further estimate for EXPOSURE: 
- 0.03/per million
The average Fake article that we asked about in the post-election survey was shared 0.386 million times on Facebook. If the average article was seen and recalled by 1.2 percent of American adults, this gives (0.012 recalled exposure)/(0.386 million shares) ≈ 0.03 chance of a recalled exposure per million Facebook shares. Given that the Fake articles in our database had 38 million Facebook shares, this implies that the average adult saw and remembered 0.03/million × 38 million ≈ 1.14 fake news articles from our fake news database"
2-s2.0-85209547248#383,9,1,United States,web_cross_platform,24 Aug - 7 Dec 2020 (~3.5 months),REACH: % of US adults exposed to >=1 misinformation website (n=[n] participants; ~21M visits),person,,39.1,REACH,"nationally representative sample of 1,238 US adults","based on our data, 39.1% (95% CI = 35.0-43.1%) of American adults were exposed to a misinformation website during the same time period",CORRECT,,,,,,
2-s2.0-85209547248#384,9,2,United States,web_cross_platform,24 Aug - 7 Dec 2020,EXPOSURE diet-share: median % of news diet that is QAnon websites among the exposed (n=48 exposed of [n]),exposure,,0.16,EXPOSURE,news diet of the median QAnon-exposed participant,"For the median exposed person, only 0.16% of their news diet consisted of QAnon websites (95% quantile CI = .005, 2.8%)",CORRECT,,,,,,
2-s2.0-85209547248#531,9,3,United States,web_cross_platform,Aug-Dec 2020,% of US adults exposed to >=1 QAnon website ([n]; REACH),person,,3.7,REACH,,3.7% (95% CI = 2.1-5.4%) of American adults were exposed to at least one QAnon website,CORRECT,,,,,,
2-s2.0-85060025053#482,10,1,United States,Facebook,2016,% of people who shared >=1 fake news article,person,,8.5,REACH,respondents with linked Facebook profile data,"According to our main measure of fake news content, 8.5% of respondents for whom we have linked Facebook data shared at least one such article to their friends.",WRONG DENOMINATOR OR CONSTRUCT,,,,SHARING,,
2-s2.0-85105454127#390,11,1,United States,Twitter/X,tweets through mid-Jan 2019 (~70% post-2016 election),SHARING/CONTENT: % of tweeted national-news links (fake or real) that come from fake-news-source domains (content-N=[n] news links),url,,4,SHARING,"all 85,344 national-news links (fake or real) tweeted/retweeted by the panel (= ~3% of 2.7M total tweets)","Of the tweeted news links, 3,269 (≈ 4%) come from websites with a history of publishing fake news",CORRECT,,,,CONTENT,suits the description: retweets or posts that carried misinformation - but in general I do not see how this mirrors sharing behavior.,
2-s2.0-85105454127#391,11,2,United States,Twitter/X,tweets through mid-Jan 2019 (~70% post-2016 election); reach window,REACH: % of panel participants who shared >=1 fake-news-source link in the observation window (user-N=[n]),person,,11,REACH,"all 2,337 panel participants (YouGov U.S. Twitter panel)",11% of them are responsible for sharing all fake news sources,WRONG DENOMINATOR OR CONSTRUCT,,,,CONCENTRATION,,
2-s2.0-85105454127#392,11,3,United States,Twitter/X,tweets through mid-Jan 2019,CONCENTRATION of SHARING: share of all shared fake-news-publisher links attributable to the top [n] of panelists (user-level),person,,75,CONCENTRATION,"all fake-news-publisher links shared by the panel (N=3,269)",1% of the panelists are responsible for sharing about 75% of all links to fake news publishers,CORRECT,,,,,,
NEW-bergeronboutin-sciadv2026#668,12,1,United States,Facebook,2020,share of feed content from untrustworthy sources (median user),exposure,,1.1,EXPOSURE,all content the median user sees in the Facebook feed (2020),we find this exposure was rare (medians of 1.1% of what users see on Facebook and 0.1% on Instagram) but concentrated,CORRECT,,,,,,"Concentration: 
Facebook: 20%->75.95 
Instagram:  20%->90.1%

Among Facebook users, the top 20% of users
by untrustworthy source exposure were responsible for 75.9% of to-
tal exposure to this type of content on the platform. Similarly, the
top 20% of Instagram users were responsible for 90.1% of total un-
trustworthy source exposure on the platform."
NEW-bergeronboutin-sciadv2026#669,12,2,United States,Instagram,2020,share of feed content from untrustworthy sources (median user),exposure,,0.1,EXPOSURE,all content the median user sees in the Instagram feed (2020),medians of 1.1% of what users see on Facebook and 0.1% on Instagram,CORRECT,,,,,,"Concentration: 
Facebook: 20%->75.95 
Instagram:  20%->90.1%

Among Facebook users, the top 20% of users
by untrustworthy source exposure were responsible for 75.9% of to-
tal exposure to this type of content on the platform. Similarly, the
top 20% of Instagram users were responsible for 90.1% of total un-
trustworthy source exposure on the platform."
NEW-bergeronboutin-sciadv2026#670,12,3,United States,Facebook,2020,concentration of untrustworthy-source exposure (top [n] -> [n]),account,top 23% by untrustworthy exposure,80,CONCENTRATION,,"23% of Facebook users and 11% of Instagram users, representing approximately 53 million and 22 million accounts, were responsible for 80% of exposure to content from untrustworthy sources",CORRECT,,,,,,"Concentration: 
Facebook: 20%->75.95 
Instagram:  20%->90.1%

Among Facebook users, the top 20% of users
by untrustworthy source exposure were responsible for 75.9% of to-
tal exposure to this type of content on the platform. Similarly, the
top 20% of Instagram users were responsible for 90.1% of total un-
trustworthy source exposure on the platform."
2-s2.0-105027959122#158,13,1,Bangladesh,Instagram,Apr - Oct 2021,"share_of_users_spreading_misinfo (# participants, observed/coded from public posts)",person,,7.4,REACH,1200 active social-network-user respondents (publicly shared posts content-coded by researchers),"Of the 1200 respondents, 27.8% had spread facts related to COVID-19, 7.4% spread myths and misinformation. ... Myths and misinformation spread 89 7.4",WRONG DENOMINATOR OR CONSTRUCT,,,,SHARING,"they scraped their social media, so it must be behavioral data?",
2-s2.0-85175105353#183,14,1,Global,Twitter/X,"Feb 25 - July 24, 2022",% of users who shared >=1 misinformation-source link (user-N basis),account,,3.2,REACH,"all 10,020,547 Twitter users in the 117M-tweet Ukraine-war dataset","Of the 10,020,547 total users in the data, 321,806 (or 3.2%) shared links to misinformation sources",WRONG DENOMINATOR OR CONSTRUCT,,,,SHARING,data is platform data,
2-s2.0-85111545521#400,15,1,United States,web_cross_platform,"90-day window, c. 28 Dec 2017 - 30 Apr 2018",% of respondents who visited >=1 untrustworthy site in 90 days (n=respondents),person,,39.2,REACH,671 US adult Facebook-recruited social-media users with 90-day browsing histories,visits to these untrustworthy websites were very rare; 60.8% of respondents visited zero sites and 95.6% visited four or less. The mean number of visits across respondents was 1.19,CORRECT,,,,,,
W4293124965#122,16,1,United States,web_cross_platform,2017-2021,web-traffic share to untrustworthy news outlets (EXPOSURE),exposure,,3.36,EXPOSURE,"% of all news web traffic (visits to news websites), US 2017-2021",[Table 2] Web traffic 2017-2021: US 3.36%,CORRECT,,,,,,"Overall measures in the Abstract: 

EXPOSURE: 
- untrustworthy news outlets 2.3% of web traffic
- news publishing false content  1.4% of web traffic

SHARING: 
- untrustworthy news outlets 14.0% of Facebook engagement
- news publishing false content  6.8% of Facebook engagement

""Overall, untrustworthy news outlets
(as rated by NewsGuard) captured 2.3% of web traffic and 14.0% of
Facebook engagement, while news outlets regularly publishing false
content accounted for 1.4% of web traffic and 6.8% of Facebook
engagement. People largely turned to trustworthy news outlets during the
2020 coronavirus pandemic.""
"
W4293124965#123,16,2,United Kingdom,web_cross_platform,2017-2021,web-traffic share to untrustworthy news outlets (EXPOSURE),exposure,,0.10,EXPOSURE,"% of all news web traffic, UK 2017-2021",[Table 2] Web traffic 2017-2021: UK 0.10%,CORRECT,,,,,,"Overall measures in the Abstract: 

EXPOSURE: 
- untrustworthy news outlets 2.3% of web traffic
- news publishing false content  1.4% of web traffic

SHARING: 
- untrustworthy news outlets 14.0% of Facebook engagement
- news publishing false content  6.8% of Facebook engagement

""Overall, untrustworthy news outlets
(as rated by NewsGuard) captured 2.3% of web traffic and 14.0% of
Facebook engagement, while news outlets regularly publishing false
content accounted for 1.4% of web traffic and 6.8% of Facebook
engagement. People largely turned to trustworthy news outlets during the
2020 coronavirus pandemic.""
"
W4293124965#124,16,3,France,web_cross_platform,2017-2021,web-traffic share to untrustworthy news outlets (EXPOSURE),exposure,,4.43,EXPOSURE,"% of all news web traffic, France 2017-2021",[Table 2] Web traffic 2017-2021: France 4.43%,CORRECT,,,,,,"Overall measures in the Abstract: 

EXPOSURE: 
- untrustworthy news outlets 2.3% of web traffic
- news publishing false content  1.4% of web traffic

SHARING: 
- untrustworthy news outlets 14.0% of Facebook engagement
- news publishing false content  6.8% of Facebook engagement

""Overall, untrustworthy news outlets
(as rated by NewsGuard) captured 2.3% of web traffic and 14.0% of
Facebook engagement, while news outlets regularly publishing false
content accounted for 1.4% of web traffic and 6.8% of Facebook
engagement. People largely turned to trustworthy news outlets during the
2020 coronavirus pandemic.""
"
W4293124965#125,16,4,Germany,web_cross_platform,2017-2021,web-traffic share to untrustworthy news outlets (EXPOSURE),exposure,,0.97,EXPOSURE,"% of all news web traffic, Germany 2017-2021 (mobile dropped after Aug 2020)",[Table 2] Web traffic 2017-2021: Germany 0.97%,CORRECT,,,,,,"Overall measures in the Abstract: 

EXPOSURE: 
- untrustworthy news outlets 2.3% of web traffic
- news publishing false content  1.4% of web traffic

SHARING: 
- untrustworthy news outlets 14.0% of Facebook engagement
- news publishing false content  6.8% of Facebook engagement

""Overall, untrustworthy news outlets
(as rated by NewsGuard) captured 2.3% of web traffic and 14.0% of
Facebook engagement, while news outlets regularly publishing false
content accounted for 1.4% of web traffic and 6.8% of Facebook
engagement. People largely turned to trustworthy news outlets during the
2020 coronavirus pandemic.""
"
W4293124965#126,16,5,United States,Facebook,2017-2021,Facebook-engagement share with untrustworthy news outlets (SHARING),exposure,,18.52,SHARING,"% of Facebook engagement with news outlets, US 2017-2021",[Table 2] Facebook engagement 2017-2021: US 18.52%,CORRECT,,,,,,"Overall measures in the Abstract: 

EXPOSURE: 
- untrustworthy news outlets 2.3% of web traffic
- news publishing false content  1.4% of web traffic

SHARING: 
- untrustworthy news outlets 14.0% of Facebook engagement
- news publishing false content  6.8% of Facebook engagement

""Overall, untrustworthy news outlets
(as rated by NewsGuard) captured 2.3% of web traffic and 14.0% of
Facebook engagement, while news outlets regularly publishing false
content accounted for 1.4% of web traffic and 6.8% of Facebook
engagement. People largely turned to trustworthy news outlets during the
2020 coronavirus pandemic.""
"
W4293124965#127,16,6,United Kingdom,Facebook,2017-2021,Facebook-engagement share with untrustworthy news outlets (SHARING),exposure,,2.44,SHARING,"% of Facebook engagement with news outlets, UK 2017-2021",[Table 2] Facebook engagement 2017-2021: UK 2.44%,CORRECT,,,,,,"Overall measures in the Abstract: 

EXPOSURE: 
- untrustworthy news outlets 2.3% of web traffic
- news publishing false content  1.4% of web traffic

SHARING: 
- untrustworthy news outlets 14.0% of Facebook engagement
- news publishing false content  6.8% of Facebook engagement

""Overall, untrustworthy news outlets
(as rated by NewsGuard) captured 2.3% of web traffic and 14.0% of
Facebook engagement, while news outlets regularly publishing false
content accounted for 1.4% of web traffic and 6.8% of Facebook
engagement. People largely turned to trustworthy news outlets during the
2020 coronavirus pandemic.""
"
W4293124965#128,16,7,France,Facebook,2017-2021,Facebook-engagement share with untrustworthy news outlets (SHARING),exposure,,23.00,SHARING,"% of Facebook engagement with news outlets, France 2017-2021",[Table 2] Facebook engagement 2017-2021: France 23.00%,CORRECT,,,,,,"Overall measures in the Abstract: 

EXPOSURE: 
- untrustworthy news outlets 2.3% of web traffic
- news publishing false content  1.4% of web traffic

SHARING: 
- untrustworthy news outlets 14.0% of Facebook engagement
- news publishing false content  6.8% of Facebook engagement

""Overall, untrustworthy news outlets
(as rated by NewsGuard) captured 2.3% of web traffic and 14.0% of
Facebook engagement, while news outlets regularly publishing false
content accounted for 1.4% of web traffic and 6.8% of Facebook
engagement. People largely turned to trustworthy news outlets during the
2020 coronavirus pandemic.""
"
W4293124965#129,16,8,Germany,Facebook,2017-2021,Facebook-engagement share with untrustworthy news outlets (SHARING),exposure,,8.52,SHARING,"% of Facebook engagement with news outlets, Germany 2017-2021",[Table 2] Facebook engagement 2017-2021: Germany 8.52%,CORRECT,,,,,,"Overall measures in the Abstract: 

EXPOSURE: 
- untrustworthy news outlets 2.3% of web traffic
- news publishing false content  1.4% of web traffic

SHARING: 
- untrustworthy news outlets 14.0% of Facebook engagement
- news publishing false content  6.8% of Facebook engagement

""Overall, untrustworthy news outlets
(as rated by NewsGuard) captured 2.3% of web traffic and 14.0% of
Facebook engagement, while news outlets regularly publishing false
content accounted for 1.4% of web traffic and 6.8% of Facebook
engagement. People largely turned to trustworthy news outlets during the
2020 coronavirus pandemic.""
"
W4293124965#532,16,9,United States,web_cross_platform,2017-2021,"web-traffic share to repeatedly-false news outlets - US (EXPOSURE, strict-definition variant)",url,,0.97,EXPOSURE,,Table 3. Proportion of web traffic & Facebook engagement captured by news outlets repeatedly publishing false content. ... Web traffic 2017-2021 US 0.97%,CORRECT,,,,,,"Overall measures in the Abstract: 

EXPOSURE: 
- untrustworthy news outlets 2.3% of web traffic
- news publishing false content  1.4% of web traffic

SHARING: 
- untrustworthy news outlets 14.0% of Facebook engagement
- news publishing false content  6.8% of Facebook engagement

""Overall, untrustworthy news outlets
(as rated by NewsGuard) captured 2.3% of web traffic and 14.0% of
Facebook engagement, while news outlets regularly publishing false
content accounted for 1.4% of web traffic and 6.8% of Facebook
engagement. People largely turned to trustworthy news outlets during the
2020 coronavirus pandemic.""
"
W4293124965#533,16,10,United Kingdom,web_cross_platform,2017-2021,"web-traffic share to repeatedly-false news outlets - UK (EXPOSURE, strict-definition variant)",url,,0.018,EXPOSURE,,Table 3. Proportion of web traffic & Facebook engagement captured by news outlets repeatedly publishing false content. ... Web traffic 2017-2021 UK 0.018%,CORRECT,,,,,,"Overall measures in the Abstract: 

EXPOSURE: 
- untrustworthy news outlets 2.3% of web traffic
- news publishing false content  1.4% of web traffic

SHARING: 
- untrustworthy news outlets 14.0% of Facebook engagement
- news publishing false content  6.8% of Facebook engagement

""Overall, untrustworthy news outlets
(as rated by NewsGuard) captured 2.3% of web traffic and 14.0% of
Facebook engagement, while news outlets regularly publishing false
content accounted for 1.4% of web traffic and 6.8% of Facebook
engagement. People largely turned to trustworthy news outlets during the
2020 coronavirus pandemic.""
"
W4293124965#534,16,11,France,web_cross_platform,2017-2021,"web-traffic share to repeatedly-false news outlets - France (EXPOSURE, strict-definition variant)",url,,3.3,EXPOSURE,,Table 3. Proportion of web traffic & Facebook engagement captured by news outlets repeatedly publishing false content. ... Web traffic 2017-2021 France 3.30%,CORRECT,,,,,,"Overall measures in the Abstract: 

EXPOSURE: 
- untrustworthy news outlets 2.3% of web traffic
- news publishing false content  1.4% of web traffic

SHARING: 
- untrustworthy news outlets 14.0% of Facebook engagement
- news publishing false content  6.8% of Facebook engagement

""Overall, untrustworthy news outlets
(as rated by NewsGuard) captured 2.3% of web traffic and 14.0% of
Facebook engagement, while news outlets regularly publishing false
content accounted for 1.4% of web traffic and 6.8% of Facebook
engagement. People largely turned to trustworthy news outlets during the
2020 coronavirus pandemic.""
"
W4293124965#535,16,12,Germany,web_cross_platform,2017-2021,"web-traffic share to repeatedly-false news outlets - Germany (EXPOSURE, strict-definition variant)",url,,0.96,EXPOSURE,,Table 3. Proportion of web traffic & Facebook engagement captured by news outlets repeatedly publishing false content. ... Web traffic 2017-2021 Germany 0.96%,CORRECT,,,,,,"Overall measures in the Abstract: 

EXPOSURE: 
- untrustworthy news outlets 2.3% of web traffic
- news publishing false content  1.4% of web traffic

SHARING: 
- untrustworthy news outlets 14.0% of Facebook engagement
- news publishing false content  6.8% of Facebook engagement

""Overall, untrustworthy news outlets
(as rated by NewsGuard) captured 2.3% of web traffic and 14.0% of
Facebook engagement, while news outlets regularly publishing false
content accounted for 1.4% of web traffic and 6.8% of Facebook
engagement. People largely turned to trustworthy news outlets during the
2020 coronavirus pandemic.""
"
W4293124965#536,16,13,United States,Facebook,2017-2021,"Facebook-engagement share with repeatedly-false news outlets - US (SHARING, strict-definition variant)",url,,4.66,SHARING,,Table 3. Proportion of web traffic & Facebook engagement captured by news outlets repeatedly publishing false content. ... Facebook engagement 2017-2021 US 4.66%,CORRECT,,,,,,"Overall measures in the Abstract: 

EXPOSURE: 
- untrustworthy news outlets 2.3% of web traffic
- news publishing false content  1.4% of web traffic

SHARING: 
- untrustworthy news outlets 14.0% of Facebook engagement
- news publishing false content  6.8% of Facebook engagement

""Overall, untrustworthy news outlets
(as rated by NewsGuard) captured 2.3% of web traffic and 14.0% of
Facebook engagement, while news outlets regularly publishing false
content accounted for 1.4% of web traffic and 6.8% of Facebook
engagement. People largely turned to trustworthy news outlets during the
2020 coronavirus pandemic.""
"
W4293124965#537,16,14,United Kingdom,Facebook,2017-2021,"Facebook-engagement share with repeatedly-false news outlets - UK (SHARING, strict-definition variant)",url,,0.88,SHARING,,Table 3. Proportion of web traffic & Facebook engagement captured by news outlets repeatedly publishing false content. ... Facebook engagement 2017-2021 UK 0.88%,CORRECT,,,,,,"Overall measures in the Abstract: 

EXPOSURE: 
- untrustworthy news outlets 2.3% of web traffic
- news publishing false content  1.4% of web traffic

SHARING: 
- untrustworthy news outlets 14.0% of Facebook engagement
- news publishing false content  6.8% of Facebook engagement

""Overall, untrustworthy news outlets
(as rated by NewsGuard) captured 2.3% of web traffic and 14.0% of
Facebook engagement, while news outlets regularly publishing false
content accounted for 1.4% of web traffic and 6.8% of Facebook
engagement. People largely turned to trustworthy news outlets during the
2020 coronavirus pandemic.""
"
W4293124965#538,16,15,France,Facebook,2017-2021,"Facebook-engagement share with repeatedly-false news outlets - France (SHARING, strict-definition variant)",url,,13.35,SHARING,,Table 3. Proportion of web traffic & Facebook engagement captured by news outlets repeatedly publishing false content. ... Facebook engagement 2017-2021 France 13.35%,CORRECT,,,,,,"Overall measures in the Abstract: 

EXPOSURE: 
- untrustworthy news outlets 2.3% of web traffic
- news publishing false content  1.4% of web traffic

SHARING: 
- untrustworthy news outlets 14.0% of Facebook engagement
- news publishing false content  6.8% of Facebook engagement

""Overall, untrustworthy news outlets
(as rated by NewsGuard) captured 2.3% of web traffic and 14.0% of
Facebook engagement, while news outlets regularly publishing false
content accounted for 1.4% of web traffic and 6.8% of Facebook
engagement. People largely turned to trustworthy news outlets during the
2020 coronavirus pandemic.""
"
W4293124965#539,16,16,Germany,Facebook,2017-2021,"Facebook-engagement share with repeatedly-false news outlets - Germany (SHARING, strict-definition variant)",url,,8.05,SHARING,,Table 3. Proportion of web traffic & Facebook engagement captured by news outlets repeatedly publishing false content. ... Facebook engagement 2017-2021 Germany 8.05%,CORRECT,,,,,,"Overall measures in the Abstract: 

EXPOSURE: 
- untrustworthy news outlets 2.3% of web traffic
- news publishing false content  1.4% of web traffic

SHARING: 
- untrustworthy news outlets 14.0% of Facebook engagement
- news publishing false content  6.8% of Facebook engagement

""Overall, untrustworthy news outlets
(as rated by NewsGuard) captured 2.3% of web traffic and 14.0% of
Facebook engagement, while news outlets regularly publishing false
content accounted for 1.4% of web traffic and 6.8% of Facebook
engagement. People largely turned to trustworthy news outlets during the
2020 coronavirus pandemic.""
"
2-s2.0-85059494932#489,17,1,United States,Twitter/X,Jun-Nov 2016,% of news-link tweets directing to fake-only sites (content share),item,,10.0,SHARING,30.7M tweets containing a URL to a news outlet,"among the 30.7 million tweets containing an URL directing to a news outlet website, 10% point toward websites containing fake news or conspiracy theory and 15% point toward websites with extremely biased news",CORRECT,,,,,,"SHARING: 
(from Table 1): Only Fake news URL tweeting percentage: 5% 
denominator: users with tweets to a news outlet 

"
2-s2.0-85059494932#490,17,2,United States,Twitter/X,Jun-Nov 2016,% of distinct news-sharing users posting >=1 fake/biased link (user share),account,,12.0,REACH,~2.3M distinct users who tweeted a URL to a news outlet,the share going to fake news and extremely biased news is equal to 12% ... users posting fake and extremely biased news are around twice more active in average,WRONG DENOMINATOR OR CONSTRUCT,,,,SHARING,"To me this fits ""share of users who shared it"" + fake and extremely biased news is taken together ","SHARING: 
(from Table 1): Only Fake news URL tweeting percentage: 5% 
denominator: users with tweets to a news outlet 

"
2-s2.0-85121019757#402,18,1,United States,Facebook,Dec 2018,% of clicks to fake-news domains (representative Nielsen panel) (n=URLs),exposure,,2.5,EXPOSURE,"random sample of 1,000 URLs clicked from Facebook newsfeed by Nielsen desktop panelists, Dec 2018 (uncensored, representative)","we found that 2.5% of clicks were to fake news, 24% of clicks were to not-fake news, and 74% of clicks were to not-news sites",CORRECT,,,,,,
2-s2.0-85121019757#403,18,2,United States,Facebook,Jan 2017 - Dec 2018,% of clicks to fake-news domains (Facebook censored URLs dataset) (n=URLs),exposure,,12,EXPOSURE,"all US clicks in Facebook URLs dataset (URLs publicly shared 100+ times), Jan 2017-Dec 2018","From 1/2017-12/2018, an average of 12% of clicks per month went to fake news content, 32% went to not-fake news content, and 56% went to other, not-news content.",CORRECT,,,,,,
2-s2.0-85194023903#30,19,1,English-language,Twitter/X,Mar-Oct 2020,concentration of SHARING: % of low-credibility retweets originated by top [n] of spreading accounts,account,,81,CONCENTRATION,"retweets of low-credibility content in evaluation network, Mar-Oct 2020","Removing the top 1,000 superspreaders (0.25% of the accounts who posted during the evaluation period) eliminates 73-78% of the low-credibility content (optimal: 81%).",CORRECT,,,,,,
2-s2.0-85194023903#31,19,2,English-language,Twitter/X,Mar-Oct 2020,concentration of SHARING: % of low-credibility retweets originated by top [n] of spreading accounts,account,,38.1,CONCENTRATION,"retweets of low-credibility content in evaluation network, Mar-Oct 2020","removing the top 10 superspreaders eliminates 34.6% and 34.3% of the low-credibility content based on h-index and Influence, respectively (optimal: 38.1%). In other words, 0.003% of the accounts active during the evaluation period posted low-credibility content that received over 34% of all retweets",CORRECT,,,,,,
W7146985142#148,20,1,Germany,web_cross_platform,Jul-Dec 2017,share of untrustworthy news among all news visits (2017); n=#participants,exposure,,0.75,EXPOSURE,all news website visits 2017,the share of visits to untrustworthy news outlets among all news visits—in the raw data 0.75% in 2017 and 0.52% in 2024,CORRECT,,,,,,
W7146985142#149,20,2,Germany,web_cross_platform,Nov-Dec 2024,share of untrustworthy news among all news visits (2024); n=#participants,exposure,,0.52,EXPOSURE,all news website visits 2024,0.75% in 2017 and 0.52% in 2024,CORRECT,,,,,,
W7146985142#150,20,3,Germany,web_cross_platform,"6 months, Jul-Dec 2017",% who ever visited >=1 untrustworthy news site in tracking window (2017); n=#participants,person,,17,REACH,all participants 2017,"During the longer 2017 tracking window, 17% of participants visited at least one untrustworthy news site, compared to just 8% in the shorter 2024 period",CORRECT,,,,,,
W7146985142#151,20,4,Germany,web_cross_platform,"2 months, Nov-Dec 2024",% who ever visited >=1 untrustworthy news site in tracking window (2024); n=#participants,person,,9,REACH,all participants 2024,compared to just 8% in the shorter 2024 period,WRONG VALUE,8%,,,,,
W7146985142#543,20,5,Germany,web_cross_platform,"2017 (07/17-12/17, 6 months)",concentration: top-3 untrustworthy domains account for [n] of untrustworthy-news visits (2017),source,top 3 domains,49,CONCENTRATION,,"the top three domains classified as untrustworthy (NewsGuard score below 60), including rt.de (RT, formerly Russia Today), made up 49% of visits to untrustworthy news in our sample.",CORRECT,,,,,,
W7146985142#544,20,6,Germany,web_cross_platform,"2024 (11/24-12/24, 2 months)",concentration: top-3 untrustworthy domains account for [n] of untrustworthy-news visits (2024),source,top 3 domains,23,CONCENTRATION,,"in 2024 the top three most visited trustworthy domains account for 32% of visits to trustworthy news, while the leading untrustworthy sources—nius.de, reitschuster.de, and politikversagen.net—account for 23% of visits to untrustworthy news.",CORRECT,,,,,,
2-s2.0-105029413645#557,21,1,United States,web_cross_platform,2023,% of respondents exposed to >=1 low-credibility health URL on the open web (~[n]; REACH),,,13,REACH,,"Over the data collection period (approximately 4 weeks per respondent), about 13% saw any URLs from these domains (95% CI: 10-15%).",CORRECT,,,,,,
2-s2.0-105029413645#558,21,2,United States,YouTube,2023,% of respondents exposed to >=1 low-credibility health video on YouTube (~[n]; REACH),,,9,REACH,,"As with the open web, the overall level of exposure to low-credibility health content on YouTube is quite low, as shown in Table D.26. About 9% saw this sort of content (95% CI: 7-12%).",CORRECT,,,,,,
2-s2.0-105029413645#559,21,3,United States,web_cross_platform,2023,low-credibility visits as % of all health website visits (~[n]; EXPOSURE),,,3,EXPOSURE,,This means low-credibility visits are a small proportion of all health visits (roughly 3%).,CORRECT,,,,,,
2-s2.0-105029413645#560,21,4,United States,YouTube,2023,low-credibility views as % of all health views on YouTube (~[n]; EXPOSURE),,,10,EXPOSURE,,"As with website visits, this means low-credibility views are a small proportion of all health views on YouTube (roughly 10%).",CORRECT,,,,,,
2-s2.0-105029413645#561,21,5,United States,web_cross_platform,2023,concentration: top [n] of users account for [n] of total exposure,,,37,CONCENTRATION,,"Notably, the top 1% of users accounts for 37% of total exposure, and the top 10% accounts for 77% of total exposure (see Figure D.1).",CORRECT,,,,,,
2-s2.0-105029413645#562,21,6,United States,web_cross_platform,2023,concentration: top [n] of users account for [n] of total exposure,,,77,CONCENTRATION,,"Notably, the top 1% of users accounts for 37% of total exposure, and the top 10% accounts for 77% of total exposure (see Figure D.1).",CORRECT,,,,,,
2-s2.0-85194733750#284,22,1,United States,Twitter/X,Aug-Nov 2020,% of shared political news links that are fake-news (average day; observed sharing),url,,7.0,SHARING,"all political news links shared by panel of 664,391 registered US voters","On an average day, 7.0% [95% confidence interval (CI): 6.7%, 7.4%] of all political news shared by the panel of 664,391 individuals linked to fake news sources",CORRECT,,,,,,
2-s2.0-85194733750#285,22,2,United States,Twitter/X,Aug-Nov 2020,concentration of SHARING: top [n] of users = [n] of fake-news shares,person,,80,CONCENTRATION,"664,391 registered US voters in panel",an extremely small fraction of our sample (0.3%; only 2107 people) accounted for 80% of the tweets linking to fake news sources,CORRECT,,,,,,
NEW-berriche-fakerisland2026#671,23,1,France,Twitter/X,2018-2020,share of tweets containing a fact-checked-false/misleading URL,item,,0.05,SHARING,all 184M tweets in the French Twittersphere media-sharing corpus,"around 85K tweets (i.e., 0.05% of the initial 184M) containing at least one misinformation item",CORRECT,,,,,,
NEW-berriche-fakerisland2026#672,23,2,France,Twitter/X,2018-2020,% of accounts that shared >=1 misinformation URL,account,,0.9,REACH,all 3.7M accounts in the French Twittersphere,"around 31.5K accounts that had shared them (i.e., 0.9% of the initial 3.7 M)",WRONG DENOMINATOR OR CONSTRUCT,,,,SHARING,"fits definition of SHARING: ""share of users who shared it, from platform data""",
SEED-cordonnier2021#439,24,1,France,web_cross_platform,Sep-Oct 2020,unreliable_time_share_overall,exposure,,0.16,EXPOSURE,total connected time (all participants),"5% of connected time dedicated to information was spent consulting information sources considered to be unreliable, which equates to 0.16% of total connected time",CORRECT,,,,,,
SEED-cordonnier2021#440,24,2,France,web_cross_platform,Sep-Oct 2020,unreliable_news_share_overall,exposure,,5,EXPOSURE,time dedicated to information (all participants),"Among all participants, 5% of connected time dedicated to information was spent consulting information sources considered to be unreliable",CORRECT,,,,,,
SEED-cordonnier2021#623,24,3,France,web_cross_platform,Sep-Oct 2020,unreliable_reach_30d,reach,,39,REACH,all participants (30-day tracking window),39% of participants consulted information sources considered to be unreliable,CORRECT,,,,,,
2-s2.0-105039619015#186,25,1,United States,web_cross_platform,Aug 24 - Dec 7 2020,share of adults who visited >=1 misinformation website in a period (# participants),person,,39.1,REACH,"nationally representative YouGov web-tracking panel of US adults (N=1,238; ~21M visits)",the 39.1% (95% CI = 36.4-41.8%) of Americans who were exposed to misinformation websites,CORRECT,,,,,,
2-s2.0-105039619015#661,25,2,United States,web_cross_platform,Aug 24 - Dec 7 2020,% of US adults exposed to >=1 pink-slime site (overall),person,,3.7,REACH,"nationally representative YouGov web-tracking panel of US adults (N=1,238; ~21M visits)",the 39.1% (95% CI = 36.4-41.8%) of Americans who were exposed to misinformation websites,CORRECT,,,"We estimate that 3.7% (95% CI = 2.8-5.0%) — about 1 in 25 — of American adults were exposed to at least one pink slime website around the 2020 US Presidential Election (August 24 - December 7, 2020). ",,,
OA-W2992531903#314,26,1,France,web_cross_platform,,reach,person,,3.1,REACH,French online population,"The most popular, Sante+ Magazine...reached 3.1% (this equates to around 1.5 million people)",CORRECT,,,,,,"REACH: 
share of: Itlian or French online population
- 1.5% RT in France
- 1.4% Sputnik News in France 
""This was more than double that of well-known Russian outlets like Russia Today (1.5%) and Sputnik News (1.4%)""
- 0.6% Sputink News in Italy 
""The reach of the Italian edition of Sputnik News was also low, used by an average of 0.6% of the online population each month."""
OA-W2992531903#315,26,2,France,web_cross_platform,,reach,person,,1.0,REACH,French online population,"On average, most reached just 1% or fewer of the French online population each month in 2017",CORRECT,,,,,,"REACH: 
share of: Itlian or French online population
- 1.5% RT in France
- 1.4% Sputnik News in France 
""This was more than double that of well-known Russian outlets like Russia Today (1.5%) and Sputnik News (1.4%)""
- 0.6% Sputink News in Italy 
""The reach of the Italian edition of Sputnik News was also low, used by an average of 0.6% of the online population each month."""
OA-W2992531903#317,26,3,Italy,web_cross_platform,,reach,person,,3.1,REACH,Italian online population,the most widely-used false news website in our sample-Retenews24-reached 3.1% of the online Italian population (just over 1 million people) on average each month,CORRECT,,,,,,"REACH: 
share of: Itlian or French online population
- 1.5% RT in France
- 1.4% Sputnik News in France 
""This was more than double that of well-known Russian outlets like Russia Today (1.5%) and Sputnik News (1.4%)""
- 0.6% Sputink News in Italy 
""The reach of the Italian edition of Sputnik News was also low, used by an average of 0.6% of the online population each month."""
OA-W2992531903#318,26,4,Italy,web_cross_platform,,reach,person,,1.0,REACH,Italian online population,"As in France, most of the other sites were typically accessed by 1% or fewer",CORRECT,,,,,,"REACH: 
share of: Itlian or French online population
- 1.5% RT in France
- 1.4% Sputnik News in France 
""This was more than double that of well-known Russian outlets like Russia Today (1.5%) and Sputnik News (1.4%)""
- 0.6% Sputink News in Italy 
""The reach of the Italian edition of Sputnik News was also low, used by an average of 0.6% of the online population each month."""
2-s2.0-85152674280#190,27,1,United States,web_cross_platform,Oct 2 - Nov 9 2020,share of adults who visited >=1 untrustworthy website in a period (# participants),person,,26.2,REACH,"nationally representative YouGov Pulse panel of US adults (N=1,151; 7.5M visits)","during the 2020 election, only 26.2% (95% CI 22.5% to 29.8%) of Americans were exposed to at least one untrustworthy website",CORRECT,,,,,,
2-s2.0-85060549676#478,28,1,United States,Twitter/X,Aug-Dec 2016 (2016 election season),fake news share of political-news exposures,exposure,,5.0,EXPOSURE,"aggregate exposures to political URLs (all panel members, 2016 season)","When totaled across all panel members and the entire 2016 U.S. election season, 5.0% of aggregate exposures to political URLs were from fake news sources.",CORRECT,,,,,,"
SHARING: 6%
share of: people sharing political URLs
""Although 6% of people who shared URLs with political content shared content from fake news sources"""
2-s2.0-85060549676#479,28,2,United States,Twitter/X,Aug-Dec 2016 (2016 election season),fake news share of political-news shares,url,,6.7,SHARING,political URLs shared by the panel,"Similar trends were observed in content sharing, with 6.7% of political URLs shared by the panel coming from fake news sources.",CORRECT,,,,,,"
SHARING: 6%
share of: people sharing political URLs
""Although 6% of people who shared URLs with political content shared content from fake news sources"""
2-s2.0-85060549676#480,28,3,United States,Twitter/X,Aug-Dec 2016 (2016 election season),concentration of exposure,person,,80,CONCENTRATION,panel members (registered US voters on Twitter),1% of panel members consumed 80.0% of the volume from fake news sources.,CORRECT,,,,,,"
SHARING: 6%
share of: people sharing political URLs
""Although 6% of people who shared URLs with political content shared content from fake news sources"""
2-s2.0-85060549676#481,28,4,United States,Twitter/X,Aug-Dec 2016 (2016 election season),concentration of sharing,person,,79.8,CONCENTRATION,panel members (registered US voters on Twitter),A mere 0.1% of the panel accounted for 79.8% of shares from fake news sources.,CORRECT,,,,,,"
SHARING: 6%
share of: people sharing political URLs
""Although 6% of people who shared URLs with political content shared content from fake news sources"""
2-s2.0-85060549676#520,28,5,United States,Twitter/X,2016-08-01/2016-12-06,average fake-news share of political-news exposures per individual feed ([n]),exposure,,1.18,EXPOSURE,,The average proportion of fake news sources (among political URLs) in an individual's feed was 1.18% (95% CI: 1.12 to 1.24%).,CORRECT,,,,,,"
SHARING: 6%
share of: people sharing political URLs
""Although 6% of people who shared URLs with political content shared content from fake news sources"""
2-s2.0-85060549676#527,28,6,United States,Twitter/X,,concentration: top [n] of sources account for >[n] of exposures within each fake-news category,source,5 (of sources),50,CONCENTRATION,,"Within each category of fake news, 5% of sources accounted for more than 50% of exposures ... The top seven fake news sources ... accounted for more than 50% of fake news exposures",CORRECT,,,,,,"
SHARING: 6%
share of: people sharing political URLs
""Although 6% of people who shared URLs with political content shared content from fake news sources"""
2-s2.0-85145956359#58,29,1,United States,Twitter/X,Apr-Nov 2016 (~7 months),% respondents potentially exposed to >=1 foreign-influence post in period (reach; n=[n] respondents),person,,70,REACH,"1,496 survey-linked US Twitter respondents",We find that 70% (n = 1042) of respondents were exposed to one or more posts from a foreign influence campaign between April and November 2016,CORRECT,,,,,,
2-s2.0-85145956359#59,29,2,United States,Twitter/X,Apr-Nov 2016,concentration of EXPOSURE (audience-level): top [n] of respondents = [n] of exposures,person,,70,CONCENTRATION,"1,496 survey-linked US Twitter respondents exposed to Russian IRA posts",only 1% of users accounted for 70% of exposures,CORRECT,,,,,,
2-s2.0-85145956359#529,29,3,United States,Twitter/X,,concentration: top [n] of respondents account for [n] of exposures,person,,98,CONCENTRATION,,"almost all exposure is concentrated among only 10% of respondents, who account for 98% of exposures",CORRECT,,,,,,
2-s2.0-105002155467#463,30,1,United States,web_cross_platform,Jan-Dec 2018 (12-month window),"REACH: % of panelists who visited >=1 unreliable page over 12 months (misinfo-direction, complement of the [n] who visited none); n = participants",person,,21.0,REACH,"N~140,000 US web-browsing Nielsen panelists (weighted), Jan-Dec 2018","the vast majority, that is ~79%, do not visit any page classified as unreliable",CORRECT,,,,,,
2-s2.0-105002155467#464,30,2,United States,web_cross_platform,Jan-Dec 2018,CONCENTRATION of EXPOSURE: top [n] of panelists account for [n] of all unreliable pageviews; n = participants,person,,65.3,CONCENTRATION,all unreliable pages visited by the panel (Jan-Dec 2018),This 1% of the panelists are responsible for visiting 65.3% of all unreliable pages in our data,CORRECT,,,,,,
2-s2.0-85136023139#4,31,1,United States,Twitter/X,Oct 2020 - Jan 2021 (Abilov corpus 23 Oct 2020 - 5 Jan 2021),observed engagement: % of active voter-file-matched Georgia Twitter users who liked/retweeted >=1 fraud-promoting tweet (users n=[n]),person,,7.6,REACH,"Georgia Twitter users matched to the voter file (Grinberg/Hughes name-match), active both before and after the 2020 election","Of the 7,324 Georgia Twitter users in the panel who were active both before and after the 2020 election, 558 liked or retweeted fraud-related content by promoters of conspiracy theories",CORRECT,,,,,,
2-s2.0-85148963619#99,32,1,English-language,Twitter/X,2021 (Jan 4-Dec 31),"% of content items low-credibility (share of vaccine tweets+retweets, # tweets)",item,,1.31,SHARING,"all vaccine-related tweets+retweets (~294M, English-language collection)",Daily percentage of vaccine tweets and retweets that share links to low-credibility news sources (median: 1.31%) and mainstream news sources (median: 7.53%),CORRECT,,,,,,"CONCENTRATION: 13% 
share of: reshares of low credibility news
""with the top superspreader (@RobertKennedyJr) responsible for over 13% of retweets.""

SHARING: 
share of: all 300 million tweets
- 1.5% are tweets with links to low-credibility news sources 
""Nevertheless, the total fraction of tweets sharing low-credibility news about vaccines accounted for only 1.5% compared to approximately 7.8% of tweets that linked to mainstream sources (see Figure 4C)."""
2-s2.0-85148963619#100,32,2,English-language,Twitter/X,2021,concentration of SHARING (top ~800 superspreader accounts -> share of misinfo reshares; user-level),account,"~800 verified 'superspreader' accounts (~5.6% of low-cred posters; status-defined, not a volume percentile)",35,CONCENTRATION,all reshares of low-credibility misinformation on an average day in 2021,Tweets by a small group of approximately 800 “superspreaders” verified by Twitter accounted for approximately 35% of all reshares of misinformation on an average day,CORRECT,,,,,,"CONCENTRATION: 13% 
share of: reshares of low credibility news
""with the top superspreader (@RobertKennedyJr) responsible for over 13% of retweets.""

SHARING: 
share of: all 300 million tweets
- 1.5% are tweets with links to low-credibility news sources 
""Nevertheless, the total fraction of tweets sharing low-credibility news about vaccines accounted for only 1.5% compared to approximately 7.8% of tweets that linked to mainstream sources (see Figure 4C)."""
2-s2.0-85148963619#530,32,3,English-language,Twitter/X,,concentration: aggregate top low-credibility sources account for ~[n] of low-cred vaccine tweets,source,top-20 low-credibility sources (rank-truncated; source-count denominator unreported),61,CONCENTRATION,,"CHD accounted for approximately 18% of all tweets linking to low-credibility sources, whereas the aggregated 20 most shared sources generated approximately 61%",CORRECT,,sources talking about CHD vaccines,,,,"CONCENTRATION: 13% 
share of: reshares of low credibility news
""with the top superspreader (@RobertKennedyJr) responsible for over 13% of retweets.""

SHARING: 
share of: all 300 million tweets
- 1.5% are tweets with links to low-credibility news sources 
""Nevertheless, the total fraction of tweets sharing low-credibility news about vaccines accounted for only 1.5% compared to approximately 7.8% of tweets that linked to mainstream sources (see Figure 4C)."""
2-s2.0-85162702221#244,33,1,United States,Facebook,cumulative page-likes up to Dec 2016-Jan 2017,"% of users who liked >=1 fake-news page (reach; digital trace, n=806 users)",person,,18.4,REACH,"806 American Facebook users (MTurk convenience sample, non-representative)","Among our 806 subjects, 18.36% (n = 148) liked at least one Facebook page for a fake news source",CORRECT,,,,,,
2-s2.0-105019603181#470,34,1,United States,web_cross_platform,Aug 24 - Dec 7 2020 (period reach),REACH: % of nationally-representative participants who visited >=1 misinfo article (broadest topic available: US Electoral Politics) during the period; n = participants + content,person,,12.7,REACH,1240 nationally representative US adults (YouGov Pulse passive web-browsing panel; 21M URL visits),"the most consumed type of misinformation articles was about U.S. Electoral Politics, with 12.7% (95% CI [10.9, 14.7]) of participants being exposed to at least one such article.",CORRECT,,,,,,
2-s2.0-105019603181#501,34,2,United States,web_cross_platform,Aug 24 - Dec 7 2020 (period reach),REACH: % exposed >=1 social issues misinfo article,person,,10.9,REACH,1240 nationally representative US adults (YouGov Pulse passive web-browsing panel; 21M URL visits),"The next topic with the highest level of exposure was misinformation about social issues with 10.9% (95% CI [9.3, 12.8]) of participants exposed.",CORRECT,,,,,,
2-s2.0-105019603181#502,34,3,United States,web_cross_platform,Aug 24 - Dec 7 2020 (period reach),REACH: % exposed >=1 COVID-19 misinfo article,person,,6.7,REACH,1240 nationally representative US adults (YouGov Pulse passive web-browsing panel; 21M URL visits),"The least exposed types were COVID-19 (6.7% exposed, 95% CI [5.4, 8.3])...",CORRECT,,,,,,
2-s2.0-105019603181#503,34,4,United States,web_cross_platform,Aug 24 - Dec 7 2020 (period reach),REACH: % exposed >=1 Health misinfo article,person,,4.3,REACH,1240 nationally representative US adults (YouGov Pulse passive web-browsing panel; 21M URL visits),"...and Health (4.3% exposed, 95% CI [3.3, 5.6]).",CORRECT,,,,,,
W3033912864#145,35,1,Multi-country,Twitter/X,"Jan 29 - Mar 4, 2020",% of EN source users who posted >=1 fake-news URL (# users),account,,1.60,REACH,"all English-speaking source users in COVID-keyword corpus (2,089,892)","total 33,514 ... 2,089,892 ... 1.60%",CORRECT,,,,,,
W3033912864#146,35,2,Multi-country,Twitter/X,"Jan 29 - Mar 4, 2020",% of EN retweeters who retweeted >=1 fake-news URL (# users),account,,2.50,REACH,"all English-speaking retweeters in COVID-keyword corpus (4,186,548)","total 104,811 ... 4,186,548 ... 2.50%",WRONG DENOMINATOR OR CONSTRUCT,,,,SHARING,,
2-s2.0-85209206311#382,36,1,United States,web_cross_platform,Aug-Sep 2021,"EXPOSURE diet-share: median low-quality-news visits per [n],000 total requests, multi-local-paper counties (>=2 papers)",exposure,,0.1461,EXPOSURE,all browser requests in the county (per million); counties with two or more local papers,locations with two or more local papers (median=1461),CORRECT,,,,,1461/1000000,"EXPOSURE: 
consumption of low-quality news in news deserts: 0.0721%
""In fact, news deserts appear to view less low-quality information
per million requests (median=721) than locations with two or more local papers (median=1461).""
share of: browser requests in the county

EXPOSURE: 
consumption of low-quality news in single paper locations: 0.1302%
""Further, the amount of low-quality information viewed in
locations with a single paper and locations with multiple papers are similar (median=1302 vs. median=1461).""
share of: browser requests in the county"
2-s2.0-85037352356#328,37,1,United States,web_cross_platform,18 Jul - 8 Nov 2016 (avg per day),REACH: avg daily % of users visiting >=1 fake-news domain; n=>10^8 browser machines,person,,0.34,REACH,IE11/Edge desktop browser users (combined install base >10^8 machines),"visits to fake news websites were relatively rare—on an average day during the election campaign period, only 0.34% of users visited any of the fake news domains that we monitored (i.e., about 1 in every 290 users)",CORRECT,,,,,,
W4407878374#116,38,1,Norway,Twitter/X,Jan 2020 - Dec 2022,concentration of SHARING (top [n] of users),account,,75,CONCENTRATION,users posting misinformation tweets,25% of the most active users contribute to approximately 75% of the misinformation content,CORRECT,,,,,,"CONTENT: 
- 5.11% 
share of: analyzed tweets via keywords

""The resulting dataset consists of 426,262 Norwegian-language
COVID-19-related tweets, out of which approximately 5.11% is predicted to contain misinformation at a confidence threshold of 98%."""
2-s2.0-85195353413#380,39,1,United States,Twitter/X,December 2020,concentration of SHARING: top [n] deplatformed users' share of all misinfo URLs (content-N at panel scale; n=[n] users),url,"deplatformed users (0.23% of panel; selection-defined by moderation, not a volume percentile)",24.13,CONCENTRATION,all misinformation URLs shared in panel (December 2020),These deplatformed users accounted for 4.35% of all URL sharing and 24.13% of all misinformation URLs shared among our sample during December 2020,CORRECT,,,,,,
2-s2.0-85195353413#381,39,2,United States,Twitter/X,2 Sep 2020 - 29 Jan 2021,share of users who shared >=1 misinfo URL (observed SHARING; n=[n] users),person,,7.46,REACH,full voter-file-matched active Twitter panel (2020 election cycle),"A total of 44,743 users (7.46% of the full panel) were misinformation sharers (users who shared at least one misinformation URL during the 2020 election cycle)",WRONG DENOMINATOR OR CONSTRUCT,,,,SHARING,,
2-s2.0-85159153364#277,40,1,Global,Twitter/X,Jan-Apr 2022,concentration of SHARING (top-15 spreader accounts' share of retweets),account,top-15 Twitter accounts (rank-truncated; mostly verified),68,CONCENTRATION,all retweets linking to Russian propaganda websites on Twitter,generate over 68% of all retweets linking to these [Russian propaganda] websites,CORRECT,,,,,,"CONTENT: 
- 0.4% low-credibility news 
- 0.25% Russian Propaganda
share of: analyzed posts over a certain time period through keywords search
""On Facebook, we identified 51,269 posts (0.25% of all posts)
sharing links to Russian propaganda outlets, generating 5,065,983
interactions (0.17% of all interactions); 80,066 posts (0.4% of all
posts) sharing links to low-credibility news websites, generating
28,334,900 interactions (0.95% of all interactions); and 147,841 posts
sharing links to high-credibility news websites (0.73% of all posts),
generating 63,837,701 interactions (2.13% of all interactions)."""
2-s2.0-85159153364#278,40,2,Global,Facebook,Jan-Apr 2022,concentration of SHARING (top-15 accounts' share of interactions),account,top-15 Facebook accounts/pages (rank-truncated),80,CONCENTRATION,all interactions around Russian-propaganda + low-credibility links on Facebook,they generate over 80% of all interactions around links to Russian propaganda and low-credibility information websites,CORRECT,,,,,,"CONTENT: 
- 0.4% low-credibility news 
- 0.25% Russian Propaganda
share of: analyzed posts over a certain time period through keywords search
""On Facebook, we identified 51,269 posts (0.25% of all posts)
sharing links to Russian propaganda outlets, generating 5,065,983
interactions (0.17% of all interactions); 80,066 posts (0.4% of all
posts) sharing links to low-credibility news websites, generating
28,334,900 interactions (0.95% of all interactions); and 147,841 posts
sharing links to high-credibility news websites (0.73% of all posts),
generating 63,837,701 interactions (2.13% of all interactions)."""
2-s2.0-85089622030#106,41,1,Italy,multi_platform,31 Dec 2019 - 30 Apr 2020,% of total shares (across reviewed articles) that are fake news; content-N basis,url,,23.1,SHARING,"total shares of all 2,102 reviewed COVID-19 keyword articles (fake + verified)","Links that contained fake news were shared 2,352,585 times, accounting for about 23.1% of the total shares of all the articles reviewed.",CORRECT,,,,,,
2-s2.0-105017599346#519,42,1,United States,Facebook,2017-01/2020-12,"% of engagement directed at low-quality domains (engagement-share, SHARING; was mis-coded EXPOSURE)",url,,25,SHARING,,"In Fig. 5F we show the change in the proportion of engagement directed at low-quality domains (quality bin lower than the bin centered at 0.58 in Fig. 1), which ﬂuctuates around 20% and 30%.",WRONG VALUE,fluctuating around 20% and 30%,,,,,
2-s2.0-85074511992#322,43,1,France,Twitter/X,13-19 March 2017,"share of all classified shared web-sources that are junk news (content-of-diet, source-coded)",url,,4.2,SHARING,all classified web sources shared in election-related tweets (France),"Junk News and Information 366 4.2 (France, Table 3)",CORRECT,,,,,,
2-s2.0-85074511992#323,43,2,United Kingdom,Twitter/X,27 May-2 June 2017,"share of all classified shared web-sources that are junk news (content-of-diet, source-coded)",url,,10.3,SHARING,all classified web sources shared in election-related tweets (UK),Junk News and Information account for 10.3% of all content shared,CORRECT,,,,,,
2-s2.0-85074511992#324,43,3,Germany,Twitter/X,1-10 September 2017,"share of all classified shared web-sources that are junk news (content-of-diet, source-coded)",url,,9.1,SHARING,all classified web sources shared in election-related tweets (Germany),"Junk News and Information 1055 9.1 (Germany, Table 3)",CORRECT,,,,,,
2-s2.0-105021775752#458,44,1,United States,Twitter/X,"March 2-22, 2020",% of shared news sources that are 'problematic',url,,16,SHARING,"all news sources shared (~1 million links) in political-keyword Twitter, March 2020","In March 2020, the share of problematic news sources shared on Twitter was 16% of all shared news sources.",CORRECT,,,,,,
2-s2.0-105021775752#459,44,2,United States,Twitter/X,Dec 24 2020 - Jan 4 2021,% of shared news sources that are 'problematic',url,,30,SHARING,"all news sources shared in political-keyword Twitter, Dec 2020-Jan 2021","In December, the share of problematic news sources almost doubled to 30%.",CORRECT,,,,,,
2-s2.0-105021775752#460,44,3,United States,Twitter/X,"March 10-22, 2021",% of shared news sources that are 'problematic',url,,11,SHARING,"all news sources shared in political-keyword Twitter, March 2021 (post-Capitol-purge)","In March 2021, the share of problematic sources dropped significantly to 11%.",CORRECT,,,,,,
2-s2.0-85142396682#418,45,1,United States,Twitter/X,Jan 2016 - Mar 2022,% of posted links pointing to untrustworthy domains (observed actor sharing); links/tweets,url,,3.86,SHARING,"all NewsGuard-rated links posted by US Republican members of Congress, 2016-2022 (US corpus 1,694,403 tweets; NewsGuard covers 46.5% of links)","Republicans share 9.1 times more links to websites considered unstrustworthy than Democrats (Republicans 3.86%, Democrats 0.43%, difference 3.44%, 1.65 SD)",CORRECT,,,,,,
2-s2.0-85142396682#419,45,2,United States,Twitter/X,Jan 2016 - Mar 2022,% of posted links pointing to untrustworthy domains (observed actor sharing); links/tweets,url,,0.43,SHARING,"all NewsGuard-rated links posted by US Democratic members of Congress, 2016-2022","Republicans 3.86%, Democrats 0.43%, difference 3.44%, 1.65 SD",CORRECT,,,,,,
2-s2.0-85142396682#420,45,3,Germany,Twitter/X,Jan 2016 - Mar 2022,% of posted links pointing to untrustworthy domains (observed actor sharing); links/tweets,url,,0.18,SHARING,"all NewsGuard-rated links posted by German CDU/CSU parliamentarians, 2016-2022 (DE corpus 754,233 tweets)","For Germany, members of the CDU/CSU post 6.3 times more links to such websites than members of the SPD (CDU/CSU 0.18%, SPD 0.03%, difference 0.15%, 0.04 SD)",CORRECT,,,,,,
2-s2.0-85142396682#421,45,4,Germany,Twitter/X,Jan 2016 - Mar 2022,% of posted links pointing to untrustworthy domains (observed actor sharing); links/tweets,url,,0.03,SHARING,"all NewsGuard-rated links posted by German SPD parliamentarians, 2016-2022","CDU/CSU 0.18%, SPD 0.03%, difference 0.15%, 0.04 SD",CORRECT,,,,,,
2-s2.0-85142396682#422,45,5,United Kingdom,Twitter/X,Jan 2016 - Mar 2022,% of posted links pointing to untrustworthy domains (observed actor sharing); links/tweets,url,,0.25,SHARING,"all NewsGuard-rated links posted by UK Conservative parliamentarians, 2016-2022 (UK corpus 960,114 tweets)","members of the Tories post 4.7 times more links to untrustworthy domains than members of the Labour Party (Tory 0.25%, Labour 0.05%, difference 0.19%, 0.08 SD)",CORRECT,,,,,,
2-s2.0-85142396682#423,45,6,United Kingdom,Twitter/X,Jan 2016 - Mar 2022,% of posted links pointing to untrustworthy domains (observed actor sharing); links/tweets,url,,0.05,SHARING,"all NewsGuard-rated links posted by UK Labour parliamentarians, 2016-2022","Tory 0.25%, Labour 0.05%, difference 0.19%, 0.08 SD",CORRECT,,,,,,
2-s2.0-85105511315#393,46,1,Global,Twitter/X,1 Jan - 31 Oct 2020,% of credibility-rated content links that are low-credibility (mean ratio; n=content links),url,,32,SHARING,low- plus high-credibility content links (tweets+retweets); not whole diet,Twitter exhibits a higher ratio of low-credibility information than Facebook (32% vs. 21% on average),CORRECT,,,,,,
2-s2.0-85105511315#394,46,2,Global,Facebook,1 Jan - 31 Oct 2020,% of credibility-rated content links that are low-credibility (mean ratio; n=content links),url,,21,SHARING,low- plus high-credibility content links (posts+reshares); not whole diet,Twitter exhibits a higher ratio of low-credibility information than Facebook (32% vs. 21% on average),CORRECT,,,,,,
2-s2.0-85188806397#374,47,1,United States,Twitter/X,27 Oct-3 Nov 2020,"% of NewsGuard-classified news URLs that are untrustworthy, swing-state tweets (URL-N)",url,,26.06,SHARING,"NewsGuard-classified (trustworthy T + untrustworthy N) news URLs in swing-state tweets, validated dataset","When looking at links pointing to untrustworthy news sites (N), the concentration for swing states - 26.06%. - is higher than for safe states - 22.25%",CORRECT,,,,,,
2-s2.0-85188806397#375,47,2,United States,Twitter/X,27 Oct-3 Nov 2020,"% of NewsGuard-classified news URLs that are untrustworthy, safe-state tweets (URL-N)",url,,22.25,SHARING,"NewsGuard-classified (trustworthy T + untrustworthy N) news URLs in safe-state tweets, validated dataset",for safe states - 22.25%. The concentration of trustworthy links (T) is higher for safe states - 50.66% vs 28.30% for swing states,CORRECT,,,,,,
2-s2.0-85164694763#358,48,1,Multi-country,Twitter/X,,low-credibility share of domains shared by no-vax communities,url,,26,SHARING,"Domains/URLs shared by no-vax community users (28 countries, 11 languages)",26% of the domains shared by no-vax communities came from lists of known low-credibility domains versus only 2.4% of those cited by the other users (P<.001),CORRECT,,,,,,
2-s2.0-85164694763#359,48,2,Multi-country,Twitter/X,,"low-credibility share of domains cited by rest-of-network (""other users"")",url,,2.4,SHARING,Domains/URLs shared by non-no-vax (other) users,26% of the domains shared by no-vax communities ... versus only 2.4% of those cited by the other users (P<.001),CORRECT,,,,,,
2-s2.0-85095594211#34,49,1,Global,Facebook,Apr 2020,"% of total shares going to misleading articles (sharing-share; n=30 articles / [n],160 shares)",item,,36,SHARING,total shares of the top 30 COVID-19 prevention articles,the percentage of their shares reached 36% (n = 1 765 889) of total number of shares (n = 4 904 160) on social media,CORRECT,,,,,,"CONTENT: 
- 20% of articles were found to be misleading
share of: top shared articles (sampling through top shared articles) "
W4306964957#117,50,1,Brazil,Twitter/X,2018-2020,share of posts that are misinfo (text-based; content-N),item,,0.0104,SHARING,"4,032,907 posts by 945 politicians 2018-2020","Using our text-based approach, about 0.01% (421) of politicians' posts contain false stories ... [Table 2] Text 0.0104",CORRECT,,,,,text-based approach,"SHARING: 0.0009% 
Note: using the Facebook URL approach
Share of: posts by politicians
""in Table 2""

SHARING: 0.9694% 
Share of: posts by politicians
Note: Overall estimate
""Overall, using at least one of the methods employed (text, domain, Facebook URL), we detect false content in 0.9694% of posts, and these 0.9694% of posts represent about 1.4197% of all the online engagement to politicians’ posts in the period analyzed."""
W4306964957#118,50,2,Brazil,Twitter/X,2018-2020,share of posts that are misinfo (domain-based; content-N),url,,0.9595,SHARING,"4,032,907 posts by 945 politicians 2018-2020",The domain-based approach suggests a much larger share of posts containing misinformation (0.96%) ... [Table 2] Domain 0.9595,CORRECT,,,,,domain-based approach,"SHARING: 0.0009% 
Note: using the Facebook URL approach
Share of: posts by politicians
""in Table 2""

SHARING: 0.9694% 
Share of: posts by politicians
Note: Overall estimate
""Overall, using at least one of the methods employed (text, domain, Facebook URL), we detect false content in 0.9694% of posts, and these 0.9694% of posts represent about 1.4197% of all the online engagement to politicians’ posts in the period analyzed."""
2-s2.0-85088969117#339,51,1,Global,Twitter/X,6-7 Feb 2020,% of retweets that are false news; share of shares,item,,52.31,SHARING,390 retweets in the Twitter sample (categorized RT),There were more retweets of false-information on Twitter (52.31%) than Weibo reposts (0.09%) coded under this category,CORRECT,,,,,,"CONTENT: 
- 3.69% 
share of: posts on Weibo through keyworrd search
""Regarding extracted posts, on Weibo, the majority belonged under the
category of “Facts” (20.54%), followed by “Mixed” (5.04%), “False News”
(3.69%), “Science based evidence” (2.13%), “Fact Checking” (1.66%) and
“Emerging evidence” (1.30%).""


CONTENT: 
- 9.20%  
share of: Tweets through keyword search
""On Twitter, most posts belonged under the category of “Facts” (27.20%), followed by “False news” (9.20%), “Science based evidence” (3.85%), “Mixed” (1.51%), “Fact Checking” (0.99%) and “Emerging evidence” (0.05%)."""
2-s2.0-85088969117#340,51,2,China,other,6-7 Feb 2020,% of reposts that are false news; share of shares,item,,0.09,SHARING,"31,009 Weibo reposts",more retweets of false-information on Twitter (52.31%) than Weibo reposts (0.09%) coded under this category,CORRECT,,,,,,"CONTENT: 
- 3.69% 
share of: posts on Weibo through keyworrd search
""Regarding extracted posts, on Weibo, the majority belonged under the
category of “Facts” (20.54%), followed by “Mixed” (5.04%), “False News”
(3.69%), “Science based evidence” (2.13%), “Fact Checking” (1.66%) and
“Emerging evidence” (1.30%).""


CONTENT: 
- 9.20%  
share of: Tweets through keyword search
""On Twitter, most posts belonged under the category of “Facts” (27.20%), followed by “False news” (9.20%), “Science based evidence” (3.85%), “Mixed” (1.51%), “Fact Checking” (0.99%) and “Emerging evidence” (0.05%)."""
2-s2.0-85100218180#388,52,1,United States,Twitter/X,16 Jan - 15 Apr 2020,"LQMS share of all URL links shared in COVID-19 tweets (links; [n]M tweets/RTs/quotes, [n]M with URLs)",url,,2.7,SHARING,"all URL links shared in COVID-19-hashtag tweets/retweets/quotes (the ~7,275,642 URL-bearing items of 67,602,036 total)","links to TNS comprise over 20% of links in our dataset, while LQMS represent 2.7% and HQHS account for 1.8%",CORRECT,,,,,,"SHARING: 
- 0.83% contain low-quality/fake news about Covid-19
Share of: All tweets in their dataset
- 0.19%  contain low-quality/fake news about Covid-19
Share of: All retweets in their dataset
""Finally, low-quality/fake news sources (LQMS) account for 0.83% of original tweets and 0.19% of retweets."""
2-s2.0-85199110625#514,53,1,Italy,Facebook,2019-12 to 2020-08,"% Non-Trustworthy news in Diffusion - Facebook shares ([n],099/[n],742)",url,,8.48,SHARING,,"Reliable 330 1, 956, 941 121, 108, 643 1, 302, 008 6, 291, 579 ... Non-Trustworthy 81 155, 737 11, 225, 099 108, 703 2, 102, 646",CORRECT,,,,,shares,"Not their own data. 

CONTENT
= Supply -> Posts, Tweets from the news outlets + sources themselves 
- 19.7%. (sources)
- 7.37% (posts)
- 7.7% (tweets)

SHARING
= Diffusion -> Shares, Retweets from the posts and tweets 
- 8.48% (shares)
- 25.04% (retweets)

share of: sources, posts, tweets, shares and retweets of the whole dataset that are non-trustworthy 

see table 2

"
2-s2.0-85199110625#515,53,2,Italy,Twitter/X,2019-12 to 2020-08,"% Non-Trustworthy news in Diffusion - Twitter retweets ([n],646/[n],225)",url,,25.05,SHARING,,"Reliable 330 1, 956, 941 121, 108, 643 1, 302, 008 6, 291, 579 ... Non-Trustworthy 81 155, 737 11, 225, 099 108, 703 2, 102, 646",CANNOT FIND,,,,,I calculated all the shares and I never got the same result - maybe share of sources ,"Not their own data. 

CONTENT
= Supply -> Posts, Tweets from the news outlets + sources themselves 
- 19.7%. (sources)
- 7.37% (posts)
- 7.7% (tweets)

SHARING
= Diffusion -> Shares, Retweets from the posts and tweets 
- 8.48% (shares)
- 25.04% (retweets)

share of: sources, posts, tweets, shares and retweets of the whole dataset that are non-trustworthy 

see table 2

"
2-s2.0-85069463611#344,54,1,Brazil,WhatsApp,16 Aug - 7 Oct 2018,share of message-shares (incl. duplicates) that are fact-checked fake,item,,0.96,SHARING,"59,979 filtered textual messages (>180 chars), including duplicates/reposts, in 364 groups",This process led to the identification of 69 distinct textual messages containing previously checked misinformation. These messages were shared 578 times in our dataset.,CORRECT,,,,,,
2-s2.0-85066894147#336,55,1,United States,Twitter/X,Aug-Sep 2016 (after nominations),fraction of candidate-mentioning news-URL shares from fake-news publishers (after nominations),url,,30,SHARING,candidate-mentioning tweets containing an external news URL (daily uniformly-random sample; f = fake-URL shares / (fake + traditional URL shares)),"While the average fraction of fake news content is about 20% before the conventions, it lies at ≈ 30% after the nominations and reaches ≈ 40% right before the election.",CORRECT,,,,CONTENT,,
2-s2.0-85066894147#664,55,2,United States,Twitter/X,Jul-early Aug 2016 (before conventions),fraction of candidate-mentioning news-URL shares from fake-news publishers (before conventions),url,,20,SHARING,candidate-mentioning tweets containing an external news URL (daily uniformly-random sample; f = fake-URL shares / (fake + traditional URL shares)),"While the average fraction of fake news content is about 20% before the conventions, it lies at ≈ 30% after the nominations and reaches ≈ 40% right before the election.",CORRECT,,,,CONTENT,,
2-s2.0-85066894147#665,55,3,United States,Twitter/X,late Oct-early Nov 2016 (right before election),fraction of candidate-mentioning news-URL shares from fake-news publishers (right before election),url,,40,SHARING,candidate-mentioning tweets containing an external news URL (daily uniformly-random sample; f = fake-URL shares / (fake + traditional URL shares)),"While the average fraction of fake news content is about 20% before the conventions, it lies at ≈ 30% after the nominations and reaches ≈ 40% right before the election.",CORRECT,,,,CONTENT,,
2-s2.0-85066887935#335,56,1,Brazil,WhatsApp,21 Sep - 20 Oct 2018,% junk-news links among all classified links shared (content/links; 130 groups),url,,13.1,SHARING,"38,800 classified links shared in 130 public political WhatsApp groups (neutral: all shared links, not selected by misinfo)",junk news sources account for 13.1% of all links in our dataset (see Table 1).,CORRECT,,,,,,
2-s2.0-85091698994#341,57,1,Italy,Twitter/X,16 Nov - 16 Dec 2019,% of news-link tweets from disinformation sources; % of content items,url,,14.39,SHARING,"692,032 news-link tweets (99,569 disinfo + 592,463 mainstream), 16/11-16/12/2019","the amount of misleading and potentially harmful information is small yet not negligible compared to mainstream news, with approximately 15% of the total share of news in Italy and 10% in France.",CORRECT,,,,,,
2-s2.0-85091698994#342,57,2,France,Twitter/X,25 Nov - 25 Dec 2019,% of news-link tweets from disinformation sources; % of content items,url,,10.42,SHARING,"2,372,954 news-link tweets (247,173 disinfo + 2,125,781 mainstream), 25/11-25/12/2019","the amount of misleading and potentially harmful information is small yet not negligible compared to mainstream news, with approximately 15% of the total share of news in Italy and 10% in France.",CORRECT,,,,,,
2-s2.0-105029521599#215,58,1,United States,Facebook,2020-2021,% of posts linking to low-fact domains (observed sharing share); content-N + actor-N,item,,0.68,SHARING,"464,019 Facebook posts from 4,787 state legislators (2020-2021)",Percentage of Low-fact Posts in total: 0.68%,CORRECT,,,,,,
2-s2.0-85095575703#508,59,1,France,Facebook,2016-10/2017-05,% of shared content from unreliable sources (100-[n] reliable; SHARING),url,,13.94,SHARING,,"It appears that 86.06 % (114,679) of the content shared within our sample set has been shared from reliable sources (Table 2).",CORRECT,,,,,,
2-s2.0-85213958624#516,60,1,United States,Facebook,2020-07-01/2021-02-01,% of conversation cascades labeled misinformation (~[n] trees; SHARING),item,,0.94,SHARING,,"In total, N ∼ 114, 000 trees are labeled as misinformation. Note that only a very small number of fact-checked trees (N ∼ 2, 000) are labeled true. ... Likewise, the number of unlabeled trees is N ∼ 12 M, which means that we are likely underestimating the prevalence of misinformation on the platform (to the degree that it goes unnoticed by the 3PFC program).",CORRECT,,,,,12`000`000/114`000,
2-s2.0-105027856675#434,61,1,Germany,Twitter/X,2020-2021,share of politician news-link tweets that are misinfo (content-N tweets),item,,1.49,SHARING,68871 NewsGuard-matched politician news-link tweets (DE),"DE ... 68,871 ... 1027",CORRECT,,,,,,"two different results seem to answer the same question, but it is actually across country vs. within country rate (for each user)"
2-s2.0-105027856675#435,61,2,Italy,Twitter/X,2020-2021,share of politician news-link tweets that are misinfo (content-N tweets),item,,9.46,SHARING,62212 NewsGuard-matched politician news-link tweets (IT),"IT ... 62,212 ... 5888",CORRECT,,,,,,"two different results seem to answer the same question, but it is actually across country vs. within country rate (for each user)"
2-s2.0-105027856675#436,61,3,United Kingdom,Twitter/X,2020-2021,share of politician news-link tweets that are misinfo (content-N tweets),item,,0.33,SHARING,116354 NewsGuard-matched politician news-link tweets (UK),"UK ... 116,354 ... 380",CORRECT,,,,,,"two different results seem to answer the same question, but it is actually across country vs. within country rate (for each user)"
2-s2.0-105027856675#437,61,4,United States,Twitter/X,2020-2021,share of politician news-link tweets that are misinfo (content-N tweets),item,,2.30,SHARING,163910 NewsGuard-matched politician news-link tweets (US),"US ... 163,910 ... 3,767 ... Domains with a score below 60 are considered misinformation",CORRECT,,,,,,"two different results seem to answer the same question, but it is actually across country vs. within country rate (for each user)"
2-s2.0-105027856675#635,61,5,Italy,Twitter/X,2020-2021,country per-politician-mean misinfo-sharing rate (Italy),url,,4.9,SHARING,mean across Italy politicians of each politician's misinfo-share ratio,Italy exhibited the highest average share of misinformation (M = 0.049)... USA (M = 0.022)... Germany (M = 0.011)... UK (M = 0.004).,CORRECT,,,,,,"two different results seem to answer the same question, but it is actually across country vs. within country rate (for each user)"
2-s2.0-105027856675#636,61,6,United States,Twitter/X,2020-2021,country per-politician-mean misinfo-sharing rate (USA),url,,2.2,SHARING,mean across USA politicians of each politician's misinfo-share ratio,Italy exhibited the highest average share of misinformation (M = 0.049)... USA (M = 0.022)... Germany (M = 0.011)... UK (M = 0.004).,CORRECT,,,,,,"two different results seem to answer the same question, but it is actually across country vs. within country rate (for each user)"
2-s2.0-105027856675#637,61,7,Germany,Twitter/X,2020-2021,country per-politician-mean misinfo-sharing rate (Germany),url,,1.1,SHARING,mean across Germany politicians of each politician's misinfo-share ratio,Italy exhibited the highest average share of misinformation (M = 0.049)... USA (M = 0.022)... Germany (M = 0.011)... UK (M = 0.004).,CORRECT,,,,,,"two different results seem to answer the same question, but it is actually across country vs. within country rate (for each user)"
2-s2.0-105027856675#638,61,8,United Kingdom,Twitter/X,2020-2021,country per-politician-mean misinfo-sharing rate (UK),url,,0.4,SHARING,mean across UK politicians of each politician's misinfo-share ratio,Italy exhibited the highest average share of misinformation (M = 0.049)... USA (M = 0.022)... Germany (M = 0.011)... UK (M = 0.004).,CORRECT,,,,,,"two different results seem to answer the same question, but it is actually across country vs. within country rate (for each user)"
2-s2.0-85074596916#67,62,1,United States,Twitter/X,1-9 Nov 2016,"% of all categorized political-hashtag URLs shared that link to junk-news sources, 2016 election (SHARING; n=[n],760 categorized tweets/URLs, 710 sources)",url,,17.4,SHARING,"all 2,792,760 categorized URLs/tweets shared under 2016 election hashtags (all content buckets, incl. non-news)","Junk News and Information 486,446 17.4 [Table 2, US Presidential Election]",CORRECT,,,,,,
2-s2.0-85074596916#68,62,2,United States,Twitter/X,24-30 Jan 2018,"% of all categorized political-hashtag URLs shared that link to junk-news sources, 2018 SOTU (SHARING; n=[n] categorized tweets/URLs)",url,,18.1,SHARING,"all 116,380 categorized URLs/tweets shared under 2018 SOTU hashtags (all content buckets)","Junk News and Information ... 21,071 ... 18.1 [Table 2, State of the Union]",CORRECT,,,,,,
W4205602257#143,63,1,United States,Twitter/X,Jan-Sep 2020,"share of shared COVID-19 URLs from fake-news domains, black+red (content-N = [n],989 tweets-with-URL; [n]M-voter panel, [n] COVID-tweeters)",url,,1.1,SHARING,"7,062,989 COVID-19 tweets containing at least one URL (panel of 1.6M registered voters)",URLs from domains that publish fake news only comprise 1.1% of the URLs from COVID-19 tweets,CORRECT,,,,,,
W4205602257#144,63,2,United States,Twitter/X,Jan-Sep 2020,"share of shared COVID-19 URLs from fake-news domains, incl. orange tier (content-N = [n],989 tweets-with-URL)",url,,1.8,SHARING,"7,062,989 COVID-19 tweets containing at least one URL","if we include web domains rated as orange in our fake news classification system, the percentage of shared fake news URLs increases to 1.8%",CORRECT,,,,,,
2-s2.0-85194880315#172,64,1,Russia,multi_platform,Apr-May 2023,recall-exposure (self-report); n=participants,person,,51,RECALL,"1000 surveyed residents, Republic of Mordovia (quota sample)","Каждый второй (51 %) сталкивался с ними не менее нескольких раз в месяц, в том числе 15 % – практически ежедневно",CORRECT,,,,,,3/10 and 2/10
2-s2.0-85194880315#173,64,2,Russia,multi_platform,Apr-May 2023,recall-sharing (self-report); n=participants,person,,23,RECALL,"1000 surveyed residents, Republic of Mordovia (quota sample)","каждый третий опрошенный (32 %) за последний год верил фейкам, а ещё четверть (23 %) делились подобного рода информацией",CORRECT,,,,,,3/10 and 2/10
OA-W4407797130#308,65,1,Serbia,survey,June 2023,recall-exposure: % self-reported having heard the narrative,person,,77.4,RECALL,"800 national-sample respondents (Serbia, aged 18-74, online, quota by sex/age/region, MoE ±3.5%)",Narrative N6 that states that COVID-19 pandemic was artificially caused by the West is the highest reaching narrative,CORRECT,,,,,,"RECALL:
N1: 44.8%
N3: 48.1%
N6: 85.1%

Share of: survey respondents who heard of the narrative

From Figure 1


The 7 narratives: N1 Russian economic assistance to Serbia is larger than the support from the
EU.
N2 The Pentagon (USA) has admitted to have 46 biolaboratories in Ukraine.
N3 Western countries are removing cultural artefacts related to Russia.
N4 George Soros and other rich people from the West are controlling the
world’s economy and politics.
N5 The word Serb (Srbin) has Sanskrit origin which shows that Serbs are one
of the oldest nations.
N6 COVID-19 pandemic was artificially caused by the West.
N7 United Nations call for the decriminalization of paedophilia and promotes
gay and lesbian culture."
OA-W4407797130#309,65,2,Serbia,survey,June 2023,recall-exposure: % self-reported having heard the narrative,person,,37.1,RECALL,800 national-sample respondents (Serbia),even the least heard narrative (N2) still reaching a third of the survey population,CORRECT,,,,,,"RECALL:
N1: 44.8%
N3: 48.1%
N6: 85.1%

Share of: survey respondents who heard of the narrative

From Figure 1


The 7 narratives: N1 Russian economic assistance to Serbia is larger than the support from the
EU.
N2 The Pentagon (USA) has admitted to have 46 biolaboratories in Ukraine.
N3 Western countries are removing cultural artefacts related to Russia.
N4 George Soros and other rich people from the West are controlling the
world’s economy and politics.
N5 The word Serb (Srbin) has Sanskrit origin which shows that Serbs are one
of the oldest nations.
N6 COVID-19 pandemic was artificially caused by the West.
N7 United Nations call for the decriminalization of paedophilia and promotes
gay and lesbian culture."
OA-W4407797130#659,65,3,Serbia,survey,June 2023,recall-exposure: % heard narrative N3 (Western removing Russian artefacts),person,,63.4,RECALL,"800 national-sample respondents (Serbia, aged 18-74, online, quota by sex/age/region, MoE ±3.5%)",Narrative N6 that states that COVID-19 pandemic was artificially caused by the West is the highest reaching narrative,CORRECT,,,,,,"RECALL:
N1: 44.8%
N3: 48.1%
N6: 85.1%

Share of: survey respondents who heard of the narrative

From Figure 1


The 7 narratives: N1 Russian economic assistance to Serbia is larger than the support from the
EU.
N2 The Pentagon (USA) has admitted to have 46 biolaboratories in Ukraine.
N3 Western countries are removing cultural artefacts related to Russia.
N4 George Soros and other rich people from the West are controlling the
world’s economy and politics.
N5 The word Serb (Srbin) has Sanskrit origin which shows that Serbs are one
of the oldest nations.
N6 COVID-19 pandemic was artificially caused by the West.
N7 United Nations call for the decriminalization of paedophilia and promotes
gay and lesbian culture."
OA-W4407797130#660,65,4,Serbia,survey,June 2023,recall-exposure: % heard narrative N5 (Sanskrit origin of 'Serb'),person,,50.1,RECALL,"800 national-sample respondents (Serbia, aged 18-74, online, quota by sex/age/region, MoE ±3.5%)",Narrative N6 that states that COVID-19 pandemic was artificially caused by the West is the highest reaching narrative,CORRECT,,,,,,"RECALL:
N1: 44.8%
N3: 48.1%
N6: 85.1%

Share of: survey respondents who heard of the narrative

From Figure 1


The 7 narratives: N1 Russian economic assistance to Serbia is larger than the support from the
EU.
N2 The Pentagon (USA) has admitted to have 46 biolaboratories in Ukraine.
N3 Western countries are removing cultural artefacts related to Russia.
N4 George Soros and other rich people from the West are controlling the
world’s economy and politics.
N5 The word Serb (Srbin) has Sanskrit origin which shows that Serbs are one
of the oldest nations.
N6 COVID-19 pandemic was artificially caused by the West.
N7 United Nations call for the decriminalization of paedophilia and promotes
gay and lesbian culture."
2-s2.0-85085573221#153,66,1,India,survey,24 Mar - 10 Apr 2020,recall-exposure: recall_received_misinfo (# participants),person,,68.2,RECALL,758 healthcare-professional survey participants,A total of 517 (68.2%) participants accepted receiving misinformation.,CORRECT,,,,,,
NEW-moreno-jmirderma#627,67,1,United States,Facebook,2017,self-reported recall of seeing tanning-Vitamin-D misinfo posts (at-risk sample),person,,43,RECALL,46 interviewed White non-Hispanic women aged 16-23 who had recently tanned indoors,"Approximately half (20/46, 43%) of participants reported seeing social media posts from tanning salons about Vitamin D",CORRECT,,,,,,"CONTENT: 
1.3+0.6+0.6+0.5+0.06+0.14+0.8+0.14=4.14%
share of: facebook posts from tanning salons containing one of 8 misinformation narratives"
2-s2.0-85181200454#476,68,1,Multi-country,other,Jan-Feb 2021 (last-week recall),"recall-exposure: perceived (self-report saw false/misleading info, last week) [% of respondents]",person,,53.9,RECALL,"online news users across 46 countries (DNR 2021, representative of online populations)",Affirmative answers were summed to create binary measures that measured PME to information related to the COVID (Yes = 53.9%; Norway = 29.8% to Columbia = 72.3%),CORRECT,,,,,,"RECALL: 
- 29.8% 
share of survey respondents from Norway having heard of misinformation related to Covid
- 72.3%
share of survey respondents from Columbia having heard misinformation related to Covid
- 19.9%
share of survey respondents from Denmark having heard misinformation related to politics
- 63.4%
share of survey respondents from Denmark having heard misinformation related to politics

Affirmative answers were summed to create binary measures that measured PME to information related to the COVID (Yes = 53.9%; Norway = 29.8% to Columbia = 72.3%) and politics (Yes = 43.1%; Denmark = 19.9% to Kenya = 63.4%)."
2-s2.0-85181200454#477,68,2,Multi-country,other,Jan-Feb 2021 (last-week recall),"recall-exposure: perceived (self-report saw false/misleading info, last week) [% of respondents]",person,,43.1,RECALL,"online news users across 46 countries (DNR 2021, representative of online populations)",and politics (Yes = 43.1%; Denmark = 19.9% to Kenya = 63.4%),CORRECT,,,,,,"RECALL: 
- 29.8% 
share of survey respondents from Norway having heard of misinformation related to Covid
- 72.3%
share of survey respondents from Columbia having heard misinformation related to Covid
- 19.9%
share of survey respondents from Denmark having heard misinformation related to politics
- 63.4%
share of survey respondents from Denmark having heard misinformation related to politics

Affirmative answers were summed to create binary measures that measured PME to information related to the COVID (Yes = 53.9%; Norway = 29.8% to Columbia = 72.3%) and politics (Yes = 43.1%; Denmark = 19.9% to Kenya = 63.4%)."
2-s2.0-85122105134#404,69,1,Costa Rica,multi_platform,13-19 May 2019,% who self-report having shared news they considered false on social media (n=participants),person,,19,RECALL,805 Costa Rican mobile-phone-owning adults (representative random-stratified national sample),"En el caso de redes sociales, 81% afirmo no haberlo hecho y 19%, si.",CORRECT,,,,,redes sociales ,
2-s2.0-85122105134#405,69,2,Costa Rica,WhatsApp,13-19 May 2019,% who self-report having shared news they considered false via WhatsApp (n=participants),person,,18,RECALL,805 Costa Rican mobile-phone-owning adults (representative random-stratified national sample),El numero es casi identico en el caso de WhatsApp: 18% compartio noticias falsas y 82% afirmo que no.,CORRECT,,,,,Whatsapp,
NEW-vanantwerpen-esm#497,70,1,Australia,multi_platform,1-5 May 2025 (5-day window around election),"RECALL-exposure: % of participants who self-reported seeing >=1 election misinfo over the 5-day ESM period (reach-style, self-report)",person,,50.41,RECALL,"123 ESM participants (convenience sample, Australian residents, left-leaning)","within our sample, 50.41% of participants (n = 62) reported seeing election-related misinformation during the 5-days surrounding the election.",CORRECT,,,,,,
NEW-vanantwerpen-esm#498,70,2,Australia,other,1-5 May 2025 (5-day window around election),RECALL-exposure intensity: % of completed ESM surveys in which participant reported seeing misinfo since last survey (% of time/moments),exposure,,17.72,RECALL,"completed ESM surveys (momentary observations, 2,278 total)","On average, participants reported 2.37 instances of misinformation across the ESM period, and in 17.72% of surveys answered.",CORRECT,,,,,,
2-s2.0-85199446608#265,71,1,United States,web_cross_platform,2021-10-03 to 2022-03-06 (23 weeks),recalled exposure - ever heard claim (% of panelists answering; participant-N=173),person,,80.35,RECALL,173 panelists ever answering the natural-immunity item,139 (80.35%) ... Natural immunity—People who have had COVID don't need to get vaccinated ... (n = 173),CORRECT,,,,,,
2-s2.0-85199446608#266,71,2,United States,web_cross_platform,2021-10-24 to 2022-02-20 (18 weeks),recalled exposure - ever heard claim (% of panelists answering; participant-N=163),person,,58.90,RECALL,163 panelists ever answering the vaccine-doesn't-last item,96 (58.90%) ... Vaccine doesn't last ... (n = 163),CORRECT,,,,,,
2-s2.0-85199446608#267,71,3,United States,web_cross_platform,2021-11-21 to 2022-01-23 (10 weeks),recalled exposure - ever heard claim (% of panelists answering; participant-N=134),person,,47.01,RECALL,134 panelists ever answering the vaccine-doesn't-work item,63 (47.01%) ... Vaccine doesn't work—Booster shots were made because the vaccines don't work. (n = 134),CORRECT,,,,,,
2-s2.0-85199446608#268,71,4,United States,web_cross_platform,2021-12-05 to 2022-02-06 (10 weeks),recalled exposure - ever heard claim (% of panelists answering; participant-N=150),person,,53.33,RECALL,150 panelists ever answering the Omicron item,80 (53.33%) ... Omicron—COVID-19 vaccines will not protect against the new Omicron variant ... (n = 150),CORRECT,,,,,,
2-s2.0-85199446608#269,71,5,United States,web_cross_platform,2022-06-26 to 2022-08-28 (10 weeks),recalled exposure - ever heard claim (% of panelists answering; participant-N=197),person,,29.95,RECALL,197 panelists ever answering the kids-at-low-risk item,59 (29.95%) ... Kids at low risk—Kids under 5 years are at low risk of COVID-19 and do not need the vaccine. (n = 197),CORRECT,,,,,,
2-s2.0-85128118104#83,72,1,China,survey,May 2017,recall-exposure: % respondents heard at least one of 8 false food rumors,person,,83.6,RECALL,3090 surveyed adults in Beijing and Hefei,"Among the respondents, 83.6% (2584/3090) heard at least one food rumor.",CORRECT,,,,,,
OA-W3206858890#310,73,1,Brazil,WhatsApp,2019,recall-exposure: % who self-report having received fake health news (n=[n] respondents),person,,89.4,RECALL,"1,195 Brazilian survey respondents (>18y, online questionnaire)","Most of the respondents, 1,069 (89.4%), received some fake news about health.",CORRECT,,,,,,
2-s2.0-85169326292#23,74,1,United States,multi_platform,May-Jun 2022,recall-sharing: % of survey respondents who self-report knowingly sharing false political info (participant-N),person,,14,RECALL,"2,001 US adults (demographically representative, Qualtrics/Cint/Dynata), surveyed May 26-June 30 2022",we found that 14 percent of respondents reported knowingly sharing misinformation,CORRECT,,,,,,
2-s2.0-85055756722#331,75,1,United Kingdom,Twitter/X,May-Jun 2017,RECALL-sharing: self-report willfully shared made-up news; n=1313 respondents,person,,8.9,RECALL,survey respondents (N=1313 UK Twitter users who shared political news in 2017 campaign),You thought was made up when you shared it ... 108 / 8.9,CORRECT,,,,,,"RECALL: 
- 67.7%
share of: survey respondents saying they shared problematic news during the 2017 UK general election.
""During the 2017 UK general election campaign, two-thirds (67.7%) of
our respondents admitted to sharing problematic news on social media, which shows that this phenomenon is widespread but also that people are at least prepared to acknowledge their responsibility when asked in a survey."""
2-s2.0-85055756722#332,75,2,United Kingdom,Twitter/X,May-Jun 2017,RECALL-sharing: self-report shared news later found made-up (unintentional); n=1313 respondents,person,,29.9,RECALL,survey respondents (N=1313),"Seemed accurate at the time, but you later found was made up ... 362 / 29.9",CORRECT,,,,,,"RECALL: 
- 67.7%
share of: survey respondents saying they shared problematic news during the 2017 UK general election.
""During the 2017 UK general election campaign, two-thirds (67.7%) of
our respondents admitted to sharing problematic news on social media, which shows that this phenomenon is widespread but also that people are at least prepared to acknowledge their responsibility when asked in a survey."""
2-s2.0-85055756722#333,75,3,United Kingdom,Twitter/X,May-Jun 2017,RECALL-sharing: self-report shared exaggerated news (aware); n=1313 respondents,person,,17.1,RECALL,survey respondents (N=1313),"Was exaggerated, and you were aware of this ... 207 / 17.1",CORRECT,,,,,is exaggerated news enough to be part of teh broader definition of misinformation?,"RECALL: 
- 67.7%
share of: survey respondents saying they shared problematic news during the 2017 UK general election.
""During the 2017 UK general election campaign, two-thirds (67.7%) of
our respondents admitted to sharing problematic news on social media, which shows that this phenomenon is widespread but also that people are at least prepared to acknowledge their responsibility when asked in a survey."""
2-s2.0-85096102360#27,76,1,South Korea,other,Apr 2020,"recall-exposure: % self-report exposed to >=1 WHO misinfo item in preceding 3 months (survey, n participants)",person,,67.78,RECALL,"1049 South Korean adults (Seoul Metropolitan area, weighted to 2018 census)",exposure to at least one COVID-19 misinformation item in the preceding three months was reported by 67.78% (n=711) of the respondents.,CORRECT,,,,,,"RECALL: 
RECALL
- 49.76% ""Masks can be sterilized and reused after steaming with hot water""
- 48.14%. ""Masks can be reused after spraying alcohol on its surface""
- 30.78% ""Drinking tea can prevent infection""
- 23.55% ""Gargling can disinfect the respiratory tract to prevent infection""
- 21.88% ""Coronavirus is artificially developed""
- 15.30% ""Basking in the sun can prevent infection""
- 15.29%  ""Gargling with salt can prevent infection""
- 14.34% ""Taking antibiotics can prevent or treat infection""
- 12.60% ""Flip the sides of a used mask to reuse it""
- 9.88% ""Drinking alcohol/smoking can prevent infection""
- 4.46% ""Only older adults can be infected""
- 1.99% ""A vaccine is available now""
Share of: Survey participants having heard of this specific misinformation item. 
"
2-s2.0-85172813494#363,77,1,Spain,survey,narrative window 14 Feb-7 Mar 2022; survey Mar 2022,"recall-exposure: % respondents who had heard the narrative (self-reported reach, per narrative)",person,,29,RECALL,1003 survey respondents (Spanish residents 18-74),"Just one of the narratives shows limited reach (N1-Covid&WHO), being heard by 29% of respondents.",CORRECT,,,,,"N1: Poland, Sweden and Norway have filed a lawsuit against the World Health Organization accusing it of infecting Europe","- 70.58% (N2: Russia is surrounded by hundreds of NATO bases, of neighbouring countries just China and Mongolia have none.)
- 63.8% (N3: Young immigrants can collect 450 rental assistance, 250 social bonus plus 200 for being immigrants. If they are “MENAS”, up to a supplement of 1,125 euros)
- 70.68% (N4: The labour law reform has been approved by a vote cast in error. As it is an error, it can be corrected and if the president of parliament does not respond to these requests, the government party is committing an illegality.). 
"
2-s2.0-85172813494#364,77,2,Spain,survey,narrative window 14 Feb-7 Mar 2022; survey Mar 2022,recall-exposure: % respondents who had heard the narrative,person,,60,RECALL,1003 survey respondents,"Other two narratives (N3-MENAS and N5-CovidVaccines), related to immigration and covid-related disinformation, were spread among 60%.",CORRECT,,,,,N5: The mRNA-based covid vaccines are scientific trials of unproven effectiveness and with side effects not yet detected,"- 70.58% (N2: Russia is surrounded by hundreds of NATO bases, of neighbouring countries just China and Mongolia have none.)
- 63.8% (N3: Young immigrants can collect 450 rental assistance, 250 social bonus plus 200 for being immigrants. If they are “MENAS”, up to a supplement of 1,125 euros)
- 70.68% (N4: The labour law reform has been approved by a vote cast in error. As it is an error, it can be corrected and if the president of parliament does not respond to these requests, the government party is committing an illegality.). 
"
2-s2.0-85172813494#365,77,3,Spain,survey,narrative window 14 Feb-7 Mar 2022; survey Mar 2022,recall-exposure: % respondents who had heard the narrative,person,,73,RECALL,1003 survey respondents,"all other narratives show levels of reach between 60-70%, being just N6 close to 73%",CORRECT,,,,,N6: The Spanish language is not taught in schools in Catalonia. It is common for children to finish school with a much lower level of knowledge than in the rest of Spain,"- 70.58% (N2: Russia is surrounded by hundreds of NATO bases, of neighbouring countries just China and Mongolia have none.)
- 63.8% (N3: Young immigrants can collect 450 rental assistance, 250 social bonus plus 200 for being immigrants. If they are “MENAS”, up to a supplement of 1,125 euros)
- 70.68% (N4: The labour law reform has been approved by a vote cast in error. As it is an error, it can be corrected and if the president of parliament does not respond to these requests, the government party is committing an illegality.). 
"
2-s2.0-85072114698#264,78,1,Nigeria,survey,2014 outbreak (recalled in 2017-2018 survey),recalled exposure to a specific false claim (% of respondents; participant-N=703),person,,95.02,RECALL,"703 Nigerian survey respondents (online convenience sample, 97.3% tertiary-educated)",Almost all of them reported having received some information to use salt water for protection against Ebola during the period of the outbreak (95.02%),CORRECT,,,,,,
2-s2.0-85124307830#45,79,1,Multi-country,Facebook,Jun-Jul 2020 (last-month recall),recall-exposure: % self-reporting saw/heard 'Drugs' COVID rumor (highest); n=[n] respondents,person,,84.2,RECALL,"18,407 weighted survey respondents across 40 countries","Drugs and Weather are the two most popular claims, with an average of 84.2% and 77.1% of participants encountering these rumors, respectively",CORRECT,,,,,,"RECALL
- 34.9% (Vinegar as a preventive measure) 
- 54.7% (Water as a preventive measure)
share of: survey respondents having heard these specific claims

""A smaller portion of respondents were exposed to do-it-yourself (DIY) rumors on preventive measures with Sunbath seen by54.7%, Water by 44.3%, Vinegar by 34.9%, and Dryer by 27.4% of the respondents."""
2-s2.0-85124307830#46,79,2,Multi-country,Facebook,Jun-Jul 2020 (last-month recall),recall-exposure: % self-reporting saw/heard 'Weather' COVID rumor; n=[n] respondents,person,,77.1,RECALL,"18,407 weighted survey respondents across 40 countries","Drugs and Weather are the two most popular claims, with an average of 84.2% and 77.1% of participants encountering these rumors",CORRECT,,,,,,"RECALL
- 34.9% (Vinegar as a preventive measure) 
- 54.7% (Water as a preventive measure)
share of: survey respondents having heard these specific claims

""A smaller portion of respondents were exposed to do-it-yourself (DIY) rumors on preventive measures with Sunbath seen by54.7%, Water by 44.3%, Vinegar by 34.9%, and Dryer by 27.4% of the respondents."""
2-s2.0-85124307830#47,79,3,Multi-country,Facebook,Jun-Jul 2020 (last-month recall),recall-exposure: % self-reporting saw/heard 'Tracking' (vaccine microchip) rumor; n=[n],person,,60.7,RECALL,"18,407 weighted survey respondents across 40 countries","Vaccination-related claims show moderate-to-high exposure with Tracking being seen by 60.7%, Population by 57.6% and Pharma by 55.7% of the respondents",CORRECT,,,,,,"RECALL
- 34.9% (Vinegar as a preventive measure) 
- 54.7% (Water as a preventive measure)
share of: survey respondents having heard these specific claims

""A smaller portion of respondents were exposed to do-it-yourself (DIY) rumors on preventive measures with Sunbath seen by54.7%, Water by 44.3%, Vinegar by 34.9%, and Dryer by 27.4% of the respondents."""
2-s2.0-85124307830#48,79,4,Multi-country,Facebook,Jun-Jul 2020 (last-month recall),recall-exposure: % self-reporting saw/heard 'Population' (vaccine population-control) rumor; n=[n],person,,57.6,RECALL,"18,407 weighted survey respondents across 40 countries","Tracking being seen by 60.7%, Population by 57.6% and Pharma by 55.7% of the respondents",CORRECT,,,,,,"RECALL
- 34.9% (Vinegar as a preventive measure) 
- 54.7% (Water as a preventive measure)
share of: survey respondents having heard these specific claims

""A smaller portion of respondents were exposed to do-it-yourself (DIY) rumors on preventive measures with Sunbath seen by54.7%, Water by 44.3%, Vinegar by 34.9%, and Dryer by 27.4% of the respondents."""
2-s2.0-85124307830#49,79,5,Multi-country,Facebook,Jun-Jul 2020 (last-month recall),recall-exposure: % self-reporting saw/heard 'Pharma' (vaccine profiteering) rumor; n=[n],person,,55.7,RECALL,"18,407 weighted survey respondents across 40 countries","Tracking being seen by 60.7%, Population by 57.6% and Pharma by 55.7% of the respondents",CORRECT,,,,,,"RECALL
- 34.9% (Vinegar as a preventive measure) 
- 54.7% (Water as a preventive measure)
share of: survey respondents having heard these specific claims

""A smaller portion of respondents were exposed to do-it-yourself (DIY) rumors on preventive measures with Sunbath seen by54.7%, Water by 44.3%, Vinegar by 34.9%, and Dryer by 27.4% of the respondents."""
2-s2.0-85124307830#50,79,6,Multi-country,Facebook,Jun-Jul 2020 (last-month recall),recall-exposure: % self-reporting saw/heard 'Dryer' DIY rumor (lowest claim); n=[n],person,,27.4,RECALL,"18,407 weighted survey respondents across 40 countries","Sunbath seen by 54.7%, Water by 44.3%, Vinegar by 34.9%, and Dryer by 27.4% of the respondents",CORRECT,,,,,,"RECALL
- 34.9% (Vinegar as a preventive measure) 
- 54.7% (Water as a preventive measure)
share of: survey respondents having heard these specific claims

""A smaller portion of respondents were exposed to do-it-yourself (DIY) rumors on preventive measures with Sunbath seen by54.7%, Water by 44.3%, Vinegar by 34.9%, and Dryer by 27.4% of the respondents."""
2-s2.0-84929523850#79,80,1,United Kingdom,multi_platform,20-24 Nov 2020,recall-exposure: self-report saw/heard anti-vaccine messages (% of people),person,,34.0,RECALL,UK residents aged 16-75 surveyed,1 in 3 people (34%) ... say they've seen or heard messages discouraging the public from getting a coronavirus vaccine,CORRECT,,,,,,
2-s2.0-84929523850#80,80,2,United Kingdom,multi_platform,20-24 Nov 2020,recall-exposure: self-report saw anti-vaccine messages on social media (% of people),person,,26.0,RECALL,UK residents aged 16-75 surveyed,A quarter of the population (26%) say they've seen or heard Covid anti-vax messages on social media,CORRECT,,,,,,
2-s2.0-85143274147#25,81,1,Morocco,multi_platform,8 Mar - 9 May 2021,"recall-exposure: % self-report encountered >=1 misinformation (survey, n participants)",person,,91.2,RECALL,295 Moroccan university students,The majority of respondents 269/295 (91.2%) claimed to have come across misinformation during the pandemic.,CORRECT,,,,,,"RECALL: 
- 24.2%
- 17.2% 
- 16.6%
share of: s ruvey respondents having heard this specific misinformation item
""The most frequent subjects of misinformation had to do with confinement and curfews (24.2%), the politics around the pandemic (17.2%) and the Covid-19 vaccine (16.6%)."""
2-s2.0-85143274147#26,81,2,Morocco,multi_platform,8 Mar - 9 May 2021,"recall-sharing: % self-report transmitted misinformation >=1 (survey, n participants)",person,,36.3,RECALL,295 Moroccan university students,"the majority of respondents (63.7%) reported having never transmitting misinformation. In other words, some 36.3% of respondents were involved in transmitting misinformation at some point during the pandemic.",CORRECT,,,,,recall sharing misinformation,"RECALL: 
- 24.2%
- 17.2% 
- 16.6%
share of: s ruvey respondents having heard this specific misinformation item
""The most frequent subjects of misinformation had to do with confinement and curfews (24.2%), the politics around the pandemic (17.2%) and the Covid-19 vaccine (16.6%)."""
2-s2.0-85117399204#208,82,1,United States,web_cross_platform,3-14 June 2021 (past-6-month recall window),"recall-exposure: self-reported exposure to >=1 of 8 vaccine-misinfo themes, past 6 months (n=600 respondents)",person,,73,RECALL,600 surveyed Florida adults (stratified quota web panel),"High levels of misinformation exposure were observed among participants, with 73% reporting some exposure to misinformation about COVID-19 vaccines in the past 6 months",CORRECT,,,,,,
NEW-jadara-2022#628,83,1,Levant,multi_platform,2020,self-reported exposure: % who read Covid-19 info that turned out to be untrue,person,,81.6,RECALL,"6,910 valid survey respondents (of 7,553 submitted)","Furthermore, according to the poll, 81.6 percent of respondents had read Covid-19-related material that turned out to be untrue.",CORRECT,,,,,,
2-s2.0-105018276467#187,84,1,Vietnam,multi_platform,Sep-Oct 2021,recall-exposure: % self-reporting >=occasional exposure to fake news (# participants),person,,68.8,RECALL,"1850 Vietnamese adolescent/young-adult survey respondents (snowball, 3 cities)","Overall, 68.8% reported at least occasional exposure to fake news on social networking sites",CORRECT,,,,,,
2-s2.0-105018276467#188,84,2,Vietnam,multi_platform,Sep-Oct 2021,recall-sharing: % self-reporting >=occasional joining-in to share fake news (# participants),person,,7.1,RECALL,1850 Vietnamese adolescent/young-adult survey respondents,only a small proportion actively intervened to prevent its spread (16.2%) or report to share it (7.1%),CORRECT,,,,,,
2-s2.0-85124823821#166,85,1,Nigeria,multi_platform,Jun 2020,"recall-exposure: % who received misinformation (self-report survey, n=1127)",person,,93.10,RECALL,1127 survey respondents,"Overall, 93.1% (1049/1127) received misinformation about the pandemic through social media",CORRECT,,,,,,"RECALL (shared misinformation) 
- 12.3% 
""In comparison, 12.3% (130/1061) shared the information with their social contacts without verification."""
2-s2.0-105008525623#426,86,1,Spain,survey,March 2023,self-reported prior exposure to narrative (recall-exposure); % of respondents,person,,29,RECALL,1003 Spanish residents aged 18-74,"la mayor parte de narrativas presenta porcentajes de exposicion de mas del 60% de los encuestados, con la unica excepcion de la N1 que llega solo al 29%",CORRECT,,,,,,
2-s2.0-105008525623#427,86,2,Spain,survey,March 2023,self-reported prior exposure to narrative (recall-exposure); % of respondents,person,,71,RECALL,1003 Spanish residents aged 18-74,Tabla 2 ... 2 OTAN 71% (Exposicion a narrativa),CORRECT,,,,,,
2-s2.0-105008525623#428,86,3,Spain,survey,March 2023,self-reported prior exposure to narrative (recall-exposure); % of respondents,person,,64,RECALL,1003 Spanish residents aged 18-74,Tabla 2 ... 3 Inmigracion 64% (Exposicion a narrativa),CORRECT,,,,,,
2-s2.0-105008525623#429,86,4,Spain,survey,March 2023,self-reported prior exposure to narrative (recall-exposure); % of respondents,person,,60.9,RECALL,1003 Spanish residents aged 18-74,"Tabla 2 ... 5 Vacunas 60,9% (Exposicion a narrativa)",CORRECT,,,,,,
2-s2.0-105008525623#430,86,5,Spain,survey,March 2023,self-reported prior exposure to narrative (recall-exposure); % of respondents,person,,73.7,RECALL,1003 Spanish residents aged 18-74,"Tabla 2 ... 6 Catalan en las escuelas 73,7% (Exposicion a narrativa)",CORRECT,,,,,,
2-s2.0-85086031086#36,87,1,Brazil,Facebook,21 May-3 Jul 2019,recall-sharing: % self-reporting accidental misinfo sharing in past month (survey; N=1615),person,,25.94,RECALL,survey respondents (valid; N=1615 WhatsApp users),Accidental Sharing on Facebook / Yes 25.94 %,CORRECT,,,,,,
2-s2.0-85086031086#37,87,2,Brazil,WhatsApp,21 May-3 Jul 2019,recall-sharing: % self-reporting accidental misinfo sharing in past month (survey; N=1615),person,,28.67,RECALL,survey respondents (valid; N=1615 WhatsApp users),Accidental Sharing on WhatsApp / Yes 28.67%,CORRECT,,,,,,
2-s2.0-85086031086#38,87,3,Brazil,Facebook,21 May-3 Jul 2019,recall-sharing: % self-reporting purposeful misinfo sharing in past month (survey; N=1615),person,,13.19,RECALL,survey respondents (valid; N=1615 WhatsApp users),Purposeful Sharing on Facebook / Yes 13.19%,CORRECT,,,,,,
2-s2.0-85086031086#39,87,4,Brazil,WhatsApp,21 May-3 Jul 2019,recall-sharing: % self-reporting purposeful misinfo sharing in past month (survey; N=1615),person,,14.36,RECALL,survey respondents (valid; N=1615 WhatsApp users),Purposeful Sharing on WhatsApp / Yes 14.36%,CORRECT,,,,,,
2-s2.0-85118260096#61,88,1,Hong Kong,multi_platform,9-23 April 2020,recall-exposure: survey self-report of having seen a specific false claim (population phone survey),person,,19.0,RECALL,"1501 randomly-sampled adults (population-based landline+mobile phone survey, weighted)","Of the 1501 respondents, 282 (19.0%; 95% CI 16.8% to 21.4%) reported having seen claims that 'smoking/alcohol drinking can protect against COVID-19' from social networking sites.",CORRECT,,,,,,
2-s2.0-85118260096#62,88,2,Hong Kong,multi_platform,9-23 April 2020,recall-exposure: survey self-report of having seen a specific false claim (sensitivity/parallel item),person,,17.0,RECALL,1501 randomly-sampled adults,exposure to claims that 'drinking tea can protect against COVID-19' (17.0%; 242 of 1501),CORRECT,,,,,,
2-s2.0-85136545530#673,89,1,United Kingdom,multi_platform,5-16 July 2018,recall-sharing: % of UK social media users who in the past month shared exaggerated or false news without correcting it (amplification),person,,9.9,RECALL,"2,005 UK social media users (Opinium online panel, quotas for age, gender, region; users of at least one of Facebook, Twitter, Instagram, WhatsApp)",a third (33.8%) of UK social media users who shared news in the past month amplified exaggerated or false news (RQ1). This amounts to a tenth (9.9%) of all UK social media users,CORRECT,,,,,,"RECALL
- 33.8
share of: UK social meia users who shared news"
