batch,oaid,year,title,abstract_stage,ruling,construct,value_pct,denominator,evidence,reason,notes
1,W4407875472,2025,The Spread of Information Disorder on Facebook and its Impact on Sociocultural Sustainability,ELIGIBLE,EXCLUDE,,,,"Table 2 'Mechanisms for the spread of information disorder': Sharing 13 (26%), Amplification 12 (24%), Influential user pages 10 (20%), algorithmic recommendations 8 (16%), echo chambers 5 (10%), filter bubbles 2 (4%), TOTAL 50 (100%)",no qualifying share: the only quantitative result is a 100%-summing breakdown of which spreading MECHANISM each of the 50 informants named; no share of respondents who encountered information disorder is reported (denominator-sets-construct rule gives a share of mechanisms not of exposed people),REVERSAL of abstract ELIGIBLE. Full text shows the questionnaire arm covered only 25 of the 50 informants (25 did interviews) and its only tabulated output is the mechanism breakdown. Exposure findings are reported purely qualitatively ('many young adults frequently encounter Facebook pages rife with misinformation'; 'information disorder is pervasive') with no number. Table 1 is demographics only.
1,W4409319996,2025,The Quality of Dermatology Match Information on Social Media Platforms: Cross-Sectional Analysis,ELIGIBLE,INCLUDE,CONTENT,38.0,21 sources discussing away rotations (of 34 total sources),"'Twenty-one articles covered the topic of away rotations, of which 19 (90.5%) recommended doing an away rotation... whereas 8 (38.0%) articles said to complete as many away rotations as possible, in contrast to the official APD letter which recommends completing no more than 2 away rotations'",advice that CONTRADICTS a published standard is accuracy and counts (coverage-is-not-accuracy rule read in the positive direction),"No whole-corpus (n=34) inaccuracy share is reported; every share has a topic-conditional denominator. Other shares: 10/15 (66.7%) of sources on grades stressed AOA status vs 39.7% of matched residents actually AOA (comparison to a base rate, not a truth judgement per se); 16/22 (72.7%) recommended a research year vs 6/22 (27.3%) against (disagreement, no standard contradicted); 3/6 vs 3/6 on broad vs focused interests. HUMAN CHECK: abstract says 15 Reddit posts, manuscript says 14 (34 = 10 TikTok + 14 Reddit + 10 SDN); '11 of these (52.3%)' should be 52.4%; several denominators below 20. Table 1 is a means comparison (Step scores, publication counts), not a share."
1,W4414192883,2025,"Digital Natives, Critical Strangers: The Challenge of Student Critical Literacy in Indonesia's Post-Truth Era",ELIGIBLE,INCLUDE,RECALL,75.0,8 interviewed students,"'Sebagian besar responden dalam penelitian ini mengakui bahwa mereka pernah mempercayai hoaks, dengan proporsi sebesar 75%, sementara hanya 25% yang menyatakan tidak pernah' (English: 'Most respondents in this study admitted they had believed a hoax, at a proportion of 75%, while only 25% said they never had'); Table 5 lists 6 of 8 respondents as 'Pernah Percaya Hoaks = Ya'",self-reported past encounter with a hoax; being deceived by one entails having met it,"BORDERLINE CONSTRUCT: the item measures having BELIEVED a hoax, not merely having seen one, so it is a self-reported deception rate rather than a pure exposure rate. Denominator is 8, far below the 20 floor the instructions flag. HUMAN CHECK: the paper is internally inconsistent. Two different tables are both numbered 'Tabel 5' (one with 6 respondents on epistemic authority, one with 8 on misinformation experience); respondent names differ across tables (Dinda/Raka/Nesa... in Table 2, Adinda/Bayu/Cindy... in Tables 3-4, Alifa/Rio/Nadine... in Table 5), so the 8 'participants' are not consistently the same 8 people; methods say 15-20 respondents were planned; the 75% figure also appears only in Gambar 2 (a figure) besides the sentence quoted. Non-English (Indonesian) source, translation given above."
1,W4414351820,2025,The use of social media in the creation political awareness of youth in Delta State,ELIGIBLE,INCLUDE,RECALL,58.0,475 survey respondents (of 500 distributed),"Table 2 item 2 'Most political information on social media are false and unreliable': SA 177 (37%) + A 97 (20%); text: 'the respondents identified the peculiar nature of social media political awareness to be false, unreliable (N =58%; X = 3.4; SD =1.5)'",perceived amount of falsity in what the respondent sees is self-reported recall (perceived exposure),"Value is an agreement rate with a perception statement, not a direct 'how often did you encounter' item. 177+97=274/475=57.7%, so 58% is right and the rounded row percentages (37+20=57) are the source of the 1-point gap. HUMAN CHECK: text and table disagree elsewhere in Table 2 (text reports item 4 as 'N=52%; X=3.1; SD=1.6' while the table row shows 69+9=78% and X=4.1; text cites 'N=86%; X=1.9' for an item the table marks Reject), and Table 3 row 1 is garbled. Also available: 16.4% always / 55.4% very often exposed to social media generally (Table 1), which is exposure to the platform, not to misinformation."
1,W4417292706,2025,The Effectiveness of Social Media in Customer Risk Awareness,ELIGIBLE,INCLUDE,CONTENT,20.0,"3,600 posts across six platforms over 12 months","'Of the 3,600 posts analyzed...' and 'Misinformation cues, such as unverified claims and contradictory or debunked content, were observed for around one in 5 posts, but higher prevalence on short-form video platforms and lower prevalence on platforms with stronger moderation policies'; abstract: 'One fifth of the total sampled posts included deceptive markers'",share of sampled posts coded as carrying misinformation,"FLAG FOR HUMAN BEFORE EXTRACTING. Three problems. (1) The code is mixed: 'unverified claims' is a verifiability/credibility marker, not a truth judgement, and is pooled with 'contradictory or debunked content' which is; no separate share for the accuracy component. (2) The value is only ever given as 'around one in 5' / 'one fifth' - no table, no exact count, no per-platform numbers despite platform differences being claimed, no reported kappa value ('exceeded the recommended level'). (3) The paper's prose is degraded to the point of suggesting machine generation ('The word out.'; 'more and 233 more customers'; 'sector-2 perception of risk severity tension between attention getting'), the author is an unaffiliated independent researcher, and the journal is a pay-to-publish AI/ML title. Other approximate shares: 'almost half' of posts from peers/influencers, 'over half' emotionally framed, 'only about a third' with actionable steps. The N~1200 experiment is a stimulus study, not prevalence."
1,W7163665229,2026,INVESTIGATING THE ROLE OF SOCIAL MEDIA IN MEDIA LITERACY EDUCATION AMONG POST GRADUATION STUDENTS OF TUMKUR,ELIGIBLE,INCLUDE,RECALL,90.3,93 postgraduate students,"'Exposure to fake news or misleading content is common, with 48.39% of the respondents encountering it sometimes, 22.58% frequently, and 19.35% rarely. Only 9.68% students reported never encountering such content.'",self-reported frequency of encountering fake news or misleading content,"90.3% is the ever-encountered share, derived as 100 - 9.68 (never); the paper does not print it as a single figure, it prints the four-category frequency breakdown, which sums to exactly 100.00. Full breakdown for extraction: frequently 22.58%, sometimes 48.39%, rarely 19.35%, never 9.68%. Denominator 93 valid respondents. Verification-practice percentages (32.41% always verify etc.) are a skills measure and out of scope; the mean awareness ratings (2.6 fake news, 2.76 misinformation) are also out of scope."
1,W7163821603,2026,A study exploring the relationship between social media use and nutrition-related practices among secondary school students in London,ELIGIBLE,INCLUDE,RECALL,71.0,24 London secondary school students aged 16-18+,"'Of the 24 participants (54% female)... Although 71% had encountered nutrition misinformation, few consistently verified the nutrition qualifications of creators (13%), and most didn't routinely fact-check (54%)'",self-reported share who had encountered nutrition misinformation,"The 'full text' is a one-page Nutrition Society conference abstract (OCE1 E38) - there is no methods or results section beyond the paragraph quoted, so no item wording, no recall period and no confidence interval are recoverable. Denominator 24, just above the 20 the instructions flag; 71% of 24 = 17.0 participants. Other shares in the same paragraph are behaviour, not exposure (79% altered their diet, 71% purchased products, 71% influenced by brands/influencers). Fact-checking and verification percentages are a skills measure and out of scope."
1,W3042611456,2020,Who Uses Right-Wing Alternative Online Media? An Exploration of Audience Characteristics,INCLUDE,EXCLUDE,,,,"'Only alternative news websites to which a right-wing bias could be attributed were included in the analysis. The bias attribution was based on previous studies' (Section 3.1); Table 2 lists the 21 sites (Unzensuriert, MV-Lehti, Junge Freiheit, RT Deutsch, Compact, PI-News, Nyheter Idag...)","stance is not falsity: the site list is assembled by attributed RIGHT-WING BIAS, not by any unreliability, credibility or accuracy rating, so the usage share is a partisan-media reach figure with no truth judgement anywhere in the paper","REVERSAL of the first-pass INCLUDE (which was never adjudicated). The number, if the review ever decides hyperpartisan-outlet lists are in scope: 931/8048 (11.6%) of Reuters DNR 2019 respondents in Austria, Germany, Sweden and Finland reported using at least one listed site for news in the past week; 355 (4.4%) used two or more. Two further caveats. (1) It is SELF-REPORTED survey recall of a site list, not log or panel data, so it could not be AUDIENCE EXPOSURE or REACH as those constructs are defined here. (2) The per-country usage values (7.91, 7.27, 8.66, 22.45%) and awareness values (24.15, 50.45, 19.58, 52.66%) exist only in Figure 1. Secondary analysis of Reuters DNR data - check overlap with any DNR-based study already in the corpus."
1,W3091946553,2020,Comparing covariation among vaccine hesitancy and broader beliefs within Twitter and survey data,UNSURE,EXCLUDE,,,,"'we could reliably infer a user's stance on particular beliefs based on assessing the stances of the websites they linked to... coded the stances of each tweet as agree (+1) or disagree (-1)'; the corpus is 8,064,173 tweets returned by 29 belief-specific search queries built from the survey's belief items","two rules independently: stance is not falsity (tweets are coded agree/disagree with a belief, never true/false), and a misinformation-only corpus has no prevalence (the tweets were retrieved BY searching for the conspiracy and vaccine-hesitancy claims themselves, so no wider denominator exists)","Confirms the abstract stage's UNSURE as an exclude, not a reversal. The paper's aim is methodological (does Twitter data reproduce the covariance structure of survey beliefs under PCA), not descriptive. Table 2's percentages are the distribution of how many belief tags each account or respondent carried (90.7% of Twitter accounts had one non-zero tag), not a prevalence of anything. Survey side (615 responses) measures belief endorsement, which is out of scope in any case."
1,W3099932286,2020,"How Do University Students' Web Search Behavior, Website Characteristics, and the Interaction of Both Influence Students' Critical Online Reasoning?",UNSURE,EXCLUDE,,,,"Content-analysis codes were source type plus 'amount of information', number of external sources, whether source credibility was addressed, 'balance' (takes a side = 1, balanced = 2) and 'facticity' (opinions = 1, mixed = 2, facts = 3); Table 3 splits the 120 accessed news sites into Public 15.00%, Established quality newspaper 60.83%, Established tabloid 2.5%, Not affiliated to a journalistic offline product 3.33%, Local 11.67%, Alternative news sites 6.67%","quality instruments are not accuracy: the website coding measures presentation and source type (balance, facticity as opinion-vs-fact ratio, source transparency), never whether any claim on a visited page was false; the one categorical residue, 'Alternative News Sites', is an outlet type, not a truth judgement","Confirms the abstract stage's UNSURE as an exclude. Two further reasons it could not serve as AUDIENCE EXPOSURE even if the coding qualified: the browsing is lab-task-constrained (45 economics students, five assigned CORA tasks, several tasks supplying the start page, so 112 of the 412 visits are the task's own pages), and the denominator is website visits within an assessment, not naturalistic consumption. HUMAN NOTE: 8/120 (6.67%) of accessed news sites were 'Alternative News Sites' and the paper states that sites 'that disseminate rather unreliable news were used little or not at all' without quantifying that claim. Sample stated as 50 students in the abstract but 45 in the Sample section."
1,W3171657220,2021,5G Awareness and its Link to COVID-19: Case of Zambians with Access to Internet,INCLUDE,INCLUDE,RECALL,62.9,"258 online survey respondents (Zambia, June-July 2020)","Table 1, row 'Have you ever heard that symptoms of COVID-19 seem to be connected to 5G mobile network radiation?': Yes 162 (62.9%), No 72 (27.8%), Not sure 24 (9.3%), Total 258",self-reported share who had ever heard a specific false claim,"REACH-flavoured but self-reported, so RECALL under the denominator rule (a share of people, from a questionnaire). The abstract rounds this to 'about 62%' and the body text to '63%'; Table 1's 62.9% is the exact figure. Belief in the claim is a separate item and out of scope (14.3% yes, 47.3% no, 38.4% not sure). Sampling is a WhatsApp-distributed online convenience questionnaire of internet-using Zambians, not a population sample, despite the Cochran calculation reported (95% CL, 5.4% margin, minimum 249)."
1,W4210350805,2021,BELIEVABILITY OF SOCIAL MEDIA POSTS: A STUDY OF ALLEGED FORCEFUL INJECTION OF MONKEY POX VIRUS IN SCHOOL CHILDREN,INCLUDE,INCLUDE,RECALL,100.0,332 Anambra State civil servants (of 341 distributed; 97.4% response),"Table 7 'Respondents' Exposure to the Army Deadly Vaccine Report': Yes 332 (100.0), No 0 (0.0); 'Thus, there was 100% exposure to the report, meaning that each of the respondents must have in one way or the other read or heard about the report'",self-reported share exposed to a specific false claim (the October 2017 Nigerian army monkeypox 'deadly vaccine' rumour),"HUMAN CHECK: a 100.0% exposure rate with zero non-exposed is not credible on its face and most likely reflects a leading or screening item; the questionnaire wording is not reproduced. The more usable figures are Table 8, exposed VIA SOCIAL MEDIA 284/332 (85.5%), Table 9, first-received platform (WhatsApp 65.7%, Facebook 16.9%, other 3.0%, no answer 14.5%), and Table 10, social media as the FIRST source 246/332 (74.1%). The believability items (Tables 11-17) measure belief, not exposure, and are out of scope. Data-quality flag: Figure 1's gender split is given as 50.9% male and 41.1% female, which sums to 92%."
2,W4280639973,2022,User perceptions of fake news sharing behavior on social media through social networking sites,INCLUDE,UNCERTAIN,,,,"Text file contains 'Business Transformation Project's Holistic Agile Management' (Trad & Kalpic), The Business and Management Review 13(1), pp.102-119; the target article is absent",cannot rule: the full text on disk is the wrong article from the same journal issue,WRONG PDF. Nothing about fake news anywhere in the 60KB file. Needs a re-fetch of the correct article before it can be screened.
2,W4367162917,2022,“The mask is not for you”: A framing analysis of pro- and anti-mask sentiment on Twitter,INCLUDE,UNCERTAIN,,,,"Extracted text is 4 KB of running heads plus three mangled table grids; no methods, results or sample-size prose survives","cannot rule: extraction yielded table fragments only, denominators not reconstructable","Visible fragments: an evidence-source table totalling 134 anti-mask and 440 pro-mask tweets, and a frame table where anti-mask frames include 'COVID-19 is a Hoax' (27) and 'Masks don't work' (21). Those two frames are the only falsity-adjacent categories; everything else is pro/anti stance, which the stance rule excludes. If the correct denominator is all coded tweets (574) then ~8% carry a false-claim frame, but the column-to-row alignment in the extracted grid is not trustworthy and the paper's own totals cannot be checked. Re-extract before using; leaning EXCLUDE on 'stance is not falsity' if the framing coding is confirmed to have no truth judgement."
2,W4389573200,2023,Evaluation of Covid-19 Vaccine Sentiment on TikTok from 2020 to 2022,INCLUDE,EXCLUDE,,,,"“Anti-vaccine was defined as any video that mocked vaccination, criticized the nature of COVID-19 vaccines, provided misinformation, or contained any material that would discourage people from getting a COVID vaccine.”","stance is not falsity: the anti/pro coding is a discouragement/encouragement judgement, not a truth judgement, and misinformation is only one disjunct inside it","Headline result is 109 anti- and 175 pro-vaccine videos out of 284 coded (342 viewed, 58 dropped as unrelated), i.e. 38.4% anti-vaccine. Sampling was by four hashtag sets sorted by 'most liked', so it is not a misinformation-only corpus, but the coding cannot be separated into a truth judgement. The 27% / 1% / 17% misinformation shares in the paper's Table 2 belong to Southwick, Ostrovsky & Chen, and Baumel, not to this study."
2,W4296755342,2022,Auditing Google's Search Headlines as a Potential Gateway to Misleading Content,INCLUDE,EXCLUDE,,,,"“we developed the coding scheme around a central ‘Stance’ category, which was used to categorize headlines based on their potential impact on search engine users' trust in the election's legitimacy”; codes are Sows Doubt / Imparts Trust / Provides Information","stance is not falsity: headlines are coded by their potential effect on trust in the election, never by whether the headline is true","OVERTURNS the abstract-stage INCLUDE. The authors state the falsity coding was NOT done and is future work: “Further investment in post hoc coding may also enable differentiation between types of potentially undermining content, such as misleading content and outright false content.” Their own example of a Sows Doubt headline, “Allegheny County ballot contractor accused of sending out late ballots in other counties”, is a true news report. 2,438 unique headlines coded out of a 5,600 stratified sample; the only shares of headlines promoting distrust appear in Figures 3, 4, 6 and 8 and are figure-only, with no percentage in the text. Media bias came from Ad Fontes; the paper reports NO effect of the Ad Fontes reliability score, so there is no credibility-list result either."
2,W4311288517,2022,Impact of COVID-19 on HIV Prevention Access: A Multi-platform Social Media Infodemiology Study,UNSURE,INCLUDE,CONTENT,42.57,"101 community-level signal posts (of 317 signal posts total; from 267,689 collected)","Table 1, code C-6 “PrEP used as a prevention method for COVID-19”: 43 posts, 42.57% of community-level signals; text: “similar incorrect conversations that PrEP could be used as a prevention method or precaution against COVID-19 infection (42.57%, n = 43)”","a share of coded posts judged to carry a false claim, with a stated denominator","OTHER SHARES: code B-9 “Users think they immune to COVID because they are on PrEP”, 14 posts = 12.07% of the 116 patient-level signals. Across the whole signal set the two misinformation codes are 43/317 = 13.6% and 14/317 = 4.4%; the paper never prints those. FOR A HUMAN: (1) the percentages the paper prints are shares of a coding LEVEL (provider / patient / community), not of the full post sample, so the extractor must choose the denominator deliberately; (2) the C-6 and B-9 example quotes are both users MOCKING or reporting the false belief rather than asserting it, so these codes mix assertion with commentary and probably overstate misinformation content; (3) the 317 signal posts were hand-selected from 11,222 COVID-filtered posts via topic modelling plus manual annotation, so the sampling denominator is not a random sample of PrEP talk. The paper is explicitly exploratory and its own limitations section warns the findings are not generalisable."
2,W4313324568,2022,Generation Z: Media Consumption and MIL,UNSURE,INCLUDE,RECALL,58.3,115 Greek respondents aged 12-24,"“With regard to the question of the participants' being deceived by news that has later proven to be fake, 58,3% (n=67) responded positively”","belief-conditional recall, eligible under ADDENDUM A: the item is anchored to news the respondent met and later learned was false","Confirms the abstract-stage UNSURE/RECALL guess. Related item, frequency of encountering fake news: 28.7% not very often, 25.2% often, 22.6% rarely (sums to only 76.5%; the remaining categories exist only in Figure 11, which is figure-only, so a 'met fake news at least sometimes' share cannot be reconstructed from the text). CAVEATS for a human: N = 115 only, snowball recruitment through nation-wide social media groups plus pass-along to under-13s, ages 12-24, north Greece (Thrace and South Macedonia); no probability sampling and no weighting. Follow-up among the 67 deceived: 67.1% ignored the false news, 20.7% reported it, 12.2% commented."
2,W4318617911,2023,Desórdenes informativos y polarización afectiva: emociones en publicaciones con desinformación en tres conflictos políticos brasileños en Twitter,INCLUDE,INCLUDE,CONTENT,31.7,300 tweets (the 100 most-retweeted tweets from each of three Brazilian conflicts),"“se constata que cuando se observan los tres conflictos juntos, casi un tercio de las publicaciones de la muestra presentan algún tipo de trastorno de la información (95 en total)” [when the three conflicts are viewed together, almost a third of the sample's posts show some type of information disorder (95 in total)]; Tabla 4","a share of coded posts judged false or misleading, with a stated denominator; veracity was checked against news sources, so it is an accuracy coding rather than a stance coding","Tabla 4 breakdown (double-coded, so types sum to 118 over 95 tweets): misleading content 63, false connection 18, satire/parody 17, fabricated content 15, imposter 2, manipulated 2, false context 1; 140 tweets with no mis/disinformation; 65 tweets unavailable (deleted post or suspended account). FOR A HUMAN: the denominator is ambiguous. 95/300 = 31.7% is what the paper claims, but 65 of the 300 could not be coded, so the share among CODED tweets is 95/235 = 40.4%; the paper never says which it means. Second caveat: 17 of the 95 are “satire or parody”, which the review would not normally count as falsity, and the authors describe much of the “misleading content” category as users stating opinion as if it were truth. Excluding satire gives 78/300 = 26.0%. Per-conflict: CPI 40/100, abortion (100 minus 33 clean minus 37 unavailable) = 30/100, racism 25/100. Sample is the top-retweeted tweets by keyword, not a misinformation-selected corpus."
2,W4386983020,2023,"Spreading Fake Content via Social Media among Tertiary Level Students in Rangpur, Bangladesh",INCLUDE,EXCLUDE,,,,"Table 3: “Spreading Fake Content via Social Media — Yes 111 (91.7%)”, i.e. respondents who think false information is disseminated via social media; Table 4 covers awareness of fake content, self-rated ability to identify it, and knowledge of verification tools","concern and skills are not exposure: every item is a belief that fake content exists on social media, an attribution of blame to a platform, a motive, or a self-rated detection skill; none asks what the respondent encountered or how much of what they see is false","OVERTURNS the abstract-stage INCLUDE. The 91.7% item is an existence belief (does fake content spread on social media, yes/no), not a claim about how much of the encountered content is false, so ADDENDUM B does not rescue it. BORDERLINE a human should look at: Table 3 “Types of Fake Content Notice More to the Social Media” gives political 64.5%, religious 50.4%, education 30.6%, job 30.6%, fun/entertainment 28.9%, economic 24%, communal 17.4%, sports 8.3% of the 121 respondents. Read as “which types do you notice MORE”, this is a salience ranking, not an encounter rate, and that is how I read it; read as “have you noticed fake political content”, 64.5% of 121 would be a RECALL estimate. The item stem is never printed. QUALITY WARNING: the abstract contradicts the tables repeatedly. Abstract says 92.7% believe fake content spreads (table: 91.7%), Facebook is the most popular platform at 71.9% (table: 99.2%; 71.9% is the awareness-of-fake-content figure), and 50.4% do not know the identification tools (table: 87.6%). Ages in Table 1 are given as 18-20 / 21-23 / 23-25, overlapping. N = 121 drawn from 8,000 students, described as simple random sampling but with no frame given. I would not extract from this paper without the questionnaire."
2,W4395009973,2024,Assessment of the Quality and Reliability of Content Available on YouTube About Palpitations,INCLUDE,EXCLUDE,,,,"“The Global Quality Score (GQS) and modified DISCERN score were used to analyze the quality and reliability of the information provided”; Table 2 reports presence of content types (symptoms 80.28%, cause/etiology 81.69%, treatment 59.15%)","quality instruments are not accuracy (GQS, modified DISCERN) and coverage is not accuracy (Table 2 records whether a topic was MENTIONED, not whether it was right)","OVERTURNS the abstract-stage INCLUDE. No video was ever coded true or false; no misinformation share exists anywhere in the paper. Watch the abstract's wording: it says “81.69% accurately described the etiological factors”, but the Table 2 row is “Information about cause/etiology?”, a presence check, and the instruments used cannot support the word 'accurately'. QUALITY WARNING, internal contradictions: Discussion says “64% were uploaded over a year ago” while Table 1 says 90.14%; Discussion says hospitals and doctors uploaded 42% while Table 1 gives 32.39% + 26.76% = 59.15%; Table 3 lists 'Patients suffering from the disease (n=16)' while Table 1 gives 3, and the columns sum to 84 against 71 videos. 71 videos, seven raters each judging their own keyword, no double coding and no reliability statistic."
2,W4390547716,2024,Users' experience with health-related content on YouTube: an exploratory study,INCLUDE,EXCLUDE,,,,"Fig. 8/Fig. 9: “41.6%, 28.8%, and 14.1% of the survey participants found HRC on YouTube useful, somewhat useful, or very useful”; “35.9% of the respondents perceived health-related content on YouTube as somewhat biased, while 31.1% considered it neutral. Only 12.6% ... believed that the content is biased”","concern and skills are not exposure, and stance is not falsity: the survey measures perceived usefulness and perceived BIAS of health videos, never whether respondents met false content or how much of what they saw was false","OVERTURNS the abstract-stage INCLUDE. N = 3,000 Prolific users, 33 countries, a well-run survey, but the outcome is the wrong construct: no item asks about encountering misinformation. Perceived bias is not perceived falsity, so ADDENDUM B does not apply. FIGURE-ONLY ITEM a human may want to check: Table 3 maps the bottom of the usefulness scale (1.0-1.80) to “Poor or misleading”, and Fig. 8 shows the full distribution of usefulness ratings; the text prints only the three positive bands (41.6 + 28.8 + 14.1 = 84.5%), so the ~15% rating videos 'not useful' or 'poor or misleading' exists only in the figure. Even if read off the figure, that is a usefulness rating, not a falsity judgement. Related: 2.6% (n=79) of the 3,000 said they avoid health content on YouTube because of quality concerns."
2,W4405686951,2024,"“No claims, no trials, no compensation. Just roll up your sleeve”: social media communication on vaccine uptake sentiments in Canada",INCLUDE,EXCLUDE,,,,"Table 1: “Misinformation and conspiracy beliefs 96% (BC before) / 97% (ON before) / 76% (BC after) / 81% (ON after)”, footnote “*Percentage shows the topic occurrence from the total Tweets within the frame”","stance is not falsity: these are LDA topic-occurrence weights for a sentiment FRAME, not a per-tweet truth judgement, and the frame explicitly contains tweets that debunk misinformation as well as tweets carrying it","OVERTURNS the abstract-stage INCLUDE. Two reasons. (1) The category is talk ABOUT misinformation. The authors say so: “two types of vaccine-related health mavenism: misinformation circulation from the public and retweeting by subject experts and government officials demystifying with scientific evidence”, and “the myths were also busted with scientific evidence by some tweeters”. Table 2's own example tweets include “It is up to people on social media NOT to share disinformation & misinformation about vaccines” and a debunking by a PhD microbiologist. A 96% figure is not a claim that 96% of tweets were false. (2) The denominator is self-referential and undefined: “topic occurrence from the total Tweets within the frame”. 20,000 tweets were analysed (5,000 before and 5,000 after in each of BC and ON, drawn sequentially rather than randomly from 67,923 BC and 214,768 ON geotagged tweets), neutral-sentiment tweets were dropped before topic modelling, and the frame denominators are never given. QUALITY WARNING: the abstract says antivaccine expressions fell “9% and 6% in BC and ON”, but the Results text says ON “dropped by 18%” and Table 1 shows ON 91% to 73%. VADER is stated to be insensitive to sarcasm, which matters a great deal for a misinformation category."
2,W4385325063,2023,Like-minded sources on Facebook are prevalent but not polarizing,UNSURE,INCLUDE,EXPOSURE,0.76,"all Facebook Feed content exposures of the control-group participants (23,377 US adult participants randomised; control group roughly half), 24 Sept to 23 Dec 2020",“the average proportion of exposures decreased ... from 0.76% to 0.55% for content from misinformation repeat offenders (a reduction of 0.62 views per day on average)”; misinformation repeat offenders are “sources identified by Facebook as repeatedly posting misinformation”,"a share of what people actually saw, measured from platform logs, attributable to sources flagged for repeatedly posting misinformation","Confirms the abstract-stage UNSURE/EXPOSURE guess, and specifically on the untrustworthy-source share rather than the headline like-minded measure. The like-minded / cross-cutting numbers (50.4% vs 14.7% for the median user; 53.7% control-group exposure) are ideological alignment and are EXCLUDED by ADDENDUM D; the repeat-offender list is a falsity-based designation (Facebook's fact-checker-driven repeat-offender status), so it qualifies. OTHER VALUES: treatment group 0.55%; comparison quantities of the same shape are uncivil content 3.15% (control) and 2.81% (treatment), and slur-word content 0.034% / 0.030%. Context shares: civic content is a median 6.9% and news a median 6.7% of what users see, so 0.76% of ALL exposures is a large fraction of the political slice. FOR A HUMAN: (1) 0.76% is a control-group mean during an experiment, not a population descriptive; the descriptive arm of the paper (231 million monthly Facebook users) reports like-minded exposure, not repeat-offender exposure, so the population-level equivalent is not in this paper. (2) The denominator is exposures, not users, so this is EXPOSURE and not REACH. (3) The measure is source-level, not item-level: content from a flagged source is counted whether or not the particular post is false. (4) Measurement details for the repeat-offender classifier are in Supplementary Information section 1.3, which is not in the file on disk. (5) Meta co-authored the paper and supplied the classifier."
3,W4405872607,2024,Exploring social media strategies use during the presidential campaign of the 2023 general elections in Nigeria,UNSURE,EXCLUDE,,,,"Table 1: 'The spread of misinformation on social media significantly impacted the presidential campaign' AS 304 / A 42 / U 2 / SD 11 / D 6, Total 365, mean 4.5","Concern is not exposure: the only quantitative items are Likert agreement with impact statements, not a claim about how much of what respondents met was false","n=365 returned of 385. Every misinformation-related item is about the campaign's integrity or impact, not about the respondent's own encounters; addendum B test (does the statement claim HOW MUCH of the encountered content is false?) fails. Qualitative section is anecdotal quotes only. Figures 1-2 are images not in the text dump but their captions are response-rate and impact-of-limitations, not exposure."
3,W4407598524,2024,Assess Nurses' Social Media Conduct's Effect on Patient Trust,UNSURE,EXCLUDE,,,,"Table 4 'Key Challenges in Accessing Health Information via Social Media', Misinformation: Great Extent 18.5% + Very Great Extent 25.6% = 44.1%; prose 'Misinformation was a notable concern for 44.1% of respondents'","Concern is not exposure: 44.1% is a challenge/barrier severity rating on a 'least extent - very great extent' scale, not a share who encountered misinformation","BORDERLINE - a human may want to look. n=280 nurses. The prose glosses the item as 'who reported encountering misleading or false health claims', but the instrument item is the single word 'Misinformation' rated for how great a challenge it is, with no quantity-of-content claim, so it reads as concern/difficulty rather than an encounter measure. Companion figures: 'lack of reliable information' 58.2% (also a difficulty item, and absent from the abstract, which instead lists privacy 55.5%). Paper quality is poor: abstract/table mismatch, reference list contains implausible entries."
3,W4409625097,2024,The Fake Propaganda on Tiktok: Measuring Gen Z's Vulnerability and Building,INCLUDE,EXCLUDE,,,,"Discussion: 'The survey results displayed how a major share of Gen Z users experienced TikTok content misinformation repeatedly.' No results section, no tables, no percentages anywhere","No qualifying share: the paper reports no numeric result at all, only 'a major share of Gen Z users experienced TikTok content misinformation repeatedly'","OVERTURNS the first-pass INCLUDE. n=300 surveyed (18-24, TikTok >=3x/week) plus 30 interviews; methods promise a misinformation-exposure scale and SPSS descriptives, but no descriptive statistics are ever reported. Three unlabelled figures (Fig 1 in the introduction, Fig 2 in the literature review, Fig 3 in the data-analysis section) are images not in the text dump; from placement they are illustrative, not results. UNSAFE TO EXTRACT: text reads as machine-generated, reference list is duplicated and several cited works look fabricated."
3,W4415247114,2025,Combating infodemics: Evaluating the role of accurate health reporting during Lassa fever outbreaks in West Africa,INCLUDE,EXCLUDE,RECALL,~50,"300 community members surveyed in Nigeria, Liberia and Sierra Leone","Results: 'Nearly half of the surveyed community members recalled encountering false claims, including those linking Lassa Fever to spiritual causes or herbal remedies.' Methods: 'structured surveys involving 300 community members'","Self-reported recall of encountering false claims, with a stated survey denominator [overruled: addendum rule F (a verbal quantifier is not a value)]","HUMAN CHECK NEEDED: the share is verbal ('nearly half'), no exact percentage is printed. This is a one-page conference-proceedings abstract (whole item is 4 KB); there is no fuller text, so no exact figure exists to recover. Second number in the paper: 'Sixty-five per cent of media reports aligned with official public health guidance; however, only 40% cited verified expert sources' out of 180 media items - alignment-with-guidance and source-citation are coverage/transparency measures, not accuracy codings, so they do not qualify as CONTENT under the coverage-is-not-accuracy rule, even though the methods say content was assessed on 'accuracy'. If an approximate value is not extractable, this record becomes an EXCLUDE for want of a number, not for want of a construct."
3,W4410128941,2025,Healthcare Interventions to Mitigate the Effects of Social Media on Neonatal Health: Combating Misinformation and Enhancing Parental Support,UNSURE,EXCLUDE,,,,"Table 5 / Table 6 item 'Have you ever encountered misleading or false neonatal health information on social media?' Total N=200, mean 2.11, SD .668; narrative 5.3.5 'A significant proportion of respondents reported exposure to misleading or false neonatal health information on social media' with no percentage","No qualifying share: a genuine encounter item exists but the paper never reports the proportion answering it, only a mean on an unlabelled 1-3 scale","n=200 (69 parents, 70 healthcare professionals, 61 neither). Frequency tables are printed for gender and respondent type only; the exposure item's response distribution is never given and cannot be recovered from the reported mean. UNSAFE TO EXTRACT even if a number surfaced: the paper contradicts itself on its own sample composition (Table 2 gives parents 34.5%, section 5.3.3 says 'More than two-thirds of respondents indicated they were parents, 69.5%', misreading a cumulative percentage), reports subgroup means with SD exactly .000, and reports every Spearman correlation between .558 and .972 at p<.001. Denominator for parents alone would be 69, i.e. a subgroup."
3,W4411346129,2025,Behind the hashtags: a review of Instagram posts on pediatric ADHD,INCLUDE,EXCLUDE,,,,"Table 1 'Relevance of posts': total posts evaluated 761, 'No. of posts relevant to ADHD (compared to DSM-5 and cdc.gov)' 236, 31.0%","Coverage/relevance is not accuracy: the 31% codes whether a post is topically relevant to pediatric ADHD, not whether its claims are false","OVERTURNS the first-pass INCLUDE, and a human may want to check the call. The abstract and conclusion frame the 31% as reliability ('widespread presence of potentially unreliable ADHD-related content'), but the coded variable is relevance, and the non-relevant remainder demonstrably includes meme-based (195) and motivational (57) posts, which are off-topic rather than false. No accuracy coding of the 236 relevant posts is reported, so no share of false content exists anywhere in the paper. Also note an internal inconsistency: methods say 800 posts were selected and 761 met inclusion, but the per-hashtag totals in Table 1 (e.g. 92 for a hashtag stated as 100 sampled) are post-exclusion counts presented as sampled counts."
3,W4415543465,2025,Digital Literacy and Information Disorder: Understanding Older Adults' Interaction With False Information on Social Media,UNSURE,EXCLUDE,,,,"'about 12 out of 20 respondents said they usually trusted information from their children, church groups, or community leaders'; 'Only three people said they had ever tried to verify a message'; 'At least 15 of the 20 people said they had shared messages like these' (religious/political messages, not truth-coded); 'Of the 20 respondents, 15 said they felt ashamed, and five said they became more careful afterwards'","No qualifying share: every counted figure is trust, verification habit or emotional reaction, never a share who encountered or was deceived by false content","HUMAN MAY WANT TO LOOK. The closest candidate is the theme 'How They Felt After Being Misled', where 15 + 5 partitions all 20 respondents, which could be read as implying all 20 had been misled - belief-conditional recall under addendum A. But the theme's own opening says only 'Some older adults said they had shared incorrect information before', so the share who were misled is never stated and the 15/5 split measures reaction, not encounter. The 15/20 sharing figure is about messages mentioning God, prophecy or government corruption, which carry no truth judgement (stance-is-not-falsity). Denominator is 20, at the noted small-sample floor. Method section contradicts the abstract: the abstract claims a questionnaire to 20 users analysed with 'simple statistics', the method section describes a purely qualitative case study with semi-structured interviews and thematic analysis, and no questionnaire results appear."
3,W4416794548,2025,Invisible Editors: Impact of AI on Media Content Quality and Trust,UNSURE,EXCLUDE,,,,Analysis: 'Around 70% of respondents agreed that AI contributes to the spread of biased information in media to a moderate or great extent'; 'approximately 64% ... described it as very significant and a further 16% as extremely significant'; '65% of participants agreed that AI-generated content should be clearly labeled',"Stance/bias is not falsity, and the content analysis reports no share: the only percentages are opinions about AI's role in spreading biased content, with no truth-coded denominator of items","Survey n=52 (purposive, non-representative). The 70% item is an attributional judgement about AI as a cause of bias, not a claim about how much of the respondent's own information diet is false, so addendum B does not reach it; 'biased' is stance, not falsity. The qualitative content analysis coded AI-generated articles and curated feeds for bias and misinformation but never reports a sample size or a share, only illustrative single cases (one AI sports report that wrongly announced a victory, one business story, one crime-heavy feed); no denominator exists to extract."
3,W7117370959,2025,Current Misconceptions of Obsessive-Compulsive Disorder Among Chinese Adolescents: Causes and Implications,UNSURE,EXCLUDE,,,,Figure 1 and discussion: 'about 70% of the teenagers believe that OCD belongs to anxiety disorders'; Figure 4: 65% psychotherapy / 28% equivalent / 7% pharmacotherapy; results: '80% of the sample have no understanding of the symptoms of OCD',"Belief-only study: every share measures a false belief held about OCD, with no item anchored to content the respondent encountered","Addendum A draws the line at whether the item is anchored to something the respondent MET; these are not - they measure knowledge and belief about OCD, which the screening criteria exclude. The abstract's 'social media is the most common source of information from which participants collect misinformation' is a source ranking, backed only by the interview remark that 'most teenagers understand OCD from the internet'; no share of respondents encountering misinformation is reported. Denominators are also muddled: the questionnaire had 201 responses, the interviews 10 participants, and results attribute percentages to 'the sample group' without saying which. Figures 2 and 3 are bar charts with no printed values."
3,W7117312300,2025,"The Importance of Media Literacy in the Dissemination and Acceptance of Disaster-Related Information on Digital Platforms: Specifically, to the Ditva Tropical Cyclone Disaster in Sri Lanka in November 2025",UNSURE,EXCLUDE,,,,"The article runs Introduction - Literature review - Theoretical framework - Research design - Data analysis - Conclusions; the conclusion states only that 'increased reliance on digital media is accompanied by significant exposure to misinformation, rumors, and unverified information', with no percentage",No qualifying share: the paper has no results section and reports not a single number from its own survey,"n=300 adults across Gampaha, Kegalle and Kandy; the methods promise SPSS descriptives, correlation and regression on media-literacy and acceptance/sharing items, none of which is reported. No tables and no figures. Nothing to extract, and no supplement is referenced."
3,W7117302408,2025,From Awareness to Compliance Government Social Media Communication and Citizens' Behaviour toward NIN-SIM Registration in Nigeria,INCLUDE,INCLUDE,RECALL,69,"371 valid respondents, adult residents of Lafia Metropolis, Nigeria (availability sample; 384 administered)","Table 4 'Structural and Informational Challenges', row 'Exposure to misinformation and fake news' 69%; text: 'About 69% of respondents indicated that misleading or false information circulating on social media platforms created confusion regarding the objectives, procedures, and implications of the NIN-SIM registration policy'","Self-reported exposure to misinformation with a survey denominator; the item names what was met, not worry about it","BOUNDARY CASE, PAIR WITH W4407598524 IN THIS SAME BATCH - a human should rule on both together. I included this one because the item is stated as exposure to misinformation (what was met) and excluded the nurses paper because there the 44.1% is a top-two-box on a 'how great a challenge' severity scale, which would not count a respondent who met misinformation but found it a minor problem. Both are single-line rows in a challenges battery, and neither paper prints its item wording, so the distinction rests on the labels alone. Other figures in the paper are exposure to GOVERNMENT messages, not misinformation: 91% accessed NIN-SIM information via social media, 89% frequent exposure to NCC messages, 92% used Facebook/WhatsApp/Instagram/X for policy information, 88% understood the policy, 91% said the messages influenced compliance. 'Difficulty verifying official information online' 61% is a skills item and is out. Reporting is thin: no item wordings, no frequency counts behind the percentages, only Table 3 gives a full response distribution."
3,W7117887723,2026,THE ROLE OF SOCIAL MEDIA IN IMPROVING POLITICAL PARTICIPATION IN NIGERIA: A CASE STUDY OF 2023 GENERAL ELECTIONS IN NIGER STATE,UNSURE,EXCLUDE,,,,"Tables 4-6 are the only attitude items reported - 'Social media platform provide a democratized space for engagement' (93.2% agree/strongly agree), 'Social media have activated a situation where people can easily ventilate their opinion about government' (98.3%), 'Social media was an integral source of political information during the 2023 general election' (62.1%); none concerns false content",No qualifying share: no misinformation item appears in the results; the fake-news claim in the abstract is asserted and never measured,"n=370 returned of 400. The abstract's 'It was also found that social media was used for spreading fake news, hateful and inciting comments during the 2023 general elections' has no corresponding table, question or number; the Results section repeats only the participation finding. Also unsafe more generally: the regression in Fig 1 is run on 5 observations, and its interpretation misreads its own p-values ('the P-value for Roles was (0.78, which is also <0.05)')."
4,W7127141106,2026,The Impact of Social Media on Shaping Voter's Political Opinions (Sri Lanka 2024),UNSURE,EXCLUDE,,,,"""According to the survey results, 20 respondents identified, rapid spread of fake news and misinformation is mainly affected for shaping voter behavior""","attribution/perceived-influence item, not an encounter: concern and perceived influence are not exposure","Only numbers in the paper are counts of respondents (of 100) picking one of six ""main reasons"" social media shaped voter opinion; 20/100 chose the fake-news reason. This is which factor the respondent judged most influential, not whether they met misinformation, and not a claim about how much of what they see is false (Addendum B test fails). No other quantitative outcome; the two bar charts are the only results."
4,W7128435088,2026,Cybersecurity risk of frequent social media use among Gen Z influencers (Kisii University Kenya),UNSURE,EXCLUDE,,,,"Table 2 descriptives: ""fake news reports (mean = 1.2, max = 31)"" per page-week; no share reported","no denominator: misinformation enters only as a count of reports per page-week, never as a share of a defined set of items or people","440 page-week observations over 100 Facebook pages. Misinformation reports are a raw count variable and are not even carried into the GEE model (x7 is clicks on suspicious links). Paper quality is poor: variable labels shift between tables (x1-x9 in Table 1 vs x10/x12/x13 in Table 3), the text mis-maps variables to the table it is describing, 100 pages vs ""110 participants"" contradiction, and the p-values quoted in the GEE narrative (x2 p=.287, x3 p<.001) contradict Table 5 (p=.425, p=.425/.009). Would be unsafe to extract even if a share existed."
4,W7133342276,2025,Changes in the News Paradigm in Online Journalism,UNSURE,EXCLUDE,,,,"Table 2 lists instrument item ""Believing hoax news from online media (5 items)""; Results report only K-S, heteroscedasticity, linearity and hypothesis tests",no qualifying share: the hoax items are never reported as a percentage; only test statistics are printed,"N=30 Indonesian survey. The only percentage in the paper is ""variable X had a nominal 50% effect on variable Y"", a regression/paradigm-influence figure, not exposure. Item-level distributions are not printed anywhere; three of the five result exhibits are images (Figures 1, 2, 4) whose contents are not in the text layer, but they are test-output tables, not item frequencies. Statistics are internally incoherent (""Thitung < Ttabel where the p-value is 0.0008 < 2.04""; coefficient of determination of -19%)."
4,W7133549571,2026,Cultural Bait: Kwai's cold start algorithm and the instrumentalization of Brazilian culture,INCLUDE,EXCLUDE,,,,"""Heterogeneous transversal topics-38% of all clusters-highlight Misinformation Content (9.49%), Latin Motivational (9.35%), Rural Humor (8.25%), and Violence ClickBaits (5.91%)""","Addendum G: a misinformation THEME is not a misinformation share - the label comes from unsupervised clustering plus author consensus, with no falsity judgement on any item","OVERTURNS abstract-stage INCLUDE. ~4,000 Kwai cold-start recommendation THUMBNAILS were embedded with a ViT, reduced by PCA/UMAP and clustered with HDBSCAN; cluster labels were ""assigned after qualitative rounds and author consensus"". No claim in any video was checked against anything, and ""audio and captions were not analyzed"", so falsity could not have been coded. The 9.49% also has an unclear denominator (share of all recommendations vs of the heterogeneous-transversal subset) - the surrounding percentages do not sum consistently."
4,W7133591808,2025,Redes sociales y desinformacion economica: impacto en la ciudadania digital (Ecuador),UNSURE,EXCLUDE,,,,"Tabla 2 (content analysis of 20 viral posts): ""Ausencia de fuentes oficiales 65%; Narrativa partidista 75%; Explicacion tecnica 20%; Contextualizacion economica 25%; Referencia a datos verificables 30%""","stance and source-transparency are not accuracy: veracity is listed as a coding criterion but no falsity share is ever reported; the survey items are concern/perception, not encounter","403-respondent survey plus content analysis of 20 viral economic posts. Survey figures are all concern or perception: 52.4% name disinformation as a main problem of economic information on social media; 40.4% report low trust; 38.5% think algorithms favour false content; 83.6% think the content is politicised; 63.8% call politicisation a main problem. None is an encounter or a claim about how much of what they see is false. The content analysis codes ""nivel de veracidad"" in the method but Tabla 2 reports only absence of official sources, partisan narrative, technical explanation, contextualisation and verifiable-data reference - source-transparency and stance measures. Denominator for the content analysis is 20, at the review's low-N caution threshold."
4,W7154697307,2026,Digital Democracy in India: Social Media Public Opinion and Election Polling (2010-2025),UNSURE,EXCLUDE,,,,"""The findings indicate that a majority of respondents rely on social media as their primary source of political information... A significant proportion acknowledged that social media influenced their perceptions""",Addendum F: no numeric value - the entire empirical section is verbal quantifiers with no printed number,"Three-page IOSR article. Section IX ""Empirical Findings and Analysis"" reports a 2024-2025 primary survey but gives no sample size, no table, no percentage and no figure. Misinformation appears only as ""concerns about misinformation and biased content"", which would fail the concern rule even if a number existed."
4,W7161962711,2026,When Social Media Becomes a Problem: Communication Failures in Nigerian Political Campaigns,INCLUDE,INCLUDE,RECALL,72.7,399 adult residents of Uyo Nigeria surveyed,"Table 2 ""Experiences of Communication Failures on Social Media"": row ""Exposure to misinformation"" Very Frequent 170 (42.6%) + Frequent 120 (30.1%) = 72.7%; text: ""respondents most frequently reported exposure to misinformation (72.7%)""","the row names an ENCOUNTER on a frequency scale (Addendum E first branch), so it is self-reported recall","Cross-sectional survey, Uyo, Nigeria, 2025, sample of 399 by Taro Yamane, cluster plus simple random sampling; the 72.7% is Very Frequent + Frequent combined. Same battery also gives fake campaign promises 70.2%, delayed clarifications 67.7%, contradictory messages 65.2% - none of those is a falsity encounter (broken promises and message inconsistency are not misinformation), so only the misinformation row qualifies. Item wording is not printed, only the row label, which under Addendum E is enough here. DATA-QUALITY WARNING for the extractor: the cell counts recur suspiciously across Tables 2 and 3 (39, 49, 70, 120, 150, 170 repeatedly) and every row totals exactly 399, so the tables may be constructed rather than observed; a human should look before extraction."
4,W7162938155,2026,FOMO as a driver of hoax dissemination in the Prabowo era using MLP,UNSURE,INCLUDE,CONTENT,23,"5,385 TikTok and Facebook comments about the Prabowo-era government","Sec 2.2: ""The data distribution is imbalanced, where approximately 34% of the data belong to the FOMO category and 66% to Non-FOMO, while 23% are classified as Hoax and 77% as Non-Hoax""","item-level manual truth labelling of a topic-defined comment corpus, not a misinformation-only corpus","Corpus was crawled by topic (Prabowo-government discussion) via Apify, not assembled from fact-checks, so the misinformation-only-corpus rule does not bite. Two caveats for extraction: (1) the labelling rule mixes falsity with source credibility - ""based on information validity, including misleading content, exaggeration, and lack of credible sources"" - so the class is not purely a falsity judgement; (2) the 23% headline conflicts with the confusion matrix, where the 20% test split holds 269 hoax of 1,077 = 25.0%. Labelling is manual with no coder count, no codebook and no reliability statistic. Unit is user COMMENTS, not posts or articles."
4,W7163804487,2026,The Role of Social Media in Influencing Investment Decisions,UNSURE,EXCLUDE,,,,"Table 4: 20 of 110 respondents chose ""Mostly Harmful - Too Many Risks/Misinformation"" as their view of social media for new investors","concern and evaluation are not exposure: the only misinformation-bearing item asks whether social media is helpful or harmful, not what the respondent encountered","110 young Indian investors, convenience sample. No exposure or encounter item is printed anywhere; results are two chi-square cross-tabs plus narrative. Text says respondents ""pointed out challenges such as misleading information and lack of content verification"" with no number attached (Addendum F would also bite). Reporting is poor: H1 and H2 are each stated as ""accepted"" while the null is rejected, and the two labels are used interchangeably."
4,W7165841923,2026,Pengaruh AI di media sosial terhadap penyebaran hoaks dan persepsi kepercayaan mahasiswa (Sriwijaya),UNSURE,EXCLUDE,,,,"Sec 4.4: R2 = 0.774; Y = 5.829 + 1.206 X1 + 2.472 X2, with X2 = penyebaran hoaks (hoax dissemination) as a Likert composite",no denominator: hoax spread enters only as a Likert predictor in a regression; no share of respondents is reported,"58 Indonesian students (of a 136 population). Only validity, reliability, assumption tests, t/F statistics, R2 and regression coefficients are reported; no item frequencies, no descriptive percentages. Also note the finding is incoherent on its face - both AI exposure and hoax dissemination are reported as raising trust in information, and the authors do not address the sign."
4,W7166447493,2026,Therapeutic frequencies in digital music culture: content analysis on technical accuracy,INCLUDE,INCLUDE,CONTENT,92,150 digital music contents titled with a specific Hz value across 7 platforms,"Table 2 ""Distribution of the technical accuracy of the contents"" (n=150): Containing the Promised Frequency 12 (8%); Containing Incorrect/Incomplete Frequency 138 (92%); text: ""The fact that the promised Hertz value was found in only 12 contents (8%) points to a serious inconsistency""","item-level factual verification of each item's own claim against FFT spectrum analysis, on a topic-conditional sample (Addendum C)","Purposive criterion sample: content on YouTube, YouTube Music, Instagram, Spotify, Fizy, Apple Music, Deezer with at least 10,000 interactions and a specific Hz value (432/528/639 Hz) in the title or description. Each file's first stable 60 s was FFT-analysed three times; the item was counted accurate if the titled value was the dominant spectral peak within +/-3 Hz. Two-coder content analysis, Krippendorff alpha 0.82 (that alpha covers the discursive coding, not the FFT test, which is instrumental). FOR THE EXTRACTOR: the accuracy claim tested is narrow - whether the audio actually contains the frequency named in the title - and NOT whether the health claims (DNA repair, cellular resonance) are true; those are never coded. Second figure, 86% (129/150) containing only low-tempo music, is a musical-structure descriptive, not a falsity measure. Denominator is topic-conditional: every item in the sample makes a healing-frequency claim, so record the restriction."
4,W7168027278,2026,Digital Battle for Truth: Misinformation on Social Media and Youth Evangelisation (Nigerian Catholic Church),INCLUDE,INCLUDE,RECALL,75,500 Catholic youth surveyed across Nigeria's six geopolitical zones,"Figure 1 ""Exposure level"": Very High 35%, High 40%, Moderate 15%, Low 7%, Very Low 3%; text: ""a combined 75% of respondents report high or very high exposure to religious misinformation""; abstract: ""75% of respondents reporting frequent encounters with misleading religious content""",self-reported frequency of encountering misleading religious content - the item names an ENCOUNTER on a frequency scale (Addendum E first branch),"Convergent mixed-methods: online survey of 500 young Nigerian Catholics (Google Forms, distributed via online platforms, email and parish youth centres) plus 30 interviews. The 75% is High + Very High combined; 10% report low or very low. The construct is religious misinformation specifically, not general misinformation, and the exposure scale is a self-rating rather than a count of encounters - record both restrictions. Other figures are not prevalences: platform attribution among the exposed (WhatsApp 82%, Facebook 70.8%, TikTok 59.2%, Instagram 40.2%), effects (confusion 42.8%, trust in online prophets 35.2%, syncretic beliefs 31.6%, doubts about Church authority 26.4%), and response behaviour (35.2% ignore, 12.8% share without verifying, 6% use fact-checking tools). Sampling is self-selected online recruitment with no response rate, and the exposure result is presented only as a pie chart, though every value is also printed in the text."
5,W7171843315,2026,Vernacular health misinformation and its negotiation by frontline community health workers,INCLUDE,INCLUDE,CONTENT,41.3,480 observed CHW-community member interactions,"""Of the 480 observed interactions, 198 (41.3%) contained at least one misinformation encounter.""",share of directly observed interactions containing a false health claim; denominator is the full observation sample not a misinformation-only corpus,"Unit of analysis is a face-to-face INTERACTION, not a post or a person - flag for the extractor. Domain-specific rates are given as encounters per 100 interactions (HIV/AIDS treatment 55.8 per 100; traditional medicine 45.5 per 100) and can exceed 100 in principle, so they are rates not shares. Table 1 (n = 198) is a within-misinformation category breakdown and is NOT a prevalence. Fig 1 heatmap holds the province x domain rates and is figure-only. Quality caution: journal is low-tier (IJAMCJ), coding framework is thin, and inter-rater agreement is reported as 84.6% / kappa 0.79 without detail."
5,W7203664307,2026,The Role of Artificial Intelligence in Combating Climate Change Misinformation Across Digital Media Platforms,UNSURE,EXCLUDE,,,,"Table 2: mean weekly encounters 9.24 before vs 5.12 after, ""a 44.6 % reduction""; Figure 1 platform distribution 28.0% Facebook","no qualifying share of people who encountered misinformation - the exposure measure is a MEAN COUNT of weekly encounters, and the 44.6% is a percentage change not a prevalence","Abstract stage was right to doubt. The only percentages over the 300 respondents are (a) which platform they most encounter climate misinformation on (Facebook 28.0%, X 22.0%, YouTube 17.0%) - a distribution over platforms among all respondents, not a share who encountered anything, and (b) 68% trusting AI-verified content, which is trust, not exposure. Figures 1-4 are image-only in the text file."
5,W7172338269,2026,The Role of Social Media as a Platform for Citizen Journalism in Sri Lanka,UNSURE,EXCLUDE,,,,"""Findings"" section: ""it is reasonable to expect that engagement within this specific sample of 100 will not be uniform""; conclusion: ""This research paper has outlined a mixed-methods study design""",no numeric value (rule F) - and in fact no data at all: the paper is a study design whose Findings section states expectations rather than results,"HUMAN FLAG: this is published as an empirical paper but reports zero collected data. Every ""finding"" is phrased as what respondents ""are expected to"" report, including the misinformation one (""Politically engaged respondents within the sample are expected to report disproportionately higher exposure to misinformation""). Unsafe to extract anything from it."
5,W7203733034,2025,"The Role of Fake News, Deceptive Propaganda on Social Media in Shaping Public Perceptions",INCLUDE,EXCLUDE,,,,"Table 2 Descriptive Statistics, item 1: ""I frequently encounter fake news on social media."" M = 4.21, SD = 0.85","no numeric value (rule F) - the encounter item is reported only as a Likert MEAN, with no share of respondents agreeing and no top-box percentage","Overturns the abstract-stage INCLUDE. N = 356 Karachi respondents; the paper prints means and SDs for 20 items and percentages only for demographics. Item 3 (""I have shared news on social media without verifying its authenticity"", M = 3.75) would have been self-reported sharing, also mean-only. If a top-box percentage ever surfaces the paper becomes eligible on item 1."
5,W7204608296,2026,Evaluating the Clinical Utility of Large Language Models in Otolaryngology Patient Education,UNSURE,EXCLUDE,,,,"""ChatGPT responses averaged an FRE score of 42.5, while Gemini responses averaged 43.8""; ""Accuracy data is currently being collected.""",quality instruments are not accuracy - the only reported measure is Flesch Reading Ease readability; the accuracy scoring had not been done,"One-page student research-day abstract (246 words). Denominator would have been 16 LLM answers (2 procedures x 4 questions x 2 models), below the corpus floor of 20 in any case. Confirmed the text is the right article (Jefferson Digital Commons, Ganju & Luginbuhl)."
5,W7168358815,2026,From labels to influencers: evaluating the alignment of nitrate and beetroot juice claims on sports supplement marketing with scientific consensus,INCLUDE,INCLUDE,CONTENT,61.1,18 nitrate/beetroot supplement products marketed in Europe,"""Only 38.9% of the supplements did comply with the protocols established by the literature, among those who did not comply with the protocols we found that the most common reason was that they made a mistake in the time to take the pre-exercise supplement, stating that they had to take it 1 h before exercise instead of 2 h.""",share of products giving use advice that contradicts the evidence-based consensus protocol - advice contrary to a standard is accuracy under the coverage rule (addendum C precedent),"VALUE IS A COMPLEMENT: the printed number is 38.9% compliant; 61.1% is 100 minus that, and the paper never prints 61.1 for this quantity (it prints 61.1% for a different thing - products dosing 300-500 mg). Extractor should decide which side to store. Second candidate share, claim-level: ""Across the 18 products analyzed, we identified 25 different performance- and health-related statements about the effects of NBS. Only two of these were aligned with the formulations used by the main scientific bodies"" = 23/25 (92.0%) of distinct claims not aligned, denominator 25 claims. CAUTION on that one: the paper's YES/PARTIALLY criteria mix genuine unsupported claims (""regulates the immune system, brain, arteries, liver, pancreas, uterus and lungs""; ""improves cognitive function in young adults"") with mere wording or terminology mismatches for consensus-supported effects, so it is part accuracy and part regulatory-wording compliance. Table 2b lists per-claim product percentages. DENOMINATOR BELOW 20 (n = 18 products) - flagged per the no-floor-but-note rule. No inter-coder reliability computed (the paper says so explicitly); coding disagreements resolved by deliberation to 100% agreement."
5,W7204568363,2026,Trust and Misinformation in Youth Digital Mental Health Information-Seeking in Kenya: Implications for Diagnosis Accuracy and Treatment-Seeking Behavior,INCLUDE,UNCERTAIN,,,,"Table 4: ""Misinformation / harmful coping scripts | 57 | % youth reporting exposure""; Table 3 ""Misinformation exposure patterns and reported effects on diagnosis accuracy (survey synthesis)"": symptom checklist 58, simplified causal claims (""this means you are traumatised"") 49, label-as-identity narratives 47, pseudo-therapy and unregulated counselling claims 39, anti-treatment narratives (""therapy is useless"") 21",item wording is never printed and the headline row is a disjunction - cannot settle whether any share is an encounter with FALSE content,"WHAT IS MISSING: (1) the survey instrument is never reproduced, so no item wording exists anywhere in the paper; (2) the 57% headline row is ""Misinformation / harmful coping scripts"", misinformation as one branch of a disjunction, which addendum G rules out as a construct; (3) Table 3 rows mix content FORMAT and FRAMING (symptom checklists, label-as-identity narratives) with things closer to inaccurate claims (simplified causal claims, anti-treatment narratives), and none is described as truth-coded; (4) no table states its denominator - the survey N is 412 youth aged 15-29, but Table 1 stratifies by pathway entry route, so it is not certain the Table 3 and 4 percentages are over the full 412 rather than over a pathway subgroup. If a human judges ""Misinformation / harmful coping scripts"" close enough, the estimate would be RECALL, 57%, denominator 412. QUALITY FLAG: section 3 opens ""findings from the convergent mixed-methods analysis of neurocognitive and psychosocial drivers"", which does not match the study; two table captions say ""survey synthesis""; single author, low-tier publisher. Treat as unsafe to extract without a human look."
5,W7171979756,2026,The Influence of Religiosity and Digital Literacy on Anti-Religious Misinformation Behavior Among Social Media Users in Indonesia,UNSURE,EXCLUDE,,,,"Table 3 Descriptive Statistics: ""Anti-Religious Disinformation Behavior, Mean 2.41, SD 0.74""; abstract: ""Based on the simulated findings...""","no numeric value (rule F) - the disinformation-sharing measure is a five-item Likert composite reported only as a mean, with regression coefficients and R2 = 0.389; no share of respondents","Confirms the abstract-stage doubt. Percentages in the paper are demographics only (Table 2). HUMAN FLAG: the abstract says ""Based on the simulated findings"", and the results read as a template - the data may not be real. Would be unsafe to extract from even if a share appeared."
5,W7172294287,2026,PENGARUH PENGGUNAAN MEDIA SOSIAL BERMUATAN INTOLERAN TERHADAP SIKAP TOLERANSI MAHASISWA PPKn UNIVERSITAS TANJUNGPURA,UNSURE,EXCLUDE,,,,"Tabel 2 ""Bentuk Paparan Konten Intoleran di Media Sosial"" (percentage of students who had ever encountered each): hate speech 92%, content demeaning an ethnic group or culture 93%, negative stereotypes 80%, comments cornering a group 90%, discriminatory images 83%, hateful videos 85%, intolerant content packaged as humour 95%","stance is not falsity - every one of the seven exposure rows codes hate, stereotype or discrimination, with no truth judgement anywhere","The shape is right (percentage of the 100 students who had ever encountered each content type, so denominator and construct machinery are there) but no row is about false content. ""Hoaks"" appears in the abstract's narrative list of intolerant content types and in the literature review, and never as a table row or a percentage - so there is no hoax-encounter share to take. Table 3 reports tolerance attitudes, not exposure. English translation of the Tabel 2 header: ""Forms of exposure to intolerant content on social media / Percentage of students who had ever encountered it""."
6,W2031136850,2012,More than meets the eye,UNSURE,EXCLUDE,,,,EMBO reports science & society feature on scientific data visualization; no misinformation measure anywhere in the text,review/commentary; not an empirical study and no falsity coding,"Text confirmed to be the right article (Rinaldi, EMBO reports 13(10):895-899, doi 10.1038/embor.2012.135). It is a magazine feature on scientific visualization; the abstract stage flagged it only because the title is uninformative."
6,W2965916618,2019,Social Media Outrage in Response to a School-Based Substance Use Survey: Qualitative Analysis,UNSURE,EXCLUDE,,,,"Table 2: 'Conspiratorial or irrational 19 (14.3)' of N=133 negative comments; and 'Although there was no overarching code for misinformation, comments in each of these categories ... logically presupposed inaccurate information'","no falsity coding (Rule G) — the category is a thinking-style disjunction, not an item-level truth judgement","The 14.3% category is defined as 'comments displaying conspiratorial thinking or creation of implications that demonstrably surpass a reasonable person standard' (mostly Nazi-Germany comparisons), i.e. rhetoric, not verified false claims; its denominator is also the negative subset (133) not the full 207. The 99/207 (47.8%) aggregate lumps parental autonomy/privacy, child protective services, conspiratorial-or-irrational, prevent-abuse and hiding-something, and the authors state explicitly there was no misinformation code; 7.2% (15/207) is the share that DID contain factual information, an inverse-coverage measure, not a falsity share."
6,W3089036524,2020,A Transparent Digital Election Campaign? The Insights and Significance of Political Advertising Archives for Debates on Electoral Regulation,UNSURE,EXCLUDE,,,,"Results report ad spend and archive coverage only, e.g. '£2,814,066 was spent on online adverts. This constitutes 14% of the total possible spend'; the only occurrences of 'false' are 'false positives' in the actor-matching procedure","no falsity coding — ads are coded for advertiser type and spend, never for accuracy","Facebook and Google ad-archive transparency study (UK 2019 general election). 'Disinformation' appears once, in a cited DCMS committee report title. Nothing to extract."
6,W4391623400,2024,Using Social Listening for Digital Public Health Surveillance of Human Papillomavirus Vaccine Misinformation Online: Exploratory Study,UNSURE,EXCLUDE,,,,"Results section is Table 1, a qualitative CDC-attribute feasibility matrix ('Social listening opportunities' / 'Social listening limitations'); no post counts, no denominator, no percentage anywhere",reports no data — feasibility assessment with no observations (Rule J),A 'misinformation' sentiment category was built into the Brandwatch dashboard but no volume or share of posts in it is ever reported. The only numbers in the paper are a price (>=US $2500 annually) and dates. Authors also state the AI classification 'was not completely accurate upon periodic spot reviews'.
6,W4400887711,2024,Descaling psoriasis narratives on TikTok: A cross-sectional study,INCLUDE,INCLUDE,CONTENT,45,47 educational psoriasis TikTok videos (of 134 English-language #Psoriasis videos screened from the first 200),"""We found that of the 47 educational videos, around 55% (n = 26) were classed as reliable whilst the remaining 45% (n = 21) were deemed unreliable.""",qualifying content share: videos judged unreliable against NICE guidelines/CKS,"Denominator is topic/type-conditional (educational videos only), acceptable under Addendum rule C; record the restriction. 21/47 = 44.7%, printed as 'around 45%'. Sample construction: first 200 #Psoriasis videos, 65 dropped as non-English and 1 off-topic, leaving 134; only the 47 educational ones were reliability-coded, so the whole-sample equivalent would be 21/134 = 15.7% (NOT printed by the paper — do not report it as theirs). Table 1 breaks the 47 down by creator (Dermatologist 16 reliable / 0 unreliable; health-wellness guru 2 / 13; other 8 / 8) but the row totals give 47 only if read as 16+0+2+13+8+8 = 47, consistent. Unreliable content described as advising discontinuation of prescribed medication, i.e. advice contrary to a standard, so accuracy not merely quality. Engagement figures (2 million likes reliable vs 850,000 unreliable) are totals, not a share, and Figure 2 (proportion of likes by source) is figure-only. Single-author research letter, two pages, no reported intercoder reliability."
6,W4282838978,2022,#mediterraneandiet: A Content Analysis of Mediterranean Diet - Related Information on TikTok,UNSURE,EXCLUDE,,,,"""Preliminary results suggest two main interpretations of the MD on TikTok""; the only quantitative statement in the whole item is the intercoder reliability, 'k = .84'",no numeric value (Rule F) — one-page conference abstract with no accuracy share,"200 TikTok videos coded on 62 variables, but the abstract reports no falsity or misleading-content variable and no percentage. Findings are stated qualitatively ('clear examples emerged of individuals conflating these two concepts'); 'potentially-misleading online content' appears only in the conclusion as a generic worry. Current Developments in Nutrition supplement abstract (2 KB)."
6,W3188384768,2021,The Impact of COVID-19 on Conspiracy Hypotheses and Risk Perception in Italy: Infodemiological Survey Study Using Google Trends,UNSURE,EXCLUDE,,,,"""Through the iterative comparison of RSVs, it was possible to estimate that, in the last 12 months, this query represented about 0.04% of COVID-19-related web searches.""","not exposure — Google Trends relative search volume measures search interest (what users asked for), not misinformation content encountered","BOUNDARY CALL, flagged for a human. The 0.04% is the only share-shaped number in the paper and it does have a denominator (COVID-19-related web searches), but (i) the unit is a search query about the engineered-virus claim, not a piece of content the user met, which the 'what was MET is what counts' rule puts outside RECALL/EXPOSURE, and (ii) Google Trends returns only normalised relative search volumes, so the 0.04% is inferred by chained RSV comparisons, not observed; there is no counted denominator. Everything else in the paper is RSV percentage changes and t tests. The heat-map index (Figures 4, 6) is a within-pair split of conspiracy vs antihoax queries, again relative and figure-only."
6,W4221007759,2022,Misinformation versus Facts: Understanding the Influence of News regarding COVID-19 Vaccines on Vaccine Uptake,INCLUDE,INCLUDE,CONTENT,0.68,"~4,000,000 geotagged US English vaccine-related tweets and retweets, 19 Apr-30 Jun 2021","""we detected 26,998 fake-news-related (fake news, conspiracy theories, unreliable contents, or extremely biased news) and 456,061 fact-related tweets""; sample described as ""Nearly four million geotagged tweets as well as the retweets ... were collected. The average number of geotagged tweets per state is 79,894""",qualifying source-level share of tweets linking to unreliable domains,"SOURCE-LEVEL (Addendum rule H): classification is by URL domain against a Columbia Journalism Review list of 1,125 domains merging PolitiFact, FactCheck, OpenSources and Snopes lists; no tweet was itself truth-coded. THREE THINGS FOR A HUMAN. (1) The percentage is NOT printed; 0.68% is 26,998 divided by the stated 'nearly four million', and the exact corpus N never appears (79,894 x 51 gives ~4.07M). Extraction must decide whether an approximate denominator is acceptable. (2) The flagged group is a disjunction: 'fake news, conspiracy theories, unreliable contents, or extremely biased news', and the paper defines the last branch as sources that 'come from a particular point of view and may rely on propaganda, decontextualized information, and opinions distorted as facts' — i.e. it mixes a credibility list with a hyperpartisan one, which Addendum rule D treats as different things. (3) Construct could equally be OBSERVED SHARING: the units are tweets including retweets and quotes carrying a link, from platform data. Also available: 456,061 fact-related tweets (11.4%); 10,925 unique fake-news users vs 159,283 fact users, with no total-user denominator printed; 6,839 users in both groups, '62.6% and 4.3% of the fake-news-related users and fact-related users' (an overlap share within the flagged group, not a prevalence); state-level user percentages exist only in Figures 1(a) and 1(b)."
6,W4221106178,2022,Hesitancy towards COVID-19 vaccines on social media in Canada,UNSURE,EXCLUDE,,,,"""Notable too was the extent of misinformation and misrepresentation in user comments."" — the only table in the paper (Table 1) lists the 19 source articles and their comment counts; no code frequencies are reported","no numeric value (Rule F) — qualitative thematic analysis, no share of the 1145 comments is given for any code","1145 CBC comments from 19 articles, coded inductively into themes with illustrative quotes only. The paper's contribution is conceptual (distinguishing 'misrepresentation' from misinformation); it never counts either. The percentages that do appear (80% of Canadians vaccinated, 11% unvaccinated, 20% in a cited survey) are national statistics and one article headline, not properties of the comment sample."
6,W4281755992,2022,How Official Social Media Affected the Infodemic among Adults during the First Wave of COVID-19 in China,UNSURE,EXCLUDE,,,,"The infodemic scale's five items: ""the information I received exceeded my capacity to cope with it""; ""I felt panicky when I saw the amount of information""; ""I constantly sought information""; ""I often forgot to respond to other important messages""; ""I found it difficult to obtain reliable information when I needed help"" (5-point agree scale, used only as a latent variable)","concern and overload are not exposure — the 'infodemic' construct measures information overload and difficulty finding reliable information, not misinformation encountered","1398 WeChat respondents. No share of any kind is reported for the infodemic construct: results are PLS-SEM path coefficients (IQ to infodemic beta = -0.294; cascades 0.242; support -0.387) plus mediation and moderation tests. The only percentages in the paper are the demographic composition table. Even if a share had been printed, no item asks about encountering false or misleading content."
6,W4400112596,2024,Followers do not dictate the virality of news outlets on social media,UNSURE,EXCLUDE,,,,"""According to NewsGuard ratings, our dataset comprises 898 reliable sources and 131 nonreliable ones. We performed a sampling of 131 reliable sources to have two comparable samples.""","no qualifying share — outcomes are engagement and follower growth-rate distributions by reliability label; no share of posts, engagement or users is reported","57M Facebook posts, 2008-2022, from 1000+ NewsGuard-rated outlets in four languages via CrowdTangle. The reliability comparison is Mann-Whitney tests on growth-rate distributions between 131 Questionable and 131 distance-matched Reliable pages, plus fitted Laplace/Burr parameters — no prevalence. The only share-shaped number is 131/1029 = 12.7% of outlets rated non-reliable, which is a property of the NewsGuard sampling frame (outlets NewsGuard rated AND that have a Facebook page), not a prevalence in any audience or content population; the paper never computes it. Flagged in case a human wants it as source-list composition."
6,W4401396909,2024,The COVID-19 infodemic as a major driver for vaccine hesitancy in conflict settings: a mixed-method study,INCLUDE,EXCLUDE,,,,"Table 3: ""The COVID-19 vaccine infodemic's effect on health decisions — No 220 (55.00), Yes 152 (38.00), No answers 28 (07.00)""; Table 2 the same shape for effect on physical and mental health (Yes 134, 33.50)","perceived impact is not exposure — the item asks whether misinformation AFFECTED the respondent, so a respondent who encountered it but was unaffected is not in the numerator (the logic of Addendum rule E)","Overturns the first-pass INCLUDE, which was presumably taken on the abstract's 38%. Neither survey item asks about encountering misinformation; both ask about its effect on the respondent, and the paper's own prose reads the majority answer as respondents who 'think vaccine misinformation has no negative impact on their health'. Non-response is 6-7% on both items, so the denominator for the 38% is all 400 surveyed, not the 372 who answered. Table 4's hesitancy reasons ('Many rumors about the vaccine' 55, 13.75%) are reasons for refusal, are multiple-response, and are percentaged over 400 although the question was asked only of the 243 who said they would not take the vaccine — the eight reason rows sum to 261 responses, so that denominator is wrong as printed; not extractable either way. The social-listening arm (1869 documents: 1855 tweets, 14 Facebook posts, Jan-Apr 2022) mentions '41 categories of COVID-19-related narratives, including ... misinformation, disinformation' but reports no counts per category — only six themes with quotes. Prose also says 'nearly half of the participants (N = 243, 61%)', which is not nearly half."
7,W4410518719,2025,Assessing the Quality and Safety of Do-It-Yourself Cosmetic Neuromodulator Injection Tutorials on YouTube,UNSURE,EXCLUDE,,,,Table 1 'Summary of guideline adherence across assessed videos': Reconstitution and dilution process 7.5%; Understanding of neuromuscular and structural anatomy 66%; Proper dose determination 17%; ... 'Videos covered an average of 1.51 (SD = 1.22) out of the seven guidelines.',"coverage is not accuracy: the 40 videos are scored on whether they COVER each of seven Medication Guide Insert points, plus credentials and engagement; no item is judged true or false","Two-page Letter. Denominator is 40 of 101 screened videos. Nearest thing to an accuracy figure is a practice measure, not a truth judgement: 82% used sterile technique (so 18% did not) and 4.7% demonstrated sharps disposal; the paper frames all seven as guideline COVERAGE ('videos covered an average of 1.51 out of the seven guidelines'), and 39% 'lacked a discussion of complications' is explicitly an omission. Flagged as the borderline in this batch under addendum rule on 'demonstrates a practice contrary to a standard'."
7,W4415153409,2025,Vaccination Conversations on X in Spanish and Catalan: Qualitative Content Analysis,INCLUDE,EXCLUDE,,,,"Table 2 'Descriptive overview of theme frequency': Theme 2 vaccine skepticism and criticism 93 (24.2%) of 384 tweets; theme 2 text: 'Some posts reflected doubts or criticisms about the efficacy, safety, or necessity of vaccines.'","no falsity coding (rule G): the only counted category is a stance/skepticism THEME that mixes doubt, criticism and complaint with false claims, and stance is not falsity","Misinformation is the FIFTH SUBTHEME of theme 2 and carries no count anywhere in the paper - only illustrative quotes in Table 3. The theme is a disjunction ('doubts or criticisms about the efficacy, safety, or necessity'), so an item in it need not be false. Theme 3 (provaccination, 18.7%) explicitly contains a 'debunking myths' subtheme, confirming the code frame is stance-based. Sample: 384 tweets subsampled from 479,734; NodeXL random sample of unknown sampling frame, which the authors flag as a limitation."
7,W7154970701,2026,Perception of Information and Disinformation on Social Media,INCLUDE,EXCLUDE,,,,"Figure 1 / Results: Proposition 3 'The greatest spread of rumours and disinformation on the internet occurs via social media' - 67.6% totally or mostly agree (34.0% + 33.6%), n = 1,800; Proposition 4 'Continuous exposure to information on social media helps distinguish fake from real news' - 43.1% mostly or totally agree",concern/belief about the medium is not exposure (and skills are not exposure): neither of the two disinformation items asks how much of what the respondent SEES is false,"Well-powered survey, N = 1,800 Spanish 14-24 year olds, quota sampled, Oct-Nov 2024; all four propositions printed verbatim with full 5-point distributions. Rule B was the hard call here: proposition 3 is a comparative claim about WHICH channel spreads most disinformation, not a claim about the quantity of false content the respondent encounters, so it fails rule B's test; proposition 4 is a self-assessed detection ability item, explicitly out. Worth a human eye if the review ever widens to perceived-locus items."
7,W7155216858,2025,"Between truth and doubt: The credibility of social networks, an analysis of perceptions of truthfulness",UNSURE,EXCLUDE,,,,"'users' credibility in social media, especially related to facebook showed that 42.3% express they believe in the information presented on this social media, notwithstanding the majority (57.7%) shared that they do not trust the information displayed there' (n = 456)","concern/trust is not exposure: the only quantified item is generalised trust in Facebook content, which makes no claim about how much of what respondents see is false","5-question Google Forms survey of 456 in Bogota; the only other number is 249/456 (about 55%) naming Facebook as their main news gateway. Numbers appear in text and in Figures 2-4 only; no tables. Quality problems: the sample is described as 87% aged 18-25 and 13% aged 30-55 with no remainder; the survey instrument is never reproduced, so the exact wording behind 42.3%/57.7% is unknown; the article is padded with long passages of unsourced generalities. Would become an UNCERTAIN rather than an EXCLUDE only if the item turned out to ask about the share of false content, which the printed text does not support."
7,W7170062586,2026,Use and Misuse of Social Media and National Security in Africa: A Delicate Balance between Order and Liberty in Kenya,UNSURE,EXCLUDE,,,,"Table 2 'Participation in Social Media Activism and Unknowingly Participating in Misinformation': Pearson r = .621, p = .000, N = 262. No frequency or percentage is reported for the misinformation variable anywhere in the paper.","no numeric value (rule F applied to a construct that is otherwise right): the misinformation-participation variable is reported only as a correlation, never as a share","The construct would have been self-reported sharing (RECALL) had a share been printed. Only percentages given are platform use (WhatsApp 81.6%, TikTok 58.0% ...), participation in or observation of activism (73.1%), most influential platform (X 52.1%) and perceived riskiest platform (X 59.4%) - all perceived risk, which the criteria exclude. Quality problem for a human: the announced sample is 384 users, but both correlation tables report N = 262, and the discrepancy is never explained; no descriptive table for any survey item."
7,W7170181457,2026,Assessing Alopecia Areata Misinformation: Social Media Analysis,INCLUDE,INCLUDE,CONTENT PREVALENCE,0.0,"98 YouTube videos retrieved under #alopecia / #alopeciatreatment, 17-24 July 2024","'Of the YouTube videos analyzed, 76% (n=75) were categorized as ""other,"" 13% (n=13) as ""accurate and medical data-backed,"" and 10% (n=10) as ""limited or anecdotal evidence""; no videos were classified as ""misinformed and/or false.""'","explicit falsity category ('misinformed and/or false': inaccurate or misleading claims) applied item by item to a topic-defined sample, not a misinformation-only corpus","Four further qualifying shares for extraction, all CONTENT PREVALENCE: TikTok 1% (n=2) of 222 videos misinformed/false; and two topic-conditional denominators in the sense of addendum C - among the 23 YouTube videos that actually addressed AA treatment, 0% misinformed/false, and among the 52 such TikTok videos, 3.8% (n=2, printed as 3%). Percentages in the abstract use the full platform denominator (222) while the Results section uses the treatment-only denominator (52), so 'limited or anecdotal evidence' appears as both 5% and 23% for the same n=12; the extractor must record which denominator each value uses. Quality: single reviewer coded everything, no interrater reliability, one-week collection window; a chi-square comparing platforms (P=.15) is run on 2 misinformed videos."
7,W7171617153,2026,Untrustworthy sources on Facebook and Instagram in 2020: Concentrated exposure but no attitudinal effects,INCLUDE,INCLUDE,AUDIENCE EXPOSURE,1.1,"all content viewed in Feed by the median active US adult Facebook user, 7 Aug - 23 Sep 2020 (231 million monthly US accounts)","'Overall, just 1.1 and 0.1% of the content that the median user saw on Facebook and Instagram, respectively, were from an untrustworthy source.'",behavioural exposure share with a platform-population denominator,"SOURCE-LEVEL (addendum H): 'untrustworthy source' = a Page, group, domain or Instagram account that posted or shared two or more items rated false or altered media by IFCN fact-checkers, so the value is the share of exposure coming FROM flagged sources, not the share of exposures that were themselves false. Record it as source-level, not item-level. Further qualifying values for extraction. AUDIENCE EXPOSURE: Instagram median 0.1%; top 2.5% of FB users saw 14% or more from untrustworthy sources, top 2.5% of IG users 10% or more; among the top 2.5% of FB users, 60.9% or more of civic content seen from Pages and 57.1% or more from groups was from untrustworthy sources. CONCENTRATION: 23% of Facebook users and 11% of Instagram users (about 53 million and 22 million accounts) accounted for 80% of exposure; the top 20% of FB users accounted for 75.9% and the top 20% of IG users for 90.1% of total exposure to this content; within untrustworthy content, the top 0.5% of untrustworthy Pages (235 Pages) drew 74% of exposure to untrustworthy Page content, the top 0.5% of untrustworthy domains (13 domains) 70%, and the top 0.5% of untrustworthy groups (199 groups) 46%. Also: untrustworthy Pages were 52.8% of total untrustworthy-source exposure on Facebook, and only 0.4% of Pages followed by the median FB user were untrustworthy (a following measure, not exposure). The 2020 US Facebook and Instagram Election Study; preregistered (https://osf.io/dt6hz/); Meta co-authored but academics held analysis control. Several of the exposure percentiles cite supplementary tables S40/S41 which are not in this file, though the headline values are printed in the main text."
8,W4417119300,2025,Quality Assessment of Videos about Radiotherapy-Related Oral Mucositis on YouTube in Brazil,ELIGIBLE,INCLUDE,CONTENT,10.6,"104 YouTube videos on radiotherapy-related oral mucositis (Brazil, from first 200 retrieved)","""Eleven videos (10.6%) were classified as 'poor' because they contained at least one incorrect information""; Table 2","accuracy coding alongside the quality scale, so eligible on the accuracy part","Table 2 gives per-variable shares of videos scoring 1-2 (information totally or partially wrong): head and neck cancer definition 7 (6.7%), mucositis definition 2 (1.9%), signs and symptoms 1 (1.0%), prevention/treatment 2 (1.9%), radiotherapy definition 0, frequency 0. The 32.7% 'fair' category is an OMISSION measure (information not mentioned) and is not accuracy. Denominator 104 after excluding 5 short, 39 long and 52 off-topic videos."
8,W3110681832,2020,Understanding Sputnik News Agency internet traffic analysis,INCLUDE,UNCERTAIN,,,,"Text ends mid-Results at section 5.3 (""points of web access""); sections 5.4-5.9 answering unique visitors, bounce rate, traffic source, pages per visit and time on site are absent, as are the discussion and references",full text truncated; the audience-size sections that could carry a source-level reach share are missing,"What IS present carries no qualifying share: Table 1 gives Alexa country RANKS (Romania 898, Moldova 52 in 2018), not shares; the country-of-access percentages (Russia 51.2%, Romania 8.7% in 2018) are a breakdown of Sputnik's own visitors, i.e. inside a single flagged-source corpus, not a prevalence. If the missing pages report Gemius real users as a share of the Moldovan online population that would be a source-level REACH figure (rule H) and the paper becomes eligible. Sputnik is designated a disinformation outlet by state attribution/EUvsDisinfo, not by a credibility rating service, which is itself a boundary a human may want to rule on."
8,W4283660595,2022,How accurate are news mentions of scholarly output? A content analysis,INCLUDE,EXCLUDE,,,,"""In total, 42.5% of the sample records have some kind of error, among which 27.1% have type A error... and 15.4% have type B error""; error taxonomy is dead links, inaccessible pages, false-positive mentions and metadata mismatches (title, author, journal, publication date)","not a falsity judgement about content - the accuracy measured is bibliographic and link integrity of Altmetric database records, a bespoke data-quality checklist, not the truth of any claim","Denominator 2,956 of 3,000 sampled news-mention records. The nearest candidate, ""inaccurate news mention (7.9%)"", is a record-level linkage/metadata error, not a misreport of a study's findings: the coding compares only title, author, journal and publication date. FLAG: the text is truncated at p.4080 of 4075-4096, so Table 3 with all 14 specific error types is not visible; if a human wants certainty, check Table 3 for any code that judges whether the news article misstates the research finding."
8,W4383851554,2023,A web-based cross-sectional observational study on the analysis of information on diabetes on Instagram,INCLUDE,INCLUDE,CONTENT,4.24,448 relevant Instagram posts (of 600 top-performing posts under six diabetes hashtags),"Table 8 Authenticity of information: True 208 (46.43%), False 19 (4.24%), Cannot be determined 221 (49.33%); ""misinformation was reported in 19 posts (4.24%)""","posts judged true/false against the latest WHO diabetes guidelines, an accuracy coding","QUALITY PROBLEM the extractor must record: authenticity could NOT be determined for 221/448 posts (49.33%), so 4.24% is a lower bound over the full sample; among posts where a judgement was made the share false is 19/227 = 8.4%. The Discussion misdescribes this category - ""as much as 49.33% of the published posts originated from unverifiable sources"" - conflating undetermined authenticity with source verification; Table 4 shows the unverified-SOURCE share is 39.29%. Other sloppiness in the paper: Table 2 prints images as 424 (94.64%) in the abstract but 96.64% in the results, and a garbled ""810.71%"" for memes. The coverage figures in Table 7 (92.19% no prevalence information, etc.) are OMISSION measures, not accuracy."
8,W4406321628,2025,Navigating the digital frontier: protecting adolescents in the age of mobile internet,UNSURE,EXCLUDE,,,,"Header on p.402 reads ""COMMENT""; the piece has no methods, no sample and no results, only policy description: ""the spread of cyberbullying, misinformation, and harmful content increases psychological stress""","review/commentary - no data collected, so no share of anything can be reported",Confirms the abstract stage's UNSURE. The two figures it does print are borrowed from other sources and are not misinformation measures: 202.02 million Chinese adolescent internet users (CNNIC 2024) and a 52.7% myopia rate (Xinhua). Fig. 1 and Fig. 2 are a time trend of user counts and a map of national policies.
10,W3178060509,2021,Public responses to COVID-19 information from the public health office on Twitter and YouTube: implications for research practice,UNSURE,EXCLUDE,,,,"Tables 1-2 report log-likelihood keyness of key phrases only; 'Conspiracy and misinformation are not, upon a closer read, the main focus of key Twitter content'",no falsity coding - corpus-linguistic keyness plus qualitative themes; no share of tweets or comments individually judged false,"Restored pages add the full keyness tables, qualitative reading and discussion, and confirm the truncated ruling. The paper does report concentration figures ('Approximately 61% of comments were posted by 10% of users, and about 20% of comments were posted by 1% of users'; '25% of tweets were posted by 10% of users, and about 7.5% of tweets by 1% of users') but these are concentration of ALL engagement on CPHO posts, not of misinformation exposure or sharing, so they do not meet the CONCENTRATION construct. Ruling UNCHANGED from previous EXCLUDE."
10,W4296719610,2022,Covid-19 Information Behaviour of Social Media Users in Nigeria,INCLUDE,EXCLUDE,,,,"Table 3 'Challenges encountered by social media users in Nigeria when seeking for Covid-19 information on social media', row 'Fake news/misinformation': 204 (58.6) strongly agree, 118 (33.9) agree; prose: 'table 3 shows that 204 (58.6%) of the respondents strongly agreed that fake news/misinformation constitutes a challenge'",general concern item (Addendum B): agreement that misinformation 'constitutes a challenge' says nothing about whether or how much was encountered,"RULING CHANGED from UNCERTAIN to EXCLUDE. The restored pages contain the missing Table 3 AND the item wording, which the truncated file lacked. The wording is the excluded form named verbatim in Addendum B ('misinformation is a threat, a problem, a challenge'), so the rule E fallback no longer applies. Denominator would have been 348 respondents; combined agree+strongly agree = 92.5%. FOR A HUMAN: the table CAPTION says 'challenges ENCOUNTERED ... when seeking Covid-19 information', which pulls toward an encounter reading, while the item text is a problem-agreement item. I ruled on the item text. If the project decides the caption governs, this becomes an INCLUDE at 92.5% (or 58.6% top box) of 348, RECALL."
10,W4306960737,2022,A Quality Assessment of Information Available on Renal Cancer on YouTube,INCLUDE,INCLUDE,CONTENT PREVALENCE,49.7,120 YouTube videos returned for 'renal cancer' meeting inclusion criteria,"'Misinformation was found in 49.7% of the videos analysed, and 22.5% contained moderate to high levels of misinformation. The other 50.3% were scored as having no misinformation.' (Results, alongside Table 4 'Quality and misinformation analysis')","misinformation coded on a 5-point Likert accuracy tool against EAU/AUA guidelines, share of a general video sample","Ruling UNCHANGED from previous INCLUDE, but the restored pages supply the value, which the truncated file did not. INTERNAL CONTRADICTION the extractor must resolve: Results say 49.7% with misinformation / 50.3% none, whereas the Discussion says 49.2% ('proportion of videos with misinformation (49.2%)') and Table 4 gives misinformation score 1 = 61 (50.8%), which implies 49.2%. 49.2% is the arithmetically consistent figure; 49.7% is what the paper leads with. Secondary share: 22.5% at moderate-to-high misinformation (scores 3-5). The paper also runs modified DISCERN and GQS; per the quality-instrument rule those are NOT eligible - only the misinformation Likert is."
10,W4389633384,2023,A Tumblr thematic analysis of perinatal health: Where users go to seek support,INCLUDE,INCLUDE,CONTENT PREVALENCE,3.0,235 Tumblr text posts on perinatal health collected over 4 days,"'Misinformation, although present on the platform, accounted for only 3% of the total sample of posts (7/235).' Supported by section 4.1.6: 'Of the 30 posts, 7 were flagged as ""misinformation"" due to the content of the post.'",7 posts individually flagged false on content (non-evidence-based treatments and natural remedies) over a general 235-post sample,"RULING CHANGED from EXCLUDE to INCLUDE. The truncated file showed only the mixed theme label 'Misinformation/advertisement' (n = 30), which correctly triggered rule G / the rule I disjunction. The restored pages DISAGGREGATE that category: of the 30, 7 were individually flagged as misinformation on content, 7 were podcast/book/documentary ads and 16 were doctor ads, and the paper computes 7/235 = 3% over the whole sample. So the disjunction defect does not touch the 3% figure. CAVEATS: falsity judgement is by two co-authors with no reported reliability statistic, and the flagged examples are promotional posts pushing natural remedies, so the misinformation/advertising boundary is thin. Denominator is small and the window is only 4 days."
10,W4408852689,2025,Social Media as a Learning Tool: Impacts on Collaborative Learning and Knowledge Sharing,INCLUDE,UNCERTAIN,,,,"Table 7 'Challenges of Using Social Media for Learning', row 'Misinformation': 140 of N = 300, 46.7%",rule E fallback - the missing table is now visible but the questionnaire item behind the row is still not printed anywhere in the paper,"Ruling UNCHANGED from UNCERTAIN, but for a different and now documented reason: the truncated file was missing Table 7 entirely; the table is present in the restored text, and the item wording still is not. The row is the bare word 'Misinformation' with a simple frequency count (not a severity ladder), so neither of rule E's two decided cases applies. The paper's own prose contradicts itself on what the row means: the abstract says students 'get misinformed (46.7%)' and the results say students 'work with semi-relevant or even blatant falsehoods regularly', both encounter readings, while the conclusion says students 'are concerned about distractions (60%), bogus content (46.7%) and privacy risks (36.7%)', a concern reading. FOR A HUMAN: if the instrument is ever obtained and the item names an encounter, this is INCLUDE, RECALL, 46.7% of 300 Pakistani university students. Note also the prose is repetitive and machine-like throughout; the survey itself does report real frequencies, so rule J does not apply."
10,W4414259328,2025,Untrustworthy Website Exposure and Election Beliefs: Selective Exposure and Ideological Asymmetry,INCLUDE,INCLUDE,REACH,39.6,"1,194 American adults with web-browsing data, Wave 2 window 19 Sep - 7 Dec 2020","'In our data, 39.6% (95% CI [36.8, 42.4]) of our participants were exposed to at least one untrustworthy website in Wave 2.' (Section 5, Estimation Results)","share of a behavioural panel visiting at least one untrustworthy domain, from YouGov Pulse tracking data","RULING CHANGED from UNCERTAIN to INCLUDE - this is the record the re-screen was for. The truncated file stopped at page 6, before the measures and results; the restored 37-page text carries both. SOURCE-LEVEL (Addendum H): exposure is defined at the DOMAIN level against a 1,796-domain list (Guess, Nyhan and Reifler 2020, itself Grinberg et al. 490 + Allcott and Gentzkow 66, plus 1,240 domains NewsGuard rated as 'repeatedly publishing false content' during the 2020 study period). Record it as the share of the panel visiting flagged sources, not as an item-level falsity measure. 'Any recorded page view to a URL within a listed domain constituted a visit.' 95% CI [36.8, 42.4]. N = 21M browsing observations is the observation count, NOT the denominator; the denominator is 1,194 people. NOT eligible and must not be extracted: 17.3% / 4.2% / 12.6% / -0.2% are belief associations, and 19.7% is belief that Trump won. Wave 1 exposure is used as a control but no Wave 1 share is printed."
10,W7162464017,2026,"Beyond the share button: How partisan alignment, journalistic quality, and algorithmic governance shape what millions see on Facebook",INCLUDE,EXCLUDE,,,,"Table 1 'Privacy-corrected descriptive statistics ... (N = 130,448)' reports ng_score as Mean 79.14, SD 23.08, Skew -1.27, Kurtosis 4.10; Table 4 reports NewsGuard as a continuous regression coefficient on url_views","no qualifying share - the NewsGuard rating is used only as a continuous 0-100 covariate; the paper never classifies URLs as unreliable and never reports a share of URLs, shares or views from low-rated sources","RULING CHANGED from UNCERTAIN to EXCLUDE, and the earlier coder's design-based prediction is BORNE OUT by the now-visible tables. The restored text contains the full descriptive table, the correlation table, the four nested models and the quarterly analysis. Nothing in them applies a cut point to ng_score or partitions the corpus by credibility; the sample is not a misinformation corpus but no prevalence is computed over it either. All reported quantities are regression coefficients (e.g. 56.07 additional views per share) or distributional moments. Annexes I-III are not in the file, but they are described as filtering diagnostics and quarterly coefficients, not prevalence."
10,W7168126613,2026,"Social Media Use Among Plastic Surgeons in China: A National Cross-Sectional Survey of Professional Benefits, Ethical Risks, and Platform-Specific Challenges",ELIGIBLE,UNCERTAIN,,,,"Abstract only: 'Key challenges included unrealistic patient expectations (69.43%), negative feedback (62.18%), and exposure to misleading advertisements (76.68%).' The string 76.68 appears nowhere else in the paper.","the only qualifying number is in the abstract and is not reported, tabulated or figured anywhere in the results, and the abstract's companion figures conflict with the results section","RULING CHANGED from INCLUDE to UNCERTAIN. The truncated file ended inside the early results, so the coder had the abstract and took 76.68% at face value; the restored 57 KB text has the complete results, Tables 1-3, all figure captions and the discussion, and 76.68% is in none of them. Neither is 69.43%. Worse, the abstract's 62.18% for 'negative feedback' collides exactly with the results-section 62.18% (n = 497) for 'publishing popular science knowledge', a different item, which means the abstract's numbers cannot be trusted to map onto the reported items. The results section's own challenge figures are 54.41% (n = 435) who 'encountered patient dissatisfaction or disputes linked to online content' and its dispute TRIGGERS (over-glorification of surgical results 82.38%, insufficient preoperative risk disclosure 59.07%, delayed postoperative communication 49.74%, unconsented use of patient photos 33.68%) - none of which is a misinformation-encounter item. FOR A HUMAN: if the Supplementary Material (Tables 9-10 and the questionnaire, not on disk) prints the misleading-advertisement item and its 76.68%, this becomes INCLUDE, RECALL, 76.68% of 800 licensed Chinese plastic surgeons, source-level advertising content. Do not extract it from the abstract alone."
